<?xml version="1.0" encoding="UTF-8"?>
<PeakList>
  <PeakList1D>
    <PeakList1DHeader creator="chm343" date="2023-09-22T21:33:05.732-07:00" expNo="1" name="2023_09_22_MeOD_3mm_FS_VT_1H_Bruker400" owner="" procNo="1" source="C:/Data/CHM343/Fall2023/data/chm343/nmr">
      <PeakPickDetails>F1=21.226709ppm, F2=-3.275131ppm, MI=0.10cm, MAXI=10000.00cm, PC=1.000
      </PeakPickDetails>
    </PeakList1DHeader>
    <Peak1D F1="18.552902" intensity="1.490203e+001" type="0"/>
    <Peak1D F1="7.125091" intensity="1.334524e+001" type="0"/>
    <Peak1D F1="6.946002" intensity="1.352769e+001" type="0"/>
    <Peak1D F1="6.880286" intensity="1.349238e+001" type="0"/>
    <Peak1D F1="4.880455" intensity="5.147368e+002" type="0"/>
    <Peak1D F1="3.304549" intensity="7.536717e+002" type="0"/>
    <Peak1D F1="-0.000096" intensity="4.659614e+002" type="0"/>
  </PeakList1D>
</PeakList>
