Created as New Dataset,Sample 1016 By YargerLab Date Thursday, September 17 2026
cm-1,A
4000.00,0.0004
3999.00,0.0004
3998.00,0.0004
3997.00,0.0003
3996.00,0.0004
3995.00,0.0004
3994.00,0.0004
3993.00,0.0004
3992.00,0.0004
3991.00,0.0004
3990.00,0.0004
3989.00,0.0004
3988.00,0.0004
3987.00,0.0004
3986.00,0.0004
3985.00,0.0004
3984.00,0.0004
3983.00,0.0004
3982.00,0.0004
3981.00,0.0004
3980.00,0.0004
3979.00,0.0004
3978.00,0.0004
3977.00,0.0004
3976.00,0.0004
3975.00,0.0004
3974.00,0.0004
3973.00,0.0004
3972.00,0.0004
3971.00,0.0004
3970.00,0.0004
3969.00,0.0004
3968.00,0.0004
3967.00,0.0004
3966.00,0.0004
3965.00,0.0004
3964.00,0.0004
3963.00,0.0004
3962.00,0.0004
3961.00,0.0004
3960.00,0.0004
3959.00,0.0003
3958.00,0.0003
3957.00,0.0003
3956.00,0.0003
3955.00,0.0003
3954.00,0.0003
3953.00,0.0003
3952.00,0.0003
3951.00,0.0004
3950.00,0.0004
3949.00,0.0004
3948.00,0.0004
3947.00,0.0004
3946.00,0.0003
3945.00,0.0003
3944.00,0.0003
3943.00,0.0003
3942.00,0.0004
3941.00,0.0004
3940.00,0.0004
3939.00,0.0004
3938.00,0.0004
3937.00,0.0003
3936.00,0.0003
3935.00,0.0003
3934.00,0.0003
3933.00,0.0003
3932.00,0.0003
3931.00,0.0003
3930.00,0.0003
3929.00,0.0003
3928.00,0.0003
3927.00,0.0003
3926.00,0.0003
3925.00,0.0003
3924.00,0.0003
3923.00,0.0004
3922.00,0.0003
3921.00,0.0003
3920.00,0.0003
3919.00,0.0003
3918.00,0.0003
3917.00,0.0003
3916.00,0.0003
3915.00,0.0003
3914.00,0.0003
3913.00,0.0003
3912.00,0.0003
3911.00,0.0003
3910.00,0.0003
3909.00,0.0004
3908.00,0.0004
3907.00,0.0004
3906.00,0.0004
3905.00,0.0004
3904.00,0.0004
3903.00,0.0004
3902.00,0.0003
3901.00,0.0003
3900.00,0.0003
3899.00,0.0003
3898.00,0.0003
3897.00,0.0003
3896.00,0.0003
3895.00,0.0003
3894.00,0.0003
3893.00,0.0003
3892.00,0.0003
3891.00,0.0003
3890.00,0.0004
3889.00,0.0004
3888.00,0.0003
3887.00,0.0003
3886.00,0.0003
3885.00,0.0003
3884.00,0.0003
3883.00,0.0002
3882.00,0.0002
3881.00,0.0002
3880.00,0.0002
3879.00,0.0003
3878.00,0.0003
3877.00,0.0003
3876.00,0.0003
3875.00,0.0003
3874.00,0.0003
3873.00,0.0003
3872.00,0.0003
3871.00,0.0002
3870.00,0.0002
3869.00,0.0002
3868.00,0.0002
3867.00,0.0002
3866.00,0.0002
3865.00,0.0002
3864.00,0.0002
3863.00,0.0003
3862.00,0.0003
3861.00,0.0003
3860.00,0.0003
3859.00,0.0004
3858.00,0.0004
3857.00,0.0004
3856.00,0.0004
3855.00,0.0004
3854.00,0.0004
3853.00,0.0004
3852.00,0.0003
3851.00,0.0003
3850.00,0.0003
3849.00,0.0003
3848.00,0.0003
3847.00,0.0003
3846.00,0.0003
3845.00,0.0003
3844.00,0.0003
3843.00,0.0003
3842.00,0.0003
3841.00,0.0003
3840.00,0.0003
3839.00,0.0003
3838.00,0.0003
3837.00,0.0003
3836.00,0.0003
3835.00,0.0003
3834.00,0.0003
3833.00,0.0003
3832.00,0.0003
3831.00,0.0003
3830.00,0.0003
3829.00,0.0003
3828.00,0.0003
3827.00,0.0003
3826.00,0.0003
3825.00,0.0003
3824.00,0.0003
3823.00,0.0003
3822.00,0.0003
3821.00,0.0003
3820.00,0.0004
3819.00,0.0004
3818.00,0.0003
3817.00,0.0003
3816.00,0.0004
3815.00,0.0004
3814.00,0.0004
3813.00,0.0003
3812.00,0.0003
3811.00,0.0003
3810.00,0.0003
3809.00,0.0003
3808.00,0.0003
3807.00,0.0004
3806.00,0.0004
3805.00,0.0004
3804.00,0.0004
3803.00,0.0003
3802.00,0.0003
3801.00,0.0004
3800.00,0.0004
3799.00,0.0003
3798.00,0.0003
3797.00,0.0003
3796.00,0.0004
3795.00,0.0004
3794.00,0.0004
3793.00,0.0004
3792.00,0.0005
3791.00,0.0005
3790.00,0.0005
3789.00,0.0005
3788.00,0.0005
3787.00,0.0005
3786.00,0.0005
3785.00,0.0004
3784.00,0.0004
3783.00,0.0004
3782.00,0.0004
3781.00,0.0004
3780.00,0.0004
3779.00,0.0004
3778.00,0.0004
3777.00,0.0004
3776.00,0.0004
3775.00,0.0004
3774.00,0.0004
3773.00,0.0004
3772.00,0.0004
3771.00,0.0004
3770.00,0.0004
3769.00,0.0004
3768.00,0.0004
3767.00,0.0004
3766.00,0.0004
3765.00,0.0004
3764.00,0.0004
3763.00,0.0004
3762.00,0.0003
3761.00,0.0003
3760.00,0.0003
3759.00,0.0004
3758.00,0.0004
3757.00,0.0004
3756.00,0.0004
3755.00,0.0004
3754.00,0.0003
3753.00,0.0003
3752.00,0.0004
3751.00,0.0004
3750.00,0.0004
3749.00,0.0004
3748.00,0.0004
3747.00,0.0003
3746.00,0.0003
3745.00,0.0003
3744.00,0.0003
3743.00,0.0004
3742.00,0.0003
3741.00,0.0003
3740.00,0.0003
3739.00,0.0004
3738.00,0.0004
3737.00,0.0004
3736.00,0.0003
3735.00,0.0003
3734.00,0.0002
3733.00,0.0003
3732.00,0.0003
3731.00,0.0003
3730.00,0.0004
3729.00,0.0003
3728.00,0.0003
3727.00,0.0003
3726.00,0.0003
3725.00,0.0003
3724.00,0.0003
3723.00,0.0003
3722.00,0.0003
3721.00,0.0004
3720.00,0.0004
3719.00,0.0004
3718.00,0.0004
3717.00,0.0004
3716.00,0.0004
3715.00,0.0003
3714.00,0.0003
3713.00,0.0003
3712.00,0.0003
3711.00,0.0003
3710.00,0.0002
3709.00,0.0002
3708.00,0.0003
3707.00,0.0003
3706.00,0.0003
3705.00,0.0003
3704.00,0.0004
3703.00,0.0004
3702.00,0.0004
3701.00,0.0004
3700.00,0.0004
3699.00,0.0004
3698.00,0.0004
3697.00,0.0003
3696.00,0.0004
3695.00,0.0003
3694.00,0.0003
3693.00,0.0003
3692.00,0.0003
3691.00,0.0003
3690.00,0.0003
3689.00,0.0003
3688.00,0.0003
3687.00,0.0004
3686.00,0.0004
3685.00,0.0004
3684.00,0.0004
3683.00,0.0004
3682.00,0.0003
3681.00,0.0003
3680.00,0.0003
3679.00,0.0003
3678.00,0.0003
3677.00,0.0002
3676.00,0.0003
3675.00,0.0003
3674.00,0.0003
3673.00,0.0003
3672.00,0.0003
3671.00,0.0003
3670.00,0.0003
3669.00,0.0003
3668.00,0.0003
3667.00,0.0003
3666.00,0.0003
3665.00,0.0003
3664.00,0.0004
3663.00,0.0004
3662.00,0.0004
3661.00,0.0004
3660.00,0.0004
3659.00,0.0004
3658.00,0.0004
3657.00,0.0004
3656.00,0.0004
3655.00,0.0004
3654.00,0.0004
3653.00,0.0003
3652.00,0.0003
3651.00,0.0003
3650.00,0.0004
3649.00,0.0004
3648.00,0.0003
3647.00,0.0003
3646.00,0.0003
3645.00,0.0003
3644.00,0.0003
3643.00,0.0003
3642.00,0.0003
3641.00,0.0003
3640.00,0.0003
3639.00,0.0004
3638.00,0.0004
3637.00,0.0004
3636.00,0.0004
3635.00,0.0004
3634.00,0.0004
3633.00,0.0004
3632.00,0.0004
3631.00,0.0003
3630.00,0.0003
3629.00,0.0003
3628.00,0.0003
3627.00,0.0003
3626.00,0.0002
3625.00,0.0002
3624.00,0.0002
3623.00,0.0003
3622.00,0.0003
3621.00,0.0003
3620.00,0.0003
3619.00,0.0003
3618.00,0.0003
3617.00,0.0003
3616.00,0.0003
3615.00,0.0003
3614.00,0.0003
3613.00,0.0003
3612.00,0.0003
3611.00,0.0003
3610.00,0.0003
3609.00,0.0003
3608.00,0.0003
3607.00,0.0003
3606.00,0.0003
3605.00,0.0003
3604.00,0.0003
3603.00,0.0003
3602.00,0.0003
3601.00,0.0003
3600.00,0.0004
3599.00,0.0003
3598.00,0.0003
3597.00,0.0003
3596.00,0.0003
3595.00,0.0003
3594.00,0.0004
3593.00,0.0004
3592.00,0.0004
3591.00,0.0004
3590.00,0.0003
3589.00,0.0003
3588.00,0.0003
3587.00,0.0003
3586.00,0.0003
3585.00,0.0004
3584.00,0.0004
3583.00,0.0004
3582.00,0.0004
3581.00,0.0004
3580.00,0.0004
3579.00,0.0004
3578.00,0.0004
3577.00,0.0004
3576.00,0.0005
3575.00,0.0005
3574.00,0.0005
3573.00,0.0005
3572.00,0.0005
3571.00,0.0005
3570.00,0.0005
3569.00,0.0005
3568.00,0.0005
3567.00,0.0005
3566.00,0.0004
3565.00,0.0004
3564.00,0.0004
3563.00,0.0004
3562.00,0.0004
3561.00,0.0005
3560.00,0.0005
3559.00,0.0005
3558.00,0.0005
3557.00,0.0005
3556.00,0.0005
3555.00,0.0005
3554.00,0.0005
3553.00,0.0006
3552.00,0.0006
3551.00,0.0006
3550.00,0.0006
3549.00,0.0006
3548.00,0.0006
3547.00,0.0006
3546.00,0.0006
3545.00,0.0005
3544.00,0.0005
3543.00,0.0005
3542.00,0.0006
3541.00,0.0006
3540.00,0.0006
3539.00,0.0006
3538.00,0.0006
3537.00,0.0006
3536.00,0.0007
3535.00,0.0007
3534.00,0.0007
3533.00,0.0007
3532.00,0.0007
3531.00,0.0007
3530.00,0.0006
3529.00,0.0006
3528.00,0.0006
3527.00,0.0006
3526.00,0.0006
3525.00,0.0006
3524.00,0.0006
3523.00,0.0006
3522.00,0.0007
3521.00,0.0007
3520.00,0.0007
3519.00,0.0007
3518.00,0.0007
3517.00,0.0007
3516.00,0.0007
3515.00,0.0007
3514.00,0.0007
3513.00,0.0007
3512.00,0.0006
3511.00,0.0006
3510.00,0.0007
3509.00,0.0007
3508.00,0.0007
3507.00,0.0006
3506.00,0.0006
3505.00,0.0006
3504.00,0.0007
3503.00,0.0007
3502.00,0.0007
3501.00,0.0007
3500.00,0.0007
3499.00,0.0007
3498.00,0.0007
3497.00,0.0007
3496.00,0.0007
3495.00,0.0007
3494.00,0.0007
3493.00,0.0007
3492.00,0.0007
3491.00,0.0007
3490.00,0.0007
3489.00,0.0007
3488.00,0.0007
3487.00,0.0007
3486.00,0.0007
3485.00,0.0007
3484.00,0.0008
3483.00,0.0008
3482.00,0.0008
3481.00,0.0007
3480.00,0.0007
3479.00,0.0007
3478.00,0.0007
3477.00,0.0008
3476.00,0.0008
3475.00,0.0008
3474.00,0.0007
3473.00,0.0007
3472.00,0.0007
3471.00,0.0007
3470.00,0.0007
3469.00,0.0008
3468.00,0.0008
3467.00,0.0008
3466.00,0.0008
3465.00,0.0008
3464.00,0.0008
3463.00,0.0008
3462.00,0.0008
3461.00,0.0008
3460.00,0.0008
3459.00,0.0008
3458.00,0.0008
3457.00,0.0008
3456.00,0.0008
3455.00,0.0008
3454.00,0.0008
3453.00,0.0008
3452.00,0.0008
3451.00,0.0008
3450.00,0.0008
3449.00,0.0008
3448.00,0.0008
3447.00,0.0008
3446.00,0.0008
3445.00,0.0008
3444.00,0.0008
3443.00,0.0008
3442.00,0.0008
3441.00,0.0008
3440.00,0.0008
3439.00,0.0008
3438.00,0.0008
3437.00,0.0008
3436.00,0.0008
3435.00,0.0008
3434.00,0.0008
3433.00,0.0008
3432.00,0.0008
3431.00,0.0008
3430.00,0.0008
3429.00,0.0008
3428.00,0.0008
3427.00,0.0008
3426.00,0.0008
3425.00,0.0008
3424.00,0.0008
3423.00,0.0008
3422.00,0.0008
3421.00,0.0008
3420.00,0.0008
3419.00,0.0008
3418.00,0.0008
3417.00,0.0008
3416.00,0.0008
3415.00,0.0008
3414.00,0.0008
3413.00,0.0008
3412.00,0.0008
3411.00,0.0008
3410.00,0.0008
3409.00,0.0009
3408.00,0.0009
3407.00,0.0009
3406.00,0.0009
3405.00,0.0009
3404.00,0.0009
3403.00,0.0009
3402.00,0.0009
3401.00,0.0009
3400.00,0.0009
3399.00,0.0009
3398.00,0.0009
3397.00,0.0009
3396.00,0.0008
3395.00,0.0009
3394.00,0.0009
3393.00,0.0009
3392.00,0.0009
3391.00,0.0009
3390.00,0.0009
3389.00,0.0008
3388.00,0.0008
3387.00,0.0008
3386.00,0.0008
3385.00,0.0008
3384.00,0.0008
3383.00,0.0008
3382.00,0.0008
3381.00,0.0008
3380.00,0.0008
3379.00,0.0008
3378.00,0.0008
3377.00,0.0008
3376.00,0.0008
3375.00,0.0008
3374.00,0.0008
3373.00,0.0008
3372.00,0.0008
3371.00,0.0008
3370.00,0.0008
3369.00,0.0008
3368.00,0.0008
3367.00,0.0008
3366.00,0.0008
3365.00,0.0009
3364.00,0.0009
3363.00,0.0009
3362.00,0.0009
3361.00,0.0009
3360.00,0.0008
3359.00,0.0008
3358.00,0.0008
3357.00,0.0008
3356.00,0.0008
3355.00,0.0008
3354.00,0.0008
3353.00,0.0008
3352.00,0.0008
3351.00,0.0009
3350.00,0.0009
3349.00,0.0009
3348.00,0.0009
3347.00,0.0009
3346.00,0.0009
3345.00,0.0009
3344.00,0.0009
3343.00,0.0009
3342.00,0.0009
3341.00,0.0008
3340.00,0.0008
3339.00,0.0008
3338.00,0.0008
3337.00,0.0008
3336.00,0.0008
3335.00,0.0008
3334.00,0.0008
3333.00,0.0008
3332.00,0.0008
3331.00,0.0008
3330.00,0.0008
3329.00,0.0008
3328.00,0.0008
3327.00,0.0008
3326.00,0.0008
3325.00,0.0009
3324.00,0.0009
3323.00,0.0008
3322.00,0.0008
3321.00,0.0008
3320.00,0.0008
3319.00,0.0008
3318.00,0.0008
3317.00,0.0008
3316.00,0.0008
3315.00,0.0008
3314.00,0.0008
3313.00,0.0008
3312.00,0.0008
3311.00,0.0008
3310.00,0.0008
3309.00,0.0008
3308.00,0.0008
3307.00,0.0009
3306.00,0.0009
3305.00,0.0009
3304.00,0.0008
3303.00,0.0008
3302.00,0.0008
3301.00,0.0008
3300.00,0.0009
3299.00,0.0009
3298.00,0.0009
3297.00,0.0009
3296.00,0.0009
3295.00,0.0008
3294.00,0.0008
3293.00,0.0008
3292.00,0.0008
3291.00,0.0008
3290.00,0.0008
3289.00,0.0008
3288.00,0.0008
3287.00,0.0008
3286.00,0.0008
3285.00,0.0008
3284.00,0.0008
3283.00,0.0008
3282.00,0.0008
3281.00,0.0008
3280.00,0.0008
3279.00,0.0008
3278.00,0.0009
3277.00,0.0009
3276.00,0.0009
3275.00,0.0008
3274.00,0.0008
3273.00,0.0008
3272.00,0.0008
3271.00,0.0008
3270.00,0.0008
3269.00,0.0009
3268.00,0.0009
3267.00,0.0009
3266.00,0.0009
3265.00,0.0008
3264.00,0.0008
3263.00,0.0008
3262.00,0.0008
3261.00,0.0007
3260.00,0.0007
3259.00,0.0007
3258.00,0.0007
3257.00,0.0007
3256.00,0.0007
3255.00,0.0007
3254.00,0.0008
3253.00,0.0008
3252.00,0.0008
3251.00,0.0008
3250.00,0.0008
3249.00,0.0008
3248.00,0.0008
3247.00,0.0008
3246.00,0.0007
3245.00,0.0007
3244.00,0.0007
3243.00,0.0007
3242.00,0.0007
3241.00,0.0007
3240.00,0.0007
3239.00,0.0007
3238.00,0.0007
3237.00,0.0007
3236.00,0.0007
3235.00,0.0007
3234.00,0.0007
3233.00,0.0007
3232.00,0.0007
3231.00,0.0007
3230.00,0.0007
3229.00,0.0007
3228.00,0.0007
3227.00,0.0007
3226.00,0.0007
3225.00,0.0007
3224.00,0.0007
3223.00,0.0007
3222.00,0.0007
3221.00,0.0007
3220.00,0.0007
3219.00,0.0007
3218.00,0.0007
3217.00,0.0007
3216.00,0.0007
3215.00,0.0007
3214.00,0.0007
3213.00,0.0007
3212.00,0.0007
3211.00,0.0007
3210.00,0.0007
3209.00,0.0007
3208.00,0.0006
3207.00,0.0006
3206.00,0.0006
3205.00,0.0006
3204.00,0.0006
3203.00,0.0006
3202.00,0.0007
3201.00,0.0007
3200.00,0.0007
3199.00,0.0007
3198.00,0.0007
3197.00,0.0006
3196.00,0.0006
3195.00,0.0006
3194.00,0.0006
3193.00,0.0006
3192.00,0.0006
3191.00,0.0007
3190.00,0.0007
3189.00,0.0007
3188.00,0.0007
3187.00,0.0007
3186.00,0.0007
3185.00,0.0007
3184.00,0.0007
3183.00,0.0007
3182.00,0.0007
3181.00,0.0007
3180.00,0.0007
3179.00,0.0006
3178.00,0.0006
3177.00,0.0006
3176.00,0.0006
3175.00,0.0006
3174.00,0.0006
3173.00,0.0006
3172.00,0.0006
3171.00,0.0006
3170.00,0.0006
3169.00,0.0006
3168.00,0.0007
3167.00,0.0007
3166.00,0.0007
3165.00,0.0007
3164.00,0.0007
3163.00,0.0007
3162.00,0.0006
3161.00,0.0006
3160.00,0.0006
3159.00,0.0006
3158.00,0.0006
3157.00,0.0006
3156.00,0.0006
3155.00,0.0006
3154.00,0.0006
3153.00,0.0006
3152.00,0.0006
3151.00,0.0006
3150.00,0.0006
3149.00,0.0006
3148.00,0.0006
3147.00,0.0006
3146.00,0.0006
3145.00,0.0006
3144.00,0.0006
3143.00,0.0006
3142.00,0.0006
3141.00,0.0006
3140.00,0.0006
3139.00,0.0006
3138.00,0.0006
3137.00,0.0006
3136.00,0.0006
3135.00,0.0006
3134.00,0.0006
3133.00,0.0006
3132.00,0.0006
3131.00,0.0006
3130.00,0.0006
3129.00,0.0006
3128.00,0.0006
3127.00,0.0006
3126.00,0.0005
3125.00,0.0005
3124.00,0.0006
3123.00,0.0006
3122.00,0.0006
3121.00,0.0006
3120.00,0.0007
3119.00,0.0007
3118.00,0.0007
3117.00,0.0007
3116.00,0.0007
3115.00,0.0007
3114.00,0.0007
3113.00,0.0008
3112.00,0.0008
3111.00,0.0008
3110.00,0.0009
3109.00,0.0009
3108.00,0.0009
3107.00,0.0009
3106.00,0.0010
3105.00,0.0010
3104.00,0.0011
3103.00,0.0011
3102.00,0.0011
3101.00,0.0011
3100.00,0.0010
3099.00,0.0010
3098.00,0.0010
3097.00,0.0010
3096.00,0.0010
3095.00,0.0010
3094.00,0.0010
3093.00,0.0010
3092.00,0.0011
3091.00,0.0012
3090.00,0.0013
3089.00,0.0014
3088.00,0.0016
3087.00,0.0017
3086.00,0.0019
3085.00,0.0020
3084.00,0.0021
3083.00,0.0022
3082.00,0.0023
3081.00,0.0023
3080.00,0.0022
3079.00,0.0021
3078.00,0.0020
3077.00,0.0020
3076.00,0.0019
3075.00,0.0018
3074.00,0.0017
3073.00,0.0017
3072.00,0.0017
3071.00,0.0017
3070.00,0.0018
3069.00,0.0019
3068.00,0.0020
3067.00,0.0021
3066.00,0.0022
3065.00,0.0024
3064.00,0.0025
3063.00,0.0027
3062.00,0.0028
3061.00,0.0029
3060.00,0.0029
3059.00,0.0029
3058.00,0.0029
3057.00,0.0028
3056.00,0.0027
3055.00,0.0026
3054.00,0.0025
3053.00,0.0023
3052.00,0.0022
3051.00,0.0021
3050.00,0.0020
3049.00,0.0019
3048.00,0.0018
3047.00,0.0018
3046.00,0.0017
3045.00,0.0017
3044.00,0.0017
3043.00,0.0017
3042.00,0.0018
3041.00,0.0018
3040.00,0.0019
3039.00,0.0020
3038.00,0.0021
3037.00,0.0022
3036.00,0.0024
3035.00,0.0026
3034.00,0.0029
3033.00,0.0031
3032.00,0.0034
3031.00,0.0038
3030.00,0.0041
3029.00,0.0045
3028.00,0.0049
3027.00,0.0052
3026.00,0.0054
3025.00,0.0055
3024.00,0.0055
3023.00,0.0054
3022.00,0.0051
3021.00,0.0047
3020.00,0.0043
3019.00,0.0038
3018.00,0.0034
3017.00,0.0030
3016.00,0.0026
3015.00,0.0023
3014.00,0.0021
3013.00,0.0019
3012.00,0.0018
3011.00,0.0017
3010.00,0.0016
3009.00,0.0016
3008.00,0.0016
3007.00,0.0016
3006.00,0.0016
3005.00,0.0016
3004.00,0.0016
3003.00,0.0017
3002.00,0.0017
3001.00,0.0017
3000.00,0.0017
2999.00,0.0017
2998.00,0.0016
2997.00,0.0016
2996.00,0.0015
2995.00,0.0014
2994.00,0.0013
2993.00,0.0012
2992.00,0.0011
2991.00,0.0011
2990.00,0.0011
2989.00,0.0011
2988.00,0.0011
2987.00,0.0011
2986.00,0.0011
2985.00,0.0011
2984.00,0.0011
2983.00,0.0010
2982.00,0.0010
2981.00,0.0010
2980.00,0.0010
2979.00,0.0011
2978.00,0.0011
2977.00,0.0011
2976.00,0.0011
2975.00,0.0012
2974.00,0.0012
2973.00,0.0012
2972.00,0.0012
2971.00,0.0012
2970.00,0.0012
2969.00,0.0013
2968.00,0.0013
2967.00,0.0013
2966.00,0.0014
2965.00,0.0014
2964.00,0.0015
2963.00,0.0016
2962.00,0.0016
2961.00,0.0016
2960.00,0.0017
2959.00,0.0017
2958.00,0.0018
2957.00,0.0018
2956.00,0.0019
2955.00,0.0020
2954.00,0.0020
2953.00,0.0021
2952.00,0.0022
2951.00,0.0022
2950.00,0.0023
2949.00,0.0024
2948.00,0.0025
2947.00,0.0027
2946.00,0.0028
2945.00,0.0030
2944.00,0.0031
2943.00,0.0032
2942.00,0.0034
2941.00,0.0035
2940.00,0.0037
2939.00,0.0039
2938.00,0.0041
2937.00,0.0043
2936.00,0.0045
2935.00,0.0047
2934.00,0.0050
2933.00,0.0052
2932.00,0.0055
2931.00,0.0057
2930.00,0.0059
2929.00,0.0061
2928.00,0.0063
2927.00,0.0064
2926.00,0.0066
2925.00,0.0067
2924.00,0.0068
2923.00,0.0068
2922.00,0.0069
2921.00,0.0069
2920.00,0.0069
2919.00,0.0068
2918.00,0.0068
2917.00,0.0067
2916.00,0.0066
2915.00,0.0065
2914.00,0.0064
2913.00,0.0062
2912.00,0.0060
2911.00,0.0059
2910.00,0.0057
2909.00,0.0055
2908.00,0.0053
2907.00,0.0051
2906.00,0.0050
2905.00,0.0048
2904.00,0.0046
2903.00,0.0045
2902.00,0.0043
2901.00,0.0041
2900.00,0.0039
2899.00,0.0038
2898.00,0.0036
2897.00,0.0035
2896.00,0.0033
2895.00,0.0032
2894.00,0.0031
2893.00,0.0030
2892.00,0.0029
2891.00,0.0028
2890.00,0.0027
2889.00,0.0027
2888.00,0.0026
2887.00,0.0026
2886.00,0.0025
2885.00,0.0025
2884.00,0.0024
2883.00,0.0024
2882.00,0.0023
2881.00,0.0023
2880.00,0.0022
2879.00,0.0022
2878.00,0.0021
2877.00,0.0021
2876.00,0.0021
2875.00,0.0021
2874.00,0.0020
2873.00,0.0020
2872.00,0.0019
2871.00,0.0019
2870.00,0.0019
2869.00,0.0019
2868.00,0.0019
2867.00,0.0019
2866.00,0.0019
2865.00,0.0019
2864.00,0.0020
2863.00,0.0020
2862.00,0.0021
2861.00,0.0021
2860.00,0.0022
2859.00,0.0023
2858.00,0.0024
2857.00,0.0025
2856.00,0.0027
2855.00,0.0028
2854.00,0.0029
2853.00,0.0030
2852.00,0.0030
2851.00,0.0031
2850.00,0.0031
2849.00,0.0032
2848.00,0.0032
2847.00,0.0031
2846.00,0.0030
2845.00,0.0029
2844.00,0.0028
2843.00,0.0027
2842.00,0.0025
2841.00,0.0023
2840.00,0.0021
2839.00,0.0019
2838.00,0.0017
2837.00,0.0016
2836.00,0.0014
2835.00,0.0013
2834.00,0.0012
2833.00,0.0011
2832.00,0.0010
2831.00,0.0010
2830.00,0.0009
2829.00,0.0009
2828.00,0.0009
2827.00,0.0008
2826.00,0.0008
2825.00,0.0008
2824.00,0.0008
2823.00,0.0008
2822.00,0.0007
2821.00,0.0007
2820.00,0.0007
2819.00,0.0007
2818.00,0.0007
2817.00,0.0007
2816.00,0.0007
2815.00,0.0007
2814.00,0.0007
2813.00,0.0007
2812.00,0.0007
2811.00,0.0007
2810.00,0.0007
2809.00,0.0007
2808.00,0.0007
2807.00,0.0007
2806.00,0.0007
2805.00,0.0007
2804.00,0.0007
2803.00,0.0007
2802.00,0.0006
2801.00,0.0006
2800.00,0.0006
2799.00,0.0006
2798.00,0.0006
2797.00,0.0006
2796.00,0.0006
2795.00,0.0006
2794.00,0.0006
2793.00,0.0006
2792.00,0.0006
2791.00,0.0006
2790.00,0.0006
2789.00,0.0006
2788.00,0.0006
2787.00,0.0006
2786.00,0.0006
2785.00,0.0006
2784.00,0.0006
2783.00,0.0006
2782.00,0.0006
2781.00,0.0006
2780.00,0.0006
2779.00,0.0006
2778.00,0.0006
2777.00,0.0006
2776.00,0.0006
2775.00,0.0006
2774.00,0.0006
2773.00,0.0005
2772.00,0.0006
2771.00,0.0006
2770.00,0.0006
2769.00,0.0006
2768.00,0.0006
2767.00,0.0006
2766.00,0.0006
2765.00,0.0006
2764.00,0.0006
2763.00,0.0005
2762.00,0.0005
2761.00,0.0005
2760.00,0.0005
2759.00,0.0005
2758.00,0.0005
2757.00,0.0005
2756.00,0.0005
2755.00,0.0005
2754.00,0.0005
2753.00,0.0005
2752.00,0.0005
2751.00,0.0005
2750.00,0.0005
2749.00,0.0005
2748.00,0.0005
2747.00,0.0005
2746.00,0.0005
2745.00,0.0005
2744.00,0.0005
2743.00,0.0005
2742.00,0.0005
2741.00,0.0005
2740.00,0.0005
2739.00,0.0005
2738.00,0.0005
2737.00,0.0005
2736.00,0.0005
2735.00,0.0005
2734.00,0.0005
2733.00,0.0005
2732.00,0.0005
2731.00,0.0005
2730.00,0.0005
2729.00,0.0005
2728.00,0.0005
2727.00,0.0006
2726.00,0.0006
2725.00,0.0006
2724.00,0.0006
2723.00,0.0006
2722.00,0.0005
2721.00,0.0005
2720.00,0.0006
2719.00,0.0006
2718.00,0.0006
2717.00,0.0006
2716.00,0.0005
2715.00,0.0005
2714.00,0.0005
2713.00,0.0005
2712.00,0.0005
2711.00,0.0005
2710.00,0.0005
2709.00,0.0006
2708.00,0.0006
2707.00,0.0005
2706.00,0.0005
2705.00,0.0005
2704.00,0.0005
2703.00,0.0005
2702.00,0.0006
2701.00,0.0005
2700.00,0.0005
2699.00,0.0005
2698.00,0.0005
2697.00,0.0005
2696.00,0.0005
2695.00,0.0005
2694.00,0.0006
2693.00,0.0006
2692.00,0.0006
2691.00,0.0006
2690.00,0.0006
2689.00,0.0006
2688.00,0.0006
2687.00,0.0006
2686.00,0.0005
2685.00,0.0005
2684.00,0.0005
2683.00,0.0005
2682.00,0.0005
2681.00,0.0005
2680.00,0.0005
2679.00,0.0005
2678.00,0.0005
2677.00,0.0005
2676.00,0.0005
2675.00,0.0005
2674.00,0.0005
2673.00,0.0005
2672.00,0.0006
2671.00,0.0006
2670.00,0.0006
2669.00,0.0006
2668.00,0.0006
2667.00,0.0006
2666.00,0.0006
2665.00,0.0007
2664.00,0.0007
2663.00,0.0007
2662.00,0.0008
2661.00,0.0008
2660.00,0.0008
2659.00,0.0008
2658.00,0.0009
2657.00,0.0009
2656.00,0.0009
2655.00,0.0009
2654.00,0.0009
2653.00,0.0009
2652.00,0.0009
2651.00,0.0009
2650.00,0.0009
2649.00,0.0009
2648.00,0.0009
2647.00,0.0009
2646.00,0.0009
2645.00,0.0009
2644.00,0.0009
2643.00,0.0009
2642.00,0.0009
2641.00,0.0009
2640.00,0.0009
2639.00,0.0009
2638.00,0.0009
2637.00,0.0009
2636.00,0.0009
2635.00,0.0009
2634.00,0.0009
2633.00,0.0009
2632.00,0.0009
2631.00,0.0009
2630.00,0.0009
2629.00,0.0009
2628.00,0.0009
2627.00,0.0009
2626.00,0.0009
2625.00,0.0009
2624.00,0.0009
2623.00,0.0008
2622.00,0.0008
2621.00,0.0008
2620.00,0.0008
2619.00,0.0008
2618.00,0.0008
2617.00,0.0008
2616.00,0.0008
2615.00,0.0008
2614.00,0.0007
2613.00,0.0007
2612.00,0.0007
2611.00,0.0007
2610.00,0.0007
2609.00,0.0007
2608.00,0.0007
2607.00,0.0008
2606.00,0.0008
2605.00,0.0008
2604.00,0.0008
2603.00,0.0007
2602.00,0.0007
2601.00,0.0007
2600.00,0.0007
2599.00,0.0006
2598.00,0.0007
2597.00,0.0007
2596.00,0.0007
2595.00,0.0007
2594.00,0.0006
2593.00,0.0006
2592.00,0.0006
2591.00,0.0006
2590.00,0.0006
2589.00,0.0006
2588.00,0.0006
2587.00,0.0006
2586.00,0.0006
2585.00,0.0006
2584.00,0.0006
2583.00,0.0006
2582.00,0.0006
2581.00,0.0006
2580.00,0.0006
2579.00,0.0006
2578.00,0.0006
2577.00,0.0006
2576.00,0.0006
2575.00,0.0006
2574.00,0.0006
2573.00,0.0005
2572.00,0.0005
2571.00,0.0005
2570.00,0.0005
2569.00,0.0005
2568.00,0.0005
2567.00,0.0005
2566.00,0.0006
2565.00,0.0006
2564.00,0.0006
2563.00,0.0006
2562.00,0.0006
2561.00,0.0006
2560.00,0.0006
2559.00,0.0006
2558.00,0.0005
2557.00,0.0005
2556.00,0.0005
2555.00,0.0005
2554.00,0.0004
2553.00,0.0004
2552.00,0.0004
2551.00,0.0004
2550.00,0.0004
2549.00,0.0004
2548.00,0.0004
2547.00,0.0004
2546.00,0.0004
2545.00,0.0003
2544.00,0.0003
2543.00,0.0003
2542.00,0.0004
2541.00,0.0004
2540.00,0.0004
2539.00,0.0004
2538.00,0.0004
2537.00,0.0004
2536.00,0.0004
2535.00,0.0004
2534.00,0.0004
2533.00,0.0004
2532.00,0.0004
2531.00,0.0004
2530.00,0.0004
2529.00,0.0004
2528.00,0.0004
2527.00,0.0004
2526.00,0.0004
2525.00,0.0003
2524.00,0.0003
2523.00,0.0004
2522.00,0.0004
2521.00,0.0004
2520.00,0.0004
2519.00,0.0004
2518.00,0.0004
2517.00,0.0004
2516.00,0.0004
2515.00,0.0004
2514.00,0.0004
2513.00,0.0004
2512.00,0.0004
2511.00,0.0004
2510.00,0.0004
2509.00,0.0004
2508.00,0.0005
2507.00,0.0005
2506.00,0.0004
2505.00,0.0004
2504.00,0.0004
2503.00,0.0004
2502.00,0.0004
2501.00,0.0004
2500.00,0.0004
2499.00,0.0004
2498.00,0.0004
2497.00,0.0004
2496.00,0.0004
2495.00,0.0004
2494.00,0.0003
2493.00,0.0003
2492.00,0.0003
2491.00,0.0003
2490.00,0.0003
2489.00,0.0004
2488.00,0.0004
2487.00,0.0004
2486.00,0.0004
2485.00,0.0004
2484.00,0.0003
2483.00,0.0003
2482.00,0.0003
2481.00,0.0003
2480.00,0.0003
2479.00,0.0003
2478.00,0.0003
2477.00,0.0003
2476.00,0.0003
2475.00,0.0003
2474.00,0.0003
2473.00,0.0003
2472.00,0.0003
2471.00,0.0003
2470.00,0.0003
2469.00,0.0003
2468.00,0.0003
2467.00,0.0003
2466.00,0.0003
2465.00,0.0003
2464.00,0.0003
2463.00,0.0003
2462.00,0.0004
2461.00,0.0004
2460.00,0.0004
2459.00,0.0004
2458.00,0.0004
2457.00,0.0004
2456.00,0.0004
2455.00,0.0004
2454.00,0.0004
2453.00,0.0004
2452.00,0.0004
2451.00,0.0004
2450.00,0.0004
2449.00,0.0004
2448.00,0.0004
2447.00,0.0004
2446.00,0.0004
2445.00,0.0004
2444.00,0.0004
2443.00,0.0004
2442.00,0.0004
2441.00,0.0003
2440.00,0.0003
2439.00,0.0003
2438.00,0.0003
2437.00,0.0003
2436.00,0.0003
2435.00,0.0003
2434.00,0.0002
2433.00,0.0002
2432.00,0.0002
2431.00,0.0002
2430.00,0.0002
2429.00,0.0002
2428.00,0.0001
2427.00,0.0001
2426.00,0.0001
2425.00,0.0002
2424.00,0.0002
2423.00,0.0002
2422.00,0.0002
2421.00,0.0002
2420.00,0.0002
2419.00,0.0002
2418.00,0.0002
2417.00,0.0002
2416.00,0.0002
2415.00,0.0001
2414.00,0.0001
2413.00,0.0001
2412.00,0.0001
2411.00,0.0001
2410.00,0.0001
2409.00,0.0002
2408.00,0.0001
2407.00,0.0001
2406.00,0.0001
2405.00,0.0001
2404.00,0.0000
2403.00,0.0000
2402.00,0.0000
2401.00,0.0000
2400.00,0.0000
2399.00,0.0000
2398.00,0.0001
2397.00,0.0001
2396.00,0.0000
2395.00,0.0000
2394.00,-0.0000
2393.00,-0.0000
2392.00,-0.0000
2391.00,-0.0000
2390.00,-0.0000
2389.00,-0.0001
2388.00,-0.0001
2387.00,-0.0001
2386.00,-0.0001
2385.00,-0.0001
2384.00,-0.0001
2383.00,-0.0001
2382.00,-0.0001
2381.00,-0.0001
2380.00,-0.0001
2379.00,-0.0001
2378.00,-0.0001
2377.00,-0.0001
2376.00,-0.0001
2375.00,-0.0001
2374.00,-0.0001
2373.00,-0.0001
2372.00,-0.0001
2371.00,-0.0001
2370.00,-0.0001
2369.00,-0.0001
2368.00,-0.0001
2367.00,-0.0001
2366.00,-0.0001
2365.00,-0.0000
2364.00,-0.0000
2363.00,-0.0000
2362.00,-0.0000
2361.00,-0.0000
2360.00,0.0000
2359.00,0.0000
2358.00,0.0000
2357.00,-0.0000
2356.00,-0.0000
2355.00,-0.0000
2354.00,-0.0000
2353.00,-0.0000
2352.00,-0.0000
2351.00,0.0000
2350.00,0.0001
2349.00,0.0002
2348.00,0.0002
2347.00,0.0003
2346.00,0.0003
2345.00,0.0003
2344.00,0.0002
2343.00,0.0003
2342.00,0.0003
2341.00,0.0003
2340.00,0.0003
2339.00,0.0003
2338.00,0.0003
2337.00,0.0003
2336.00,0.0004
2335.00,0.0004
2334.00,0.0003
2333.00,0.0003
2332.00,0.0002
2331.00,0.0002
2330.00,0.0002
2329.00,0.0003
2328.00,0.0005
2327.00,0.0008
2326.00,0.0011
2325.00,0.0013
2324.00,0.0013
2323.00,0.0012
2322.00,0.0010
2321.00,0.0009
2320.00,0.0008
2319.00,0.0007
2318.00,0.0007
2317.00,0.0007
2316.00,0.0006
2315.00,0.0006
2314.00,0.0006
2313.00,0.0006
2312.00,0.0006
2311.00,0.0006
2310.00,0.0006
2309.00,0.0006
2308.00,0.0006
2307.00,0.0007
2306.00,0.0007
2305.00,0.0007
2304.00,0.0007
2303.00,0.0007
2302.00,0.0007
2301.00,0.0007
2300.00,0.0007
2299.00,0.0007
2298.00,0.0007
2297.00,0.0007
2296.00,0.0008
2295.00,0.0008
2294.00,0.0008
2293.00,0.0009
2292.00,0.0009
2291.00,0.0010
2290.00,0.0011
2289.00,0.0011
2288.00,0.0011
2287.00,0.0011
2286.00,0.0011
2285.00,0.0011
2284.00,0.0011
2283.00,0.0010
2282.00,0.0009
2281.00,0.0009
2280.00,0.0008
2279.00,0.0008
2278.00,0.0008
2277.00,0.0008
2276.00,0.0008
2275.00,0.0008
2274.00,0.0008
2273.00,0.0007
2272.00,0.0007
2271.00,0.0006
2270.00,0.0006
2269.00,0.0006
2268.00,0.0006
2267.00,0.0006
2266.00,0.0006
2265.00,0.0006
2264.00,0.0006
2263.00,0.0006
2262.00,0.0005
2261.00,0.0005
2260.00,0.0006
2259.00,0.0006
2258.00,0.0006
2257.00,0.0006
2256.00,0.0005
2255.00,0.0005
2254.00,0.0004
2253.00,0.0005
2252.00,0.0005
2251.00,0.0006
2250.00,0.0006
2249.00,0.0006
2248.00,0.0005
2247.00,0.0005
2246.00,0.0005
2245.00,0.0005
2244.00,0.0005
2243.00,0.0004
2242.00,0.0004
2241.00,0.0004
2240.00,0.0005
2239.00,0.0005
2238.00,0.0005
2237.00,0.0005
2236.00,0.0005
2235.00,0.0006
2234.00,0.0006
2233.00,0.0005
2232.00,0.0004
2231.00,0.0004
2230.00,0.0003
2229.00,0.0003
2228.00,0.0003
2227.00,0.0002
2226.00,0.0002
2225.00,0.0001
2224.00,0.0002
2223.00,0.0003
2222.00,0.0004
2221.00,0.0004
2220.00,0.0004
2219.00,0.0004
2218.00,0.0003
2217.00,0.0003
2216.00,0.0003
2215.00,0.0002
2214.00,0.0002
2213.00,0.0002
2212.00,0.0003
2211.00,0.0003
2210.00,0.0004
2209.00,0.0003
2208.00,0.0003
2207.00,0.0003
2206.00,0.0002
2205.00,0.0002
2204.00,0.0002
2203.00,0.0002
2202.00,0.0002
2201.00,0.0003
2200.00,0.0003
2199.00,0.0003
2198.00,0.0004
2197.00,0.0005
2196.00,0.0007
2195.00,0.0008
2194.00,0.0008
2193.00,0.0009
2192.00,0.0008
2191.00,0.0008
2190.00,0.0008
2189.00,0.0008
2188.00,0.0007
2187.00,0.0006
2186.00,0.0005
2185.00,0.0002
2184.00,-0.0000
2183.00,-0.0002
2182.00,-0.0003
2181.00,-0.0003
2180.00,-0.0001
2179.00,0.0000
2178.00,0.0000
2177.00,-0.0001
2176.00,-0.0003
2175.00,-0.0004
2174.00,-0.0004
2173.00,-0.0002
2172.00,0.0001
2171.00,0.0004
2170.00,0.0008
2169.00,0.0010
2168.00,0.0012
2167.00,0.0013
2166.00,0.0013
2165.00,0.0013
2164.00,0.0013
2163.00,0.0012
2162.00,0.0010
2161.00,0.0004
2160.00,-0.0004
2159.00,-0.0013
2158.00,-0.0018
2157.00,-0.0020
2156.00,-0.0020
2155.00,-0.0018
2154.00,-0.0017
2153.00,-0.0016
2152.00,-0.0016
2151.00,-0.0015
2150.00,-0.0014
2149.00,-0.0012
2148.00,-0.0011
2147.00,-0.0011
2146.00,-0.0010
2145.00,-0.0011
2144.00,-0.0011
2143.00,-0.0011
2142.00,-0.0011
2141.00,-0.0011
2140.00,-0.0010
2139.00,-0.0010
2138.00,-0.0010
2137.00,-0.0011
2136.00,-0.0012
2135.00,-0.0014
2134.00,-0.0015
2133.00,-0.0015
2132.00,-0.0013
2131.00,-0.0011
2130.00,-0.0010
2129.00,-0.0008
2128.00,-0.0008
2127.00,-0.0008
2126.00,-0.0008
2125.00,-0.0007
2124.00,-0.0005
2123.00,-0.0003
2122.00,-0.0002
2121.00,-0.0001
2120.00,-0.0001
2119.00,-0.0001
2118.00,-0.0001
2117.00,-0.0000
2116.00,0.0000
2115.00,0.0001
2114.00,0.0002
2113.00,0.0002
2112.00,0.0002
2111.00,0.0001
2110.00,0.0001
2109.00,0.0001
2108.00,0.0000
2107.00,0.0000
2106.00,0.0000
2105.00,-0.0000
2104.00,-0.0001
2103.00,-0.0001
2102.00,-0.0002
2101.00,-0.0002
2100.00,-0.0001
2099.00,-0.0001
2098.00,-0.0000
2097.00,-0.0001
2096.00,-0.0002
2095.00,-0.0003
2094.00,-0.0003
2093.00,-0.0003
2092.00,-0.0002
2091.00,-0.0000
2090.00,0.0001
2089.00,0.0001
2088.00,0.0001
2087.00,0.0001
2086.00,0.0001
2085.00,0.0001
2084.00,0.0002
2083.00,0.0003
2082.00,0.0004
2081.00,0.0005
2080.00,0.0004
2079.00,0.0004
2078.00,0.0003
2077.00,0.0003
2076.00,0.0003
2075.00,0.0003
2074.00,0.0002
2073.00,0.0002
2072.00,0.0002
2071.00,0.0002
2070.00,0.0002
2069.00,0.0002
2068.00,0.0001
2067.00,0.0000
2066.00,-0.0000
2065.00,-0.0000
2064.00,0.0000
2063.00,0.0001
2062.00,0.0001
2061.00,0.0001
2060.00,0.0001
2059.00,0.0002
2058.00,0.0004
2057.00,0.0005
2056.00,0.0005
2055.00,0.0003
2054.00,0.0003
2053.00,0.0004
2052.00,0.0006
2051.00,0.0006
2050.00,0.0004
2049.00,0.0002
2048.00,0.0000
2047.00,-0.0000
2046.00,-0.0000
2045.00,-0.0000
2044.00,-0.0000
2043.00,0.0000
2042.00,0.0001
2041.00,0.0001
2040.00,0.0002
2039.00,0.0004
2038.00,0.0006
2037.00,0.0006
2036.00,0.0005
2035.00,0.0003
2034.00,0.0002
2033.00,0.0001
2032.00,0.0001
2031.00,-0.0000
2030.00,-0.0001
2029.00,-0.0001
2028.00,-0.0001
2027.00,-0.0001
2026.00,-0.0002
2025.00,-0.0004
2024.00,-0.0005
2023.00,-0.0006
2022.00,-0.0005
2021.00,-0.0004
2020.00,-0.0003
2019.00,-0.0002
2018.00,-0.0002
2017.00,-0.0004
2016.00,-0.0006
2015.00,-0.0007
2014.00,-0.0007
2013.00,-0.0006
2012.00,-0.0004
2011.00,-0.0002
2010.00,-0.0002
2009.00,-0.0004
2008.00,-0.0008
2007.00,-0.0011
2006.00,-0.0012
2005.00,-0.0010
2004.00,-0.0007
2003.00,-0.0004
2002.00,-0.0003
2001.00,-0.0002
2000.00,-0.0001
1999.00,-0.0000
1998.00,0.0001
1997.00,0.0001
1996.00,0.0000
1995.00,-0.0001
1994.00,-0.0001
1993.00,-0.0001
1992.00,-0.0000
1991.00,0.0001
1990.00,0.0002
1989.00,0.0003
1988.00,0.0004
1987.00,0.0005
1986.00,0.0006
1985.00,0.0006
1984.00,0.0006
1983.00,0.0007
1982.00,0.0008
1981.00,0.0008
1980.00,0.0005
1979.00,0.0002
1978.00,-0.0002
1977.00,-0.0005
1976.00,-0.0006
1975.00,-0.0005
1974.00,-0.0004
1973.00,-0.0003
1972.00,-0.0004
1971.00,-0.0005
1970.00,-0.0006
1969.00,-0.0007
1968.00,-0.0008
1967.00,-0.0008
1966.00,-0.0006
1965.00,-0.0006
1964.00,-0.0005
1963.00,-0.0005
1962.00,-0.0005
1961.00,-0.0005
1960.00,-0.0004
1959.00,-0.0003
1958.00,-0.0001
1957.00,0.0001
1956.00,0.0001
1955.00,0.0001
1954.00,0.0001
1953.00,0.0000
1952.00,0.0000
1951.00,0.0000
1950.00,0.0001
1949.00,0.0001
1948.00,0.0001
1947.00,0.0001
1946.00,0.0001
1945.00,0.0002
1944.00,0.0002
1943.00,0.0002
1942.00,0.0002
1941.00,0.0002
1940.00,0.0001
1939.00,0.0001
1938.00,0.0000
1937.00,-0.0000
1936.00,-0.0001
1935.00,-0.0002
1934.00,-0.0002
1933.00,-0.0002
1932.00,-0.0003
1931.00,-0.0003
1930.00,-0.0003
1929.00,-0.0002
1928.00,-0.0002
1927.00,-0.0002
1926.00,-0.0003
1925.00,-0.0004
1924.00,-0.0004
1923.00,-0.0004
1922.00,-0.0004
1921.00,-0.0004
1920.00,-0.0004
1919.00,-0.0004
1918.00,-0.0004
1917.00,-0.0003
1916.00,-0.0003
1915.00,-0.0003
1914.00,-0.0002
1913.00,-0.0003
1912.00,-0.0003
1911.00,-0.0004
1910.00,-0.0004
1909.00,-0.0004
1908.00,-0.0003
1907.00,-0.0003
1906.00,-0.0003
1905.00,-0.0003
1904.00,-0.0002
1903.00,-0.0002
1902.00,-0.0001
1901.00,-0.0000
1900.00,-0.0000
1899.00,-0.0000
1898.00,0.0000
1897.00,0.0000
1896.00,0.0000
1895.00,0.0001
1894.00,0.0001
1893.00,0.0001
1892.00,0.0002
1891.00,0.0002
1890.00,0.0002
1889.00,0.0002
1888.00,0.0002
1887.00,0.0002
1886.00,0.0002
1885.00,0.0003
1884.00,0.0003
1883.00,0.0003
1882.00,0.0003
1881.00,0.0003
1880.00,0.0003
1879.00,0.0003
1878.00,0.0003
1877.00,0.0003
1876.00,0.0004
1875.00,0.0004
1874.00,0.0004
1873.00,0.0004
1872.00,0.0004
1871.00,0.0004
1870.00,0.0003
1869.00,0.0003
1868.00,0.0004
1867.00,0.0004
1866.00,0.0004
1865.00,0.0004
1864.00,0.0004
1863.00,0.0004
1862.00,0.0004
1861.00,0.0003
1860.00,0.0002
1859.00,0.0001
1858.00,0.0001
1857.00,0.0001
1856.00,0.0001
1855.00,0.0001
1854.00,0.0001
1853.00,0.0001
1852.00,0.0001
1851.00,0.0000
1850.00,-0.0000
1849.00,-0.0000
1848.00,-0.0001
1847.00,-0.0001
1846.00,-0.0001
1845.00,-0.0001
1844.00,-0.0001
1843.00,-0.0001
1842.00,-0.0001
1841.00,-0.0001
1840.00,-0.0001
1839.00,-0.0001
1838.00,-0.0001
1837.00,-0.0001
1836.00,-0.0000
1835.00,0.0000
1834.00,0.0001
1833.00,0.0001
1832.00,0.0001
1831.00,0.0001
1830.00,0.0001
1829.00,0.0001
1828.00,0.0001
1827.00,0.0001
1826.00,0.0001
1825.00,0.0002
1824.00,0.0002
1823.00,0.0003
1822.00,0.0003
1821.00,0.0003
1820.00,0.0002
1819.00,0.0002
1818.00,0.0002
1817.00,0.0001
1816.00,0.0002
1815.00,0.0003
1814.00,0.0004
1813.00,0.0005
1812.00,0.0006
1811.00,0.0006
1810.00,0.0007
1809.00,0.0007
1808.00,0.0007
1807.00,0.0007
1806.00,0.0007
1805.00,0.0007
1804.00,0.0007
1803.00,0.0008
1802.00,0.0008
1801.00,0.0008
1800.00,0.0008
1799.00,0.0008
1798.00,0.0008
1797.00,0.0008
1796.00,0.0008
1795.00,0.0008
1794.00,0.0008
1793.00,0.0008
1792.00,0.0007
1791.00,0.0008
1790.00,0.0008
1789.00,0.0007
1788.00,0.0007
1787.00,0.0007
1786.00,0.0006
1785.00,0.0006
1784.00,0.0006
1783.00,0.0007
1782.00,0.0007
1781.00,0.0007
1780.00,0.0008
1779.00,0.0008
1778.00,0.0008
1777.00,0.0008
1776.00,0.0008
1775.00,0.0008
1774.00,0.0008
1773.00,0.0008
1772.00,0.0009
1771.00,0.0010
1770.00,0.0010
1769.00,0.0010
1768.00,0.0010
1767.00,0.0010
1766.00,0.0010
1765.00,0.0010
1764.00,0.0010
1763.00,0.0010
1762.00,0.0011
1761.00,0.0011
1760.00,0.0011
1759.00,0.0012
1758.00,0.0012
1757.00,0.0012
1756.00,0.0013
1755.00,0.0013
1754.00,0.0014
1753.00,0.0014
1752.00,0.0015
1751.00,0.0015
1750.00,0.0016
1749.00,0.0016
1748.00,0.0016
1747.00,0.0016
1746.00,0.0017
1745.00,0.0018
1744.00,0.0018
1743.00,0.0019
1742.00,0.0019
1741.00,0.0019
1740.00,0.0019
1739.00,0.0019
1738.00,0.0020
1737.00,0.0021
1736.00,0.0021
1735.00,0.0022
1734.00,0.0022
1733.00,0.0021
1732.00,0.0020
1731.00,0.0020
1730.00,0.0020
1729.00,0.0020
1728.00,0.0020
1727.00,0.0020
1726.00,0.0019
1725.00,0.0019
1724.00,0.0019
1723.00,0.0018
1722.00,0.0018
1721.00,0.0018
1720.00,0.0018
1719.00,0.0018
1718.00,0.0018
1717.00,0.0018
1716.00,0.0017
1715.00,0.0017
1714.00,0.0016
1713.00,0.0016
1712.00,0.0015
1711.00,0.0015
1710.00,0.0015
1709.00,0.0015
1708.00,0.0015
1707.00,0.0015
1706.00,0.0015
1705.00,0.0015
1704.00,0.0015
1703.00,0.0015
1702.00,0.0015
1701.00,0.0015
1700.00,0.0014
1699.00,0.0014
1698.00,0.0014
1697.00,0.0014
1696.00,0.0014
1695.00,0.0014
1694.00,0.0014
1693.00,0.0014
1692.00,0.0014
1691.00,0.0014
1690.00,0.0014
1689.00,0.0015
1688.00,0.0015
1687.00,0.0015
1686.00,0.0015
1685.00,0.0015
1684.00,0.0015
1683.00,0.0015
1682.00,0.0015
1681.00,0.0016
1680.00,0.0016
1679.00,0.0016
1678.00,0.0016
1677.00,0.0016
1676.00,0.0017
1675.00,0.0017
1674.00,0.0017
1673.00,0.0017
1672.00,0.0017
1671.00,0.0017
1670.00,0.0017
1669.00,0.0017
1668.00,0.0017
1667.00,0.0017
1666.00,0.0017
1665.00,0.0017
1664.00,0.0017
1663.00,0.0017
1662.00,0.0017
1661.00,0.0017
1660.00,0.0017
1659.00,0.0017
1658.00,0.0017
1657.00,0.0017
1656.00,0.0017
1655.00,0.0016
1654.00,0.0016
1653.00,0.0015
1652.00,0.0015
1651.00,0.0015
1650.00,0.0015
1649.00,0.0015
1648.00,0.0014
1647.00,0.0014
1646.00,0.0014
1645.00,0.0013
1644.00,0.0013
1643.00,0.0013
1642.00,0.0013
1641.00,0.0014
1640.00,0.0014
1639.00,0.0014
1638.00,0.0014
1637.00,0.0013
1636.00,0.0013
1635.00,0.0012
1634.00,0.0012
1633.00,0.0012
1632.00,0.0012
1631.00,0.0012
1630.00,0.0012
1629.00,0.0012
1628.00,0.0012
1627.00,0.0012
1626.00,0.0012
1625.00,0.0012
1624.00,0.0012
1623.00,0.0012
1622.00,0.0012
1621.00,0.0012
1620.00,0.0012
1619.00,0.0012
1618.00,0.0012
1617.00,0.0013
1616.00,0.0013
1615.00,0.0014
1614.00,0.0014
1613.00,0.0015
1612.00,0.0016
1611.00,0.0017
1610.00,0.0019
1609.00,0.0022
1608.00,0.0025
1607.00,0.0030
1606.00,0.0036
1605.00,0.0042
1604.00,0.0049
1603.00,0.0055
1602.00,0.0059
1601.00,0.0062
1600.00,0.0061
1599.00,0.0058
1598.00,0.0053
1597.00,0.0047
1596.00,0.0040
1595.00,0.0035
1594.00,0.0030
1593.00,0.0027
1592.00,0.0024
1591.00,0.0022
1590.00,0.0021
1589.00,0.0020
1588.00,0.0020
1587.00,0.0021
1586.00,0.0023
1585.00,0.0025
1584.00,0.0027
1583.00,0.0028
1582.00,0.0027
1581.00,0.0025
1580.00,0.0022
1579.00,0.0020
1578.00,0.0017
1577.00,0.0015
1576.00,0.0013
1575.00,0.0012
1574.00,0.0012
1573.00,0.0011
1572.00,0.0010
1571.00,0.0009
1570.00,0.0009
1569.00,0.0009
1568.00,0.0009
1567.00,0.0009
1566.00,0.0008
1565.00,0.0008
1564.00,0.0008
1563.00,0.0008
1562.00,0.0008
1561.00,0.0007
1560.00,0.0008
1559.00,0.0008
1558.00,0.0008
1557.00,0.0009
1556.00,0.0009
1555.00,0.0009
1554.00,0.0010
1553.00,0.0010
1552.00,0.0010
1551.00,0.0010
1550.00,0.0010
1549.00,0.0011
1548.00,0.0011
1547.00,0.0012
1546.00,0.0012
1545.00,0.0012
1544.00,0.0013
1543.00,0.0013
1542.00,0.0013
1541.00,0.0013
1540.00,0.0012
1539.00,0.0012
1538.00,0.0012
1537.00,0.0012
1536.00,0.0011
1535.00,0.0010
1534.00,0.0010
1533.00,0.0010
1532.00,0.0010
1531.00,0.0009
1530.00,0.0009
1529.00,0.0009
1528.00,0.0009
1527.00,0.0008
1526.00,0.0008
1525.00,0.0008
1524.00,0.0008
1523.00,0.0008
1522.00,0.0008
1521.00,0.0008
1520.00,0.0008
1519.00,0.0008
1518.00,0.0008
1517.00,0.0008
1516.00,0.0008
1515.00,0.0008
1514.00,0.0009
1513.00,0.0009
1512.00,0.0009
1511.00,0.0009
1510.00,0.0009
1509.00,0.0009
1508.00,0.0009
1507.00,0.0010
1506.00,0.0011
1505.00,0.0013
1504.00,0.0014
1503.00,0.0016
1502.00,0.0018
1501.00,0.0021
1500.00,0.0026
1499.00,0.0033
1498.00,0.0044
1497.00,0.0061
1496.00,0.0084
1495.00,0.0108
1494.00,0.0131
1493.00,0.0148
1492.00,0.0155
1491.00,0.0147
1490.00,0.0126
1489.00,0.0099
1488.00,0.0077
1487.00,0.0061
1486.00,0.0051
1485.00,0.0043
1484.00,0.0037
1483.00,0.0033
1482.00,0.0029
1481.00,0.0026
1480.00,0.0024
1479.00,0.0022
1478.00,0.0021
1477.00,0.0021
1476.00,0.0020
1475.00,0.0020
1474.00,0.0020
1473.00,0.0019
1472.00,0.0019
1471.00,0.0019
1470.00,0.0019
1469.00,0.0020
1468.00,0.0021
1467.00,0.0021
1466.00,0.0022
1465.00,0.0023
1464.00,0.0024
1463.00,0.0025
1462.00,0.0027
1461.00,0.0029
1460.00,0.0032
1459.00,0.0038
1458.00,0.0047
1457.00,0.0062
1456.00,0.0083
1455.00,0.0105
1454.00,0.0125
1453.00,0.0142
1452.00,0.0152
1451.00,0.0155
1450.00,0.0150
1449.00,0.0140
1448.00,0.0127
1447.00,0.0115
1446.00,0.0105
1445.00,0.0097
1444.00,0.0091
1443.00,0.0084
1442.00,0.0078
1441.00,0.0072
1440.00,0.0068
1439.00,0.0064
1438.00,0.0059
1437.00,0.0054
1436.00,0.0047
1435.00,0.0042
1434.00,0.0039
1433.00,0.0036
1432.00,0.0033
1431.00,0.0031
1430.00,0.0028
1429.00,0.0026
1428.00,0.0025
1427.00,0.0024
1426.00,0.0024
1425.00,0.0023
1424.00,0.0022
1423.00,0.0022
1422.00,0.0022
1421.00,0.0021
1420.00,0.0021
1419.00,0.0020
1418.00,0.0020
1417.00,0.0019
1416.00,0.0019
1415.00,0.0019
1414.00,0.0019
1413.00,0.0019
1412.00,0.0019
1411.00,0.0018
1410.00,0.0018
1409.00,0.0018
1408.00,0.0018
1407.00,0.0018
1406.00,0.0018
1405.00,0.0018
1404.00,0.0018
1403.00,0.0018
1402.00,0.0018
1401.00,0.0018
1400.00,0.0018
1399.00,0.0019
1398.00,0.0019
1397.00,0.0020
1396.00,0.0020
1395.00,0.0020
1394.00,0.0020
1393.00,0.0021
1392.00,0.0022
1391.00,0.0023
1390.00,0.0024
1389.00,0.0025
1388.00,0.0026
1387.00,0.0027
1386.00,0.0028
1385.00,0.0029
1384.00,0.0030
1383.00,0.0031
1382.00,0.0032
1381.00,0.0034
1380.00,0.0034
1379.00,0.0035
1378.00,0.0037
1377.00,0.0038
1376.00,0.0039
1375.00,0.0039
1374.00,0.0039
1373.00,0.0039
1372.00,0.0039
1371.00,0.0040
1370.00,0.0040
1369.00,0.0040
1368.00,0.0039
1367.00,0.0039
1366.00,0.0039
1365.00,0.0040
1364.00,0.0039
1363.00,0.0039
1362.00,0.0038
1361.00,0.0038
1360.00,0.0037
1359.00,0.0037
1358.00,0.0037
1357.00,0.0037
1356.00,0.0036
1355.00,0.0036
1354.00,0.0036
1353.00,0.0036
1352.00,0.0036
1351.00,0.0035
1350.00,0.0035
1349.00,0.0035
1348.00,0.0035
1347.00,0.0034
1346.00,0.0034
1345.00,0.0034
1344.00,0.0033
1343.00,0.0033
1342.00,0.0032
1341.00,0.0032
1340.00,0.0032
1339.00,0.0031
1338.00,0.0031
1337.00,0.0031
1336.00,0.0031
1335.00,0.0032
1334.00,0.0033
1333.00,0.0033
1332.00,0.0034
1331.00,0.0035
1330.00,0.0036
1329.00,0.0037
1328.00,0.0036
1327.00,0.0036
1326.00,0.0036
1325.00,0.0035
1324.00,0.0035
1323.00,0.0034
1322.00,0.0034
1321.00,0.0034
1320.00,0.0034
1319.00,0.0034
1318.00,0.0034
1317.00,0.0034
1316.00,0.0034
1315.00,0.0035
1314.00,0.0035
1313.00,0.0035
1312.00,0.0035
1311.00,0.0035
1310.00,0.0035
1309.00,0.0034
1308.00,0.0034
1307.00,0.0033
1306.00,0.0033
1305.00,0.0032
1304.00,0.0032
1303.00,0.0031
1302.00,0.0031
1301.00,0.0031
1300.00,0.0030
1299.00,0.0030
1298.00,0.0030
1297.00,0.0030
1296.00,0.0030
1295.00,0.0030
1294.00,0.0030
1293.00,0.0030
1292.00,0.0030
1291.00,0.0030
1290.00,0.0030
1289.00,0.0029
1288.00,0.0029
1287.00,0.0029
1286.00,0.0029
1285.00,0.0029
1284.00,0.0029
1283.00,0.0029
1282.00,0.0029
1281.00,0.0029
1280.00,0.0029
1279.00,0.0028
1278.00,0.0028
1277.00,0.0028
1276.00,0.0027
1275.00,0.0027
1274.00,0.0027
1273.00,0.0026
1272.00,0.0026
1271.00,0.0025
1270.00,0.0025
1269.00,0.0025
1268.00,0.0025
1267.00,0.0025
1266.00,0.0025
1265.00,0.0025
1264.00,0.0025
1263.00,0.0025
1262.00,0.0025
1261.00,0.0024
1260.00,0.0023
1259.00,0.0023
1258.00,0.0023
1257.00,0.0023
1256.00,0.0024
1255.00,0.0024
1254.00,0.0024
1253.00,0.0024
1252.00,0.0023
1251.00,0.0023
1250.00,0.0024
1249.00,0.0024
1248.00,0.0024
1247.00,0.0024
1246.00,0.0024
1245.00,0.0025
1244.00,0.0025
1243.00,0.0024
1242.00,0.0024
1241.00,0.0024
1240.00,0.0024
1239.00,0.0024
1238.00,0.0024
1237.00,0.0024
1236.00,0.0024
1235.00,0.0024
1234.00,0.0024
1233.00,0.0024
1232.00,0.0024
1231.00,0.0024
1230.00,0.0024
1229.00,0.0024
1228.00,0.0024
1227.00,0.0024
1226.00,0.0024
1225.00,0.0024
1224.00,0.0024
1223.00,0.0024
1222.00,0.0025
1221.00,0.0025
1220.00,0.0024
1219.00,0.0024
1218.00,0.0025
1217.00,0.0025
1216.00,0.0025
1215.00,0.0025
1214.00,0.0026
1213.00,0.0026
1212.00,0.0026
1211.00,0.0027
1210.00,0.0027
1209.00,0.0028
1208.00,0.0028
1207.00,0.0029
1206.00,0.0030
1205.00,0.0031
1204.00,0.0031
1203.00,0.0031
1202.00,0.0032
1201.00,0.0033
1200.00,0.0034
1199.00,0.0035
1198.00,0.0035
1197.00,0.0035
1196.00,0.0036
1195.00,0.0036
1194.00,0.0036
1193.00,0.0036
1192.00,0.0036
1191.00,0.0037
1190.00,0.0037
1189.00,0.0038
1188.00,0.0038
1187.00,0.0039
1186.00,0.0041
1185.00,0.0043
1184.00,0.0044
1183.00,0.0046
1182.00,0.0047
1181.00,0.0048
1180.00,0.0048
1179.00,0.0047
1178.00,0.0045
1177.00,0.0043
1176.00,0.0040
1175.00,0.0038
1174.00,0.0037
1173.00,0.0036
1172.00,0.0035
1171.00,0.0035
1170.00,0.0035
1169.00,0.0035
1168.00,0.0034
1167.00,0.0034
1166.00,0.0034
1165.00,0.0034
1164.00,0.0035
1163.00,0.0035
1162.00,0.0036
1161.00,0.0037
1160.00,0.0039
1159.00,0.0041
1158.00,0.0043
1157.00,0.0046
1156.00,0.0047
1155.00,0.0048
1154.00,0.0048
1153.00,0.0048
1152.00,0.0046
1151.00,0.0043
1150.00,0.0041
1149.00,0.0038
1148.00,0.0036
1147.00,0.0034
1146.00,0.0034
1145.00,0.0033
1144.00,0.0031
1143.00,0.0030
1142.00,0.0030
1141.00,0.0029
1140.00,0.0028
1139.00,0.0028
1138.00,0.0027
1137.00,0.0027
1136.00,0.0027
1135.00,0.0027
1134.00,0.0027
1133.00,0.0027
1132.00,0.0027
1131.00,0.0027
1130.00,0.0028
1129.00,0.0028
1128.00,0.0028
1127.00,0.0028
1126.00,0.0028
1125.00,0.0029
1124.00,0.0028
1123.00,0.0028
1122.00,0.0029
1121.00,0.0029
1120.00,0.0030
1119.00,0.0030
1118.00,0.0031
1117.00,0.0032
1116.00,0.0032
1115.00,0.0033
1114.00,0.0034
1113.00,0.0034
1112.00,0.0034
1111.00,0.0034
1110.00,0.0035
1109.00,0.0034
1108.00,0.0034
1107.00,0.0033
1106.00,0.0033
1105.00,0.0033
1104.00,0.0033
1103.00,0.0033
1102.00,0.0034
1101.00,0.0034
1100.00,0.0034
1099.00,0.0035
1098.00,0.0035
1097.00,0.0036
1096.00,0.0036
1095.00,0.0036
1094.00,0.0037
1093.00,0.0037
1092.00,0.0037
1091.00,0.0038
1090.00,0.0039
1089.00,0.0040
1088.00,0.0040
1087.00,0.0040
1086.00,0.0041
1085.00,0.0042
1084.00,0.0042
1083.00,0.0044
1082.00,0.0045
1081.00,0.0047
1080.00,0.0048
1079.00,0.0049
1078.00,0.0051
1077.00,0.0052
1076.00,0.0053
1075.00,0.0055
1074.00,0.0058
1073.00,0.0060
1072.00,0.0062
1071.00,0.0063
1070.00,0.0065
1069.00,0.0066
1068.00,0.0066
1067.00,0.0065
1066.00,0.0064
1065.00,0.0062
1064.00,0.0060
1063.00,0.0058
1062.00,0.0057
1061.00,0.0055
1060.00,0.0053
1059.00,0.0051
1058.00,0.0050
1057.00,0.0049
1056.00,0.0048
1055.00,0.0046
1054.00,0.0046
1053.00,0.0045
1052.00,0.0044
1051.00,0.0043
1050.00,0.0043
1049.00,0.0042
1048.00,0.0042
1047.00,0.0041
1046.00,0.0041
1045.00,0.0041
1044.00,0.0041
1043.00,0.0040
1042.00,0.0040
1041.00,0.0040
1040.00,0.0041
1039.00,0.0042
1038.00,0.0044
1037.00,0.0048
1036.00,0.0052
1035.00,0.0058
1034.00,0.0065
1033.00,0.0074
1032.00,0.0082
1031.00,0.0090
1030.00,0.0096
1029.00,0.0100
1028.00,0.0102
1027.00,0.0101
1026.00,0.0098
1025.00,0.0093
1024.00,0.0087
1023.00,0.0081
1022.00,0.0076
1021.00,0.0072
1020.00,0.0068
1019.00,0.0066
1018.00,0.0064
1017.00,0.0062
1016.00,0.0060
1015.00,0.0057
1014.00,0.0056
1013.00,0.0054
1012.00,0.0051
1011.00,0.0050
1010.00,0.0049
1009.00,0.0049
1008.00,0.0049
1007.00,0.0049
1006.00,0.0050
1005.00,0.0052
1004.00,0.0052
1003.00,0.0052
1002.00,0.0052
1001.00,0.0050
1000.00,0.0048
999.00,0.0045
998.00,0.0043
997.00,0.0042
996.00,0.0041
995.00,0.0040
994.00,0.0040
993.00,0.0040
992.00,0.0040
991.00,0.0040
990.00,0.0040
989.00,0.0040
988.00,0.0040
987.00,0.0041
986.00,0.0043
985.00,0.0044
984.00,0.0045
983.00,0.0046
982.00,0.0047
981.00,0.0048
980.00,0.0048
979.00,0.0047
978.00,0.0047
977.00,0.0046
976.00,0.0045
975.00,0.0044
974.00,0.0044
973.00,0.0044
972.00,0.0043
971.00,0.0044
970.00,0.0045
969.00,0.0046
968.00,0.0047
967.00,0.0048
966.00,0.0049
965.00,0.0050
964.00,0.0050
963.00,0.0049
962.00,0.0048
961.00,0.0047
960.00,0.0045
959.00,0.0043
958.00,0.0042
957.00,0.0041
956.00,0.0039
955.00,0.0038
954.00,0.0038
953.00,0.0038
952.00,0.0037
951.00,0.0037
950.00,0.0037
949.00,0.0038
948.00,0.0038
947.00,0.0038
946.00,0.0039
945.00,0.0040
944.00,0.0040
943.00,0.0040
942.00,0.0040
941.00,0.0040
940.00,0.0039
939.00,0.0038
938.00,0.0037
937.00,0.0036
936.00,0.0035
935.00,0.0034
934.00,0.0034
933.00,0.0033
932.00,0.0032
931.00,0.0031
930.00,0.0031
929.00,0.0031
928.00,0.0030
927.00,0.0030
926.00,0.0031
925.00,0.0031
924.00,0.0032
923.00,0.0032
922.00,0.0033
921.00,0.0034
920.00,0.0034
919.00,0.0035
918.00,0.0037
917.00,0.0040
916.00,0.0042
915.00,0.0045
914.00,0.0048
913.00,0.0052
912.00,0.0056
911.00,0.0060
910.00,0.0064
909.00,0.0068
908.00,0.0071
907.00,0.0073
906.00,0.0073
905.00,0.0072
904.00,0.0069
903.00,0.0065
902.00,0.0061
901.00,0.0057
900.00,0.0052
899.00,0.0047
898.00,0.0043
897.00,0.0039
896.00,0.0036
895.00,0.0034
894.00,0.0032
893.00,0.0031
892.00,0.0029
891.00,0.0028
890.00,0.0028
889.00,0.0028
888.00,0.0027
887.00,0.0027
886.00,0.0026
885.00,0.0026
884.00,0.0025
883.00,0.0025
882.00,0.0025
881.00,0.0025
880.00,0.0024
879.00,0.0023
878.00,0.0023
877.00,0.0023
876.00,0.0023
875.00,0.0023
874.00,0.0023
873.00,0.0023
872.00,0.0022
871.00,0.0021
870.00,0.0021
869.00,0.0021
868.00,0.0021
867.00,0.0020
866.00,0.0021
865.00,0.0021
864.00,0.0021
863.00,0.0021
862.00,0.0021
861.00,0.0021
860.00,0.0021
859.00,0.0021
858.00,0.0022
857.00,0.0022
856.00,0.0022
855.00,0.0022
854.00,0.0023
853.00,0.0024
852.00,0.0025
851.00,0.0026
850.00,0.0028
849.00,0.0030
848.00,0.0032
847.00,0.0033
846.00,0.0035
845.00,0.0037
844.00,0.0038
843.00,0.0039
842.00,0.0040
841.00,0.0041
840.00,0.0040
839.00,0.0039
838.00,0.0037
837.00,0.0035
836.00,0.0032
835.00,0.0029
834.00,0.0027
833.00,0.0026
832.00,0.0024
831.00,0.0023
830.00,0.0022
829.00,0.0022
828.00,0.0021
827.00,0.0020
826.00,0.0020
825.00,0.0020
824.00,0.0019
823.00,0.0019
822.00,0.0019
821.00,0.0019
820.00,0.0018
819.00,0.0018
818.00,0.0019
817.00,0.0019
816.00,0.0019
815.00,0.0019
814.00,0.0020
813.00,0.0020
812.00,0.0020
811.00,0.0021
810.00,0.0022
809.00,0.0022
808.00,0.0022
807.00,0.0022
806.00,0.0023
805.00,0.0023
804.00,0.0023
803.00,0.0023
802.00,0.0024
801.00,0.0025
800.00,0.0025
799.00,0.0026
798.00,0.0027
797.00,0.0029
796.00,0.0030
795.00,0.0031
794.00,0.0033
793.00,0.0034
792.00,0.0035
791.00,0.0036
790.00,0.0038
789.00,0.0041
788.00,0.0042
787.00,0.0045
786.00,0.0048
785.00,0.0050
784.00,0.0053
783.00,0.0056
782.00,0.0060
781.00,0.0064
780.00,0.0067
779.00,0.0072
778.00,0.0078
777.00,0.0085
776.00,0.0091
775.00,0.0099
774.00,0.0107
773.00,0.0117
772.00,0.0126
771.00,0.0136
770.00,0.0148
769.00,0.0160
768.00,0.0170
767.00,0.0182
766.00,0.0193
765.00,0.0204
764.00,0.0215
763.00,0.0225
762.00,0.0237
761.00,0.0249
760.00,0.0259
759.00,0.0269
758.00,0.0278
757.00,0.0285
756.00,0.0290
755.00,0.0292
754.00,0.0293
753.00,0.0293
752.00,0.0292
751.00,0.0292
750.00,0.0292
749.00,0.0291
748.00,0.0289
747.00,0.0285
746.00,0.0278
745.00,0.0268
744.00,0.0253
743.00,0.0235
742.00,0.0217
741.00,0.0198
740.00,0.0180
739.00,0.0163
738.00,0.0148
737.00,0.0133
736.00,0.0118
735.00,0.0105
734.00,0.0093
733.00,0.0082
732.00,0.0072
731.00,0.0063
730.00,0.0057
729.00,0.0053
728.00,0.0048
727.00,0.0045
726.00,0.0044
725.00,0.0043
724.00,0.0041
723.00,0.0040
722.00,0.0040
721.00,0.0040
720.00,0.0039
719.00,0.0040
718.00,0.0042
717.00,0.0044
716.00,0.0046
715.00,0.0050
714.00,0.0055
713.00,0.0062
712.00,0.0072
711.00,0.0085
710.00,0.0103
709.00,0.0127
708.00,0.0157
707.00,0.0194
706.00,0.0238
705.00,0.0288
704.00,0.0343
703.00,0.0404
702.00,0.0470
701.00,0.0537
700.00,0.0605
699.00,0.0672
698.00,0.0737
697.00,0.0797
696.00,0.0844
695.00,0.0871
694.00,0.0870
693.00,0.0836
692.00,0.0773
691.00,0.0694
690.00,0.0613
689.00,0.0536
688.00,0.0469
687.00,0.0413
686.00,0.0370
685.00,0.0334
684.00,0.0304
683.00,0.0279
682.00,0.0258
681.00,0.0240
680.00,0.0224
679.00,0.0210
678.00,0.0199
677.00,0.0190
676.00,0.0180
675.00,0.0172
674.00,0.0165
673.00,0.0159
672.00,0.0153
671.00,0.0148
670.00,0.0144
669.00,0.0140
668.00,0.0132
667.00,0.0126
666.00,0.0123
665.00,0.0120
664.00,0.0116
663.00,0.0111
662.00,0.0107
661.00,0.0104
660.00,0.0099
659.00,0.0095
658.00,0.0092
657.00,0.0088
656.00,0.0084
655.00,0.0080
654.00,0.0077
653.00,0.0075
652.00,0.0072
651.00,0.0069
650.00,0.0067
649.00,0.0065
648.00,0.0063
647.00,0.0061
646.00,0.0060
645.00,0.0059
644.00,0.0057
643.00,0.0056
642.00,0.0056
641.00,0.0056
640.00,0.0056
639.00,0.0056
638.00,0.0058
637.00,0.0061
636.00,0.0062
635.00,0.0062
634.00,0.0064
633.00,0.0066
632.00,0.0066
631.00,0.0068
630.00,0.0070
629.00,0.0072
628.00,0.0073
627.00,0.0073
626.00,0.0074
625.00,0.0076
624.00,0.0076
623.00,0.0076
622.00,0.0078
621.00,0.0078
620.00,0.0077
619.00,0.0075
618.00,0.0074
617.00,0.0072
616.00,0.0070
615.00,0.0068
614.00,0.0068
613.00,0.0068
612.00,0.0065
611.00,0.0063
610.00,0.0063
609.00,0.0062
608.00,0.0061
607.00,0.0061
606.00,0.0062
605.00,0.0064
604.00,0.0063
603.00,0.0063
602.00,0.0063
601.00,0.0063
600.00,0.0063
599.00,0.0063
598.00,0.0066
597.00,0.0068
596.00,0.0068
595.00,0.0068
594.00,0.0068
593.00,0.0069
592.00,0.0068
591.00,0.0069
590.00,0.0071
589.00,0.0074
588.00,0.0075
587.00,0.0076
586.00,0.0078
585.00,0.0080
584.00,0.0080
583.00,0.0080
582.00,0.0084
581.00,0.0088
580.00,0.0090
579.00,0.0092
578.00,0.0096
577.00,0.0100
576.00,0.0103
575.00,0.0107
574.00,0.0113
573.00,0.0119
572.00,0.0123
571.00,0.0126
570.00,0.0131
569.00,0.0137
568.00,0.0141
567.00,0.0145
566.00,0.0151
565.00,0.0156
564.00,0.0158
563.00,0.0161
562.00,0.0167
561.00,0.0172
560.00,0.0176
559.00,0.0180
558.00,0.0185
557.00,0.0190
556.00,0.0194
555.00,0.0200
554.00,0.0207
553.00,0.0214
552.00,0.0218
551.00,0.0224
550.00,0.0232
549.00,0.0241
548.00,0.0248
547.00,0.0256
546.00,0.0266
545.00,0.0278
544.00,0.0288
543.00,0.0300
542.00,0.0313
541.00,0.0325
540.00,0.0333
539.00,0.0338
538.00,0.0342
537.00,0.0342
536.00,0.0336
535.00,0.0327
534.00,0.0318
533.00,0.0306
532.00,0.0292
531.00,0.0276
530.00,0.0262
529.00,0.0248
528.00,0.0230
527.00,0.0213
526.00,0.0200
525.00,0.0189
524.00,0.0178
523.00,0.0170
522.00,0.0164
521.00,0.0157
520.00,0.0149
519.00,0.0142
518.00,0.0138
517.00,0.0135
516.00,0.0130
515.00,0.0125
514.00,0.0124
513.00,0.0123
512.00,0.0119
511.00,0.0115
510.00,0.0114
509.00,0.0111
508.00,0.0106
507.00,0.0101
506.00,0.0100
505.00,0.0098
504.00,0.0093
503.00,0.0088
502.00,0.0085
501.00,0.0083
500.00,0.0081
499.00,0.0082
498.00,0.0086
497.00,0.0088
496.00,0.0085
495.00,0.0081
494.00,0.0082
493.00,0.0083
492.00,0.0081
491.00,0.0079
490.00,0.0081
489.00,0.0082
488.00,0.0080
487.00,0.0078
486.00,0.0080
485.00,0.0081
484.00,0.0078
483.00,0.0075
482.00,0.0077
481.00,0.0078
480.00,0.0076
479.00,0.0074
478.00,0.0075
477.00,0.0075
476.00,0.0071
475.00,0.0068
474.00,0.0071
473.00,0.0073
472.00,0.0070
471.00,0.0067
470.00,0.0069
469.00,0.0070
468.00,0.0068
467.00,0.0067
466.00,0.0071
465.00,0.0072
464.00,0.0069
463.00,0.0066
462.00,0.0068
461.00,0.0068
460.00,0.0064
459.00,0.0062
458.00,0.0069
457.00,0.0075
456.00,0.0071
455.00,0.0066
454.00,0.0064
453.00,0.0061
452.00,0.0056
451.00,0.0055
450.00,0.0061
449.00,0.0066
448.00,0.0065
447.00,0.0064
446.00,0.0066
445.00,0.0066
444.00,0.0060
443.00,0.0058
442.00,0.0063
441.00,0.0069
440.00,0.0066
439.00,0.0063
438.00,0.0064
437.00,0.0064
436.00,0.0059
435.00,0.0055
434.00,0.0057
433.00,0.0058
432.00,0.0055
431.00,0.0052
430.00,0.0056
429.00,0.0057
428.00,0.0053
427.00,0.0051
426.00,0.0058
425.00,0.0063
424.00,0.0057
423.00,0.0052
422.00,0.0058
421.00,0.0064
420.00,0.0058
419.00,0.0050
418.00,0.0054
417.00,0.0054
416.00,0.0043
415.00,0.0036
414.00,0.0042
413.00,0.0051
412.00,0.0052
411.00,0.0056
410.00,0.0070
409.00,0.0080
408.00,0.0074
407.00,0.0066
406.00,0.0070
405.00,0.0074
404.00,0.0066
403.00,0.0059
402.00,0.0067
401.00,0.0069
400.00,0.0051
