Created as New Dataset,Sample 1041 By YargerLab Date Tuesday, September 22 2026
cm-1,A
4000.00,0.0051
3999.00,0.0050
3998.00,0.0050
3997.00,0.0051
3996.00,0.0051
3995.00,0.0051
3994.00,0.0051
3993.00,0.0051
3992.00,0.0051
3991.00,0.0051
3990.00,0.0051
3989.00,0.0051
3988.00,0.0051
3987.00,0.0051
3986.00,0.0051
3985.00,0.0051
3984.00,0.0051
3983.00,0.0051
3982.00,0.0051
3981.00,0.0051
3980.00,0.0051
3979.00,0.0051
3978.00,0.0051
3977.00,0.0051
3976.00,0.0051
3975.00,0.0051
3974.00,0.0051
3973.00,0.0051
3972.00,0.0051
3971.00,0.0051
3970.00,0.0051
3969.00,0.0050
3968.00,0.0050
3967.00,0.0050
3966.00,0.0050
3965.00,0.0051
3964.00,0.0051
3963.00,0.0051
3962.00,0.0051
3961.00,0.0051
3960.00,0.0051
3959.00,0.0051
3958.00,0.0051
3957.00,0.0051
3956.00,0.0051
3955.00,0.0051
3954.00,0.0051
3953.00,0.0051
3952.00,0.0051
3951.00,0.0051
3950.00,0.0050
3949.00,0.0050
3948.00,0.0050
3947.00,0.0050
3946.00,0.0050
3945.00,0.0050
3944.00,0.0051
3943.00,0.0051
3942.00,0.0051
3941.00,0.0051
3940.00,0.0051
3939.00,0.0051
3938.00,0.0051
3937.00,0.0051
3936.00,0.0051
3935.00,0.0051
3934.00,0.0051
3933.00,0.0050
3932.00,0.0050
3931.00,0.0050
3930.00,0.0050
3929.00,0.0050
3928.00,0.0050
3927.00,0.0050
3926.00,0.0050
3925.00,0.0051
3924.00,0.0051
3923.00,0.0051
3922.00,0.0051
3921.00,0.0051
3920.00,0.0050
3919.00,0.0050
3918.00,0.0050
3917.00,0.0050
3916.00,0.0050
3915.00,0.0050
3914.00,0.0050
3913.00,0.0050
3912.00,0.0050
3911.00,0.0051
3910.00,0.0051
3909.00,0.0051
3908.00,0.0050
3907.00,0.0050
3906.00,0.0050
3905.00,0.0050
3904.00,0.0049
3903.00,0.0049
3902.00,0.0049
3901.00,0.0049
3900.00,0.0049
3899.00,0.0049
3898.00,0.0050
3897.00,0.0050
3896.00,0.0050
3895.00,0.0050
3894.00,0.0050
3893.00,0.0050
3892.00,0.0050
3891.00,0.0050
3890.00,0.0050
3889.00,0.0050
3888.00,0.0050
3887.00,0.0049
3886.00,0.0049
3885.00,0.0049
3884.00,0.0049
3883.00,0.0049
3882.00,0.0049
3881.00,0.0049
3880.00,0.0049
3879.00,0.0050
3878.00,0.0050
3877.00,0.0050
3876.00,0.0050
3875.00,0.0050
3874.00,0.0050
3873.00,0.0050
3872.00,0.0050
3871.00,0.0050
3870.00,0.0049
3869.00,0.0050
3868.00,0.0050
3867.00,0.0050
3866.00,0.0049
3865.00,0.0049
3864.00,0.0049
3863.00,0.0049
3862.00,0.0049
3861.00,0.0049
3860.00,0.0049
3859.00,0.0049
3858.00,0.0050
3857.00,0.0050
3856.00,0.0050
3855.00,0.0050
3854.00,0.0049
3853.00,0.0049
3852.00,0.0049
3851.00,0.0049
3850.00,0.0049
3849.00,0.0049
3848.00,0.0049
3847.00,0.0049
3846.00,0.0049
3845.00,0.0049
3844.00,0.0049
3843.00,0.0049
3842.00,0.0049
3841.00,0.0050
3840.00,0.0050
3839.00,0.0050
3838.00,0.0049
3837.00,0.0049
3836.00,0.0049
3835.00,0.0049
3834.00,0.0049
3833.00,0.0049
3832.00,0.0049
3831.00,0.0049
3830.00,0.0050
3829.00,0.0050
3828.00,0.0050
3827.00,0.0050
3826.00,0.0050
3825.00,0.0050
3824.00,0.0050
3823.00,0.0050
3822.00,0.0050
3821.00,0.0050
3820.00,0.0050
3819.00,0.0050
3818.00,0.0049
3817.00,0.0049
3816.00,0.0049
3815.00,0.0049
3814.00,0.0049
3813.00,0.0049
3812.00,0.0049
3811.00,0.0050
3810.00,0.0050
3809.00,0.0050
3808.00,0.0050
3807.00,0.0050
3806.00,0.0050
3805.00,0.0050
3804.00,0.0050
3803.00,0.0050
3802.00,0.0050
3801.00,0.0050
3800.00,0.0050
3799.00,0.0050
3798.00,0.0049
3797.00,0.0049
3796.00,0.0049
3795.00,0.0049
3794.00,0.0050
3793.00,0.0049
3792.00,0.0049
3791.00,0.0049
3790.00,0.0049
3789.00,0.0050
3788.00,0.0050
3787.00,0.0050
3786.00,0.0050
3785.00,0.0050
3784.00,0.0050
3783.00,0.0050
3782.00,0.0050
3781.00,0.0050
3780.00,0.0050
3779.00,0.0050
3778.00,0.0050
3777.00,0.0050
3776.00,0.0050
3775.00,0.0050
3774.00,0.0050
3773.00,0.0050
3772.00,0.0049
3771.00,0.0049
3770.00,0.0049
3769.00,0.0050
3768.00,0.0050
3767.00,0.0050
3766.00,0.0050
3765.00,0.0050
3764.00,0.0050
3763.00,0.0050
3762.00,0.0050
3761.00,0.0050
3760.00,0.0050
3759.00,0.0050
3758.00,0.0050
3757.00,0.0049
3756.00,0.0049
3755.00,0.0049
3754.00,0.0048
3753.00,0.0048
3752.00,0.0048
3751.00,0.0048
3750.00,0.0048
3749.00,0.0048
3748.00,0.0048
3747.00,0.0047
3746.00,0.0047
3745.00,0.0047
3744.00,0.0047
3743.00,0.0048
3742.00,0.0048
3741.00,0.0047
3740.00,0.0047
3739.00,0.0047
3738.00,0.0047
3737.00,0.0047
3736.00,0.0047
3735.00,0.0048
3734.00,0.0047
3733.00,0.0047
3732.00,0.0047
3731.00,0.0047
3730.00,0.0047
3729.00,0.0047
3728.00,0.0047
3727.00,0.0047
3726.00,0.0047
3725.00,0.0048
3724.00,0.0048
3723.00,0.0048
3722.00,0.0048
3721.00,0.0048
3720.00,0.0048
3719.00,0.0047
3718.00,0.0048
3717.00,0.0048
3716.00,0.0048
3715.00,0.0048
3714.00,0.0048
3713.00,0.0048
3712.00,0.0048
3711.00,0.0048
3710.00,0.0048
3709.00,0.0048
3708.00,0.0048
3707.00,0.0048
3706.00,0.0048
3705.00,0.0048
3704.00,0.0048
3703.00,0.0048
3702.00,0.0048
3701.00,0.0048
3700.00,0.0048
3699.00,0.0048
3698.00,0.0048
3697.00,0.0048
3696.00,0.0048
3695.00,0.0049
3694.00,0.0049
3693.00,0.0048
3692.00,0.0048
3691.00,0.0048
3690.00,0.0048
3689.00,0.0047
3688.00,0.0047
3687.00,0.0047
3686.00,0.0047
3685.00,0.0047
3684.00,0.0047
3683.00,0.0047
3682.00,0.0047
3681.00,0.0047
3680.00,0.0048
3679.00,0.0048
3678.00,0.0048
3677.00,0.0048
3676.00,0.0048
3675.00,0.0048
3674.00,0.0047
3673.00,0.0047
3672.00,0.0047
3671.00,0.0047
3670.00,0.0048
3669.00,0.0048
3668.00,0.0049
3667.00,0.0049
3666.00,0.0049
3665.00,0.0049
3664.00,0.0049
3663.00,0.0049
3662.00,0.0049
3661.00,0.0049
3660.00,0.0049
3659.00,0.0049
3658.00,0.0049
3657.00,0.0049
3656.00,0.0049
3655.00,0.0049
3654.00,0.0049
3653.00,0.0049
3652.00,0.0049
3651.00,0.0049
3650.00,0.0049
3649.00,0.0049
3648.00,0.0049
3647.00,0.0049
3646.00,0.0049
3645.00,0.0049
3644.00,0.0049
3643.00,0.0049
3642.00,0.0050
3641.00,0.0050
3640.00,0.0050
3639.00,0.0050
3638.00,0.0050
3637.00,0.0050
3636.00,0.0050
3635.00,0.0050
3634.00,0.0050
3633.00,0.0050
3632.00,0.0050
3631.00,0.0050
3630.00,0.0050
3629.00,0.0050
3628.00,0.0050
3627.00,0.0050
3626.00,0.0050
3625.00,0.0050
3624.00,0.0050
3623.00,0.0051
3622.00,0.0051
3621.00,0.0051
3620.00,0.0051
3619.00,0.0051
3618.00,0.0051
3617.00,0.0051
3616.00,0.0051
3615.00,0.0051
3614.00,0.0051
3613.00,0.0051
3612.00,0.0052
3611.00,0.0052
3610.00,0.0052
3609.00,0.0052
3608.00,0.0053
3607.00,0.0053
3606.00,0.0053
3605.00,0.0053
3604.00,0.0053
3603.00,0.0053
3602.00,0.0053
3601.00,0.0053
3600.00,0.0054
3599.00,0.0054
3598.00,0.0054
3597.00,0.0054
3596.00,0.0054
3595.00,0.0054
3594.00,0.0054
3593.00,0.0054
3592.00,0.0054
3591.00,0.0054
3590.00,0.0054
3589.00,0.0054
3588.00,0.0054
3587.00,0.0055
3586.00,0.0055
3585.00,0.0056
3584.00,0.0056
3583.00,0.0056
3582.00,0.0057
3581.00,0.0057
3580.00,0.0057
3579.00,0.0057
3578.00,0.0057
3577.00,0.0057
3576.00,0.0057
3575.00,0.0057
3574.00,0.0057
3573.00,0.0057
3572.00,0.0057
3571.00,0.0057
3570.00,0.0057
3569.00,0.0057
3568.00,0.0057
3567.00,0.0057
3566.00,0.0058
3565.00,0.0058
3564.00,0.0058
3563.00,0.0058
3562.00,0.0059
3561.00,0.0059
3560.00,0.0059
3559.00,0.0060
3558.00,0.0060
3557.00,0.0060
3556.00,0.0060
3555.00,0.0060
3554.00,0.0060
3553.00,0.0060
3552.00,0.0061
3551.00,0.0061
3550.00,0.0061
3549.00,0.0061
3548.00,0.0061
3547.00,0.0061
3546.00,0.0061
3545.00,0.0062
3544.00,0.0062
3543.00,0.0062
3542.00,0.0062
3541.00,0.0062
3540.00,0.0063
3539.00,0.0063
3538.00,0.0063
3537.00,0.0063
3536.00,0.0063
3535.00,0.0063
3534.00,0.0063
3533.00,0.0063
3532.00,0.0064
3531.00,0.0064
3530.00,0.0064
3529.00,0.0064
3528.00,0.0064
3527.00,0.0064
3526.00,0.0064
3525.00,0.0064
3524.00,0.0065
3523.00,0.0065
3522.00,0.0065
3521.00,0.0065
3520.00,0.0065
3519.00,0.0066
3518.00,0.0066
3517.00,0.0066
3516.00,0.0066
3515.00,0.0067
3514.00,0.0067
3513.00,0.0067
3512.00,0.0067
3511.00,0.0067
3510.00,0.0067
3509.00,0.0068
3508.00,0.0068
3507.00,0.0068
3506.00,0.0068
3505.00,0.0068
3504.00,0.0069
3503.00,0.0069
3502.00,0.0069
3501.00,0.0069
3500.00,0.0069
3499.00,0.0069
3498.00,0.0069
3497.00,0.0070
3496.00,0.0070
3495.00,0.0070
3494.00,0.0070
3493.00,0.0070
3492.00,0.0070
3491.00,0.0070
3490.00,0.0071
3489.00,0.0071
3488.00,0.0071
3487.00,0.0071
3486.00,0.0071
3485.00,0.0071
3484.00,0.0072
3483.00,0.0072
3482.00,0.0072
3481.00,0.0072
3480.00,0.0072
3479.00,0.0072
3478.00,0.0073
3477.00,0.0073
3476.00,0.0073
3475.00,0.0073
3474.00,0.0073
3473.00,0.0073
3472.00,0.0074
3471.00,0.0074
3470.00,0.0074
3469.00,0.0074
3468.00,0.0075
3467.00,0.0075
3466.00,0.0075
3465.00,0.0076
3464.00,0.0076
3463.00,0.0076
3462.00,0.0076
3461.00,0.0076
3460.00,0.0076
3459.00,0.0077
3458.00,0.0077
3457.00,0.0077
3456.00,0.0077
3455.00,0.0078
3454.00,0.0078
3453.00,0.0078
3452.00,0.0078
3451.00,0.0078
3450.00,0.0078
3449.00,0.0078
3448.00,0.0078
3447.00,0.0079
3446.00,0.0079
3445.00,0.0079
3444.00,0.0079
3443.00,0.0079
3442.00,0.0079
3441.00,0.0080
3440.00,0.0080
3439.00,0.0080
3438.00,0.0080
3437.00,0.0080
3436.00,0.0080
3435.00,0.0080
3434.00,0.0080
3433.00,0.0080
3432.00,0.0080
3431.00,0.0080
3430.00,0.0081
3429.00,0.0081
3428.00,0.0081
3427.00,0.0081
3426.00,0.0081
3425.00,0.0081
3424.00,0.0081
3423.00,0.0082
3422.00,0.0082
3421.00,0.0082
3420.00,0.0083
3419.00,0.0083
3418.00,0.0083
3417.00,0.0084
3416.00,0.0084
3415.00,0.0084
3414.00,0.0084
3413.00,0.0084
3412.00,0.0083
3411.00,0.0083
3410.00,0.0084
3409.00,0.0084
3408.00,0.0084
3407.00,0.0085
3406.00,0.0085
3405.00,0.0085
3404.00,0.0086
3403.00,0.0086
3402.00,0.0086
3401.00,0.0086
3400.00,0.0086
3399.00,0.0086
3398.00,0.0086
3397.00,0.0086
3396.00,0.0087
3395.00,0.0087
3394.00,0.0087
3393.00,0.0087
3392.00,0.0087
3391.00,0.0088
3390.00,0.0088
3389.00,0.0088
3388.00,0.0088
3387.00,0.0088
3386.00,0.0088
3385.00,0.0089
3384.00,0.0089
3383.00,0.0089
3382.00,0.0089
3381.00,0.0089
3380.00,0.0089
3379.00,0.0090
3378.00,0.0090
3377.00,0.0090
3376.00,0.0090
3375.00,0.0090
3374.00,0.0091
3373.00,0.0091
3372.00,0.0091
3371.00,0.0091
3370.00,0.0091
3369.00,0.0091
3368.00,0.0092
3367.00,0.0092
3366.00,0.0093
3365.00,0.0093
3364.00,0.0093
3363.00,0.0093
3362.00,0.0094
3361.00,0.0094
3360.00,0.0094
3359.00,0.0094
3358.00,0.0094
3357.00,0.0094
3356.00,0.0094
3355.00,0.0095
3354.00,0.0095
3353.00,0.0095
3352.00,0.0096
3351.00,0.0096
3350.00,0.0096
3349.00,0.0096
3348.00,0.0096
3347.00,0.0097
3346.00,0.0097
3345.00,0.0097
3344.00,0.0097
3343.00,0.0098
3342.00,0.0098
3341.00,0.0098
3340.00,0.0098
3339.00,0.0099
3338.00,0.0099
3337.00,0.0099
3336.00,0.0100
3335.00,0.0100
3334.00,0.0101
3333.00,0.0101
3332.00,0.0102
3331.00,0.0102
3330.00,0.0102
3329.00,0.0102
3328.00,0.0102
3327.00,0.0102
3326.00,0.0103
3325.00,0.0103
3324.00,0.0103
3323.00,0.0104
3322.00,0.0104
3321.00,0.0105
3320.00,0.0105
3319.00,0.0106
3318.00,0.0106
3317.00,0.0106
3316.00,0.0106
3315.00,0.0107
3314.00,0.0107
3313.00,0.0107
3312.00,0.0108
3311.00,0.0108
3310.00,0.0108
3309.00,0.0108
3308.00,0.0108
3307.00,0.0108
3306.00,0.0109
3305.00,0.0109
3304.00,0.0110
3303.00,0.0111
3302.00,0.0111
3301.00,0.0111
3300.00,0.0111
3299.00,0.0112
3298.00,0.0112
3297.00,0.0112
3296.00,0.0112
3295.00,0.0112
3294.00,0.0112
3293.00,0.0113
3292.00,0.0113
3291.00,0.0113
3290.00,0.0114
3289.00,0.0114
3288.00,0.0114
3287.00,0.0115
3286.00,0.0115
3285.00,0.0115
3284.00,0.0115
3283.00,0.0116
3282.00,0.0116
3281.00,0.0116
3280.00,0.0116
3279.00,0.0115
3278.00,0.0115
3277.00,0.0115
3276.00,0.0115
3275.00,0.0115
3274.00,0.0115
3273.00,0.0114
3272.00,0.0114
3271.00,0.0114
3270.00,0.0114
3269.00,0.0114
3268.00,0.0114
3267.00,0.0114
3266.00,0.0114
3265.00,0.0114
3264.00,0.0114
3263.00,0.0113
3262.00,0.0113
3261.00,0.0113
3260.00,0.0112
3259.00,0.0112
3258.00,0.0112
3257.00,0.0111
3256.00,0.0111
3255.00,0.0110
3254.00,0.0110
3253.00,0.0110
3252.00,0.0110
3251.00,0.0109
3250.00,0.0108
3249.00,0.0108
3248.00,0.0107
3247.00,0.0107
3246.00,0.0107
3245.00,0.0107
3244.00,0.0107
3243.00,0.0107
3242.00,0.0106
3241.00,0.0106
3240.00,0.0106
3239.00,0.0106
3238.00,0.0106
3237.00,0.0105
3236.00,0.0105
3235.00,0.0104
3234.00,0.0104
3233.00,0.0104
3232.00,0.0104
3231.00,0.0104
3230.00,0.0104
3229.00,0.0104
3228.00,0.0103
3227.00,0.0103
3226.00,0.0103
3225.00,0.0103
3224.00,0.0102
3223.00,0.0102
3222.00,0.0102
3221.00,0.0102
3220.00,0.0101
3219.00,0.0101
3218.00,0.0101
3217.00,0.0101
3216.00,0.0101
3215.00,0.0101
3214.00,0.0101
3213.00,0.0101
3212.00,0.0100
3211.00,0.0100
3210.00,0.0100
3209.00,0.0100
3208.00,0.0100
3207.00,0.0099
3206.00,0.0099
3205.00,0.0099
3204.00,0.0099
3203.00,0.0098
3202.00,0.0098
3201.00,0.0099
3200.00,0.0099
3199.00,0.0099
3198.00,0.0098
3197.00,0.0098
3196.00,0.0098
3195.00,0.0097
3194.00,0.0097
3193.00,0.0097
3192.00,0.0097
3191.00,0.0097
3190.00,0.0097
3189.00,0.0096
3188.00,0.0096
3187.00,0.0096
3186.00,0.0096
3185.00,0.0095
3184.00,0.0096
3183.00,0.0096
3182.00,0.0096
3181.00,0.0096
3180.00,0.0095
3179.00,0.0095
3178.00,0.0095
3177.00,0.0094
3176.00,0.0094
3175.00,0.0094
3174.00,0.0094
3173.00,0.0093
3172.00,0.0093
3171.00,0.0093
3170.00,0.0093
3169.00,0.0093
3168.00,0.0093
3167.00,0.0092
3166.00,0.0092
3165.00,0.0092
3164.00,0.0092
3163.00,0.0092
3162.00,0.0091
3161.00,0.0091
3160.00,0.0091
3159.00,0.0091
3158.00,0.0091
3157.00,0.0090
3156.00,0.0090
3155.00,0.0089
3154.00,0.0089
3153.00,0.0089
3152.00,0.0089
3151.00,0.0089
3150.00,0.0089
3149.00,0.0089
3148.00,0.0089
3147.00,0.0088
3146.00,0.0088
3145.00,0.0088
3144.00,0.0087
3143.00,0.0087
3142.00,0.0087
3141.00,0.0087
3140.00,0.0087
3139.00,0.0087
3138.00,0.0087
3137.00,0.0087
3136.00,0.0087
3135.00,0.0086
3134.00,0.0086
3133.00,0.0086
3132.00,0.0086
3131.00,0.0085
3130.00,0.0085
3129.00,0.0085
3128.00,0.0085
3127.00,0.0085
3126.00,0.0085
3125.00,0.0085
3124.00,0.0085
3123.00,0.0084
3122.00,0.0084
3121.00,0.0084
3120.00,0.0084
3119.00,0.0083
3118.00,0.0083
3117.00,0.0084
3116.00,0.0084
3115.00,0.0084
3114.00,0.0084
3113.00,0.0084
3112.00,0.0084
3111.00,0.0084
3110.00,0.0084
3109.00,0.0084
3108.00,0.0084
3107.00,0.0084
3106.00,0.0085
3105.00,0.0085
3104.00,0.0085
3103.00,0.0085
3102.00,0.0085
3101.00,0.0085
3100.00,0.0084
3099.00,0.0084
3098.00,0.0085
3097.00,0.0085
3096.00,0.0085
3095.00,0.0085
3094.00,0.0085
3093.00,0.0085
3092.00,0.0085
3091.00,0.0085
3090.00,0.0085
3089.00,0.0085
3088.00,0.0085
3087.00,0.0085
3086.00,0.0085
3085.00,0.0085
3084.00,0.0085
3083.00,0.0085
3082.00,0.0085
3081.00,0.0085
3080.00,0.0085
3079.00,0.0085
3078.00,0.0086
3077.00,0.0086
3076.00,0.0086
3075.00,0.0086
3074.00,0.0086
3073.00,0.0086
3072.00,0.0086
3071.00,0.0086
3070.00,0.0086
3069.00,0.0086
3068.00,0.0086
3067.00,0.0086
3066.00,0.0086
3065.00,0.0086
3064.00,0.0086
3063.00,0.0086
3062.00,0.0087
3061.00,0.0086
3060.00,0.0086
3059.00,0.0086
3058.00,0.0086
3057.00,0.0085
3056.00,0.0085
3055.00,0.0085
3054.00,0.0085
3053.00,0.0085
3052.00,0.0085
3051.00,0.0085
3050.00,0.0085
3049.00,0.0085
3048.00,0.0085
3047.00,0.0084
3046.00,0.0084
3045.00,0.0084
3044.00,0.0083
3043.00,0.0083
3042.00,0.0083
3041.00,0.0083
3040.00,0.0083
3039.00,0.0083
3038.00,0.0083
3037.00,0.0083
3036.00,0.0082
3035.00,0.0082
3034.00,0.0082
3033.00,0.0082
3032.00,0.0082
3031.00,0.0082
3030.00,0.0082
3029.00,0.0082
3028.00,0.0082
3027.00,0.0082
3026.00,0.0081
3025.00,0.0081
3024.00,0.0081
3023.00,0.0081
3022.00,0.0081
3021.00,0.0080
3020.00,0.0080
3019.00,0.0080
3018.00,0.0080
3017.00,0.0079
3016.00,0.0079
3015.00,0.0079
3014.00,0.0079
3013.00,0.0079
3012.00,0.0079
3011.00,0.0079
3010.00,0.0079
3009.00,0.0079
3008.00,0.0079
3007.00,0.0079
3006.00,0.0079
3005.00,0.0079
3004.00,0.0079
3003.00,0.0079
3002.00,0.0079
3001.00,0.0079
3000.00,0.0079
2999.00,0.0079
2998.00,0.0079
2997.00,0.0079
2996.00,0.0079
2995.00,0.0079
2994.00,0.0079
2993.00,0.0080
2992.00,0.0080
2991.00,0.0080
2990.00,0.0081
2989.00,0.0081
2988.00,0.0081
2987.00,0.0082
2986.00,0.0082
2985.00,0.0082
2984.00,0.0082
2983.00,0.0083
2982.00,0.0083
2981.00,0.0084
2980.00,0.0084
2979.00,0.0085
2978.00,0.0085
2977.00,0.0085
2976.00,0.0086
2975.00,0.0087
2974.00,0.0088
2973.00,0.0088
2972.00,0.0089
2971.00,0.0089
2970.00,0.0090
2969.00,0.0090
2968.00,0.0091
2967.00,0.0092
2966.00,0.0093
2965.00,0.0093
2964.00,0.0094
2963.00,0.0094
2962.00,0.0095
2961.00,0.0095
2960.00,0.0095
2959.00,0.0096
2958.00,0.0096
2957.00,0.0095
2956.00,0.0095
2955.00,0.0095
2954.00,0.0094
2953.00,0.0094
2952.00,0.0094
2951.00,0.0094
2950.00,0.0094
2949.00,0.0093
2948.00,0.0093
2947.00,0.0093
2946.00,0.0093
2945.00,0.0093
2944.00,0.0094
2943.00,0.0094
2942.00,0.0095
2941.00,0.0096
2940.00,0.0096
2939.00,0.0097
2938.00,0.0097
2937.00,0.0098
2936.00,0.0099
2935.00,0.0100
2934.00,0.0100
2933.00,0.0101
2932.00,0.0102
2931.00,0.0102
2930.00,0.0102
2929.00,0.0103
2928.00,0.0103
2927.00,0.0103
2926.00,0.0103
2925.00,0.0103
2924.00,0.0103
2923.00,0.0103
2922.00,0.0102
2921.00,0.0102
2920.00,0.0101
2919.00,0.0101
2918.00,0.0100
2917.00,0.0099
2916.00,0.0098
2915.00,0.0097
2914.00,0.0096
2913.00,0.0095
2912.00,0.0094
2911.00,0.0094
2910.00,0.0093
2909.00,0.0092
2908.00,0.0091
2907.00,0.0091
2906.00,0.0090
2905.00,0.0090
2904.00,0.0089
2903.00,0.0089
2902.00,0.0088
2901.00,0.0088
2900.00,0.0087
2899.00,0.0087
2898.00,0.0086
2897.00,0.0086
2896.00,0.0086
2895.00,0.0085
2894.00,0.0085
2893.00,0.0085
2892.00,0.0085
2891.00,0.0085
2890.00,0.0085
2889.00,0.0084
2888.00,0.0084
2887.00,0.0084
2886.00,0.0084
2885.00,0.0084
2884.00,0.0084
2883.00,0.0084
2882.00,0.0084
2881.00,0.0084
2880.00,0.0084
2879.00,0.0084
2878.00,0.0084
2877.00,0.0085
2876.00,0.0085
2875.00,0.0085
2874.00,0.0085
2873.00,0.0085
2872.00,0.0085
2871.00,0.0085
2870.00,0.0085
2869.00,0.0085
2868.00,0.0085
2867.00,0.0085
2866.00,0.0084
2865.00,0.0084
2864.00,0.0084
2863.00,0.0084
2862.00,0.0084
2861.00,0.0084
2860.00,0.0084
2859.00,0.0085
2858.00,0.0085
2857.00,0.0085
2856.00,0.0085
2855.00,0.0085
2854.00,0.0085
2853.00,0.0085
2852.00,0.0084
2851.00,0.0084
2850.00,0.0083
2849.00,0.0082
2848.00,0.0081
2847.00,0.0081
2846.00,0.0080
2845.00,0.0079
2844.00,0.0078
2843.00,0.0078
2842.00,0.0077
2841.00,0.0076
2840.00,0.0076
2839.00,0.0075
2838.00,0.0075
2837.00,0.0075
2836.00,0.0074
2835.00,0.0074
2834.00,0.0074
2833.00,0.0073
2832.00,0.0073
2831.00,0.0073
2830.00,0.0073
2829.00,0.0073
2828.00,0.0073
2827.00,0.0072
2826.00,0.0072
2825.00,0.0072
2824.00,0.0072
2823.00,0.0072
2822.00,0.0072
2821.00,0.0072
2820.00,0.0072
2819.00,0.0072
2818.00,0.0071
2817.00,0.0071
2816.00,0.0071
2815.00,0.0071
2814.00,0.0071
2813.00,0.0071
2812.00,0.0071
2811.00,0.0071
2810.00,0.0070
2809.00,0.0070
2808.00,0.0070
2807.00,0.0070
2806.00,0.0070
2805.00,0.0070
2804.00,0.0070
2803.00,0.0070
2802.00,0.0070
2801.00,0.0070
2800.00,0.0069
2799.00,0.0069
2798.00,0.0069
2797.00,0.0069
2796.00,0.0069
2795.00,0.0069
2794.00,0.0069
2793.00,0.0069
2792.00,0.0069
2791.00,0.0069
2790.00,0.0069
2789.00,0.0069
2788.00,0.0069
2787.00,0.0069
2786.00,0.0069
2785.00,0.0069
2784.00,0.0069
2783.00,0.0069
2782.00,0.0069
2781.00,0.0069
2780.00,0.0068
2779.00,0.0068
2778.00,0.0068
2777.00,0.0068
2776.00,0.0068
2775.00,0.0068
2774.00,0.0068
2773.00,0.0068
2772.00,0.0068
2771.00,0.0068
2770.00,0.0068
2769.00,0.0068
2768.00,0.0068
2767.00,0.0067
2766.00,0.0067
2765.00,0.0067
2764.00,0.0067
2763.00,0.0067
2762.00,0.0067
2761.00,0.0067
2760.00,0.0067
2759.00,0.0067
2758.00,0.0067
2757.00,0.0067
2756.00,0.0067
2755.00,0.0067
2754.00,0.0067
2753.00,0.0067
2752.00,0.0066
2751.00,0.0066
2750.00,0.0066
2749.00,0.0066
2748.00,0.0066
2747.00,0.0066
2746.00,0.0066
2745.00,0.0066
2744.00,0.0066
2743.00,0.0066
2742.00,0.0066
2741.00,0.0066
2740.00,0.0066
2739.00,0.0066
2738.00,0.0066
2737.00,0.0066
2736.00,0.0066
2735.00,0.0066
2734.00,0.0066
2733.00,0.0065
2732.00,0.0065
2731.00,0.0066
2730.00,0.0066
2729.00,0.0066
2728.00,0.0066
2727.00,0.0066
2726.00,0.0065
2725.00,0.0065
2724.00,0.0065
2723.00,0.0065
2722.00,0.0065
2721.00,0.0065
2720.00,0.0065
2719.00,0.0065
2718.00,0.0065
2717.00,0.0065
2716.00,0.0065
2715.00,0.0065
2714.00,0.0065
2713.00,0.0064
2712.00,0.0064
2711.00,0.0064
2710.00,0.0064
2709.00,0.0064
2708.00,0.0064
2707.00,0.0064
2706.00,0.0064
2705.00,0.0064
2704.00,0.0064
2703.00,0.0064
2702.00,0.0064
2701.00,0.0064
2700.00,0.0064
2699.00,0.0064
2698.00,0.0064
2697.00,0.0064
2696.00,0.0064
2695.00,0.0064
2694.00,0.0064
2693.00,0.0064
2692.00,0.0064
2691.00,0.0063
2690.00,0.0063
2689.00,0.0063
2688.00,0.0063
2687.00,0.0063
2686.00,0.0063
2685.00,0.0063
2684.00,0.0063
2683.00,0.0063
2682.00,0.0063
2681.00,0.0063
2680.00,0.0063
2679.00,0.0063
2678.00,0.0063
2677.00,0.0063
2676.00,0.0063
2675.00,0.0063
2674.00,0.0063
2673.00,0.0063
2672.00,0.0063
2671.00,0.0063
2670.00,0.0063
2669.00,0.0063
2668.00,0.0063
2667.00,0.0063
2666.00,0.0064
2665.00,0.0064
2664.00,0.0065
2663.00,0.0065
2662.00,0.0065
2661.00,0.0066
2660.00,0.0066
2659.00,0.0066
2658.00,0.0066
2657.00,0.0066
2656.00,0.0066
2655.00,0.0066
2654.00,0.0066
2653.00,0.0066
2652.00,0.0066
2651.00,0.0066
2650.00,0.0066
2649.00,0.0066
2648.00,0.0066
2647.00,0.0067
2646.00,0.0067
2645.00,0.0067
2644.00,0.0066
2643.00,0.0066
2642.00,0.0066
2641.00,0.0066
2640.00,0.0066
2639.00,0.0066
2638.00,0.0066
2637.00,0.0066
2636.00,0.0066
2635.00,0.0066
2634.00,0.0065
2633.00,0.0065
2632.00,0.0065
2631.00,0.0065
2630.00,0.0065
2629.00,0.0065
2628.00,0.0065
2627.00,0.0065
2626.00,0.0065
2625.00,0.0065
2624.00,0.0065
2623.00,0.0065
2622.00,0.0064
2621.00,0.0064
2620.00,0.0064
2619.00,0.0064
2618.00,0.0064
2617.00,0.0064
2616.00,0.0064
2615.00,0.0064
2614.00,0.0064
2613.00,0.0063
2612.00,0.0063
2611.00,0.0063
2610.00,0.0063
2609.00,0.0063
2608.00,0.0063
2607.00,0.0063
2606.00,0.0063
2605.00,0.0063
2604.00,0.0063
2603.00,0.0062
2602.00,0.0062
2601.00,0.0062
2600.00,0.0062
2599.00,0.0062
2598.00,0.0062
2597.00,0.0062
2596.00,0.0062
2595.00,0.0062
2594.00,0.0062
2593.00,0.0062
2592.00,0.0062
2591.00,0.0061
2590.00,0.0061
2589.00,0.0061
2588.00,0.0061
2587.00,0.0061
2586.00,0.0061
2585.00,0.0061
2584.00,0.0061
2583.00,0.0062
2582.00,0.0062
2581.00,0.0061
2580.00,0.0061
2579.00,0.0061
2578.00,0.0061
2577.00,0.0060
2576.00,0.0060
2575.00,0.0060
2574.00,0.0060
2573.00,0.0060
2572.00,0.0060
2571.00,0.0060
2570.00,0.0061
2569.00,0.0061
2568.00,0.0060
2567.00,0.0060
2566.00,0.0060
2565.00,0.0060
2564.00,0.0061
2563.00,0.0060
2562.00,0.0060
2561.00,0.0060
2560.00,0.0059
2559.00,0.0059
2558.00,0.0059
2557.00,0.0059
2556.00,0.0059
2555.00,0.0059
2554.00,0.0059
2553.00,0.0059
2552.00,0.0058
2551.00,0.0058
2550.00,0.0059
2549.00,0.0059
2548.00,0.0059
2547.00,0.0059
2546.00,0.0058
2545.00,0.0058
2544.00,0.0058
2543.00,0.0058
2542.00,0.0058
2541.00,0.0058
2540.00,0.0058
2539.00,0.0058
2538.00,0.0058
2537.00,0.0058
2536.00,0.0058
2535.00,0.0058
2534.00,0.0058
2533.00,0.0058
2532.00,0.0058
2531.00,0.0057
2530.00,0.0057
2529.00,0.0057
2528.00,0.0057
2527.00,0.0057
2526.00,0.0057
2525.00,0.0058
2524.00,0.0058
2523.00,0.0057
2522.00,0.0057
2521.00,0.0057
2520.00,0.0057
2519.00,0.0057
2518.00,0.0057
2517.00,0.0057
2516.00,0.0057
2515.00,0.0057
2514.00,0.0057
2513.00,0.0057
2512.00,0.0057
2511.00,0.0057
2510.00,0.0057
2509.00,0.0057
2508.00,0.0057
2507.00,0.0057
2506.00,0.0056
2505.00,0.0056
2504.00,0.0056
2503.00,0.0056
2502.00,0.0056
2501.00,0.0056
2500.00,0.0057
2499.00,0.0057
2498.00,0.0057
2497.00,0.0057
2496.00,0.0056
2495.00,0.0056
2494.00,0.0056
2493.00,0.0056
2492.00,0.0056
2491.00,0.0057
2490.00,0.0057
2489.00,0.0057
2488.00,0.0057
2487.00,0.0057
2486.00,0.0056
2485.00,0.0056
2484.00,0.0056
2483.00,0.0056
2482.00,0.0056
2481.00,0.0056
2480.00,0.0056
2479.00,0.0056
2478.00,0.0056
2477.00,0.0055
2476.00,0.0055
2475.00,0.0056
2474.00,0.0056
2473.00,0.0056
2472.00,0.0056
2471.00,0.0056
2470.00,0.0056
2469.00,0.0056
2468.00,0.0056
2467.00,0.0056
2466.00,0.0055
2465.00,0.0055
2464.00,0.0055
2463.00,0.0055
2462.00,0.0055
2461.00,0.0055
2460.00,0.0055
2459.00,0.0056
2458.00,0.0056
2457.00,0.0056
2456.00,0.0057
2455.00,0.0057
2454.00,0.0057
2453.00,0.0057
2452.00,0.0056
2451.00,0.0056
2450.00,0.0056
2449.00,0.0056
2448.00,0.0056
2447.00,0.0056
2446.00,0.0056
2445.00,0.0055
2444.00,0.0055
2443.00,0.0055
2442.00,0.0054
2441.00,0.0054
2440.00,0.0054
2439.00,0.0054
2438.00,0.0054
2437.00,0.0054
2436.00,0.0054
2435.00,0.0054
2434.00,0.0054
2433.00,0.0053
2432.00,0.0053
2431.00,0.0053
2430.00,0.0053
2429.00,0.0053
2428.00,0.0053
2427.00,0.0053
2426.00,0.0053
2425.00,0.0053
2424.00,0.0053
2423.00,0.0053
2422.00,0.0053
2421.00,0.0053
2420.00,0.0052
2419.00,0.0052
2418.00,0.0052
2417.00,0.0052
2416.00,0.0052
2415.00,0.0053
2414.00,0.0053
2413.00,0.0053
2412.00,0.0053
2411.00,0.0053
2410.00,0.0052
2409.00,0.0052
2408.00,0.0051
2407.00,0.0051
2406.00,0.0051
2405.00,0.0051
2404.00,0.0051
2403.00,0.0051
2402.00,0.0051
2401.00,0.0051
2400.00,0.0051
2399.00,0.0051
2398.00,0.0051
2397.00,0.0051
2396.00,0.0051
2395.00,0.0051
2394.00,0.0050
2393.00,0.0050
2392.00,0.0050
2391.00,0.0050
2390.00,0.0050
2389.00,0.0050
2388.00,0.0050
2387.00,0.0050
2386.00,0.0050
2385.00,0.0049
2384.00,0.0048
2383.00,0.0048
2382.00,0.0047
2381.00,0.0047
2380.00,0.0047
2379.00,0.0046
2378.00,0.0046
2377.00,0.0046
2376.00,0.0046
2375.00,0.0046
2374.00,0.0046
2373.00,0.0046
2372.00,0.0046
2371.00,0.0046
2370.00,0.0045
2369.00,0.0045
2368.00,0.0044
2367.00,0.0044
2366.00,0.0044
2365.00,0.0044
2364.00,0.0044
2363.00,0.0045
2362.00,0.0046
2361.00,0.0046
2360.00,0.0046
2359.00,0.0046
2358.00,0.0045
2357.00,0.0045
2356.00,0.0046
2355.00,0.0046
2354.00,0.0046
2353.00,0.0046
2352.00,0.0046
2351.00,0.0046
2350.00,0.0046
2349.00,0.0046
2348.00,0.0047
2347.00,0.0047
2346.00,0.0048
2345.00,0.0047
2344.00,0.0047
2343.00,0.0048
2342.00,0.0048
2341.00,0.0049
2340.00,0.0049
2339.00,0.0049
2338.00,0.0049
2337.00,0.0050
2336.00,0.0050
2335.00,0.0050
2334.00,0.0050
2333.00,0.0050
2332.00,0.0050
2331.00,0.0050
2330.00,0.0050
2329.00,0.0051
2328.00,0.0054
2327.00,0.0056
2326.00,0.0059
2325.00,0.0060
2324.00,0.0059
2323.00,0.0058
2322.00,0.0057
2321.00,0.0056
2320.00,0.0055
2319.00,0.0055
2318.00,0.0055
2317.00,0.0054
2316.00,0.0054
2315.00,0.0053
2314.00,0.0053
2313.00,0.0052
2312.00,0.0051
2311.00,0.0051
2310.00,0.0052
2309.00,0.0052
2308.00,0.0052
2307.00,0.0052
2306.00,0.0052
2305.00,0.0053
2304.00,0.0053
2303.00,0.0053
2302.00,0.0053
2301.00,0.0054
2300.00,0.0054
2299.00,0.0054
2298.00,0.0055
2297.00,0.0055
2296.00,0.0055
2295.00,0.0055
2294.00,0.0056
2293.00,0.0057
2292.00,0.0057
2291.00,0.0058
2290.00,0.0059
2289.00,0.0059
2288.00,0.0059
2287.00,0.0060
2286.00,0.0059
2285.00,0.0059
2284.00,0.0059
2283.00,0.0058
2282.00,0.0058
2281.00,0.0058
2280.00,0.0057
2279.00,0.0057
2278.00,0.0057
2277.00,0.0056
2276.00,0.0056
2275.00,0.0055
2274.00,0.0055
2273.00,0.0055
2272.00,0.0055
2271.00,0.0055
2270.00,0.0055
2269.00,0.0055
2268.00,0.0053
2267.00,0.0053
2266.00,0.0052
2265.00,0.0053
2264.00,0.0053
2263.00,0.0053
2262.00,0.0053
2261.00,0.0052
2260.00,0.0052
2259.00,0.0052
2258.00,0.0052
2257.00,0.0052
2256.00,0.0051
2255.00,0.0050
2254.00,0.0050
2253.00,0.0050
2252.00,0.0051
2251.00,0.0051
2250.00,0.0052
2249.00,0.0053
2248.00,0.0054
2247.00,0.0054
2246.00,0.0054
2245.00,0.0053
2244.00,0.0053
2243.00,0.0052
2242.00,0.0052
2241.00,0.0052
2240.00,0.0052
2239.00,0.0052
2238.00,0.0052
2237.00,0.0052
2236.00,0.0052
2235.00,0.0051
2234.00,0.0051
2233.00,0.0051
2232.00,0.0051
2231.00,0.0051
2230.00,0.0052
2229.00,0.0052
2228.00,0.0053
2227.00,0.0053
2226.00,0.0053
2225.00,0.0052
2224.00,0.0052
2223.00,0.0051
2222.00,0.0051
2221.00,0.0051
2220.00,0.0051
2219.00,0.0050
2218.00,0.0050
2217.00,0.0050
2216.00,0.0051
2215.00,0.0051
2214.00,0.0052
2213.00,0.0051
2212.00,0.0051
2211.00,0.0050
2210.00,0.0051
2209.00,0.0052
2208.00,0.0052
2207.00,0.0053
2206.00,0.0053
2205.00,0.0053
2204.00,0.0052
2203.00,0.0051
2202.00,0.0050
2201.00,0.0049
2200.00,0.0049
2199.00,0.0050
2198.00,0.0051
2197.00,0.0052
2196.00,0.0053
2195.00,0.0054
2194.00,0.0054
2193.00,0.0053
2192.00,0.0053
2191.00,0.0053
2190.00,0.0054
2189.00,0.0054
2188.00,0.0054
2187.00,0.0054
2186.00,0.0053
2185.00,0.0051
2184.00,0.0050
2183.00,0.0049
2182.00,0.0048
2181.00,0.0048
2180.00,0.0049
2179.00,0.0050
2178.00,0.0050
2177.00,0.0049
2176.00,0.0048
2175.00,0.0047
2174.00,0.0048
2173.00,0.0049
2172.00,0.0051
2171.00,0.0053
2170.00,0.0055
2169.00,0.0057
2168.00,0.0057
2167.00,0.0056
2166.00,0.0057
2165.00,0.0058
2164.00,0.0059
2163.00,0.0059
2162.00,0.0055
2161.00,0.0048
2160.00,0.0037
2159.00,0.0028
2158.00,0.0023
2157.00,0.0023
2156.00,0.0026
2155.00,0.0029
2154.00,0.0031
2153.00,0.0033
2152.00,0.0033
2151.00,0.0033
2150.00,0.0032
2149.00,0.0033
2148.00,0.0034
2147.00,0.0035
2146.00,0.0036
2145.00,0.0037
2144.00,0.0036
2143.00,0.0036
2142.00,0.0036
2141.00,0.0036
2140.00,0.0037
2139.00,0.0037
2138.00,0.0036
2137.00,0.0035
2136.00,0.0034
2135.00,0.0033
2134.00,0.0033
2133.00,0.0033
2132.00,0.0035
2131.00,0.0036
2130.00,0.0037
2129.00,0.0038
2128.00,0.0039
2127.00,0.0039
2126.00,0.0040
2125.00,0.0041
2124.00,0.0042
2123.00,0.0043
2122.00,0.0043
2121.00,0.0044
2120.00,0.0044
2119.00,0.0045
2118.00,0.0046
2117.00,0.0047
2116.00,0.0048
2115.00,0.0048
2114.00,0.0049
2113.00,0.0050
2112.00,0.0050
2111.00,0.0050
2110.00,0.0049
2109.00,0.0048
2108.00,0.0047
2107.00,0.0047
2106.00,0.0048
2105.00,0.0048
2104.00,0.0049
2103.00,0.0049
2102.00,0.0049
2101.00,0.0050
2100.00,0.0049
2099.00,0.0049
2098.00,0.0047
2097.00,0.0046
2096.00,0.0045
2095.00,0.0045
2094.00,0.0046
2093.00,0.0047
2092.00,0.0048
2091.00,0.0048
2090.00,0.0048
2089.00,0.0048
2088.00,0.0048
2087.00,0.0048
2086.00,0.0049
2085.00,0.0050
2084.00,0.0050
2083.00,0.0051
2082.00,0.0051
2081.00,0.0051
2080.00,0.0050
2079.00,0.0050
2078.00,0.0051
2077.00,0.0051
2076.00,0.0051
2075.00,0.0050
2074.00,0.0048
2073.00,0.0047
2072.00,0.0047
2071.00,0.0047
2070.00,0.0048
2069.00,0.0049
2068.00,0.0049
2067.00,0.0048
2066.00,0.0048
2065.00,0.0048
2064.00,0.0047
2063.00,0.0047
2062.00,0.0046
2061.00,0.0046
2060.00,0.0047
2059.00,0.0048
2058.00,0.0048
2057.00,0.0048
2056.00,0.0047
2055.00,0.0047
2054.00,0.0049
2053.00,0.0052
2052.00,0.0055
2051.00,0.0057
2050.00,0.0055
2049.00,0.0052
2048.00,0.0050
2047.00,0.0049
2046.00,0.0049
2045.00,0.0049
2044.00,0.0051
2043.00,0.0052
2042.00,0.0052
2041.00,0.0051
2040.00,0.0050
2039.00,0.0048
2038.00,0.0047
2037.00,0.0045
2036.00,0.0044
2035.00,0.0042
2034.00,0.0042
2033.00,0.0043
2032.00,0.0043
2031.00,0.0044
2030.00,0.0045
2029.00,0.0045
2028.00,0.0044
2027.00,0.0044
2026.00,0.0043
2025.00,0.0043
2024.00,0.0043
2023.00,0.0042
2022.00,0.0042
2021.00,0.0042
2020.00,0.0041
2019.00,0.0040
2018.00,0.0040
2017.00,0.0039
2016.00,0.0039
2015.00,0.0041
2014.00,0.0043
2013.00,0.0044
2012.00,0.0045
2011.00,0.0045
2010.00,0.0043
2009.00,0.0042
2008.00,0.0040
2007.00,0.0039
2006.00,0.0039
2005.00,0.0040
2004.00,0.0041
2003.00,0.0041
2002.00,0.0041
2001.00,0.0041
2000.00,0.0041
1999.00,0.0041
1998.00,0.0042
1997.00,0.0042
1996.00,0.0043
1995.00,0.0043
1994.00,0.0045
1993.00,0.0045
1992.00,0.0046
1991.00,0.0047
1990.00,0.0047
1989.00,0.0048
1988.00,0.0048
1987.00,0.0048
1986.00,0.0048
1985.00,0.0049
1984.00,0.0049
1983.00,0.0050
1982.00,0.0051
1981.00,0.0052
1980.00,0.0052
1979.00,0.0049
1978.00,0.0044
1977.00,0.0041
1976.00,0.0039
1975.00,0.0039
1974.00,0.0038
1973.00,0.0038
1972.00,0.0036
1971.00,0.0036
1970.00,0.0036
1969.00,0.0037
1968.00,0.0037
1967.00,0.0038
1966.00,0.0039
1965.00,0.0039
1964.00,0.0039
1963.00,0.0039
1962.00,0.0039
1961.00,0.0038
1960.00,0.0036
1959.00,0.0035
1958.00,0.0036
1957.00,0.0037
1956.00,0.0039
1955.00,0.0040
1954.00,0.0040
1953.00,0.0040
1952.00,0.0040
1951.00,0.0040
1950.00,0.0040
1949.00,0.0040
1948.00,0.0040
1947.00,0.0039
1946.00,0.0039
1945.00,0.0039
1944.00,0.0039
1943.00,0.0040
1942.00,0.0040
1941.00,0.0040
1940.00,0.0040
1939.00,0.0040
1938.00,0.0040
1937.00,0.0040
1936.00,0.0041
1935.00,0.0041
1934.00,0.0041
1933.00,0.0041
1932.00,0.0040
1931.00,0.0040
1930.00,0.0040
1929.00,0.0040
1928.00,0.0040
1927.00,0.0040
1926.00,0.0041
1925.00,0.0041
1924.00,0.0042
1923.00,0.0043
1922.00,0.0043
1921.00,0.0043
1920.00,0.0042
1919.00,0.0042
1918.00,0.0041
1917.00,0.0041
1916.00,0.0041
1915.00,0.0041
1914.00,0.0042
1913.00,0.0042
1912.00,0.0043
1911.00,0.0042
1910.00,0.0042
1909.00,0.0042
1908.00,0.0042
1907.00,0.0042
1906.00,0.0042
1905.00,0.0042
1904.00,0.0042
1903.00,0.0042
1902.00,0.0042
1901.00,0.0043
1900.00,0.0043
1899.00,0.0043
1898.00,0.0043
1897.00,0.0043
1896.00,0.0043
1895.00,0.0043
1894.00,0.0043
1893.00,0.0043
1892.00,0.0043
1891.00,0.0043
1890.00,0.0043
1889.00,0.0042
1888.00,0.0042
1887.00,0.0043
1886.00,0.0043
1885.00,0.0043
1884.00,0.0043
1883.00,0.0043
1882.00,0.0043
1881.00,0.0044
1880.00,0.0044
1879.00,0.0044
1878.00,0.0044
1877.00,0.0043
1876.00,0.0043
1875.00,0.0043
1874.00,0.0043
1873.00,0.0043
1872.00,0.0043
1871.00,0.0043
1870.00,0.0043
1869.00,0.0043
1868.00,0.0043
1867.00,0.0043
1866.00,0.0043
1865.00,0.0043
1864.00,0.0043
1863.00,0.0043
1862.00,0.0043
1861.00,0.0043
1860.00,0.0043
1859.00,0.0043
1858.00,0.0043
1857.00,0.0043
1856.00,0.0043
1855.00,0.0043
1854.00,0.0044
1853.00,0.0044
1852.00,0.0044
1851.00,0.0044
1850.00,0.0044
1849.00,0.0044
1848.00,0.0044
1847.00,0.0044
1846.00,0.0044
1845.00,0.0043
1844.00,0.0042
1843.00,0.0041
1842.00,0.0042
1841.00,0.0042
1840.00,0.0043
1839.00,0.0043
1838.00,0.0043
1837.00,0.0043
1836.00,0.0043
1835.00,0.0044
1834.00,0.0044
1833.00,0.0044
1832.00,0.0045
1831.00,0.0045
1830.00,0.0044
1829.00,0.0044
1828.00,0.0044
1827.00,0.0044
1826.00,0.0044
1825.00,0.0044
1824.00,0.0044
1823.00,0.0044
1822.00,0.0044
1821.00,0.0044
1820.00,0.0044
1819.00,0.0043
1818.00,0.0043
1817.00,0.0042
1816.00,0.0042
1815.00,0.0043
1814.00,0.0043
1813.00,0.0044
1812.00,0.0045
1811.00,0.0045
1810.00,0.0045
1809.00,0.0045
1808.00,0.0045
1807.00,0.0045
1806.00,0.0045
1805.00,0.0045
1804.00,0.0045
1803.00,0.0046
1802.00,0.0046
1801.00,0.0046
1800.00,0.0046
1799.00,0.0046
1798.00,0.0046
1797.00,0.0046
1796.00,0.0046
1795.00,0.0047
1794.00,0.0047
1793.00,0.0046
1792.00,0.0046
1791.00,0.0045
1790.00,0.0045
1789.00,0.0046
1788.00,0.0046
1787.00,0.0046
1786.00,0.0046
1785.00,0.0046
1784.00,0.0046
1783.00,0.0046
1782.00,0.0047
1781.00,0.0047
1780.00,0.0047
1779.00,0.0047
1778.00,0.0047
1777.00,0.0047
1776.00,0.0048
1775.00,0.0048
1774.00,0.0048
1773.00,0.0048
1772.00,0.0047
1771.00,0.0047
1770.00,0.0047
1769.00,0.0048
1768.00,0.0048
1767.00,0.0048
1766.00,0.0049
1765.00,0.0049
1764.00,0.0050
1763.00,0.0050
1762.00,0.0050
1761.00,0.0050
1760.00,0.0051
1759.00,0.0051
1758.00,0.0052
1757.00,0.0053
1756.00,0.0053
1755.00,0.0054
1754.00,0.0055
1753.00,0.0056
1752.00,0.0056
1751.00,0.0057
1750.00,0.0058
1749.00,0.0059
1748.00,0.0060
1747.00,0.0062
1746.00,0.0063
1745.00,0.0064
1744.00,0.0065
1743.00,0.0067
1742.00,0.0067
1741.00,0.0068
1740.00,0.0068
1739.00,0.0069
1738.00,0.0070
1737.00,0.0072
1736.00,0.0072
1735.00,0.0073
1734.00,0.0073
1733.00,0.0074
1732.00,0.0075
1731.00,0.0077
1730.00,0.0078
1729.00,0.0079
1728.00,0.0080
1727.00,0.0080
1726.00,0.0081
1725.00,0.0081
1724.00,0.0082
1723.00,0.0083
1722.00,0.0083
1721.00,0.0084
1720.00,0.0084
1719.00,0.0084
1718.00,0.0084
1717.00,0.0084
1716.00,0.0085
1715.00,0.0085
1714.00,0.0085
1713.00,0.0086
1712.00,0.0086
1711.00,0.0086
1710.00,0.0087
1709.00,0.0087
1708.00,0.0088
1707.00,0.0089
1706.00,0.0090
1705.00,0.0091
1704.00,0.0092
1703.00,0.0093
1702.00,0.0093
1701.00,0.0093
1700.00,0.0094
1699.00,0.0097
1698.00,0.0100
1697.00,0.0104
1696.00,0.0106
1695.00,0.0108
1694.00,0.0110
1693.00,0.0112
1692.00,0.0114
1691.00,0.0117
1690.00,0.0119
1689.00,0.0122
1688.00,0.0124
1687.00,0.0126
1686.00,0.0127
1685.00,0.0130
1684.00,0.0134
1683.00,0.0137
1682.00,0.0139
1681.00,0.0142
1680.00,0.0145
1679.00,0.0147
1678.00,0.0149
1677.00,0.0150
1676.00,0.0153
1675.00,0.0156
1674.00,0.0160
1673.00,0.0163
1672.00,0.0165
1671.00,0.0169
1670.00,0.0172
1669.00,0.0176
1668.00,0.0179
1667.00,0.0182
1666.00,0.0185
1665.00,0.0187
1664.00,0.0190
1663.00,0.0193
1662.00,0.0198
1661.00,0.0201
1660.00,0.0204
1659.00,0.0207
1658.00,0.0209
1657.00,0.0211
1656.00,0.0211
1655.00,0.0212
1654.00,0.0215
1653.00,0.0221
1652.00,0.0224
1651.00,0.0225
1650.00,0.0225
1649.00,0.0225
1648.00,0.0226
1647.00,0.0228
1646.00,0.0230
1645.00,0.0230
1644.00,0.0230
1643.00,0.0231
1642.00,0.0231
1641.00,0.0231
1640.00,0.0231
1639.00,0.0231
1638.00,0.0230
1637.00,0.0231
1636.00,0.0232
1635.00,0.0234
1634.00,0.0235
1633.00,0.0235
1632.00,0.0235
1631.00,0.0235
1630.00,0.0235
1629.00,0.0235
1628.00,0.0235
1627.00,0.0234
1626.00,0.0233
1625.00,0.0231
1624.00,0.0228
1623.00,0.0226
1622.00,0.0224
1621.00,0.0221
1620.00,0.0217
1619.00,0.0213
1618.00,0.0209
1617.00,0.0205
1616.00,0.0201
1615.00,0.0198
1614.00,0.0194
1613.00,0.0190
1612.00,0.0186
1611.00,0.0182
1610.00,0.0178
1609.00,0.0174
1608.00,0.0170
1607.00,0.0165
1606.00,0.0162
1605.00,0.0158
1604.00,0.0154
1603.00,0.0151
1602.00,0.0148
1601.00,0.0145
1600.00,0.0142
1599.00,0.0139
1598.00,0.0137
1597.00,0.0135
1596.00,0.0133
1595.00,0.0132
1594.00,0.0130
1593.00,0.0128
1592.00,0.0126
1591.00,0.0124
1590.00,0.0123
1589.00,0.0122
1588.00,0.0121
1587.00,0.0120
1586.00,0.0119
1585.00,0.0118
1584.00,0.0118
1583.00,0.0117
1582.00,0.0117
1581.00,0.0117
1580.00,0.0117
1579.00,0.0117
1578.00,0.0117
1577.00,0.0118
1576.00,0.0118
1575.00,0.0118
1574.00,0.0119
1573.00,0.0120
1572.00,0.0121
1571.00,0.0121
1570.00,0.0123
1569.00,0.0125
1568.00,0.0126
1567.00,0.0128
1566.00,0.0130
1565.00,0.0132
1564.00,0.0134
1563.00,0.0136
1562.00,0.0137
1561.00,0.0137
1560.00,0.0138
1559.00,0.0143
1558.00,0.0148
1557.00,0.0151
1556.00,0.0154
1555.00,0.0157
1554.00,0.0161
1553.00,0.0164
1552.00,0.0166
1551.00,0.0169
1550.00,0.0172
1549.00,0.0175
1548.00,0.0176
1547.00,0.0178
1546.00,0.0179
1545.00,0.0182
1544.00,0.0183
1543.00,0.0184
1542.00,0.0185
1541.00,0.0188
1540.00,0.0191
1539.00,0.0193
1538.00,0.0194
1537.00,0.0194
1536.00,0.0194
1535.00,0.0194
1534.00,0.0195
1533.00,0.0197
1532.00,0.0198
1531.00,0.0198
1530.00,0.0198
1529.00,0.0198
1528.00,0.0198
1527.00,0.0199
1526.00,0.0199
1525.00,0.0199
1524.00,0.0198
1523.00,0.0198
1522.00,0.0199
1521.00,0.0200
1520.00,0.0201
1519.00,0.0201
1518.00,0.0201
1517.00,0.0202
1516.00,0.0202
1515.00,0.0201
1514.00,0.0199
1513.00,0.0197
1512.00,0.0194
1511.00,0.0192
1510.00,0.0190
1509.00,0.0188
1508.00,0.0185
1507.00,0.0182
1506.00,0.0178
1505.00,0.0173
1504.00,0.0171
1503.00,0.0169
1502.00,0.0166
1501.00,0.0163
1500.00,0.0160
1499.00,0.0157
1498.00,0.0154
1497.00,0.0151
1496.00,0.0148
1495.00,0.0145
1494.00,0.0142
1493.00,0.0140
1492.00,0.0137
1491.00,0.0135
1490.00,0.0133
1489.00,0.0131
1488.00,0.0129
1487.00,0.0126
1486.00,0.0124
1485.00,0.0122
1484.00,0.0121
1483.00,0.0120
1482.00,0.0119
1481.00,0.0118
1480.00,0.0117
1479.00,0.0116
1478.00,0.0116
1477.00,0.0116
1476.00,0.0117
1475.00,0.0117
1474.00,0.0118
1473.00,0.0119
1472.00,0.0121
1471.00,0.0122
1470.00,0.0124
1469.00,0.0125
1468.00,0.0126
1467.00,0.0126
1466.00,0.0126
1465.00,0.0126
1464.00,0.0127
1463.00,0.0128
1462.00,0.0128
1461.00,0.0129
1460.00,0.0130
1459.00,0.0130
1458.00,0.0132
1457.00,0.0133
1456.00,0.0134
1455.00,0.0135
1454.00,0.0136
1453.00,0.0137
1452.00,0.0137
1451.00,0.0138
1450.00,0.0138
1449.00,0.0138
1448.00,0.0139
1447.00,0.0139
1446.00,0.0139
1445.00,0.0139
1444.00,0.0139
1443.00,0.0139
1442.00,0.0139
1441.00,0.0138
1440.00,0.0137
1439.00,0.0136
1438.00,0.0135
1437.00,0.0134
1436.00,0.0133
1435.00,0.0132
1434.00,0.0132
1433.00,0.0131
1432.00,0.0131
1431.00,0.0130
1430.00,0.0129
1429.00,0.0128
1428.00,0.0128
1427.00,0.0127
1426.00,0.0127
1425.00,0.0126
1424.00,0.0126
1423.00,0.0126
1422.00,0.0126
1421.00,0.0125
1420.00,0.0125
1419.00,0.0125
1418.00,0.0126
1417.00,0.0126
1416.00,0.0127
1415.00,0.0127
1414.00,0.0127
1413.00,0.0128
1412.00,0.0128
1411.00,0.0128
1410.00,0.0128
1409.00,0.0128
1408.00,0.0128
1407.00,0.0128
1406.00,0.0128
1405.00,0.0128
1404.00,0.0127
1403.00,0.0127
1402.00,0.0127
1401.00,0.0126
1400.00,0.0126
1399.00,0.0126
1398.00,0.0127
1397.00,0.0126
1396.00,0.0126
1395.00,0.0126
1394.00,0.0126
1393.00,0.0126
1392.00,0.0126
1391.00,0.0126
1390.00,0.0127
1389.00,0.0127
1388.00,0.0127
1387.00,0.0128
1386.00,0.0128
1385.00,0.0128
1384.00,0.0127
1383.00,0.0127
1382.00,0.0127
1381.00,0.0127
1380.00,0.0126
1379.00,0.0126
1378.00,0.0126
1377.00,0.0126
1376.00,0.0126
1375.00,0.0126
1374.00,0.0126
1373.00,0.0126
1372.00,0.0125
1371.00,0.0125
1370.00,0.0126
1369.00,0.0126
1368.00,0.0125
1367.00,0.0125
1366.00,0.0124
1365.00,0.0124
1364.00,0.0124
1363.00,0.0123
1362.00,0.0123
1361.00,0.0122
1360.00,0.0121
1359.00,0.0121
1358.00,0.0121
1357.00,0.0121
1356.00,0.0121
1355.00,0.0121
1354.00,0.0121
1353.00,0.0121
1352.00,0.0121
1351.00,0.0121
1350.00,0.0121
1349.00,0.0121
1348.00,0.0120
1347.00,0.0120
1346.00,0.0120
1345.00,0.0121
1344.00,0.0121
1343.00,0.0121
1342.00,0.0121
1341.00,0.0122
1340.00,0.0122
1339.00,0.0122
1338.00,0.0122
1337.00,0.0122
1336.00,0.0121
1335.00,0.0121
1334.00,0.0121
1333.00,0.0120
1332.00,0.0120
1331.00,0.0120
1330.00,0.0120
1329.00,0.0120
1328.00,0.0120
1327.00,0.0120
1326.00,0.0120
1325.00,0.0120
1324.00,0.0120
1323.00,0.0120
1322.00,0.0121
1321.00,0.0122
1320.00,0.0122
1319.00,0.0122
1318.00,0.0122
1317.00,0.0122
1316.00,0.0122
1315.00,0.0122
1314.00,0.0123
1313.00,0.0123
1312.00,0.0122
1311.00,0.0122
1310.00,0.0123
1309.00,0.0123
1308.00,0.0123
1307.00,0.0123
1306.00,0.0123
1305.00,0.0123
1304.00,0.0122
1303.00,0.0122
1302.00,0.0123
1301.00,0.0123
1300.00,0.0123
1299.00,0.0124
1298.00,0.0124
1297.00,0.0124
1296.00,0.0124
1295.00,0.0124
1294.00,0.0125
1293.00,0.0125
1292.00,0.0126
1291.00,0.0126
1290.00,0.0127
1289.00,0.0127
1288.00,0.0127
1287.00,0.0127
1286.00,0.0127
1285.00,0.0128
1284.00,0.0128
1283.00,0.0128
1282.00,0.0128
1281.00,0.0129
1280.00,0.0129
1279.00,0.0129
1278.00,0.0129
1277.00,0.0130
1276.00,0.0130
1275.00,0.0130
1274.00,0.0130
1273.00,0.0130
1272.00,0.0130
1271.00,0.0130
1270.00,0.0131
1269.00,0.0131
1268.00,0.0131
1267.00,0.0132
1266.00,0.0132
1265.00,0.0133
1264.00,0.0133
1263.00,0.0134
1262.00,0.0135
1261.00,0.0135
1260.00,0.0136
1259.00,0.0137
1258.00,0.0137
1257.00,0.0138
1256.00,0.0138
1255.00,0.0139
1254.00,0.0140
1253.00,0.0140
1252.00,0.0141
1251.00,0.0141
1250.00,0.0142
1249.00,0.0142
1248.00,0.0143
1247.00,0.0144
1246.00,0.0145
1245.00,0.0146
1244.00,0.0146
1243.00,0.0147
1242.00,0.0148
1241.00,0.0148
1240.00,0.0149
1239.00,0.0149
1238.00,0.0150
1237.00,0.0150
1236.00,0.0150
1235.00,0.0151
1234.00,0.0151
1233.00,0.0151
1232.00,0.0151
1231.00,0.0151
1230.00,0.0151
1229.00,0.0151
1228.00,0.0151
1227.00,0.0151
1226.00,0.0151
1225.00,0.0151
1224.00,0.0150
1223.00,0.0150
1222.00,0.0150
1221.00,0.0149
1220.00,0.0149
1219.00,0.0148
1218.00,0.0148
1217.00,0.0147
1216.00,0.0146
1215.00,0.0145
1214.00,0.0145
1213.00,0.0144
1212.00,0.0143
1211.00,0.0143
1210.00,0.0142
1209.00,0.0142
1208.00,0.0141
1207.00,0.0141
1206.00,0.0140
1205.00,0.0140
1204.00,0.0139
1203.00,0.0138
1202.00,0.0138
1201.00,0.0137
1200.00,0.0136
1199.00,0.0136
1198.00,0.0135
1197.00,0.0135
1196.00,0.0135
1195.00,0.0134
1194.00,0.0134
1193.00,0.0134
1192.00,0.0133
1191.00,0.0133
1190.00,0.0133
1189.00,0.0133
1188.00,0.0133
1187.00,0.0133
1186.00,0.0133
1185.00,0.0133
1184.00,0.0134
1183.00,0.0134
1182.00,0.0134
1181.00,0.0134
1180.00,0.0135
1179.00,0.0135
1178.00,0.0136
1177.00,0.0136
1176.00,0.0137
1175.00,0.0137
1174.00,0.0138
1173.00,0.0139
1172.00,0.0139
1171.00,0.0139
1170.00,0.0140
1169.00,0.0140
1168.00,0.0139
1167.00,0.0139
1166.00,0.0139
1165.00,0.0139
1164.00,0.0139
1163.00,0.0138
1162.00,0.0138
1161.00,0.0138
1160.00,0.0137
1159.00,0.0137
1158.00,0.0136
1157.00,0.0136
1156.00,0.0135
1155.00,0.0135
1154.00,0.0135
1153.00,0.0135
1152.00,0.0134
1151.00,0.0133
1150.00,0.0133
1149.00,0.0132
1148.00,0.0131
1147.00,0.0130
1146.00,0.0129
1145.00,0.0128
1144.00,0.0127
1143.00,0.0126
1142.00,0.0125
1141.00,0.0125
1140.00,0.0124
1139.00,0.0123
1138.00,0.0123
1137.00,0.0122
1136.00,0.0122
1135.00,0.0122
1134.00,0.0122
1133.00,0.0122
1132.00,0.0122
1131.00,0.0122
1130.00,0.0122
1129.00,0.0122
1128.00,0.0122
1127.00,0.0122
1126.00,0.0122
1125.00,0.0122
1124.00,0.0122
1123.00,0.0122
1122.00,0.0122
1121.00,0.0122
1120.00,0.0122
1119.00,0.0122
1118.00,0.0123
1117.00,0.0123
1116.00,0.0123
1115.00,0.0122
1114.00,0.0123
1113.00,0.0123
1112.00,0.0122
1111.00,0.0122
1110.00,0.0123
1109.00,0.0123
1108.00,0.0123
1107.00,0.0123
1106.00,0.0123
1105.00,0.0124
1104.00,0.0124
1103.00,0.0124
1102.00,0.0125
1101.00,0.0125
1100.00,0.0125
1099.00,0.0125
1098.00,0.0126
1097.00,0.0126
1096.00,0.0125
1095.00,0.0125
1094.00,0.0126
1093.00,0.0126
1092.00,0.0126
1091.00,0.0126
1090.00,0.0127
1089.00,0.0127
1088.00,0.0127
1087.00,0.0128
1086.00,0.0129
1085.00,0.0130
1084.00,0.0130
1083.00,0.0131
1082.00,0.0132
1081.00,0.0133
1080.00,0.0133
1079.00,0.0133
1078.00,0.0134
1077.00,0.0134
1076.00,0.0134
1075.00,0.0133
1074.00,0.0134
1073.00,0.0134
1072.00,0.0133
1071.00,0.0133
1070.00,0.0133
1069.00,0.0134
1068.00,0.0134
1067.00,0.0134
1066.00,0.0134
1065.00,0.0135
1064.00,0.0135
1063.00,0.0135
1062.00,0.0136
1061.00,0.0137
1060.00,0.0136
1059.00,0.0136
1058.00,0.0136
1057.00,0.0136
1056.00,0.0136
1055.00,0.0137
1054.00,0.0138
1053.00,0.0138
1052.00,0.0138
1051.00,0.0138
1050.00,0.0139
1049.00,0.0139
1048.00,0.0139
1047.00,0.0139
1046.00,0.0139
1045.00,0.0139
1044.00,0.0138
1043.00,0.0138
1042.00,0.0138
1041.00,0.0138
1040.00,0.0137
1039.00,0.0137
1038.00,0.0138
1037.00,0.0138
1036.00,0.0138
1035.00,0.0138
1034.00,0.0138
1033.00,0.0138
1032.00,0.0138
1031.00,0.0138
1030.00,0.0138
1029.00,0.0138
1028.00,0.0137
1027.00,0.0136
1026.00,0.0135
1025.00,0.0135
1024.00,0.0134
1023.00,0.0133
1022.00,0.0133
1021.00,0.0133
1020.00,0.0132
1019.00,0.0131
1018.00,0.0131
1017.00,0.0130
1016.00,0.0129
1015.00,0.0128
1014.00,0.0127
1013.00,0.0127
1012.00,0.0125
1011.00,0.0124
1010.00,0.0124
1009.00,0.0123
1008.00,0.0122
1007.00,0.0122
1006.00,0.0121
1005.00,0.0121
1004.00,0.0120
1003.00,0.0120
1002.00,0.0120
1001.00,0.0120
1000.00,0.0119
999.00,0.0119
998.00,0.0119
997.00,0.0118
996.00,0.0117
995.00,0.0117
994.00,0.0116
993.00,0.0116
992.00,0.0115
991.00,0.0114
990.00,0.0114
989.00,0.0113
988.00,0.0113
987.00,0.0112
986.00,0.0112
985.00,0.0112
984.00,0.0111
983.00,0.0110
982.00,0.0110
981.00,0.0110
980.00,0.0110
979.00,0.0110
978.00,0.0110
977.00,0.0109
976.00,0.0109
975.00,0.0108
974.00,0.0108
973.00,0.0108
972.00,0.0108
971.00,0.0108
970.00,0.0108
969.00,0.0107
968.00,0.0107
967.00,0.0106
966.00,0.0106
965.00,0.0107
964.00,0.0107
963.00,0.0107
962.00,0.0107
961.00,0.0107
960.00,0.0106
959.00,0.0106
958.00,0.0106
957.00,0.0106
956.00,0.0105
955.00,0.0105
954.00,0.0106
953.00,0.0106
952.00,0.0106
951.00,0.0106
950.00,0.0106
949.00,0.0106
948.00,0.0106
947.00,0.0106
946.00,0.0106
945.00,0.0107
944.00,0.0106
943.00,0.0106
942.00,0.0107
941.00,0.0107
940.00,0.0106
939.00,0.0106
938.00,0.0107
937.00,0.0107
936.00,0.0107
935.00,0.0107
934.00,0.0107
933.00,0.0107
932.00,0.0107
931.00,0.0107
930.00,0.0107
929.00,0.0107
928.00,0.0107
927.00,0.0107
926.00,0.0107
925.00,0.0108
924.00,0.0108
923.00,0.0108
922.00,0.0108
921.00,0.0109
920.00,0.0108
919.00,0.0108
918.00,0.0108
917.00,0.0108
916.00,0.0108
915.00,0.0108
914.00,0.0108
913.00,0.0108
912.00,0.0108
911.00,0.0107
910.00,0.0107
909.00,0.0107
908.00,0.0107
907.00,0.0107
906.00,0.0107
905.00,0.0107
904.00,0.0107
903.00,0.0106
902.00,0.0107
901.00,0.0107
900.00,0.0106
899.00,0.0106
898.00,0.0106
897.00,0.0106
896.00,0.0106
895.00,0.0106
894.00,0.0106
893.00,0.0106
892.00,0.0106
891.00,0.0105
890.00,0.0106
889.00,0.0106
888.00,0.0106
887.00,0.0106
886.00,0.0106
885.00,0.0106
884.00,0.0105
883.00,0.0105
882.00,0.0105
881.00,0.0105
880.00,0.0104
879.00,0.0103
878.00,0.0104
877.00,0.0104
876.00,0.0103
875.00,0.0103
874.00,0.0103
873.00,0.0103
872.00,0.0103
871.00,0.0102
870.00,0.0103
869.00,0.0103
868.00,0.0103
867.00,0.0103
866.00,0.0104
865.00,0.0104
864.00,0.0103
863.00,0.0103
862.00,0.0103
861.00,0.0103
860.00,0.0103
859.00,0.0103
858.00,0.0104
857.00,0.0105
856.00,0.0105
855.00,0.0105
854.00,0.0106
853.00,0.0106
852.00,0.0106
851.00,0.0106
850.00,0.0107
849.00,0.0107
848.00,0.0107
847.00,0.0107
846.00,0.0107
845.00,0.0108
844.00,0.0107
843.00,0.0107
842.00,0.0108
841.00,0.0108
840.00,0.0108
839.00,0.0108
838.00,0.0109
837.00,0.0110
836.00,0.0110
835.00,0.0109
834.00,0.0110
833.00,0.0110
832.00,0.0110
831.00,0.0110
830.00,0.0111
829.00,0.0112
828.00,0.0112
827.00,0.0111
826.00,0.0111
825.00,0.0111
824.00,0.0110
823.00,0.0110
822.00,0.0110
821.00,0.0110
820.00,0.0110
819.00,0.0110
818.00,0.0111
817.00,0.0111
816.00,0.0111
815.00,0.0111
814.00,0.0111
813.00,0.0111
812.00,0.0111
811.00,0.0111
810.00,0.0111
809.00,0.0112
808.00,0.0112
807.00,0.0112
806.00,0.0113
805.00,0.0113
804.00,0.0113
803.00,0.0113
802.00,0.0113
801.00,0.0114
800.00,0.0113
799.00,0.0113
798.00,0.0114
797.00,0.0115
796.00,0.0115
795.00,0.0115
794.00,0.0116
793.00,0.0116
792.00,0.0116
791.00,0.0116
790.00,0.0117
789.00,0.0118
788.00,0.0118
787.00,0.0118
786.00,0.0118
785.00,0.0119
784.00,0.0118
783.00,0.0118
782.00,0.0119
781.00,0.0120
780.00,0.0119
779.00,0.0119
778.00,0.0120
777.00,0.0121
776.00,0.0121
775.00,0.0122
774.00,0.0122
773.00,0.0123
772.00,0.0122
771.00,0.0122
770.00,0.0123
769.00,0.0124
768.00,0.0124
767.00,0.0124
766.00,0.0124
765.00,0.0125
764.00,0.0125
763.00,0.0126
762.00,0.0127
761.00,0.0127
760.00,0.0126
759.00,0.0126
758.00,0.0127
757.00,0.0128
756.00,0.0128
755.00,0.0128
754.00,0.0129
753.00,0.0129
752.00,0.0129
751.00,0.0130
750.00,0.0131
749.00,0.0132
748.00,0.0133
747.00,0.0133
746.00,0.0134
745.00,0.0134
744.00,0.0134
743.00,0.0134
742.00,0.0135
741.00,0.0136
740.00,0.0136
739.00,0.0135
738.00,0.0136
737.00,0.0136
736.00,0.0136
735.00,0.0137
734.00,0.0138
733.00,0.0139
732.00,0.0139
731.00,0.0139
730.00,0.0140
729.00,0.0141
728.00,0.0142
727.00,0.0142
726.00,0.0144
725.00,0.0145
724.00,0.0145
723.00,0.0145
722.00,0.0146
721.00,0.0147
720.00,0.0147
719.00,0.0147
718.00,0.0149
717.00,0.0151
716.00,0.0151
715.00,0.0152
714.00,0.0154
713.00,0.0155
712.00,0.0155
711.00,0.0156
710.00,0.0158
709.00,0.0159
708.00,0.0160
707.00,0.0162
706.00,0.0164
705.00,0.0165
704.00,0.0166
703.00,0.0166
702.00,0.0168
701.00,0.0169
700.00,0.0169
699.00,0.0169
698.00,0.0169
697.00,0.0169
696.00,0.0168
695.00,0.0168
694.00,0.0169
693.00,0.0170
692.00,0.0170
691.00,0.0169
690.00,0.0170
689.00,0.0170
688.00,0.0169
687.00,0.0169
686.00,0.0170
685.00,0.0171
684.00,0.0172
683.00,0.0173
682.00,0.0174
681.00,0.0174
680.00,0.0174
679.00,0.0173
678.00,0.0174
677.00,0.0174
676.00,0.0174
675.00,0.0174
674.00,0.0175
673.00,0.0176
672.00,0.0176
671.00,0.0176
670.00,0.0177
669.00,0.0179
668.00,0.0181
667.00,0.0183
666.00,0.0184
665.00,0.0184
664.00,0.0182
663.00,0.0181
662.00,0.0182
661.00,0.0183
660.00,0.0183
659.00,0.0183
658.00,0.0183
657.00,0.0184
656.00,0.0184
655.00,0.0184
654.00,0.0185
653.00,0.0186
652.00,0.0185
651.00,0.0185
650.00,0.0186
649.00,0.0187
648.00,0.0186
647.00,0.0186
646.00,0.0187
645.00,0.0188
644.00,0.0188
643.00,0.0188
642.00,0.0190
641.00,0.0191
640.00,0.0191
639.00,0.0191
638.00,0.0192
637.00,0.0193
636.00,0.0192
635.00,0.0192
634.00,0.0193
633.00,0.0195
632.00,0.0195
631.00,0.0196
630.00,0.0198
629.00,0.0200
628.00,0.0200
627.00,0.0200
626.00,0.0201
625.00,0.0202
624.00,0.0201
623.00,0.0200
622.00,0.0201
621.00,0.0202
620.00,0.0201
619.00,0.0201
618.00,0.0201
617.00,0.0202
616.00,0.0201
615.00,0.0201
614.00,0.0202
613.00,0.0203
612.00,0.0202
611.00,0.0202
610.00,0.0203
609.00,0.0203
608.00,0.0202
607.00,0.0202
606.00,0.0202
605.00,0.0203
604.00,0.0203
603.00,0.0203
602.00,0.0204
601.00,0.0205
600.00,0.0205
599.00,0.0204
598.00,0.0205
597.00,0.0206
596.00,0.0205
595.00,0.0205
594.00,0.0206
593.00,0.0208
592.00,0.0207
591.00,0.0207
590.00,0.0209
589.00,0.0209
588.00,0.0208
587.00,0.0207
586.00,0.0208
585.00,0.0209
584.00,0.0209
583.00,0.0209
582.00,0.0211
581.00,0.0212
580.00,0.0211
579.00,0.0212
578.00,0.0213
577.00,0.0213
576.00,0.0211
575.00,0.0210
574.00,0.0211
573.00,0.0213
572.00,0.0212
571.00,0.0211
570.00,0.0212
569.00,0.0212
568.00,0.0211
567.00,0.0210
566.00,0.0212
565.00,0.0213
564.00,0.0213
563.00,0.0213
562.00,0.0214
561.00,0.0214
560.00,0.0212
559.00,0.0212
558.00,0.0214
557.00,0.0216
556.00,0.0216
555.00,0.0216
554.00,0.0218
553.00,0.0220
552.00,0.0220
551.00,0.0221
550.00,0.0223
549.00,0.0224
548.00,0.0222
547.00,0.0219
546.00,0.0219
545.00,0.0219
544.00,0.0217
543.00,0.0215
542.00,0.0217
541.00,0.0218
540.00,0.0218
539.00,0.0218
538.00,0.0221
537.00,0.0222
536.00,0.0219
535.00,0.0217
534.00,0.0218
533.00,0.0218
532.00,0.0217
531.00,0.0216
530.00,0.0218
529.00,0.0219
528.00,0.0218
527.00,0.0216
526.00,0.0218
525.00,0.0219
524.00,0.0218
523.00,0.0217
522.00,0.0219
521.00,0.0220
520.00,0.0218
519.00,0.0217
518.00,0.0218
517.00,0.0220
516.00,0.0218
515.00,0.0216
514.00,0.0218
513.00,0.0218
512.00,0.0214
511.00,0.0211
510.00,0.0212
509.00,0.0214
508.00,0.0214
507.00,0.0213
506.00,0.0215
505.00,0.0216
504.00,0.0214
503.00,0.0211
502.00,0.0212
501.00,0.0213
500.00,0.0211
499.00,0.0210
498.00,0.0211
497.00,0.0213
496.00,0.0212
495.00,0.0212
494.00,0.0215
493.00,0.0217
492.00,0.0216
491.00,0.0214
490.00,0.0217
489.00,0.0218
488.00,0.0216
487.00,0.0212
486.00,0.0211
485.00,0.0210
484.00,0.0206
483.00,0.0204
482.00,0.0206
481.00,0.0207
480.00,0.0204
479.00,0.0203
478.00,0.0206
477.00,0.0208
476.00,0.0206
475.00,0.0203
474.00,0.0205
473.00,0.0206
472.00,0.0202
471.00,0.0198
470.00,0.0201
469.00,0.0206
468.00,0.0206
467.00,0.0206
466.00,0.0208
465.00,0.0208
464.00,0.0204
463.00,0.0202
462.00,0.0206
461.00,0.0208
460.00,0.0202
459.00,0.0197
458.00,0.0201
457.00,0.0205
456.00,0.0202
455.00,0.0201
454.00,0.0207
453.00,0.0212
452.00,0.0210
451.00,0.0206
450.00,0.0206
449.00,0.0206
448.00,0.0201
447.00,0.0197
446.00,0.0199
445.00,0.0200
444.00,0.0195
443.00,0.0190
442.00,0.0193
441.00,0.0198
440.00,0.0197
439.00,0.0197
438.00,0.0199
437.00,0.0197
436.00,0.0190
435.00,0.0186
434.00,0.0192
433.00,0.0199
432.00,0.0197
431.00,0.0195
430.00,0.0199
429.00,0.0201
428.00,0.0196
427.00,0.0193
426.00,0.0198
425.00,0.0202
424.00,0.0198
423.00,0.0192
422.00,0.0193
421.00,0.0190
420.00,0.0175
419.00,0.0168
418.00,0.0183
417.00,0.0196
416.00,0.0192
415.00,0.0186
414.00,0.0189
413.00,0.0189
412.00,0.0178
411.00,0.0171
410.00,0.0179
409.00,0.0188
408.00,0.0182
407.00,0.0178
406.00,0.0190
405.00,0.0202
404.00,0.0199
403.00,0.0194
402.00,0.0198
401.00,0.0195
400.00,0.0174
