Created as New Dataset,Sample 994 By YargerLab Date Wednesday, July 30 2025
cm-1,A
4000.00,0.0044
3999.00,0.0044
3998.00,0.0044
3997.00,0.0044
3996.00,0.0044
3995.00,0.0044
3994.00,0.0044
3993.00,0.0044
3992.00,0.0044
3991.00,0.0044
3990.00,0.0044
3989.00,0.0044
3988.00,0.0044
3987.00,0.0044
3986.00,0.0044
3985.00,0.0044
3984.00,0.0044
3983.00,0.0044
3982.00,0.0044
3981.00,0.0044
3980.00,0.0044
3979.00,0.0044
3978.00,0.0044
3977.00,0.0044
3976.00,0.0044
3975.00,0.0044
3974.00,0.0044
3973.00,0.0044
3972.00,0.0044
3971.00,0.0044
3970.00,0.0044
3969.00,0.0044
3968.00,0.0044
3967.00,0.0044
3966.00,0.0044
3965.00,0.0044
3964.00,0.0044
3963.00,0.0044
3962.00,0.0044
3961.00,0.0044
3960.00,0.0044
3959.00,0.0044
3958.00,0.0044
3957.00,0.0044
3956.00,0.0044
3955.00,0.0044
3954.00,0.0044
3953.00,0.0044
3952.00,0.0043
3951.00,0.0043
3950.00,0.0043
3949.00,0.0043
3948.00,0.0043
3947.00,0.0043
3946.00,0.0043
3945.00,0.0043
3944.00,0.0043
3943.00,0.0043
3942.00,0.0043
3941.00,0.0043
3940.00,0.0043
3939.00,0.0043
3938.00,0.0043
3937.00,0.0043
3936.00,0.0043
3935.00,0.0043
3934.00,0.0043
3933.00,0.0043
3932.00,0.0043
3931.00,0.0043
3930.00,0.0043
3929.00,0.0043
3928.00,0.0043
3927.00,0.0043
3926.00,0.0043
3925.00,0.0043
3924.00,0.0043
3923.00,0.0043
3922.00,0.0043
3921.00,0.0043
3920.00,0.0043
3919.00,0.0043
3918.00,0.0042
3917.00,0.0042
3916.00,0.0042
3915.00,0.0043
3914.00,0.0043
3913.00,0.0043
3912.00,0.0043
3911.00,0.0043
3910.00,0.0043
3909.00,0.0043
3908.00,0.0043
3907.00,0.0043
3906.00,0.0043
3905.00,0.0043
3904.00,0.0043
3903.00,0.0043
3902.00,0.0043
3901.00,0.0043
3900.00,0.0043
3899.00,0.0042
3898.00,0.0042
3897.00,0.0043
3896.00,0.0043
3895.00,0.0043
3894.00,0.0042
3893.00,0.0042
3892.00,0.0042
3891.00,0.0042
3890.00,0.0042
3889.00,0.0042
3888.00,0.0042
3887.00,0.0042
3886.00,0.0042
3885.00,0.0042
3884.00,0.0042
3883.00,0.0042
3882.00,0.0042
3881.00,0.0042
3880.00,0.0042
3879.00,0.0042
3878.00,0.0042
3877.00,0.0042
3876.00,0.0041
3875.00,0.0041
3874.00,0.0041
3873.00,0.0041
3872.00,0.0041
3871.00,0.0041
3870.00,0.0041
3869.00,0.0042
3868.00,0.0042
3867.00,0.0042
3866.00,0.0041
3865.00,0.0041
3864.00,0.0042
3863.00,0.0042
3862.00,0.0041
3861.00,0.0041
3860.00,0.0041
3859.00,0.0041
3858.00,0.0041
3857.00,0.0041
3856.00,0.0041
3855.00,0.0041
3854.00,0.0041
3853.00,0.0040
3852.00,0.0040
3851.00,0.0040
3850.00,0.0040
3849.00,0.0040
3848.00,0.0040
3847.00,0.0041
3846.00,0.0041
3845.00,0.0041
3844.00,0.0041
3843.00,0.0042
3842.00,0.0042
3841.00,0.0042
3840.00,0.0042
3839.00,0.0042
3838.00,0.0042
3837.00,0.0042
3836.00,0.0042
3835.00,0.0042
3834.00,0.0041
3833.00,0.0041
3832.00,0.0041
3831.00,0.0041
3830.00,0.0041
3829.00,0.0041
3828.00,0.0041
3827.00,0.0042
3826.00,0.0042
3825.00,0.0042
3824.00,0.0042
3823.00,0.0042
3822.00,0.0041
3821.00,0.0041
3820.00,0.0041
3819.00,0.0041
3818.00,0.0041
3817.00,0.0041
3816.00,0.0041
3815.00,0.0041
3814.00,0.0041
3813.00,0.0041
3812.00,0.0041
3811.00,0.0041
3810.00,0.0041
3809.00,0.0041
3808.00,0.0041
3807.00,0.0041
3806.00,0.0042
3805.00,0.0041
3804.00,0.0041
3803.00,0.0041
3802.00,0.0041
3801.00,0.0041
3800.00,0.0041
3799.00,0.0041
3798.00,0.0040
3797.00,0.0040
3796.00,0.0040
3795.00,0.0041
3794.00,0.0041
3793.00,0.0041
3792.00,0.0041
3791.00,0.0041
3790.00,0.0041
3789.00,0.0041
3788.00,0.0041
3787.00,0.0041
3786.00,0.0041
3785.00,0.0041
3784.00,0.0041
3783.00,0.0040
3782.00,0.0041
3781.00,0.0041
3780.00,0.0041
3779.00,0.0041
3778.00,0.0041
3777.00,0.0041
3776.00,0.0041
3775.00,0.0041
3774.00,0.0041
3773.00,0.0041
3772.00,0.0042
3771.00,0.0042
3770.00,0.0042
3769.00,0.0042
3768.00,0.0041
3767.00,0.0041
3766.00,0.0041
3765.00,0.0041
3764.00,0.0041
3763.00,0.0041
3762.00,0.0041
3761.00,0.0041
3760.00,0.0041
3759.00,0.0042
3758.00,0.0042
3757.00,0.0042
3756.00,0.0043
3755.00,0.0043
3754.00,0.0043
3753.00,0.0044
3752.00,0.0044
3751.00,0.0044
3750.00,0.0044
3749.00,0.0044
3748.00,0.0043
3747.00,0.0042
3746.00,0.0041
3745.00,0.0041
3744.00,0.0041
3743.00,0.0040
3742.00,0.0040
3741.00,0.0040
3740.00,0.0041
3739.00,0.0041
3738.00,0.0041
3737.00,0.0041
3736.00,0.0041
3735.00,0.0041
3734.00,0.0041
3733.00,0.0040
3732.00,0.0040
3731.00,0.0040
3730.00,0.0040
3729.00,0.0040
3728.00,0.0040
3727.00,0.0040
3726.00,0.0040
3725.00,0.0040
3724.00,0.0040
3723.00,0.0040
3722.00,0.0040
3721.00,0.0040
3720.00,0.0040
3719.00,0.0040
3718.00,0.0041
3717.00,0.0041
3716.00,0.0041
3715.00,0.0041
3714.00,0.0041
3713.00,0.0041
3712.00,0.0041
3711.00,0.0040
3710.00,0.0040
3709.00,0.0040
3708.00,0.0040
3707.00,0.0040
3706.00,0.0040
3705.00,0.0040
3704.00,0.0041
3703.00,0.0041
3702.00,0.0041
3701.00,0.0041
3700.00,0.0041
3699.00,0.0041
3698.00,0.0041
3697.00,0.0042
3696.00,0.0042
3695.00,0.0042
3694.00,0.0043
3693.00,0.0043
3692.00,0.0043
3691.00,0.0043
3690.00,0.0044
3689.00,0.0044
3688.00,0.0044
3687.00,0.0045
3686.00,0.0045
3685.00,0.0045
3684.00,0.0045
3683.00,0.0045
3682.00,0.0046
3681.00,0.0046
3680.00,0.0047
3679.00,0.0047
3678.00,0.0048
3677.00,0.0048
3676.00,0.0048
3675.00,0.0049
3674.00,0.0049
3673.00,0.0049
3672.00,0.0050
3671.00,0.0050
3670.00,0.0051
3669.00,0.0051
3668.00,0.0052
3667.00,0.0052
3666.00,0.0053
3665.00,0.0053
3664.00,0.0054
3663.00,0.0055
3662.00,0.0056
3661.00,0.0056
3660.00,0.0057
3659.00,0.0058
3658.00,0.0058
3657.00,0.0058
3656.00,0.0059
3655.00,0.0060
3654.00,0.0061
3653.00,0.0062
3652.00,0.0063
3651.00,0.0064
3650.00,0.0065
3649.00,0.0066
3648.00,0.0067
3647.00,0.0067
3646.00,0.0068
3645.00,0.0068
3644.00,0.0069
3643.00,0.0069
3642.00,0.0070
3641.00,0.0071
3640.00,0.0073
3639.00,0.0074
3638.00,0.0074
3637.00,0.0075
3636.00,0.0076
3635.00,0.0076
3634.00,0.0077
3633.00,0.0078
3632.00,0.0079
3631.00,0.0080
3630.00,0.0080
3629.00,0.0082
3628.00,0.0083
3627.00,0.0085
3626.00,0.0085
3625.00,0.0086
3624.00,0.0088
3623.00,0.0089
3622.00,0.0090
3621.00,0.0091
3620.00,0.0092
3619.00,0.0093
3618.00,0.0094
3617.00,0.0095
3616.00,0.0097
3615.00,0.0098
3614.00,0.0099
3613.00,0.0100
3612.00,0.0101
3611.00,0.0102
3610.00,0.0102
3609.00,0.0103
3608.00,0.0105
3607.00,0.0106
3606.00,0.0107
3605.00,0.0108
3604.00,0.0109
3603.00,0.0110
3602.00,0.0111
3601.00,0.0112
3600.00,0.0113
3599.00,0.0114
3598.00,0.0115
3597.00,0.0116
3596.00,0.0117
3595.00,0.0119
3594.00,0.0120
3593.00,0.0121
3592.00,0.0122
3591.00,0.0123
3590.00,0.0124
3589.00,0.0125
3588.00,0.0127
3587.00,0.0128
3586.00,0.0129
3585.00,0.0130
3584.00,0.0131
3583.00,0.0132
3582.00,0.0133
3581.00,0.0134
3580.00,0.0136
3579.00,0.0137
3578.00,0.0139
3577.00,0.0140
3576.00,0.0141
3575.00,0.0143
3574.00,0.0144
3573.00,0.0145
3572.00,0.0146
3571.00,0.0147
3570.00,0.0147
3569.00,0.0148
3568.00,0.0150
3567.00,0.0152
3566.00,0.0153
3565.00,0.0155
3564.00,0.0157
3563.00,0.0158
3562.00,0.0159
3561.00,0.0161
3560.00,0.0162
3559.00,0.0164
3558.00,0.0165
3557.00,0.0166
3556.00,0.0167
3555.00,0.0169
3554.00,0.0170
3553.00,0.0171
3552.00,0.0173
3551.00,0.0174
3550.00,0.0176
3549.00,0.0177
3548.00,0.0179
3547.00,0.0180
3546.00,0.0182
3545.00,0.0183
3544.00,0.0184
3543.00,0.0186
3542.00,0.0187
3541.00,0.0189
3540.00,0.0190
3539.00,0.0192
3538.00,0.0193
3537.00,0.0195
3536.00,0.0196
3535.00,0.0198
3534.00,0.0200
3533.00,0.0202
3532.00,0.0204
3531.00,0.0205
3530.00,0.0207
3529.00,0.0209
3528.00,0.0210
3527.00,0.0212
3526.00,0.0215
3525.00,0.0217
3524.00,0.0219
3523.00,0.0221
3522.00,0.0223
3521.00,0.0225
3520.00,0.0227
3519.00,0.0229
3518.00,0.0231
3517.00,0.0233
3516.00,0.0236
3515.00,0.0238
3514.00,0.0241
3513.00,0.0243
3512.00,0.0245
3511.00,0.0247
3510.00,0.0250
3509.00,0.0252
3508.00,0.0255
3507.00,0.0258
3506.00,0.0261
3505.00,0.0263
3504.00,0.0266
3503.00,0.0269
3502.00,0.0272
3501.00,0.0275
3500.00,0.0278
3499.00,0.0280
3498.00,0.0283
3497.00,0.0286
3496.00,0.0289
3495.00,0.0292
3494.00,0.0294
3493.00,0.0297
3492.00,0.0300
3491.00,0.0302
3490.00,0.0305
3489.00,0.0308
3488.00,0.0311
3487.00,0.0314
3486.00,0.0317
3485.00,0.0320
3484.00,0.0323
3483.00,0.0325
3482.00,0.0328
3481.00,0.0331
3480.00,0.0334
3479.00,0.0337
3478.00,0.0339
3477.00,0.0342
3476.00,0.0345
3475.00,0.0347
3474.00,0.0350
3473.00,0.0352
3472.00,0.0355
3471.00,0.0358
3470.00,0.0360
3469.00,0.0363
3468.00,0.0366
3467.00,0.0368
3466.00,0.0370
3465.00,0.0373
3464.00,0.0375
3463.00,0.0377
3462.00,0.0380
3461.00,0.0382
3460.00,0.0384
3459.00,0.0386
3458.00,0.0388
3457.00,0.0390
3456.00,0.0393
3455.00,0.0395
3454.00,0.0397
3453.00,0.0399
3452.00,0.0401
3451.00,0.0403
3450.00,0.0404
3449.00,0.0406
3448.00,0.0408
3447.00,0.0410
3446.00,0.0412
3445.00,0.0414
3444.00,0.0416
3443.00,0.0417
3442.00,0.0419
3441.00,0.0421
3440.00,0.0423
3439.00,0.0424
3438.00,0.0426
3437.00,0.0428
3436.00,0.0430
3435.00,0.0431
3434.00,0.0433
3433.00,0.0435
3432.00,0.0437
3431.00,0.0439
3430.00,0.0441
3429.00,0.0442
3428.00,0.0444
3427.00,0.0446
3426.00,0.0448
3425.00,0.0450
3424.00,0.0452
3423.00,0.0454
3422.00,0.0456
3421.00,0.0458
3420.00,0.0461
3419.00,0.0463
3418.00,0.0465
3417.00,0.0466
3416.00,0.0468
3415.00,0.0470
3414.00,0.0472
3413.00,0.0474
3412.00,0.0476
3411.00,0.0478
3410.00,0.0480
3409.00,0.0482
3408.00,0.0484
3407.00,0.0486
3406.00,0.0487
3405.00,0.0489
3404.00,0.0491
3403.00,0.0492
3402.00,0.0494
3401.00,0.0495
3400.00,0.0497
3399.00,0.0499
3398.00,0.0501
3397.00,0.0503
3396.00,0.0504
3395.00,0.0506
3394.00,0.0507
3393.00,0.0509
3392.00,0.0510
3391.00,0.0512
3390.00,0.0514
3389.00,0.0516
3388.00,0.0518
3387.00,0.0520
3386.00,0.0522
3385.00,0.0523
3384.00,0.0525
3383.00,0.0527
3382.00,0.0529
3381.00,0.0530
3380.00,0.0532
3379.00,0.0534
3378.00,0.0536
3377.00,0.0538
3376.00,0.0540
3375.00,0.0541
3374.00,0.0543
3373.00,0.0545
3372.00,0.0547
3371.00,0.0549
3370.00,0.0551
3369.00,0.0553
3368.00,0.0555
3367.00,0.0558
3366.00,0.0560
3365.00,0.0563
3364.00,0.0565
3363.00,0.0567
3362.00,0.0570
3361.00,0.0572
3360.00,0.0574
3359.00,0.0577
3358.00,0.0579
3357.00,0.0581
3356.00,0.0583
3355.00,0.0585
3354.00,0.0587
3353.00,0.0589
3352.00,0.0591
3351.00,0.0593
3350.00,0.0595
3349.00,0.0597
3348.00,0.0599
3347.00,0.0601
3346.00,0.0603
3345.00,0.0605
3344.00,0.0607
3343.00,0.0608
3342.00,0.0610
3341.00,0.0612
3340.00,0.0614
3339.00,0.0616
3338.00,0.0619
3337.00,0.0622
3336.00,0.0624
3335.00,0.0627
3334.00,0.0629
3333.00,0.0632
3332.00,0.0634
3331.00,0.0636
3330.00,0.0638
3329.00,0.0640
3328.00,0.0642
3327.00,0.0645
3326.00,0.0647
3325.00,0.0650
3324.00,0.0653
3323.00,0.0656
3322.00,0.0659
3321.00,0.0662
3320.00,0.0665
3319.00,0.0668
3318.00,0.0671
3317.00,0.0674
3316.00,0.0678
3315.00,0.0681
3314.00,0.0684
3313.00,0.0687
3312.00,0.0689
3311.00,0.0692
3310.00,0.0695
3309.00,0.0698
3308.00,0.0701
3307.00,0.0704
3306.00,0.0707
3305.00,0.0711
3304.00,0.0715
3303.00,0.0719
3302.00,0.0723
3301.00,0.0726
3300.00,0.0729
3299.00,0.0732
3298.00,0.0735
3297.00,0.0737
3296.00,0.0740
3295.00,0.0743
3294.00,0.0746
3293.00,0.0748
3292.00,0.0752
3291.00,0.0755
3290.00,0.0757
3289.00,0.0760
3288.00,0.0762
3287.00,0.0764
3286.00,0.0766
3285.00,0.0767
3284.00,0.0768
3283.00,0.0769
3282.00,0.0770
3281.00,0.0771
3280.00,0.0772
3279.00,0.0772
3278.00,0.0771
3277.00,0.0771
3276.00,0.0769
3275.00,0.0768
3274.00,0.0766
3273.00,0.0764
3272.00,0.0762
3271.00,0.0761
3270.00,0.0759
3269.00,0.0757
3268.00,0.0756
3267.00,0.0753
3266.00,0.0751
3265.00,0.0748
3264.00,0.0745
3263.00,0.0741
3262.00,0.0738
3261.00,0.0734
3260.00,0.0730
3259.00,0.0726
3258.00,0.0722
3257.00,0.0719
3256.00,0.0715
3255.00,0.0712
3254.00,0.0710
3253.00,0.0707
3252.00,0.0703
3251.00,0.0700
3250.00,0.0696
3249.00,0.0692
3248.00,0.0689
3247.00,0.0686
3246.00,0.0683
3245.00,0.0681
3244.00,0.0679
3243.00,0.0677
3242.00,0.0675
3241.00,0.0673
3240.00,0.0670
3239.00,0.0668
3238.00,0.0665
3237.00,0.0662
3236.00,0.0660
3235.00,0.0657
3234.00,0.0655
3233.00,0.0653
3232.00,0.0652
3231.00,0.0651
3230.00,0.0649
3229.00,0.0648
3228.00,0.0646
3227.00,0.0645
3226.00,0.0644
3225.00,0.0642
3224.00,0.0641
3223.00,0.0639
3222.00,0.0637
3221.00,0.0635
3220.00,0.0634
3219.00,0.0632
3218.00,0.0630
3217.00,0.0628
3216.00,0.0626
3215.00,0.0624
3214.00,0.0622
3213.00,0.0621
3212.00,0.0619
3211.00,0.0617
3210.00,0.0615
3209.00,0.0613
3208.00,0.0611
3207.00,0.0609
3206.00,0.0607
3205.00,0.0605
3204.00,0.0603
3203.00,0.0601
3202.00,0.0599
3201.00,0.0597
3200.00,0.0594
3199.00,0.0592
3198.00,0.0589
3197.00,0.0587
3196.00,0.0584
3195.00,0.0582
3194.00,0.0579
3193.00,0.0577
3192.00,0.0574
3191.00,0.0571
3190.00,0.0569
3189.00,0.0566
3188.00,0.0564
3187.00,0.0561
3186.00,0.0559
3185.00,0.0556
3184.00,0.0554
3183.00,0.0551
3182.00,0.0548
3181.00,0.0546
3180.00,0.0543
3179.00,0.0540
3178.00,0.0538
3177.00,0.0536
3176.00,0.0533
3175.00,0.0531
3174.00,0.0528
3173.00,0.0525
3172.00,0.0523
3171.00,0.0520
3170.00,0.0518
3169.00,0.0515
3168.00,0.0513
3167.00,0.0511
3166.00,0.0508
3165.00,0.0506
3164.00,0.0503
3163.00,0.0501
3162.00,0.0499
3161.00,0.0497
3160.00,0.0495
3159.00,0.0492
3158.00,0.0490
3157.00,0.0487
3156.00,0.0485
3155.00,0.0482
3154.00,0.0479
3153.00,0.0477
3152.00,0.0475
3151.00,0.0474
3150.00,0.0473
3149.00,0.0471
3148.00,0.0469
3147.00,0.0467
3146.00,0.0465
3145.00,0.0463
3144.00,0.0461
3143.00,0.0459
3142.00,0.0457
3141.00,0.0455
3140.00,0.0454
3139.00,0.0452
3138.00,0.0451
3137.00,0.0450
3136.00,0.0448
3135.00,0.0447
3134.00,0.0445
3133.00,0.0444
3132.00,0.0442
3131.00,0.0441
3130.00,0.0440
3129.00,0.0439
3128.00,0.0438
3127.00,0.0437
3126.00,0.0435
3125.00,0.0434
3124.00,0.0433
3123.00,0.0431
3122.00,0.0429
3121.00,0.0428
3120.00,0.0426
3119.00,0.0425
3118.00,0.0425
3117.00,0.0424
3116.00,0.0424
3115.00,0.0424
3114.00,0.0424
3113.00,0.0423
3112.00,0.0423
3111.00,0.0422
3110.00,0.0421
3109.00,0.0420
3108.00,0.0420
3107.00,0.0420
3106.00,0.0420
3105.00,0.0420
3104.00,0.0420
3103.00,0.0420
3102.00,0.0419
3101.00,0.0419
3100.00,0.0419
3099.00,0.0419
3098.00,0.0420
3097.00,0.0421
3096.00,0.0421
3095.00,0.0422
3094.00,0.0422
3093.00,0.0422
3092.00,0.0421
3091.00,0.0421
3090.00,0.0422
3089.00,0.0422
3088.00,0.0422
3087.00,0.0422
3086.00,0.0422
3085.00,0.0422
3084.00,0.0422
3083.00,0.0422
3082.00,0.0422
3081.00,0.0422
3080.00,0.0422
3079.00,0.0422
3078.00,0.0422
3077.00,0.0423
3076.00,0.0423
3075.00,0.0423
3074.00,0.0423
3073.00,0.0422
3072.00,0.0422
3071.00,0.0420
3070.00,0.0419
3069.00,0.0418
3068.00,0.0417
3067.00,0.0417
3066.00,0.0417
3065.00,0.0416
3064.00,0.0416
3063.00,0.0415
3062.00,0.0414
3061.00,0.0413
3060.00,0.0412
3059.00,0.0410
3058.00,0.0409
3057.00,0.0408
3056.00,0.0407
3055.00,0.0406
3054.00,0.0405
3053.00,0.0403
3052.00,0.0402
3051.00,0.0400
3050.00,0.0399
3049.00,0.0398
3048.00,0.0397
3047.00,0.0395
3046.00,0.0394
3045.00,0.0392
3044.00,0.0390
3043.00,0.0389
3042.00,0.0388
3041.00,0.0388
3040.00,0.0388
3039.00,0.0387
3038.00,0.0386
3037.00,0.0385
3036.00,0.0384
3035.00,0.0383
3034.00,0.0382
3033.00,0.0382
3032.00,0.0381
3031.00,0.0380
3030.00,0.0379
3029.00,0.0378
3028.00,0.0376
3027.00,0.0375
3026.00,0.0373
3025.00,0.0371
3024.00,0.0369
3023.00,0.0368
3022.00,0.0366
3021.00,0.0364
3020.00,0.0362
3019.00,0.0361
3018.00,0.0359
3017.00,0.0358
3016.00,0.0356
3015.00,0.0355
3014.00,0.0354
3013.00,0.0353
3012.00,0.0353
3011.00,0.0353
3010.00,0.0354
3009.00,0.0354
3008.00,0.0354
3007.00,0.0355
3006.00,0.0355
3005.00,0.0356
3004.00,0.0357
3003.00,0.0359
3002.00,0.0360
3001.00,0.0362
3000.00,0.0363
2999.00,0.0365
2998.00,0.0368
2997.00,0.0371
2996.00,0.0375
2995.00,0.0378
2994.00,0.0382
2993.00,0.0386
2992.00,0.0390
2991.00,0.0394
2990.00,0.0399
2989.00,0.0404
2988.00,0.0409
2987.00,0.0414
2986.00,0.0420
2985.00,0.0426
2984.00,0.0433
2983.00,0.0440
2982.00,0.0448
2981.00,0.0456
2980.00,0.0465
2979.00,0.0472
2978.00,0.0479
2977.00,0.0485
2976.00,0.0491
2975.00,0.0497
2974.00,0.0505
2973.00,0.0513
2972.00,0.0522
2971.00,0.0531
2970.00,0.0539
2969.00,0.0546
2968.00,0.0552
2967.00,0.0557
2966.00,0.0563
2965.00,0.0568
2964.00,0.0573
2963.00,0.0578
2962.00,0.0582
2961.00,0.0586
2960.00,0.0588
2959.00,0.0588
2958.00,0.0585
2957.00,0.0582
2956.00,0.0576
2955.00,0.0570
2954.00,0.0564
2953.00,0.0558
2952.00,0.0553
2951.00,0.0548
2950.00,0.0544
2949.00,0.0542
2948.00,0.0541
2947.00,0.0541
2946.00,0.0544
2945.00,0.0549
2944.00,0.0555
2943.00,0.0562
2942.00,0.0571
2941.00,0.0580
2940.00,0.0590
2939.00,0.0601
2938.00,0.0612
2937.00,0.0624
2936.00,0.0637
2935.00,0.0650
2934.00,0.0664
2933.00,0.0677
2932.00,0.0689
2931.00,0.0700
2930.00,0.0710
2929.00,0.0717
2928.00,0.0721
2927.00,0.0722
2926.00,0.0720
2925.00,0.0715
2924.00,0.0708
2923.00,0.0698
2922.00,0.0688
2921.00,0.0677
2920.00,0.0665
2919.00,0.0653
2918.00,0.0640
2917.00,0.0627
2916.00,0.0615
2915.00,0.0603
2914.00,0.0592
2913.00,0.0581
2912.00,0.0572
2911.00,0.0563
2910.00,0.0554
2909.00,0.0546
2908.00,0.0539
2907.00,0.0531
2906.00,0.0524
2905.00,0.0518
2904.00,0.0512
2903.00,0.0506
2902.00,0.0501
2901.00,0.0496
2900.00,0.0491
2899.00,0.0486
2898.00,0.0482
2897.00,0.0477
2896.00,0.0474
2895.00,0.0470
2894.00,0.0467
2893.00,0.0464
2892.00,0.0461
2891.00,0.0458
2890.00,0.0456
2889.00,0.0453
2888.00,0.0451
2887.00,0.0450
2886.00,0.0448
2885.00,0.0447
2884.00,0.0447
2883.00,0.0447
2882.00,0.0448
2881.00,0.0450
2880.00,0.0452
2879.00,0.0455
2878.00,0.0459
2877.00,0.0463
2876.00,0.0467
2875.00,0.0471
2874.00,0.0473
2873.00,0.0475
2872.00,0.0476
2871.00,0.0474
2870.00,0.0472
2869.00,0.0469
2868.00,0.0465
2867.00,0.0462
2866.00,0.0460
2865.00,0.0460
2864.00,0.0462
2863.00,0.0465
2862.00,0.0471
2861.00,0.0478
2860.00,0.0485
2859.00,0.0492
2858.00,0.0497
2857.00,0.0501
2856.00,0.0502
2855.00,0.0500
2854.00,0.0497
2853.00,0.0492
2852.00,0.0484
2851.00,0.0475
2850.00,0.0464
2849.00,0.0452
2848.00,0.0439
2847.00,0.0427
2846.00,0.0415
2845.00,0.0404
2844.00,0.0394
2843.00,0.0385
2842.00,0.0377
2841.00,0.0369
2840.00,0.0362
2839.00,0.0356
2838.00,0.0351
2837.00,0.0346
2836.00,0.0342
2835.00,0.0339
2834.00,0.0335
2833.00,0.0332
2832.00,0.0330
2831.00,0.0327
2830.00,0.0325
2829.00,0.0323
2828.00,0.0321
2827.00,0.0319
2826.00,0.0317
2825.00,0.0315
2824.00,0.0313
2823.00,0.0311
2822.00,0.0309
2821.00,0.0308
2820.00,0.0307
2819.00,0.0305
2818.00,0.0304
2817.00,0.0303
2816.00,0.0302
2815.00,0.0301
2814.00,0.0299
2813.00,0.0298
2812.00,0.0297
2811.00,0.0296
2810.00,0.0295
2809.00,0.0295
2808.00,0.0294
2807.00,0.0293
2806.00,0.0292
2805.00,0.0291
2804.00,0.0290
2803.00,0.0289
2802.00,0.0288
2801.00,0.0287
2800.00,0.0286
2799.00,0.0285
2798.00,0.0284
2797.00,0.0283
2796.00,0.0282
2795.00,0.0281
2794.00,0.0280
2793.00,0.0279
2792.00,0.0278
2791.00,0.0277
2790.00,0.0276
2789.00,0.0275
2788.00,0.0274
2787.00,0.0273
2786.00,0.0272
2785.00,0.0271
2784.00,0.0271
2783.00,0.0270
2782.00,0.0269
2781.00,0.0268
2780.00,0.0267
2779.00,0.0266
2778.00,0.0265
2777.00,0.0264
2776.00,0.0263
2775.00,0.0263
2774.00,0.0262
2773.00,0.0261
2772.00,0.0261
2771.00,0.0260
2770.00,0.0260
2769.00,0.0259
2768.00,0.0258
2767.00,0.0258
2766.00,0.0257
2765.00,0.0257
2764.00,0.0256
2763.00,0.0256
2762.00,0.0255
2761.00,0.0255
2760.00,0.0254
2759.00,0.0254
2758.00,0.0254
2757.00,0.0253
2756.00,0.0253
2755.00,0.0253
2754.00,0.0253
2753.00,0.0253
2752.00,0.0252
2751.00,0.0252
2750.00,0.0252
2749.00,0.0252
2748.00,0.0252
2747.00,0.0251
2746.00,0.0251
2745.00,0.0251
2744.00,0.0251
2743.00,0.0251
2742.00,0.0251
2741.00,0.0251
2740.00,0.0251
2739.00,0.0251
2738.00,0.0251
2737.00,0.0252
2736.00,0.0252
2735.00,0.0252
2734.00,0.0252
2733.00,0.0252
2732.00,0.0252
2731.00,0.0252
2730.00,0.0252
2729.00,0.0251
2728.00,0.0251
2727.00,0.0250
2726.00,0.0250
2725.00,0.0249
2724.00,0.0249
2723.00,0.0249
2722.00,0.0248
2721.00,0.0248
2720.00,0.0247
2719.00,0.0247
2718.00,0.0246
2717.00,0.0246
2716.00,0.0245
2715.00,0.0245
2714.00,0.0244
2713.00,0.0244
2712.00,0.0243
2711.00,0.0243
2710.00,0.0243
2709.00,0.0242
2708.00,0.0242
2707.00,0.0241
2706.00,0.0241
2705.00,0.0241
2704.00,0.0240
2703.00,0.0239
2702.00,0.0239
2701.00,0.0238
2700.00,0.0238
2699.00,0.0238
2698.00,0.0238
2697.00,0.0237
2696.00,0.0237
2695.00,0.0237
2694.00,0.0236
2693.00,0.0236
2692.00,0.0235
2691.00,0.0235
2690.00,0.0235
2689.00,0.0234
2688.00,0.0234
2687.00,0.0233
2686.00,0.0233
2685.00,0.0232
2684.00,0.0232
2683.00,0.0231
2682.00,0.0231
2681.00,0.0230
2680.00,0.0230
2679.00,0.0229
2678.00,0.0229
2677.00,0.0229
2676.00,0.0229
2675.00,0.0228
2674.00,0.0228
2673.00,0.0228
2672.00,0.0228
2671.00,0.0228
2670.00,0.0227
2669.00,0.0227
2668.00,0.0227
2667.00,0.0227
2666.00,0.0227
2665.00,0.0227
2664.00,0.0228
2663.00,0.0228
2662.00,0.0228
2661.00,0.0228
2660.00,0.0228
2659.00,0.0227
2658.00,0.0227
2657.00,0.0227
2656.00,0.0227
2655.00,0.0226
2654.00,0.0226
2653.00,0.0226
2652.00,0.0225
2651.00,0.0225
2650.00,0.0225
2649.00,0.0225
2648.00,0.0224
2647.00,0.0224
2646.00,0.0223
2645.00,0.0223
2644.00,0.0222
2643.00,0.0222
2642.00,0.0221
2641.00,0.0221
2640.00,0.0221
2639.00,0.0220
2638.00,0.0220
2637.00,0.0219
2636.00,0.0219
2635.00,0.0219
2634.00,0.0218
2633.00,0.0218
2632.00,0.0218
2631.00,0.0217
2630.00,0.0217
2629.00,0.0216
2628.00,0.0215
2627.00,0.0215
2626.00,0.0214
2625.00,0.0214
2624.00,0.0214
2623.00,0.0214
2622.00,0.0214
2621.00,0.0214
2620.00,0.0213
2619.00,0.0213
2618.00,0.0213
2617.00,0.0212
2616.00,0.0212
2615.00,0.0211
2614.00,0.0211
2613.00,0.0211
2612.00,0.0210
2611.00,0.0210
2610.00,0.0210
2609.00,0.0210
2608.00,0.0210
2607.00,0.0209
2606.00,0.0209
2605.00,0.0209
2604.00,0.0209
2603.00,0.0209
2602.00,0.0209
2601.00,0.0209
2600.00,0.0209
2599.00,0.0208
2598.00,0.0208
2597.00,0.0207
2596.00,0.0207
2595.00,0.0207
2594.00,0.0207
2593.00,0.0207
2592.00,0.0207
2591.00,0.0207
2590.00,0.0207
2589.00,0.0206
2588.00,0.0206
2587.00,0.0205
2586.00,0.0205
2585.00,0.0205
2584.00,0.0205
2583.00,0.0205
2582.00,0.0205
2581.00,0.0205
2580.00,0.0204
2579.00,0.0204
2578.00,0.0204
2577.00,0.0204
2576.00,0.0203
2575.00,0.0203
2574.00,0.0202
2573.00,0.0202
2572.00,0.0202
2571.00,0.0202
2570.00,0.0202
2569.00,0.0202
2568.00,0.0202
2567.00,0.0202
2566.00,0.0202
2565.00,0.0202
2564.00,0.0201
2563.00,0.0201
2562.00,0.0201
2561.00,0.0201
2560.00,0.0201
2559.00,0.0201
2558.00,0.0200
2557.00,0.0200
2556.00,0.0201
2555.00,0.0200
2554.00,0.0200
2553.00,0.0200
2552.00,0.0200
2551.00,0.0200
2550.00,0.0199
2549.00,0.0199
2548.00,0.0199
2547.00,0.0198
2546.00,0.0198
2545.00,0.0198
2544.00,0.0198
2543.00,0.0198
2542.00,0.0199
2541.00,0.0199
2540.00,0.0199
2539.00,0.0198
2538.00,0.0198
2537.00,0.0198
2536.00,0.0198
2535.00,0.0198
2534.00,0.0198
2533.00,0.0198
2532.00,0.0198
2531.00,0.0198
2530.00,0.0197
2529.00,0.0196
2528.00,0.0196
2527.00,0.0196
2526.00,0.0195
2525.00,0.0195
2524.00,0.0195
2523.00,0.0195
2522.00,0.0194
2521.00,0.0194
2520.00,0.0194
2519.00,0.0193
2518.00,0.0193
2517.00,0.0193
2516.00,0.0193
2515.00,0.0192
2514.00,0.0192
2513.00,0.0192
2512.00,0.0192
2511.00,0.0192
2510.00,0.0191
2509.00,0.0191
2508.00,0.0191
2507.00,0.0190
2506.00,0.0190
2505.00,0.0189
2504.00,0.0188
2503.00,0.0188
2502.00,0.0187
2501.00,0.0186
2500.00,0.0186
2499.00,0.0186
2498.00,0.0185
2497.00,0.0185
2496.00,0.0185
2495.00,0.0184
2494.00,0.0184
2493.00,0.0183
2492.00,0.0182
2491.00,0.0182
2490.00,0.0181
2489.00,0.0181
2488.00,0.0181
2487.00,0.0180
2486.00,0.0180
2485.00,0.0179
2484.00,0.0179
2483.00,0.0178
2482.00,0.0178
2481.00,0.0177
2480.00,0.0177
2479.00,0.0176
2478.00,0.0176
2477.00,0.0175
2476.00,0.0175
2475.00,0.0175
2474.00,0.0174
2473.00,0.0174
2472.00,0.0173
2471.00,0.0173
2470.00,0.0172
2469.00,0.0172
2468.00,0.0172
2467.00,0.0171
2466.00,0.0171
2465.00,0.0171
2464.00,0.0170
2463.00,0.0170
2462.00,0.0170
2461.00,0.0170
2460.00,0.0170
2459.00,0.0170
2458.00,0.0169
2457.00,0.0169
2456.00,0.0168
2455.00,0.0168
2454.00,0.0168
2453.00,0.0168
2452.00,0.0167
2451.00,0.0167
2450.00,0.0166
2449.00,0.0165
2448.00,0.0165
2447.00,0.0164
2446.00,0.0163
2445.00,0.0163
2444.00,0.0162
2443.00,0.0162
2442.00,0.0161
2441.00,0.0161
2440.00,0.0160
2439.00,0.0160
2438.00,0.0159
2437.00,0.0159
2436.00,0.0159
2435.00,0.0158
2434.00,0.0158
2433.00,0.0157
2432.00,0.0157
2431.00,0.0156
2430.00,0.0156
2429.00,0.0155
2428.00,0.0155
2427.00,0.0154
2426.00,0.0154
2425.00,0.0153
2424.00,0.0153
2423.00,0.0152
2422.00,0.0152
2421.00,0.0151
2420.00,0.0151
2419.00,0.0150
2418.00,0.0150
2417.00,0.0150
2416.00,0.0150
2415.00,0.0150
2414.00,0.0150
2413.00,0.0150
2412.00,0.0150
2411.00,0.0150
2410.00,0.0149
2409.00,0.0148
2408.00,0.0147
2407.00,0.0146
2406.00,0.0145
2405.00,0.0145
2404.00,0.0145
2403.00,0.0145
2402.00,0.0144
2401.00,0.0143
2400.00,0.0143
2399.00,0.0143
2398.00,0.0142
2397.00,0.0142
2396.00,0.0142
2395.00,0.0141
2394.00,0.0141
2393.00,0.0141
2392.00,0.0141
2391.00,0.0140
2390.00,0.0140
2389.00,0.0139
2388.00,0.0138
2387.00,0.0138
2386.00,0.0137
2385.00,0.0136
2384.00,0.0135
2383.00,0.0134
2382.00,0.0133
2381.00,0.0132
2380.00,0.0132
2379.00,0.0132
2378.00,0.0132
2377.00,0.0132
2376.00,0.0132
2375.00,0.0132
2374.00,0.0131
2373.00,0.0131
2372.00,0.0130
2371.00,0.0130
2370.00,0.0130
2369.00,0.0129
2368.00,0.0129
2367.00,0.0129
2366.00,0.0128
2365.00,0.0127
2364.00,0.0127
2363.00,0.0127
2362.00,0.0128
2361.00,0.0128
2360.00,0.0128
2359.00,0.0127
2358.00,0.0127
2357.00,0.0127
2356.00,0.0127
2355.00,0.0126
2354.00,0.0125
2353.00,0.0125
2352.00,0.0125
2351.00,0.0125
2350.00,0.0125
2349.00,0.0126
2348.00,0.0127
2347.00,0.0127
2346.00,0.0126
2345.00,0.0126
2344.00,0.0126
2343.00,0.0126
2342.00,0.0126
2341.00,0.0126
2340.00,0.0127
2339.00,0.0127
2338.00,0.0126
2337.00,0.0126
2336.00,0.0126
2335.00,0.0126
2334.00,0.0125
2333.00,0.0125
2332.00,0.0124
2331.00,0.0124
2330.00,0.0124
2329.00,0.0125
2328.00,0.0128
2327.00,0.0132
2326.00,0.0135
2325.00,0.0136
2324.00,0.0135
2323.00,0.0132
2322.00,0.0130
2321.00,0.0128
2320.00,0.0127
2319.00,0.0126
2318.00,0.0126
2317.00,0.0125
2316.00,0.0124
2315.00,0.0123
2314.00,0.0122
2313.00,0.0121
2312.00,0.0120
2311.00,0.0120
2310.00,0.0120
2309.00,0.0119
2308.00,0.0119
2307.00,0.0119
2306.00,0.0120
2305.00,0.0120
2304.00,0.0120
2303.00,0.0120
2302.00,0.0120
2301.00,0.0120
2300.00,0.0121
2299.00,0.0121
2298.00,0.0121
2297.00,0.0121
2296.00,0.0121
2295.00,0.0122
2294.00,0.0123
2293.00,0.0124
2292.00,0.0124
2291.00,0.0125
2290.00,0.0125
2289.00,0.0125
2288.00,0.0126
2287.00,0.0125
2286.00,0.0125
2285.00,0.0124
2284.00,0.0123
2283.00,0.0122
2282.00,0.0121
2281.00,0.0120
2280.00,0.0120
2279.00,0.0120
2278.00,0.0119
2277.00,0.0118
2276.00,0.0117
2275.00,0.0117
2274.00,0.0117
2273.00,0.0116
2272.00,0.0116
2271.00,0.0116
2270.00,0.0115
2269.00,0.0114
2268.00,0.0113
2267.00,0.0111
2266.00,0.0110
2265.00,0.0110
2264.00,0.0111
2263.00,0.0111
2262.00,0.0111
2261.00,0.0112
2260.00,0.0112
2259.00,0.0111
2258.00,0.0111
2257.00,0.0110
2256.00,0.0109
2255.00,0.0108
2254.00,0.0108
2253.00,0.0108
2252.00,0.0108
2251.00,0.0108
2250.00,0.0108
2249.00,0.0108
2248.00,0.0108
2247.00,0.0108
2246.00,0.0107
2245.00,0.0107
2244.00,0.0108
2243.00,0.0108
2242.00,0.0109
2241.00,0.0109
2240.00,0.0110
2239.00,0.0109
2238.00,0.0109
2237.00,0.0108
2236.00,0.0108
2235.00,0.0106
2234.00,0.0104
2233.00,0.0103
2232.00,0.0103
2231.00,0.0104
2230.00,0.0105
2229.00,0.0106
2228.00,0.0106
2227.00,0.0106
2226.00,0.0105
2225.00,0.0105
2224.00,0.0105
2223.00,0.0105
2222.00,0.0104
2221.00,0.0104
2220.00,0.0103
2219.00,0.0103
2218.00,0.0103
2217.00,0.0103
2216.00,0.0104
2215.00,0.0104
2214.00,0.0104
2213.00,0.0103
2212.00,0.0103
2211.00,0.0103
2210.00,0.0102
2209.00,0.0101
2208.00,0.0102
2207.00,0.0102
2206.00,0.0102
2205.00,0.0103
2204.00,0.0103
2203.00,0.0102
2202.00,0.0101
2201.00,0.0100
2200.00,0.0100
2199.00,0.0101
2198.00,0.0103
2197.00,0.0105
2196.00,0.0106
2195.00,0.0105
2194.00,0.0104
2193.00,0.0102
2192.00,0.0103
2191.00,0.0104
2190.00,0.0105
2189.00,0.0106
2188.00,0.0106
2187.00,0.0105
2186.00,0.0102
2185.00,0.0099
2184.00,0.0096
2183.00,0.0095
2182.00,0.0094
2181.00,0.0096
2180.00,0.0098
2179.00,0.0098
2178.00,0.0096
2177.00,0.0094
2176.00,0.0093
2175.00,0.0093
2174.00,0.0094
2173.00,0.0096
2172.00,0.0098
2171.00,0.0101
2170.00,0.0103
2169.00,0.0106
2168.00,0.0108
2167.00,0.0108
2166.00,0.0108
2165.00,0.0108
2164.00,0.0109
2163.00,0.0108
2162.00,0.0101
2161.00,0.0088
2160.00,0.0073
2159.00,0.0061
2158.00,0.0056
2157.00,0.0059
2156.00,0.0064
2155.00,0.0069
2154.00,0.0071
2153.00,0.0073
2152.00,0.0076
2151.00,0.0078
2150.00,0.0079
2149.00,0.0078
2148.00,0.0078
2147.00,0.0076
2146.00,0.0075
2145.00,0.0075
2144.00,0.0077
2143.00,0.0078
2142.00,0.0080
2141.00,0.0081
2140.00,0.0082
2139.00,0.0081
2138.00,0.0079
2137.00,0.0077
2136.00,0.0075
2135.00,0.0075
2134.00,0.0075
2133.00,0.0077
2132.00,0.0079
2131.00,0.0081
2130.00,0.0084
2129.00,0.0086
2128.00,0.0087
2127.00,0.0088
2126.00,0.0089
2125.00,0.0090
2124.00,0.0091
2123.00,0.0092
2122.00,0.0093
2121.00,0.0094
2120.00,0.0095
2119.00,0.0096
2118.00,0.0097
2117.00,0.0098
2116.00,0.0099
2115.00,0.0100
2114.00,0.0100
2113.00,0.0099
2112.00,0.0099
2111.00,0.0099
2110.00,0.0098
2109.00,0.0098
2108.00,0.0099
2107.00,0.0100
2106.00,0.0100
2105.00,0.0100
2104.00,0.0100
2103.00,0.0100
2102.00,0.0099
2101.00,0.0099
2100.00,0.0099
2099.00,0.0099
2098.00,0.0097
2097.00,0.0096
2096.00,0.0095
2095.00,0.0095
2094.00,0.0095
2093.00,0.0096
2092.00,0.0097
2091.00,0.0098
2090.00,0.0099
2089.00,0.0101
2088.00,0.0102
2087.00,0.0103
2086.00,0.0103
2085.00,0.0103
2084.00,0.0104
2083.00,0.0105
2082.00,0.0105
2081.00,0.0105
2080.00,0.0105
2079.00,0.0105
2078.00,0.0105
2077.00,0.0105
2076.00,0.0105
2075.00,0.0105
2074.00,0.0104
2073.00,0.0103
2072.00,0.0104
2071.00,0.0104
2070.00,0.0104
2069.00,0.0104
2068.00,0.0104
2067.00,0.0103
2066.00,0.0102
2065.00,0.0101
2064.00,0.0100
2063.00,0.0100
2062.00,0.0100
2061.00,0.0100
2060.00,0.0101
2059.00,0.0101
2058.00,0.0101
2057.00,0.0102
2056.00,0.0102
2055.00,0.0104
2054.00,0.0106
2053.00,0.0110
2052.00,0.0113
2051.00,0.0113
2050.00,0.0109
2049.00,0.0104
2048.00,0.0102
2047.00,0.0101
2046.00,0.0101
2045.00,0.0101
2044.00,0.0102
2043.00,0.0101
2042.00,0.0099
2041.00,0.0098
2040.00,0.0098
2039.00,0.0099
2038.00,0.0100
2037.00,0.0101
2036.00,0.0101
2035.00,0.0100
2034.00,0.0097
2033.00,0.0096
2032.00,0.0097
2031.00,0.0098
2030.00,0.0098
2029.00,0.0096
2028.00,0.0094
2027.00,0.0091
2026.00,0.0089
2025.00,0.0090
2024.00,0.0092
2023.00,0.0094
2022.00,0.0095
2021.00,0.0095
2020.00,0.0095
2019.00,0.0095
2018.00,0.0094
2017.00,0.0095
2016.00,0.0097
2015.00,0.0098
2014.00,0.0098
2013.00,0.0098
2012.00,0.0099
2011.00,0.0099
2010.00,0.0097
2009.00,0.0094
2008.00,0.0092
2007.00,0.0089
2006.00,0.0088
2005.00,0.0089
2004.00,0.0091
2003.00,0.0092
2002.00,0.0092
2001.00,0.0093
2000.00,0.0096
1999.00,0.0098
1998.00,0.0099
1997.00,0.0099
1996.00,0.0100
1995.00,0.0100
1994.00,0.0100
1993.00,0.0100
1992.00,0.0101
1991.00,0.0101
1990.00,0.0102
1989.00,0.0103
1988.00,0.0106
1987.00,0.0107
1986.00,0.0107
1985.00,0.0108
1984.00,0.0111
1983.00,0.0115
1982.00,0.0118
1981.00,0.0118
1980.00,0.0115
1979.00,0.0108
1978.00,0.0100
1977.00,0.0096
1976.00,0.0097
1975.00,0.0098
1974.00,0.0098
1973.00,0.0098
1972.00,0.0098
1971.00,0.0097
1970.00,0.0095
1969.00,0.0095
1968.00,0.0095
1967.00,0.0095
1966.00,0.0095
1965.00,0.0096
1964.00,0.0098
1963.00,0.0099
1962.00,0.0098
1961.00,0.0097
1960.00,0.0097
1959.00,0.0097
1958.00,0.0097
1957.00,0.0099
1956.00,0.0101
1955.00,0.0101
1954.00,0.0101
1953.00,0.0101
1952.00,0.0103
1951.00,0.0103
1950.00,0.0104
1949.00,0.0104
1948.00,0.0105
1947.00,0.0104
1946.00,0.0103
1945.00,0.0102
1944.00,0.0102
1943.00,0.0102
1942.00,0.0102
1941.00,0.0103
1940.00,0.0105
1939.00,0.0105
1938.00,0.0105
1937.00,0.0105
1936.00,0.0106
1935.00,0.0108
1934.00,0.0108
1933.00,0.0109
1932.00,0.0109
1931.00,0.0109
1930.00,0.0109
1929.00,0.0109
1928.00,0.0110
1927.00,0.0110
1926.00,0.0109
1925.00,0.0107
1924.00,0.0107
1923.00,0.0106
1922.00,0.0106
1921.00,0.0108
1920.00,0.0110
1919.00,0.0112
1918.00,0.0111
1917.00,0.0110
1916.00,0.0110
1915.00,0.0110
1914.00,0.0111
1913.00,0.0112
1912.00,0.0112
1911.00,0.0112
1910.00,0.0112
1909.00,0.0112
1908.00,0.0113
1907.00,0.0113
1906.00,0.0114
1905.00,0.0114
1904.00,0.0115
1903.00,0.0115
1902.00,0.0114
1901.00,0.0114
1900.00,0.0114
1899.00,0.0114
1898.00,0.0113
1897.00,0.0112
1896.00,0.0111
1895.00,0.0110
1894.00,0.0110
1893.00,0.0110
1892.00,0.0111
1891.00,0.0110
1890.00,0.0109
1889.00,0.0108
1888.00,0.0108
1887.00,0.0109
1886.00,0.0109
1885.00,0.0109
1884.00,0.0110
1883.00,0.0110
1882.00,0.0109
1881.00,0.0109
1880.00,0.0109
1879.00,0.0109
1878.00,0.0109
1877.00,0.0109
1876.00,0.0109
1875.00,0.0108
1874.00,0.0107
1873.00,0.0106
1872.00,0.0106
1871.00,0.0105
1870.00,0.0102
1869.00,0.0097
1868.00,0.0095
1867.00,0.0095
1866.00,0.0097
1865.00,0.0101
1864.00,0.0104
1863.00,0.0106
1862.00,0.0106
1861.00,0.0106
1860.00,0.0105
1859.00,0.0105
1858.00,0.0105
1857.00,0.0105
1856.00,0.0105
1855.00,0.0105
1854.00,0.0105
1853.00,0.0105
1852.00,0.0104
1851.00,0.0104
1850.00,0.0103
1849.00,0.0101
1848.00,0.0101
1847.00,0.0102
1846.00,0.0104
1845.00,0.0104
1844.00,0.0102
1843.00,0.0099
1842.00,0.0098
1841.00,0.0099
1840.00,0.0101
1839.00,0.0102
1838.00,0.0101
1837.00,0.0101
1836.00,0.0101
1835.00,0.0101
1834.00,0.0101
1833.00,0.0101
1832.00,0.0101
1831.00,0.0099
1830.00,0.0095
1829.00,0.0093
1828.00,0.0094
1827.00,0.0096
1826.00,0.0099
1825.00,0.0099
1824.00,0.0099
1823.00,0.0100
1822.00,0.0101
1821.00,0.0102
1820.00,0.0102
1819.00,0.0102
1818.00,0.0101
1817.00,0.0101
1816.00,0.0101
1815.00,0.0101
1814.00,0.0101
1813.00,0.0100
1812.00,0.0099
1811.00,0.0098
1810.00,0.0098
1809.00,0.0099
1808.00,0.0101
1807.00,0.0103
1806.00,0.0104
1805.00,0.0105
1804.00,0.0106
1803.00,0.0105
1802.00,0.0104
1801.00,0.0103
1800.00,0.0103
1799.00,0.0103
1798.00,0.0103
1797.00,0.0103
1796.00,0.0104
1795.00,0.0106
1794.00,0.0108
1793.00,0.0108
1792.00,0.0107
1791.00,0.0106
1790.00,0.0107
1789.00,0.0109
1788.00,0.0113
1787.00,0.0116
1786.00,0.0117
1785.00,0.0117
1784.00,0.0116
1783.00,0.0114
1782.00,0.0113
1781.00,0.0113
1780.00,0.0113
1779.00,0.0114
1778.00,0.0116
1777.00,0.0117
1776.00,0.0117
1775.00,0.0118
1774.00,0.0118
1773.00,0.0117
1772.00,0.0116
1771.00,0.0119
1770.00,0.0124
1769.00,0.0132
1768.00,0.0138
1767.00,0.0141
1766.00,0.0142
1765.00,0.0146
1764.00,0.0151
1763.00,0.0156
1762.00,0.0159
1761.00,0.0161
1760.00,0.0165
1759.00,0.0170
1758.00,0.0178
1757.00,0.0185
1756.00,0.0191
1755.00,0.0197
1754.00,0.0204
1753.00,0.0212
1752.00,0.0219
1751.00,0.0223
1750.00,0.0226
1749.00,0.0233
1748.00,0.0244
1747.00,0.0258
1746.00,0.0271
1745.00,0.0285
1744.00,0.0299
1743.00,0.0313
1742.00,0.0327
1741.00,0.0343
1740.00,0.0359
1739.00,0.0373
1738.00,0.0384
1737.00,0.0398
1736.00,0.0415
1735.00,0.0431
1734.00,0.0443
1733.00,0.0454
1732.00,0.0468
1731.00,0.0484
1730.00,0.0503
1729.00,0.0522
1728.00,0.0540
1727.00,0.0556
1726.00,0.0570
1725.00,0.0583
1724.00,0.0596
1723.00,0.0607
1722.00,0.0618
1721.00,0.0628
1720.00,0.0637
1719.00,0.0642
1718.00,0.0643
1717.00,0.0648
1716.00,0.0660
1715.00,0.0674
1714.00,0.0686
1713.00,0.0696
1712.00,0.0704
1711.00,0.0711
1710.00,0.0716
1709.00,0.0721
1708.00,0.0726
1707.00,0.0731
1706.00,0.0735
1705.00,0.0742
1704.00,0.0752
1703.00,0.0766
1702.00,0.0785
1701.00,0.0805
1700.00,0.0817
1699.00,0.0822
1698.00,0.0829
1697.00,0.0846
1696.00,0.0871
1695.00,0.0895
1694.00,0.0909
1693.00,0.0920
1692.00,0.0931
1691.00,0.0942
1690.00,0.0951
1689.00,0.0960
1688.00,0.0970
1687.00,0.0980
1686.00,0.0992
1685.00,0.1007
1684.00,0.1031
1683.00,0.1056
1682.00,0.1076
1681.00,0.1095
1680.00,0.1115
1679.00,0.1136
1678.00,0.1157
1677.00,0.1180
1676.00,0.1205
1675.00,0.1228
1674.00,0.1246
1673.00,0.1261
1672.00,0.1279
1671.00,0.1301
1670.00,0.1327
1669.00,0.1358
1668.00,0.1388
1667.00,0.1413
1666.00,0.1434
1665.00,0.1456
1664.00,0.1481
1663.00,0.1508
1662.00,0.1535
1661.00,0.1561
1660.00,0.1585
1659.00,0.1606
1658.00,0.1624
1657.00,0.1638
1656.00,0.1651
1655.00,0.1663
1654.00,0.1676
1653.00,0.1697
1652.00,0.1715
1651.00,0.1719
1650.00,0.1720
1649.00,0.1721
1648.00,0.1722
1647.00,0.1728
1646.00,0.1737
1645.00,0.1744
1644.00,0.1749
1643.00,0.1753
1642.00,0.1755
1641.00,0.1757
1640.00,0.1760
1639.00,0.1761
1638.00,0.1763
1637.00,0.1770
1636.00,0.1789
1635.00,0.1816
1634.00,0.1838
1633.00,0.1856
1632.00,0.1876
1631.00,0.1898
1630.00,0.1923
1629.00,0.1952
1628.00,0.1987
1627.00,0.2024
1626.00,0.2056
1625.00,0.2084
1624.00,0.2108
1623.00,0.2128
1622.00,0.2138
1621.00,0.2135
1620.00,0.2123
1619.00,0.2101
1618.00,0.2066
1617.00,0.2017
1616.00,0.1966
1615.00,0.1923
1614.00,0.1888
1613.00,0.1854
1612.00,0.1819
1611.00,0.1781
1610.00,0.1741
1609.00,0.1698
1608.00,0.1655
1607.00,0.1612
1606.00,0.1570
1605.00,0.1529
1604.00,0.1489
1603.00,0.1452
1602.00,0.1418
1601.00,0.1387
1600.00,0.1360
1599.00,0.1335
1598.00,0.1313
1597.00,0.1293
1596.00,0.1274
1595.00,0.1258
1594.00,0.1247
1593.00,0.1240
1592.00,0.1237
1591.00,0.1237
1590.00,0.1242
1589.00,0.1251
1588.00,0.1260
1587.00,0.1271
1586.00,0.1281
1585.00,0.1288
1584.00,0.1292
1583.00,0.1293
1582.00,0.1292
1581.00,0.1286
1580.00,0.1278
1579.00,0.1267
1578.00,0.1253
1577.00,0.1238
1576.00,0.1223
1575.00,0.1213
1574.00,0.1208
1573.00,0.1205
1572.00,0.1202
1571.00,0.1198
1570.00,0.1194
1569.00,0.1192
1568.00,0.1193
1567.00,0.1194
1566.00,0.1197
1565.00,0.1199
1564.00,0.1199
1563.00,0.1201
1562.00,0.1205
1561.00,0.1211
1560.00,0.1210
1559.00,0.1218
1558.00,0.1242
1557.00,0.1261
1556.00,0.1275
1555.00,0.1292
1554.00,0.1311
1553.00,0.1328
1552.00,0.1342
1551.00,0.1357
1550.00,0.1374
1549.00,0.1390
1548.00,0.1404
1547.00,0.1415
1546.00,0.1423
1545.00,0.1427
1544.00,0.1429
1543.00,0.1431
1542.00,0.1432
1541.00,0.1434
1540.00,0.1446
1539.00,0.1465
1538.00,0.1478
1537.00,0.1485
1536.00,0.1490
1535.00,0.1493
1534.00,0.1496
1533.00,0.1499
1532.00,0.1501
1531.00,0.1502
1530.00,0.1501
1529.00,0.1499
1528.00,0.1495
1527.00,0.1491
1526.00,0.1487
1525.00,0.1482
1524.00,0.1476
1523.00,0.1471
1522.00,0.1469
1521.00,0.1472
1520.00,0.1475
1519.00,0.1476
1518.00,0.1476
1517.00,0.1476
1516.00,0.1475
1515.00,0.1471
1514.00,0.1461
1513.00,0.1445
1512.00,0.1422
1511.00,0.1394
1510.00,0.1364
1509.00,0.1331
1508.00,0.1293
1507.00,0.1258
1506.00,0.1233
1505.00,0.1211
1504.00,0.1190
1503.00,0.1172
1502.00,0.1155
1501.00,0.1139
1500.00,0.1124
1499.00,0.1113
1498.00,0.1104
1497.00,0.1097
1496.00,0.1085
1495.00,0.1069
1494.00,0.1047
1493.00,0.1023
1492.00,0.0995
1491.00,0.0962
1490.00,0.0927
1489.00,0.0899
1488.00,0.0880
1487.00,0.0867
1486.00,0.0855
1485.00,0.0844
1484.00,0.0834
1483.00,0.0825
1482.00,0.0817
1481.00,0.0811
1480.00,0.0808
1479.00,0.0808
1478.00,0.0809
1477.00,0.0810
1476.00,0.0812
1475.00,0.0817
1474.00,0.0825
1473.00,0.0841
1472.00,0.0865
1471.00,0.0890
1470.00,0.0914
1469.00,0.0936
1468.00,0.0958
1467.00,0.0978
1466.00,0.0992
1465.00,0.1001
1464.00,0.1006
1463.00,0.1009
1462.00,0.1012
1461.00,0.1016
1460.00,0.1020
1459.00,0.1025
1458.00,0.1032
1457.00,0.1043
1456.00,0.1052
1455.00,0.1056
1454.00,0.1058
1453.00,0.1061
1452.00,0.1065
1451.00,0.1068
1450.00,0.1072
1449.00,0.1075
1448.00,0.1079
1447.00,0.1082
1446.00,0.1086
1445.00,0.1091
1444.00,0.1095
1443.00,0.1099
1442.00,0.1102
1441.00,0.1103
1440.00,0.1104
1439.00,0.1106
1438.00,0.1107
1437.00,0.1104
1436.00,0.1099
1435.00,0.1094
1434.00,0.1092
1433.00,0.1093
1432.00,0.1097
1431.00,0.1099
1430.00,0.1102
1429.00,0.1105
1428.00,0.1105
1427.00,0.1103
1426.00,0.1097
1425.00,0.1087
1424.00,0.1075
1423.00,0.1064
1422.00,0.1055
1421.00,0.1045
1420.00,0.1031
1419.00,0.1014
1418.00,0.0998
1417.00,0.0988
1416.00,0.0982
1415.00,0.0978
1414.00,0.0974
1413.00,0.0971
1412.00,0.0969
1411.00,0.0970
1410.00,0.0973
1409.00,0.0978
1408.00,0.0985
1407.00,0.0993
1406.00,0.1005
1405.00,0.1018
1404.00,0.1033
1403.00,0.1046
1402.00,0.1056
1401.00,0.1062
1400.00,0.1063
1399.00,0.1060
1398.00,0.1053
1397.00,0.1045
1396.00,0.1035
1395.00,0.1025
1394.00,0.1016
1393.00,0.1008
1392.00,0.1002
1391.00,0.0999
1390.00,0.1001
1389.00,0.1008
1388.00,0.1019
1387.00,0.1031
1386.00,0.1039
1385.00,0.1042
1384.00,0.1040
1383.00,0.1037
1382.00,0.1035
1381.00,0.1033
1380.00,0.1032
1379.00,0.1031
1378.00,0.1028
1377.00,0.1023
1376.00,0.1015
1375.00,0.1006
1374.00,0.0997
1373.00,0.0991
1372.00,0.0986
1371.00,0.0983
1370.00,0.0982
1369.00,0.0983
1368.00,0.0987
1367.00,0.0992
1366.00,0.0998
1365.00,0.1000
1364.00,0.0999
1363.00,0.1001
1362.00,0.1009
1361.00,0.1021
1360.00,0.1029
1359.00,0.1029
1358.00,0.1022
1357.00,0.1010
1356.00,0.0998
1355.00,0.0990
1354.00,0.0985
1353.00,0.0982
1352.00,0.0981
1351.00,0.0981
1350.00,0.0982
1349.00,0.0983
1348.00,0.0985
1347.00,0.0985
1346.00,0.0984
1345.00,0.0981
1344.00,0.0975
1343.00,0.0968
1342.00,0.0959
1341.00,0.0948
1340.00,0.0938
1339.00,0.0930
1338.00,0.0925
1337.00,0.0922
1336.00,0.0919
1335.00,0.0917
1334.00,0.0916
1333.00,0.0916
1332.00,0.0915
1331.00,0.0913
1330.00,0.0912
1329.00,0.0909
1328.00,0.0905
1327.00,0.0901
1326.00,0.0897
1325.00,0.0893
1324.00,0.0888
1323.00,0.0885
1322.00,0.0882
1321.00,0.0879
1320.00,0.0876
1319.00,0.0873
1318.00,0.0869
1317.00,0.0866
1316.00,0.0861
1315.00,0.0856
1314.00,0.0851
1313.00,0.0847
1312.00,0.0844
1311.00,0.0843
1310.00,0.0844
1309.00,0.0846
1308.00,0.0850
1307.00,0.0856
1306.00,0.0865
1305.00,0.0877
1304.00,0.0891
1303.00,0.0906
1302.00,0.0920
1301.00,0.0929
1300.00,0.0934
1299.00,0.0935
1298.00,0.0935
1297.00,0.0935
1296.00,0.0938
1295.00,0.0941
1294.00,0.0945
1293.00,0.0948
1292.00,0.0949
1291.00,0.0949
1290.00,0.0951
1289.00,0.0954
1288.00,0.0960
1287.00,0.0970
1286.00,0.0981
1285.00,0.0993
1284.00,0.1002
1283.00,0.1008
1282.00,0.1011
1281.00,0.1008
1280.00,0.1002
1279.00,0.0994
1278.00,0.0986
1277.00,0.0978
1276.00,0.0971
1275.00,0.0965
1274.00,0.0960
1273.00,0.0956
1272.00,0.0953
1271.00,0.0952
1270.00,0.0951
1269.00,0.0952
1268.00,0.0953
1267.00,0.0955
1266.00,0.0957
1265.00,0.0960
1264.00,0.0962
1263.00,0.0964
1262.00,0.0966
1261.00,0.0969
1260.00,0.0972
1259.00,0.0976
1258.00,0.0981
1257.00,0.0986
1256.00,0.0992
1255.00,0.0998
1254.00,0.1005
1253.00,0.1013
1252.00,0.1021
1251.00,0.1031
1250.00,0.1041
1249.00,0.1053
1248.00,0.1066
1247.00,0.1081
1246.00,0.1097
1245.00,0.1113
1244.00,0.1128
1243.00,0.1142
1242.00,0.1155
1241.00,0.1167
1240.00,0.1179
1239.00,0.1193
1238.00,0.1208
1237.00,0.1226
1236.00,0.1244
1235.00,0.1260
1234.00,0.1274
1233.00,0.1282
1232.00,0.1287
1231.00,0.1287
1230.00,0.1285
1229.00,0.1282
1228.00,0.1278
1227.00,0.1274
1226.00,0.1271
1225.00,0.1269
1224.00,0.1267
1223.00,0.1266
1222.00,0.1266
1221.00,0.1267
1220.00,0.1268
1219.00,0.1271
1218.00,0.1275
1217.00,0.1279
1216.00,0.1283
1215.00,0.1286
1214.00,0.1287
1213.00,0.1284
1212.00,0.1278
1211.00,0.1269
1210.00,0.1259
1209.00,0.1248
1208.00,0.1238
1207.00,0.1229
1206.00,0.1223
1205.00,0.1219
1204.00,0.1217
1203.00,0.1218
1202.00,0.1222
1201.00,0.1228
1200.00,0.1237
1199.00,0.1248
1198.00,0.1260
1197.00,0.1275
1196.00,0.1288
1195.00,0.1297
1194.00,0.1301
1193.00,0.1299
1192.00,0.1291
1191.00,0.1280
1190.00,0.1267
1189.00,0.1253
1188.00,0.1240
1187.00,0.1227
1186.00,0.1214
1185.00,0.1202
1184.00,0.1190
1183.00,0.1178
1182.00,0.1166
1181.00,0.1154
1180.00,0.1143
1179.00,0.1132
1178.00,0.1123
1177.00,0.1115
1176.00,0.1108
1175.00,0.1102
1174.00,0.1097
1173.00,0.1092
1172.00,0.1088
1171.00,0.1083
1170.00,0.1078
1169.00,0.1074
1168.00,0.1071
1167.00,0.1070
1166.00,0.1070
1165.00,0.1072
1164.00,0.1076
1163.00,0.1083
1162.00,0.1092
1161.00,0.1105
1160.00,0.1122
1159.00,0.1144
1158.00,0.1171
1157.00,0.1199
1156.00,0.1225
1155.00,0.1242
1154.00,0.1246
1153.00,0.1233
1152.00,0.1207
1151.00,0.1173
1150.00,0.1138
1149.00,0.1106
1148.00,0.1077
1147.00,0.1054
1146.00,0.1036
1145.00,0.1022
1144.00,0.1010
1143.00,0.1001
1142.00,0.0993
1141.00,0.0987
1140.00,0.0981
1139.00,0.0978
1138.00,0.0978
1137.00,0.0981
1136.00,0.0989
1135.00,0.1001
1134.00,0.1020
1133.00,0.1047
1132.00,0.1079
1131.00,0.1115
1130.00,0.1146
1129.00,0.1168
1128.00,0.1177
1127.00,0.1174
1126.00,0.1163
1125.00,0.1146
1124.00,0.1126
1123.00,0.1106
1122.00,0.1087
1121.00,0.1071
1120.00,0.1058
1119.00,0.1050
1118.00,0.1046
1117.00,0.1045
1116.00,0.1047
1115.00,0.1052
1114.00,0.1056
1113.00,0.1059
1112.00,0.1059
1111.00,0.1058
1110.00,0.1057
1109.00,0.1055
1108.00,0.1055
1107.00,0.1056
1106.00,0.1060
1105.00,0.1068
1104.00,0.1079
1103.00,0.1095
1102.00,0.1114
1101.00,0.1134
1100.00,0.1150
1099.00,0.1160
1098.00,0.1163
1097.00,0.1159
1096.00,0.1150
1095.00,0.1141
1094.00,0.1134
1093.00,0.1130
1092.00,0.1130
1091.00,0.1132
1090.00,0.1138
1089.00,0.1146
1088.00,0.1154
1087.00,0.1163
1086.00,0.1173
1085.00,0.1182
1084.00,0.1191
1083.00,0.1199
1082.00,0.1205
1081.00,0.1210
1080.00,0.1213
1079.00,0.1216
1078.00,0.1218
1077.00,0.1219
1076.00,0.1220
1075.00,0.1220
1074.00,0.1220
1073.00,0.1220
1072.00,0.1219
1071.00,0.1219
1070.00,0.1220
1069.00,0.1222
1068.00,0.1226
1067.00,0.1231
1066.00,0.1239
1065.00,0.1249
1064.00,0.1260
1063.00,0.1276
1062.00,0.1295
1061.00,0.1318
1060.00,0.1346
1059.00,0.1380
1058.00,0.1420
1057.00,0.1463
1056.00,0.1504
1055.00,0.1539
1054.00,0.1565
1053.00,0.1581
1052.00,0.1592
1051.00,0.1598
1050.00,0.1602
1049.00,0.1601
1048.00,0.1593
1047.00,0.1579
1046.00,0.1558
1045.00,0.1534
1044.00,0.1507
1043.00,0.1480
1042.00,0.1455
1041.00,0.1431
1040.00,0.1412
1039.00,0.1397
1038.00,0.1387
1037.00,0.1381
1036.00,0.1379
1035.00,0.1379
1034.00,0.1382
1033.00,0.1388
1032.00,0.1399
1031.00,0.1418
1030.00,0.1446
1029.00,0.1478
1028.00,0.1510
1027.00,0.1532
1026.00,0.1538
1025.00,0.1526
1024.00,0.1498
1023.00,0.1462
1022.00,0.1425
1021.00,0.1392
1020.00,0.1362
1019.00,0.1336
1018.00,0.1313
1017.00,0.1291
1016.00,0.1270
1015.00,0.1250
1014.00,0.1232
1013.00,0.1215
1012.00,0.1199
1011.00,0.1187
1010.00,0.1178
1009.00,0.1172
1008.00,0.1170
1007.00,0.1171
1006.00,0.1175
1005.00,0.1178
1004.00,0.1179
1003.00,0.1176
1002.00,0.1169
1001.00,0.1157
1000.00,0.1143
999.00,0.1129
998.00,0.1115
997.00,0.1100
996.00,0.1085
995.00,0.1070
994.00,0.1054
993.00,0.1037
992.00,0.1018
991.00,0.0999
990.00,0.0980
989.00,0.0961
988.00,0.0943
987.00,0.0927
986.00,0.0913
985.00,0.0900
984.00,0.0889
983.00,0.0879
982.00,0.0872
981.00,0.0867
980.00,0.0863
979.00,0.0862
978.00,0.0862
977.00,0.0863
976.00,0.0865
975.00,0.0867
974.00,0.0870
973.00,0.0871
972.00,0.0872
971.00,0.0872
970.00,0.0873
969.00,0.0873
968.00,0.0872
967.00,0.0871
966.00,0.0870
965.00,0.0869
964.00,0.0867
963.00,0.0866
962.00,0.0864
961.00,0.0859
960.00,0.0852
959.00,0.0843
958.00,0.0834
957.00,0.0825
956.00,0.0815
955.00,0.0806
954.00,0.0797
953.00,0.0790
952.00,0.0783
951.00,0.0778
950.00,0.0775
949.00,0.0773
948.00,0.0772
947.00,0.0771
946.00,0.0770
945.00,0.0768
944.00,0.0767
943.00,0.0767
942.00,0.0768
941.00,0.0771
940.00,0.0774
939.00,0.0778
938.00,0.0781
937.00,0.0784
936.00,0.0786
935.00,0.0788
934.00,0.0790
933.00,0.0792
932.00,0.0792
931.00,0.0791
930.00,0.0790
929.00,0.0787
928.00,0.0785
927.00,0.0784
926.00,0.0785
925.00,0.0788
924.00,0.0791
923.00,0.0795
922.00,0.0798
921.00,0.0797
920.00,0.0792
919.00,0.0784
918.00,0.0774
917.00,0.0764
916.00,0.0755
915.00,0.0747
914.00,0.0742
913.00,0.0737
912.00,0.0732
911.00,0.0729
910.00,0.0727
909.00,0.0725
908.00,0.0724
907.00,0.0723
906.00,0.0725
905.00,0.0728
904.00,0.0732
903.00,0.0740
902.00,0.0750
901.00,0.0760
900.00,0.0768
899.00,0.0773
898.00,0.0774
897.00,0.0771
896.00,0.0764
895.00,0.0758
894.00,0.0754
893.00,0.0754
892.00,0.0759
891.00,0.0766
890.00,0.0772
889.00,0.0772
888.00,0.0765
887.00,0.0755
886.00,0.0747
885.00,0.0740
884.00,0.0734
883.00,0.0730
882.00,0.0727
881.00,0.0725
880.00,0.0723
879.00,0.0724
878.00,0.0729
877.00,0.0738
876.00,0.0752
875.00,0.0770
874.00,0.0793
873.00,0.0818
872.00,0.0843
871.00,0.0864
870.00,0.0877
869.00,0.0878
868.00,0.0869
867.00,0.0853
866.00,0.0837
865.00,0.0822
864.00,0.0807
863.00,0.0794
862.00,0.0783
861.00,0.0773
860.00,0.0766
859.00,0.0763
858.00,0.0765
857.00,0.0773
856.00,0.0784
855.00,0.0798
854.00,0.0813
853.00,0.0826
852.00,0.0838
851.00,0.0851
850.00,0.0863
849.00,0.0870
848.00,0.0869
847.00,0.0861
846.00,0.0850
845.00,0.0838
844.00,0.0828
843.00,0.0820
842.00,0.0815
841.00,0.0815
840.00,0.0817
839.00,0.0824
838.00,0.0838
837.00,0.0856
836.00,0.0875
835.00,0.0892
834.00,0.0906
833.00,0.0913
832.00,0.0914
831.00,0.0909
830.00,0.0899
829.00,0.0885
828.00,0.0867
827.00,0.0850
826.00,0.0838
825.00,0.0832
824.00,0.0836
823.00,0.0854
822.00,0.0886
821.00,0.0921
820.00,0.0946
819.00,0.0959
818.00,0.0970
817.00,0.0985
816.00,0.0997
815.00,0.0992
814.00,0.0964
813.00,0.0922
812.00,0.0880
811.00,0.0849
810.00,0.0827
809.00,0.0812
808.00,0.0800
807.00,0.0791
806.00,0.0786
805.00,0.0782
804.00,0.0778
803.00,0.0776
802.00,0.0775
801.00,0.0775
800.00,0.0775
799.00,0.0777
798.00,0.0780
797.00,0.0783
796.00,0.0785
795.00,0.0789
794.00,0.0794
793.00,0.0799
792.00,0.0805
791.00,0.0812
790.00,0.0820
789.00,0.0828
788.00,0.0836
787.00,0.0844
786.00,0.0852
785.00,0.0860
784.00,0.0866
783.00,0.0871
782.00,0.0875
781.00,0.0878
780.00,0.0879
779.00,0.0880
778.00,0.0883
777.00,0.0887
776.00,0.0892
775.00,0.0896
774.00,0.0899
773.00,0.0899
772.00,0.0895
771.00,0.0891
770.00,0.0889
769.00,0.0888
768.00,0.0887
767.00,0.0888
766.00,0.0890
765.00,0.0891
764.00,0.0893
763.00,0.0895
762.00,0.0899
761.00,0.0902
760.00,0.0906
759.00,0.0908
758.00,0.0909
757.00,0.0909
756.00,0.0908
755.00,0.0907
754.00,0.0908
753.00,0.0909
752.00,0.0911
751.00,0.0913
750.00,0.0916
749.00,0.0918
748.00,0.0920
747.00,0.0921
746.00,0.0922
745.00,0.0923
744.00,0.0923
743.00,0.0924
742.00,0.0927
741.00,0.0932
740.00,0.0938
739.00,0.0949
738.00,0.0965
737.00,0.0984
736.00,0.1003
735.00,0.1019
734.00,0.1027
733.00,0.1029
732.00,0.1027
731.00,0.1029
730.00,0.1035
729.00,0.1043
728.00,0.1049
727.00,0.1053
726.00,0.1053
725.00,0.1052
724.00,0.1049
723.00,0.1049
722.00,0.1051
721.00,0.1054
720.00,0.1059
719.00,0.1066
718.00,0.1077
717.00,0.1090
716.00,0.1103
715.00,0.1116
714.00,0.1127
713.00,0.1137
712.00,0.1145
711.00,0.1154
710.00,0.1164
709.00,0.1175
708.00,0.1186
707.00,0.1198
706.00,0.1212
705.00,0.1227
704.00,0.1241
703.00,0.1256
702.00,0.1270
701.00,0.1284
700.00,0.1294
699.00,0.1303
698.00,0.1310
697.00,0.1313
696.00,0.1314
695.00,0.1312
694.00,0.1311
693.00,0.1310
692.00,0.1310
691.00,0.1314
690.00,0.1321
689.00,0.1329
688.00,0.1335
687.00,0.1339
686.00,0.1340
685.00,0.1339
684.00,0.1337
683.00,0.1335
682.00,0.1336
681.00,0.1338
680.00,0.1341
679.00,0.1345
678.00,0.1350
677.00,0.1356
676.00,0.1360
675.00,0.1366
674.00,0.1372
673.00,0.1377
672.00,0.1381
671.00,0.1384
670.00,0.1387
669.00,0.1389
668.00,0.1392
667.00,0.1393
666.00,0.1391
665.00,0.1390
664.00,0.1390
663.00,0.1393
662.00,0.1398
661.00,0.1402
660.00,0.1403
659.00,0.1402
658.00,0.1399
657.00,0.1396
656.00,0.1392
655.00,0.1389
654.00,0.1389
653.00,0.1389
652.00,0.1387
651.00,0.1387
650.00,0.1388
649.00,0.1389
648.00,0.1390
647.00,0.1392
646.00,0.1394
645.00,0.1395
644.00,0.1396
643.00,0.1398
642.00,0.1400
641.00,0.1402
640.00,0.1403
639.00,0.1403
638.00,0.1405
637.00,0.1407
636.00,0.1408
635.00,0.1411
634.00,0.1416
633.00,0.1419
632.00,0.1422
631.00,0.1426
630.00,0.1431
629.00,0.1436
628.00,0.1441
627.00,0.1445
626.00,0.1450
625.00,0.1454
624.00,0.1459
623.00,0.1465
622.00,0.1473
621.00,0.1480
620.00,0.1485
619.00,0.1489
618.00,0.1490
617.00,0.1489
616.00,0.1486
615.00,0.1483
614.00,0.1483
613.00,0.1484
612.00,0.1484
611.00,0.1486
610.00,0.1489
609.00,0.1494
608.00,0.1501
607.00,0.1510
606.00,0.1523
605.00,0.1537
604.00,0.1550
603.00,0.1561
602.00,0.1570
601.00,0.1576
600.00,0.1578
599.00,0.1580
598.00,0.1583
597.00,0.1586
596.00,0.1587
595.00,0.1589
594.00,0.1590
593.00,0.1592
592.00,0.1591
591.00,0.1592
590.00,0.1594
589.00,0.1597
588.00,0.1599
587.00,0.1602
586.00,0.1607
585.00,0.1611
584.00,0.1615
583.00,0.1618
582.00,0.1623
581.00,0.1628
580.00,0.1633
579.00,0.1641
578.00,0.1654
577.00,0.1665
576.00,0.1671
575.00,0.1671
574.00,0.1668
573.00,0.1662
572.00,0.1653
571.00,0.1645
570.00,0.1640
569.00,0.1637
568.00,0.1634
567.00,0.1634
566.00,0.1637
565.00,0.1641
564.00,0.1645
563.00,0.1652
562.00,0.1662
561.00,0.1674
560.00,0.1682
559.00,0.1687
558.00,0.1689
557.00,0.1687
556.00,0.1683
555.00,0.1680
554.00,0.1679
553.00,0.1679
552.00,0.1680
551.00,0.1683
550.00,0.1693
549.00,0.1704
548.00,0.1715
547.00,0.1726
546.00,0.1738
545.00,0.1746
544.00,0.1749
543.00,0.1750
542.00,0.1750
541.00,0.1749
540.00,0.1746
539.00,0.1745
538.00,0.1747
537.00,0.1750
536.00,0.1754
535.00,0.1761
534.00,0.1774
533.00,0.1787
532.00,0.1799
531.00,0.1808
530.00,0.1815
529.00,0.1817
528.00,0.1813
527.00,0.1809
526.00,0.1806
525.00,0.1802
524.00,0.1796
523.00,0.1791
522.00,0.1788
521.00,0.1783
520.00,0.1776
519.00,0.1769
518.00,0.1766
517.00,0.1762
516.00,0.1757
515.00,0.1752
514.00,0.1748
513.00,0.1744
512.00,0.1737
511.00,0.1734
510.00,0.1735
509.00,0.1738
508.00,0.1738
507.00,0.1737
506.00,0.1738
505.00,0.1736
504.00,0.1730
503.00,0.1722
502.00,0.1719
501.00,0.1717
500.00,0.1713
499.00,0.1710
498.00,0.1709
497.00,0.1708
496.00,0.1705
495.00,0.1703
494.00,0.1706
493.00,0.1708
492.00,0.1708
491.00,0.1709
490.00,0.1713
489.00,0.1714
488.00,0.1708
487.00,0.1702
486.00,0.1699
485.00,0.1696
484.00,0.1692
483.00,0.1690
482.00,0.1690
481.00,0.1687
480.00,0.1679
479.00,0.1674
478.00,0.1674
477.00,0.1676
476.00,0.1672
475.00,0.1666
474.00,0.1664
473.00,0.1663
472.00,0.1661
471.00,0.1661
470.00,0.1662
469.00,0.1660
468.00,0.1654
467.00,0.1651
466.00,0.1652
465.00,0.1651
464.00,0.1644
463.00,0.1638
462.00,0.1635
461.00,0.1632
460.00,0.1625
459.00,0.1619
458.00,0.1619
457.00,0.1621
456.00,0.1616
455.00,0.1610
454.00,0.1608
453.00,0.1605
452.00,0.1599
451.00,0.1595
450.00,0.1594
449.00,0.1590
448.00,0.1579
447.00,0.1567
446.00,0.1561
445.00,0.1556
444.00,0.1548
443.00,0.1544
442.00,0.1547
441.00,0.1549
440.00,0.1543
439.00,0.1536
438.00,0.1534
437.00,0.1530
436.00,0.1520
435.00,0.1514
434.00,0.1514
433.00,0.1514
432.00,0.1507
431.00,0.1500
430.00,0.1500
429.00,0.1498
428.00,0.1491
427.00,0.1485
426.00,0.1487
425.00,0.1487
424.00,0.1479
423.00,0.1476
422.00,0.1483
421.00,0.1490
420.00,0.1484
419.00,0.1475
418.00,0.1478
417.00,0.1480
416.00,0.1472
415.00,0.1467
414.00,0.1472
413.00,0.1472
412.00,0.1461
411.00,0.1452
410.00,0.1456
409.00,0.1459
408.00,0.1451
407.00,0.1448
406.00,0.1458
405.00,0.1460
404.00,0.1441
403.00,0.1419
402.00,0.1413
401.00,0.1406
400.00,0.1379
