Created as New Dataset,Sample 1023 By YargerLab Date Friday, August 01 2025
cm-1,A
4000.00,0.0076
3999.00,0.0076
3998.00,0.0076
3997.00,0.0076
3996.00,0.0076
3995.00,0.0076
3994.00,0.0076
3993.00,0.0076
3992.00,0.0076
3991.00,0.0076
3990.00,0.0076
3989.00,0.0076
3988.00,0.0076
3987.00,0.0076
3986.00,0.0076
3985.00,0.0076
3984.00,0.0076
3983.00,0.0076
3982.00,0.0076
3981.00,0.0076
3980.00,0.0076
3979.00,0.0076
3978.00,0.0076
3977.00,0.0076
3976.00,0.0076
3975.00,0.0076
3974.00,0.0076
3973.00,0.0076
3972.00,0.0077
3971.00,0.0077
3970.00,0.0077
3969.00,0.0077
3968.00,0.0077
3967.00,0.0077
3966.00,0.0077
3965.00,0.0077
3964.00,0.0076
3963.00,0.0076
3962.00,0.0076
3961.00,0.0076
3960.00,0.0076
3959.00,0.0076
3958.00,0.0076
3957.00,0.0076
3956.00,0.0076
3955.00,0.0076
3954.00,0.0076
3953.00,0.0076
3952.00,0.0076
3951.00,0.0076
3950.00,0.0076
3949.00,0.0076
3948.00,0.0076
3947.00,0.0076
3946.00,0.0076
3945.00,0.0077
3944.00,0.0076
3943.00,0.0076
3942.00,0.0076
3941.00,0.0076
3940.00,0.0076
3939.00,0.0076
3938.00,0.0076
3937.00,0.0076
3936.00,0.0076
3935.00,0.0076
3934.00,0.0076
3933.00,0.0076
3932.00,0.0076
3931.00,0.0076
3930.00,0.0076
3929.00,0.0076
3928.00,0.0076
3927.00,0.0076
3926.00,0.0076
3925.00,0.0076
3924.00,0.0076
3923.00,0.0076
3922.00,0.0076
3921.00,0.0076
3920.00,0.0077
3919.00,0.0077
3918.00,0.0077
3917.00,0.0077
3916.00,0.0077
3915.00,0.0076
3914.00,0.0076
3913.00,0.0076
3912.00,0.0076
3911.00,0.0076
3910.00,0.0076
3909.00,0.0076
3908.00,0.0076
3907.00,0.0077
3906.00,0.0077
3905.00,0.0077
3904.00,0.0077
3903.00,0.0077
3902.00,0.0077
3901.00,0.0077
3900.00,0.0077
3899.00,0.0076
3898.00,0.0076
3897.00,0.0076
3896.00,0.0076
3895.00,0.0076
3894.00,0.0076
3893.00,0.0076
3892.00,0.0076
3891.00,0.0076
3890.00,0.0076
3889.00,0.0077
3888.00,0.0077
3887.00,0.0077
3886.00,0.0076
3885.00,0.0076
3884.00,0.0076
3883.00,0.0076
3882.00,0.0076
3881.00,0.0075
3880.00,0.0075
3879.00,0.0075
3878.00,0.0075
3877.00,0.0075
3876.00,0.0075
3875.00,0.0075
3874.00,0.0076
3873.00,0.0076
3872.00,0.0076
3871.00,0.0076
3870.00,0.0076
3869.00,0.0076
3868.00,0.0076
3867.00,0.0076
3866.00,0.0076
3865.00,0.0076
3864.00,0.0076
3863.00,0.0076
3862.00,0.0076
3861.00,0.0075
3860.00,0.0075
3859.00,0.0076
3858.00,0.0076
3857.00,0.0077
3856.00,0.0077
3855.00,0.0077
3854.00,0.0077
3853.00,0.0076
3852.00,0.0076
3851.00,0.0076
3850.00,0.0076
3849.00,0.0076
3848.00,0.0075
3847.00,0.0075
3846.00,0.0075
3845.00,0.0075
3844.00,0.0075
3843.00,0.0076
3842.00,0.0076
3841.00,0.0076
3840.00,0.0076
3839.00,0.0076
3838.00,0.0076
3837.00,0.0076
3836.00,0.0076
3835.00,0.0076
3834.00,0.0076
3833.00,0.0075
3832.00,0.0075
3831.00,0.0076
3830.00,0.0076
3829.00,0.0076
3828.00,0.0075
3827.00,0.0075
3826.00,0.0075
3825.00,0.0075
3824.00,0.0075
3823.00,0.0075
3822.00,0.0075
3821.00,0.0074
3820.00,0.0074
3819.00,0.0074
3818.00,0.0075
3817.00,0.0075
3816.00,0.0075
3815.00,0.0075
3814.00,0.0076
3813.00,0.0076
3812.00,0.0076
3811.00,0.0075
3810.00,0.0075
3809.00,0.0075
3808.00,0.0075
3807.00,0.0075
3806.00,0.0076
3805.00,0.0076
3804.00,0.0076
3803.00,0.0076
3802.00,0.0076
3801.00,0.0076
3800.00,0.0076
3799.00,0.0076
3798.00,0.0075
3797.00,0.0075
3796.00,0.0074
3795.00,0.0074
3794.00,0.0075
3793.00,0.0075
3792.00,0.0075
3791.00,0.0075
3790.00,0.0074
3789.00,0.0074
3788.00,0.0075
3787.00,0.0075
3786.00,0.0075
3785.00,0.0075
3784.00,0.0075
3783.00,0.0075
3782.00,0.0075
3781.00,0.0075
3780.00,0.0075
3779.00,0.0074
3778.00,0.0074
3777.00,0.0074
3776.00,0.0074
3775.00,0.0074
3774.00,0.0075
3773.00,0.0075
3772.00,0.0075
3771.00,0.0075
3770.00,0.0075
3769.00,0.0075
3768.00,0.0075
3767.00,0.0074
3766.00,0.0074
3765.00,0.0075
3764.00,0.0075
3763.00,0.0075
3762.00,0.0075
3761.00,0.0075
3760.00,0.0075
3759.00,0.0075
3758.00,0.0075
3757.00,0.0075
3756.00,0.0075
3755.00,0.0075
3754.00,0.0076
3753.00,0.0076
3752.00,0.0076
3751.00,0.0076
3750.00,0.0076
3749.00,0.0076
3748.00,0.0077
3747.00,0.0076
3746.00,0.0076
3745.00,0.0075
3744.00,0.0075
3743.00,0.0076
3742.00,0.0076
3741.00,0.0076
3740.00,0.0075
3739.00,0.0075
3738.00,0.0075
3737.00,0.0075
3736.00,0.0075
3735.00,0.0075
3734.00,0.0075
3733.00,0.0074
3732.00,0.0074
3731.00,0.0074
3730.00,0.0074
3729.00,0.0074
3728.00,0.0074
3727.00,0.0074
3726.00,0.0074
3725.00,0.0073
3724.00,0.0073
3723.00,0.0073
3722.00,0.0074
3721.00,0.0074
3720.00,0.0074
3719.00,0.0074
3718.00,0.0074
3717.00,0.0074
3716.00,0.0075
3715.00,0.0075
3714.00,0.0076
3713.00,0.0076
3712.00,0.0075
3711.00,0.0075
3710.00,0.0075
3709.00,0.0074
3708.00,0.0074
3707.00,0.0074
3706.00,0.0074
3705.00,0.0074
3704.00,0.0073
3703.00,0.0073
3702.00,0.0073
3701.00,0.0073
3700.00,0.0073
3699.00,0.0073
3698.00,0.0073
3697.00,0.0073
3696.00,0.0074
3695.00,0.0074
3694.00,0.0074
3693.00,0.0074
3692.00,0.0075
3691.00,0.0075
3690.00,0.0075
3689.00,0.0076
3688.00,0.0076
3687.00,0.0076
3686.00,0.0076
3685.00,0.0076
3684.00,0.0076
3683.00,0.0076
3682.00,0.0076
3681.00,0.0077
3680.00,0.0077
3679.00,0.0078
3678.00,0.0078
3677.00,0.0079
3676.00,0.0079
3675.00,0.0079
3674.00,0.0079
3673.00,0.0080
3672.00,0.0080
3671.00,0.0080
3670.00,0.0080
3669.00,0.0080
3668.00,0.0080
3667.00,0.0080
3666.00,0.0080
3665.00,0.0080
3664.00,0.0081
3663.00,0.0081
3662.00,0.0081
3661.00,0.0081
3660.00,0.0082
3659.00,0.0082
3658.00,0.0082
3657.00,0.0082
3656.00,0.0083
3655.00,0.0083
3654.00,0.0084
3653.00,0.0085
3652.00,0.0085
3651.00,0.0086
3650.00,0.0086
3649.00,0.0086
3648.00,0.0086
3647.00,0.0087
3646.00,0.0087
3645.00,0.0087
3644.00,0.0087
3643.00,0.0087
3642.00,0.0088
3641.00,0.0089
3640.00,0.0089
3639.00,0.0090
3638.00,0.0090
3637.00,0.0090
3636.00,0.0091
3635.00,0.0091
3634.00,0.0091
3633.00,0.0092
3632.00,0.0093
3631.00,0.0094
3630.00,0.0094
3629.00,0.0094
3628.00,0.0095
3627.00,0.0096
3626.00,0.0096
3625.00,0.0097
3624.00,0.0097
3623.00,0.0098
3622.00,0.0098
3621.00,0.0099
3620.00,0.0100
3619.00,0.0100
3618.00,0.0101
3617.00,0.0102
3616.00,0.0103
3615.00,0.0103
3614.00,0.0104
3613.00,0.0105
3612.00,0.0106
3611.00,0.0107
3610.00,0.0108
3609.00,0.0108
3608.00,0.0109
3607.00,0.0109
3606.00,0.0110
3605.00,0.0110
3604.00,0.0111
3603.00,0.0111
3602.00,0.0112
3601.00,0.0113
3600.00,0.0113
3599.00,0.0114
3598.00,0.0115
3597.00,0.0115
3596.00,0.0116
3595.00,0.0117
3594.00,0.0118
3593.00,0.0119
3592.00,0.0120
3591.00,0.0121
3590.00,0.0121
3589.00,0.0122
3588.00,0.0123
3587.00,0.0124
3586.00,0.0126
3585.00,0.0127
3584.00,0.0128
3583.00,0.0129
3582.00,0.0129
3581.00,0.0130
3580.00,0.0131
3579.00,0.0132
3578.00,0.0133
3577.00,0.0134
3576.00,0.0135
3575.00,0.0136
3574.00,0.0137
3573.00,0.0138
3572.00,0.0139
3571.00,0.0140
3570.00,0.0141
3569.00,0.0143
3568.00,0.0144
3567.00,0.0145
3566.00,0.0146
3565.00,0.0148
3564.00,0.0149
3563.00,0.0150
3562.00,0.0151
3561.00,0.0151
3560.00,0.0152
3559.00,0.0153
3558.00,0.0154
3557.00,0.0155
3556.00,0.0156
3555.00,0.0157
3554.00,0.0158
3553.00,0.0159
3552.00,0.0160
3551.00,0.0161
3550.00,0.0163
3549.00,0.0164
3548.00,0.0165
3547.00,0.0166
3546.00,0.0167
3545.00,0.0168
3544.00,0.0170
3543.00,0.0171
3542.00,0.0171
3541.00,0.0172
3540.00,0.0173
3539.00,0.0174
3538.00,0.0175
3537.00,0.0176
3536.00,0.0177
3535.00,0.0178
3534.00,0.0178
3533.00,0.0179
3532.00,0.0180
3531.00,0.0181
3530.00,0.0182
3529.00,0.0183
3528.00,0.0184
3527.00,0.0185
3526.00,0.0186
3525.00,0.0187
3524.00,0.0188
3523.00,0.0189
3522.00,0.0190
3521.00,0.0191
3520.00,0.0192
3519.00,0.0193
3518.00,0.0193
3517.00,0.0194
3516.00,0.0195
3515.00,0.0196
3514.00,0.0197
3513.00,0.0198
3512.00,0.0199
3511.00,0.0199
3510.00,0.0200
3509.00,0.0200
3508.00,0.0201
3507.00,0.0202
3506.00,0.0203
3505.00,0.0204
3504.00,0.0205
3503.00,0.0206
3502.00,0.0207
3501.00,0.0207
3500.00,0.0208
3499.00,0.0209
3498.00,0.0210
3497.00,0.0210
3496.00,0.0211
3495.00,0.0212
3494.00,0.0212
3493.00,0.0213
3492.00,0.0214
3491.00,0.0215
3490.00,0.0216
3489.00,0.0217
3488.00,0.0218
3487.00,0.0219
3486.00,0.0219
3485.00,0.0220
3484.00,0.0221
3483.00,0.0222
3482.00,0.0223
3481.00,0.0224
3480.00,0.0225
3479.00,0.0226
3478.00,0.0227
3477.00,0.0227
3476.00,0.0228
3475.00,0.0229
3474.00,0.0230
3473.00,0.0231
3472.00,0.0232
3471.00,0.0233
3470.00,0.0235
3469.00,0.0236
3468.00,0.0237
3467.00,0.0237
3466.00,0.0238
3465.00,0.0239
3464.00,0.0240
3463.00,0.0241
3462.00,0.0242
3461.00,0.0244
3460.00,0.0245
3459.00,0.0246
3458.00,0.0247
3457.00,0.0248
3456.00,0.0249
3455.00,0.0249
3454.00,0.0250
3453.00,0.0251
3452.00,0.0253
3451.00,0.0254
3450.00,0.0255
3449.00,0.0256
3448.00,0.0257
3447.00,0.0258
3446.00,0.0259
3445.00,0.0260
3444.00,0.0261
3443.00,0.0262
3442.00,0.0263
3441.00,0.0264
3440.00,0.0266
3439.00,0.0267
3438.00,0.0269
3437.00,0.0270
3436.00,0.0272
3435.00,0.0273
3434.00,0.0275
3433.00,0.0276
3432.00,0.0278
3431.00,0.0279
3430.00,0.0280
3429.00,0.0281
3428.00,0.0283
3427.00,0.0284
3426.00,0.0285
3425.00,0.0287
3424.00,0.0289
3423.00,0.0290
3422.00,0.0292
3421.00,0.0293
3420.00,0.0294
3419.00,0.0296
3418.00,0.0298
3417.00,0.0299
3416.00,0.0301
3415.00,0.0302
3414.00,0.0303
3413.00,0.0305
3412.00,0.0306
3411.00,0.0307
3410.00,0.0308
3409.00,0.0309
3408.00,0.0310
3407.00,0.0311
3406.00,0.0312
3405.00,0.0313
3404.00,0.0313
3403.00,0.0314
3402.00,0.0314
3401.00,0.0314
3400.00,0.0314
3399.00,0.0314
3398.00,0.0314
3397.00,0.0314
3396.00,0.0313
3395.00,0.0313
3394.00,0.0313
3393.00,0.0312
3392.00,0.0312
3391.00,0.0311
3390.00,0.0310
3389.00,0.0310
3388.00,0.0309
3387.00,0.0308
3386.00,0.0307
3385.00,0.0306
3384.00,0.0305
3383.00,0.0304
3382.00,0.0303
3381.00,0.0302
3380.00,0.0301
3379.00,0.0299
3378.00,0.0298
3377.00,0.0297
3376.00,0.0296
3375.00,0.0295
3374.00,0.0293
3373.00,0.0292
3372.00,0.0291
3371.00,0.0290
3370.00,0.0289
3369.00,0.0288
3368.00,0.0287
3367.00,0.0287
3366.00,0.0286
3365.00,0.0285
3364.00,0.0284
3363.00,0.0282
3362.00,0.0281
3361.00,0.0280
3360.00,0.0279
3359.00,0.0279
3358.00,0.0278
3357.00,0.0277
3356.00,0.0276
3355.00,0.0275
3354.00,0.0274
3353.00,0.0273
3352.00,0.0272
3351.00,0.0272
3350.00,0.0271
3349.00,0.0270
3348.00,0.0270
3347.00,0.0269
3346.00,0.0269
3345.00,0.0268
3344.00,0.0267
3343.00,0.0267
3342.00,0.0266
3341.00,0.0265
3340.00,0.0265
3339.00,0.0264
3338.00,0.0263
3337.00,0.0263
3336.00,0.0262
3335.00,0.0262
3334.00,0.0262
3333.00,0.0262
3332.00,0.0262
3331.00,0.0261
3330.00,0.0261
3329.00,0.0261
3328.00,0.0261
3327.00,0.0260
3326.00,0.0260
3325.00,0.0260
3324.00,0.0260
3323.00,0.0260
3322.00,0.0260
3321.00,0.0260
3320.00,0.0261
3319.00,0.0261
3318.00,0.0261
3317.00,0.0261
3316.00,0.0261
3315.00,0.0261
3314.00,0.0261
3313.00,0.0261
3312.00,0.0261
3311.00,0.0261
3310.00,0.0260
3309.00,0.0259
3308.00,0.0259
3307.00,0.0259
3306.00,0.0260
3305.00,0.0261
3304.00,0.0262
3303.00,0.0263
3302.00,0.0264
3301.00,0.0264
3300.00,0.0264
3299.00,0.0264
3298.00,0.0264
3297.00,0.0264
3296.00,0.0264
3295.00,0.0265
3294.00,0.0265
3293.00,0.0266
3292.00,0.0266
3291.00,0.0267
3290.00,0.0267
3289.00,0.0268
3288.00,0.0268
3287.00,0.0269
3286.00,0.0269
3285.00,0.0269
3284.00,0.0270
3283.00,0.0270
3282.00,0.0270
3281.00,0.0271
3280.00,0.0271
3279.00,0.0271
3278.00,0.0272
3277.00,0.0272
3276.00,0.0272
3275.00,0.0272
3274.00,0.0272
3273.00,0.0272
3272.00,0.0273
3271.00,0.0273
3270.00,0.0273
3269.00,0.0274
3268.00,0.0274
3267.00,0.0275
3266.00,0.0275
3265.00,0.0276
3264.00,0.0276
3263.00,0.0276
3262.00,0.0276
3261.00,0.0276
3260.00,0.0276
3259.00,0.0276
3258.00,0.0275
3257.00,0.0275
3256.00,0.0275
3255.00,0.0276
3254.00,0.0276
3253.00,0.0276
3252.00,0.0277
3251.00,0.0276
3250.00,0.0276
3249.00,0.0276
3248.00,0.0276
3247.00,0.0275
3246.00,0.0275
3245.00,0.0275
3244.00,0.0275
3243.00,0.0275
3242.00,0.0275
3241.00,0.0275
3240.00,0.0275
3239.00,0.0275
3238.00,0.0274
3237.00,0.0273
3236.00,0.0273
3235.00,0.0272
3234.00,0.0272
3233.00,0.0271
3232.00,0.0271
3231.00,0.0271
3230.00,0.0271
3229.00,0.0270
3228.00,0.0270
3227.00,0.0269
3226.00,0.0268
3225.00,0.0268
3224.00,0.0267
3223.00,0.0267
3222.00,0.0266
3221.00,0.0265
3220.00,0.0264
3219.00,0.0263
3218.00,0.0262
3217.00,0.0261
3216.00,0.0260
3215.00,0.0259
3214.00,0.0258
3213.00,0.0257
3212.00,0.0256
3211.00,0.0255
3210.00,0.0254
3209.00,0.0253
3208.00,0.0252
3207.00,0.0251
3206.00,0.0250
3205.00,0.0248
3204.00,0.0247
3203.00,0.0246
3202.00,0.0244
3201.00,0.0243
3200.00,0.0242
3199.00,0.0241
3198.00,0.0240
3197.00,0.0239
3196.00,0.0238
3195.00,0.0236
3194.00,0.0235
3193.00,0.0234
3192.00,0.0232
3191.00,0.0230
3190.00,0.0229
3189.00,0.0228
3188.00,0.0227
3187.00,0.0226
3186.00,0.0225
3185.00,0.0223
3184.00,0.0222
3183.00,0.0221
3182.00,0.0219
3181.00,0.0218
3180.00,0.0217
3179.00,0.0215
3178.00,0.0214
3177.00,0.0212
3176.00,0.0211
3175.00,0.0210
3174.00,0.0209
3173.00,0.0208
3172.00,0.0207
3171.00,0.0205
3170.00,0.0204
3169.00,0.0202
3168.00,0.0201
3167.00,0.0199
3166.00,0.0198
3165.00,0.0197
3164.00,0.0196
3163.00,0.0194
3162.00,0.0193
3161.00,0.0192
3160.00,0.0191
3159.00,0.0190
3158.00,0.0189
3157.00,0.0187
3156.00,0.0186
3155.00,0.0185
3154.00,0.0184
3153.00,0.0183
3152.00,0.0181
3151.00,0.0180
3150.00,0.0179
3149.00,0.0178
3148.00,0.0177
3147.00,0.0176
3146.00,0.0175
3145.00,0.0174
3144.00,0.0173
3143.00,0.0172
3142.00,0.0171
3141.00,0.0170
3140.00,0.0169
3139.00,0.0168
3138.00,0.0167
3137.00,0.0166
3136.00,0.0165
3135.00,0.0164
3134.00,0.0163
3133.00,0.0162
3132.00,0.0162
3131.00,0.0161
3130.00,0.0160
3129.00,0.0159
3128.00,0.0158
3127.00,0.0158
3126.00,0.0157
3125.00,0.0157
3124.00,0.0156
3123.00,0.0155
3122.00,0.0155
3121.00,0.0154
3120.00,0.0153
3119.00,0.0152
3118.00,0.0151
3117.00,0.0150
3116.00,0.0150
3115.00,0.0149
3114.00,0.0148
3113.00,0.0148
3112.00,0.0147
3111.00,0.0146
3110.00,0.0145
3109.00,0.0145
3108.00,0.0144
3107.00,0.0143
3106.00,0.0143
3105.00,0.0142
3104.00,0.0141
3103.00,0.0141
3102.00,0.0140
3101.00,0.0140
3100.00,0.0139
3099.00,0.0139
3098.00,0.0138
3097.00,0.0138
3096.00,0.0137
3095.00,0.0136
3094.00,0.0136
3093.00,0.0136
3092.00,0.0136
3091.00,0.0135
3090.00,0.0135
3089.00,0.0135
3088.00,0.0135
3087.00,0.0135
3086.00,0.0135
3085.00,0.0135
3084.00,0.0134
3083.00,0.0134
3082.00,0.0134
3081.00,0.0133
3080.00,0.0133
3079.00,0.0132
3078.00,0.0132
3077.00,0.0132
3076.00,0.0131
3075.00,0.0131
3074.00,0.0131
3073.00,0.0130
3072.00,0.0130
3071.00,0.0129
3070.00,0.0129
3069.00,0.0128
3068.00,0.0128
3067.00,0.0128
3066.00,0.0128
3065.00,0.0127
3064.00,0.0127
3063.00,0.0127
3062.00,0.0127
3061.00,0.0127
3060.00,0.0127
3059.00,0.0127
3058.00,0.0127
3057.00,0.0127
3056.00,0.0127
3055.00,0.0127
3054.00,0.0127
3053.00,0.0127
3052.00,0.0126
3051.00,0.0126
3050.00,0.0126
3049.00,0.0125
3048.00,0.0125
3047.00,0.0124
3046.00,0.0124
3045.00,0.0124
3044.00,0.0124
3043.00,0.0124
3042.00,0.0124
3041.00,0.0124
3040.00,0.0124
3039.00,0.0124
3038.00,0.0125
3037.00,0.0126
3036.00,0.0126
3035.00,0.0126
3034.00,0.0127
3033.00,0.0127
3032.00,0.0127
3031.00,0.0126
3030.00,0.0126
3029.00,0.0125
3028.00,0.0125
3027.00,0.0124
3026.00,0.0123
3025.00,0.0123
3024.00,0.0122
3023.00,0.0121
3022.00,0.0121
3021.00,0.0120
3020.00,0.0120
3019.00,0.0120
3018.00,0.0120
3017.00,0.0119
3016.00,0.0119
3015.00,0.0119
3014.00,0.0120
3013.00,0.0120
3012.00,0.0121
3011.00,0.0122
3010.00,0.0123
3009.00,0.0124
3008.00,0.0125
3007.00,0.0126
3006.00,0.0128
3005.00,0.0130
3004.00,0.0132
3003.00,0.0134
3002.00,0.0136
3001.00,0.0139
3000.00,0.0141
2999.00,0.0145
2998.00,0.0148
2997.00,0.0152
2996.00,0.0155
2995.00,0.0159
2994.00,0.0163
2993.00,0.0166
2992.00,0.0169
2991.00,0.0172
2990.00,0.0175
2989.00,0.0177
2988.00,0.0179
2987.00,0.0182
2986.00,0.0185
2985.00,0.0188
2984.00,0.0193
2983.00,0.0198
2982.00,0.0203
2981.00,0.0209
2980.00,0.0215
2979.00,0.0219
2978.00,0.0222
2977.00,0.0224
2976.00,0.0226
2975.00,0.0229
2974.00,0.0234
2973.00,0.0241
2972.00,0.0249
2971.00,0.0256
2970.00,0.0262
2969.00,0.0267
2968.00,0.0271
2967.00,0.0274
2966.00,0.0277
2965.00,0.0281
2964.00,0.0286
2963.00,0.0290
2962.00,0.0295
2961.00,0.0298
2960.00,0.0301
2959.00,0.0301
2958.00,0.0299
2957.00,0.0295
2956.00,0.0291
2955.00,0.0285
2954.00,0.0280
2953.00,0.0274
2952.00,0.0269
2951.00,0.0265
2950.00,0.0261
2949.00,0.0259
2948.00,0.0257
2947.00,0.0257
2946.00,0.0258
2945.00,0.0259
2944.00,0.0262
2943.00,0.0265
2942.00,0.0268
2941.00,0.0272
2940.00,0.0277
2939.00,0.0283
2938.00,0.0291
2937.00,0.0299
2936.00,0.0309
2935.00,0.0320
2934.00,0.0332
2933.00,0.0345
2932.00,0.0358
2931.00,0.0370
2930.00,0.0382
2929.00,0.0391
2928.00,0.0399
2927.00,0.0403
2926.00,0.0404
2925.00,0.0403
2924.00,0.0399
2923.00,0.0393
2922.00,0.0385
2921.00,0.0377
2920.00,0.0369
2919.00,0.0360
2918.00,0.0351
2917.00,0.0342
2916.00,0.0333
2915.00,0.0324
2914.00,0.0315
2913.00,0.0308
2912.00,0.0300
2911.00,0.0294
2910.00,0.0288
2909.00,0.0283
2908.00,0.0278
2907.00,0.0273
2906.00,0.0268
2905.00,0.0264
2904.00,0.0260
2903.00,0.0257
2902.00,0.0253
2901.00,0.0250
2900.00,0.0247
2899.00,0.0245
2898.00,0.0242
2897.00,0.0240
2896.00,0.0237
2895.00,0.0235
2894.00,0.0233
2893.00,0.0232
2892.00,0.0230
2891.00,0.0228
2890.00,0.0226
2889.00,0.0225
2888.00,0.0223
2887.00,0.0221
2886.00,0.0220
2885.00,0.0219
2884.00,0.0218
2883.00,0.0217
2882.00,0.0217
2881.00,0.0217
2880.00,0.0218
2879.00,0.0220
2878.00,0.0223
2877.00,0.0226
2876.00,0.0230
2875.00,0.0234
2874.00,0.0237
2873.00,0.0239
2872.00,0.0240
2871.00,0.0240
2870.00,0.0239
2869.00,0.0238
2868.00,0.0237
2867.00,0.0237
2866.00,0.0237
2865.00,0.0239
2864.00,0.0243
2863.00,0.0249
2862.00,0.0256
2861.00,0.0265
2860.00,0.0274
2859.00,0.0283
2858.00,0.0290
2857.00,0.0295
2856.00,0.0298
2855.00,0.0298
2854.00,0.0297
2853.00,0.0294
2852.00,0.0290
2851.00,0.0283
2850.00,0.0275
2849.00,0.0264
2848.00,0.0253
2847.00,0.0241
2846.00,0.0230
2845.00,0.0219
2844.00,0.0210
2843.00,0.0201
2842.00,0.0193
2841.00,0.0187
2840.00,0.0181
2839.00,0.0175
2838.00,0.0171
2837.00,0.0167
2836.00,0.0164
2835.00,0.0161
2834.00,0.0159
2833.00,0.0156
2832.00,0.0154
2831.00,0.0151
2830.00,0.0149
2829.00,0.0147
2828.00,0.0145
2827.00,0.0144
2826.00,0.0142
2825.00,0.0141
2824.00,0.0139
2823.00,0.0138
2822.00,0.0136
2821.00,0.0135
2820.00,0.0134
2819.00,0.0132
2818.00,0.0131
2817.00,0.0130
2816.00,0.0130
2815.00,0.0129
2814.00,0.0128
2813.00,0.0127
2812.00,0.0126
2811.00,0.0125
2810.00,0.0125
2809.00,0.0124
2808.00,0.0124
2807.00,0.0123
2806.00,0.0123
2805.00,0.0122
2804.00,0.0122
2803.00,0.0121
2802.00,0.0121
2801.00,0.0120
2800.00,0.0120
2799.00,0.0119
2798.00,0.0119
2797.00,0.0118
2796.00,0.0118
2795.00,0.0117
2794.00,0.0117
2793.00,0.0116
2792.00,0.0116
2791.00,0.0116
2790.00,0.0115
2789.00,0.0115
2788.00,0.0114
2787.00,0.0114
2786.00,0.0114
2785.00,0.0113
2784.00,0.0113
2783.00,0.0113
2782.00,0.0112
2781.00,0.0112
2780.00,0.0112
2779.00,0.0111
2778.00,0.0111
2777.00,0.0111
2776.00,0.0110
2775.00,0.0110
2774.00,0.0110
2773.00,0.0110
2772.00,0.0109
2771.00,0.0109
2770.00,0.0109
2769.00,0.0109
2768.00,0.0109
2767.00,0.0109
2766.00,0.0109
2765.00,0.0109
2764.00,0.0109
2763.00,0.0108
2762.00,0.0108
2761.00,0.0108
2760.00,0.0108
2759.00,0.0108
2758.00,0.0108
2757.00,0.0108
2756.00,0.0108
2755.00,0.0108
2754.00,0.0108
2753.00,0.0108
2752.00,0.0108
2751.00,0.0108
2750.00,0.0108
2749.00,0.0108
2748.00,0.0108
2747.00,0.0108
2746.00,0.0108
2745.00,0.0108
2744.00,0.0108
2743.00,0.0108
2742.00,0.0108
2741.00,0.0109
2740.00,0.0109
2739.00,0.0109
2738.00,0.0109
2737.00,0.0110
2736.00,0.0110
2735.00,0.0110
2734.00,0.0111
2733.00,0.0111
2732.00,0.0111
2731.00,0.0111
2730.00,0.0112
2729.00,0.0112
2728.00,0.0111
2727.00,0.0111
2726.00,0.0111
2725.00,0.0110
2724.00,0.0110
2723.00,0.0110
2722.00,0.0109
2721.00,0.0109
2720.00,0.0109
2719.00,0.0109
2718.00,0.0109
2717.00,0.0108
2716.00,0.0108
2715.00,0.0108
2714.00,0.0108
2713.00,0.0108
2712.00,0.0108
2711.00,0.0108
2710.00,0.0108
2709.00,0.0108
2708.00,0.0108
2707.00,0.0108
2706.00,0.0107
2705.00,0.0107
2704.00,0.0107
2703.00,0.0106
2702.00,0.0106
2701.00,0.0106
2700.00,0.0106
2699.00,0.0106
2698.00,0.0106
2697.00,0.0106
2696.00,0.0106
2695.00,0.0105
2694.00,0.0105
2693.00,0.0105
2692.00,0.0105
2691.00,0.0105
2690.00,0.0104
2689.00,0.0104
2688.00,0.0104
2687.00,0.0104
2686.00,0.0104
2685.00,0.0104
2684.00,0.0104
2683.00,0.0104
2682.00,0.0104
2681.00,0.0104
2680.00,0.0103
2679.00,0.0103
2678.00,0.0103
2677.00,0.0103
2676.00,0.0103
2675.00,0.0103
2674.00,0.0103
2673.00,0.0103
2672.00,0.0103
2671.00,0.0103
2670.00,0.0104
2669.00,0.0104
2668.00,0.0104
2667.00,0.0105
2666.00,0.0105
2665.00,0.0105
2664.00,0.0106
2663.00,0.0106
2662.00,0.0107
2661.00,0.0107
2660.00,0.0108
2659.00,0.0108
2658.00,0.0108
2657.00,0.0108
2656.00,0.0108
2655.00,0.0108
2654.00,0.0108
2653.00,0.0108
2652.00,0.0108
2651.00,0.0108
2650.00,0.0108
2649.00,0.0108
2648.00,0.0108
2647.00,0.0108
2646.00,0.0108
2645.00,0.0108
2644.00,0.0108
2643.00,0.0108
2642.00,0.0108
2641.00,0.0107
2640.00,0.0107
2639.00,0.0107
2638.00,0.0106
2637.00,0.0106
2636.00,0.0106
2635.00,0.0106
2634.00,0.0106
2633.00,0.0106
2632.00,0.0105
2631.00,0.0105
2630.00,0.0105
2629.00,0.0104
2628.00,0.0104
2627.00,0.0104
2626.00,0.0103
2625.00,0.0103
2624.00,0.0103
2623.00,0.0102
2622.00,0.0102
2621.00,0.0102
2620.00,0.0102
2619.00,0.0102
2618.00,0.0102
2617.00,0.0102
2616.00,0.0102
2615.00,0.0102
2614.00,0.0102
2613.00,0.0102
2612.00,0.0102
2611.00,0.0102
2610.00,0.0102
2609.00,0.0102
2608.00,0.0102
2607.00,0.0102
2606.00,0.0102
2605.00,0.0102
2604.00,0.0102
2603.00,0.0102
2602.00,0.0102
2601.00,0.0102
2600.00,0.0102
2599.00,0.0102
2598.00,0.0102
2597.00,0.0102
2596.00,0.0102
2595.00,0.0102
2594.00,0.0102
2593.00,0.0101
2592.00,0.0102
2591.00,0.0102
2590.00,0.0102
2589.00,0.0102
2588.00,0.0102
2587.00,0.0102
2586.00,0.0102
2585.00,0.0102
2584.00,0.0102
2583.00,0.0102
2582.00,0.0102
2581.00,0.0102
2580.00,0.0102
2579.00,0.0101
2578.00,0.0101
2577.00,0.0101
2576.00,0.0101
2575.00,0.0101
2574.00,0.0100
2573.00,0.0100
2572.00,0.0100
2571.00,0.0100
2570.00,0.0099
2569.00,0.0100
2568.00,0.0100
2567.00,0.0100
2566.00,0.0100
2565.00,0.0100
2564.00,0.0100
2563.00,0.0100
2562.00,0.0099
2561.00,0.0099
2560.00,0.0099
2559.00,0.0099
2558.00,0.0099
2557.00,0.0099
2556.00,0.0099
2555.00,0.0099
2554.00,0.0098
2553.00,0.0098
2552.00,0.0098
2551.00,0.0098
2550.00,0.0097
2549.00,0.0097
2548.00,0.0097
2547.00,0.0097
2546.00,0.0096
2545.00,0.0096
2544.00,0.0097
2543.00,0.0097
2542.00,0.0097
2541.00,0.0097
2540.00,0.0097
2539.00,0.0098
2538.00,0.0098
2537.00,0.0098
2536.00,0.0097
2535.00,0.0097
2534.00,0.0097
2533.00,0.0097
2532.00,0.0097
2531.00,0.0097
2530.00,0.0097
2529.00,0.0097
2528.00,0.0097
2527.00,0.0096
2526.00,0.0096
2525.00,0.0096
2524.00,0.0095
2523.00,0.0095
2522.00,0.0095
2521.00,0.0095
2520.00,0.0095
2519.00,0.0095
2518.00,0.0094
2517.00,0.0095
2516.00,0.0095
2515.00,0.0095
2514.00,0.0094
2513.00,0.0094
2512.00,0.0094
2511.00,0.0095
2510.00,0.0095
2509.00,0.0095
2508.00,0.0095
2507.00,0.0095
2506.00,0.0094
2505.00,0.0094
2504.00,0.0094
2503.00,0.0094
2502.00,0.0093
2501.00,0.0093
2500.00,0.0093
2499.00,0.0093
2498.00,0.0093
2497.00,0.0093
2496.00,0.0093
2495.00,0.0093
2494.00,0.0093
2493.00,0.0093
2492.00,0.0093
2491.00,0.0093
2490.00,0.0093
2489.00,0.0093
2488.00,0.0093
2487.00,0.0092
2486.00,0.0092
2485.00,0.0092
2484.00,0.0092
2483.00,0.0092
2482.00,0.0092
2481.00,0.0092
2480.00,0.0092
2479.00,0.0092
2478.00,0.0092
2477.00,0.0092
2476.00,0.0092
2475.00,0.0092
2474.00,0.0092
2473.00,0.0092
2472.00,0.0092
2471.00,0.0092
2470.00,0.0091
2469.00,0.0091
2468.00,0.0091
2467.00,0.0091
2466.00,0.0092
2465.00,0.0092
2464.00,0.0092
2463.00,0.0092
2462.00,0.0092
2461.00,0.0092
2460.00,0.0092
2459.00,0.0092
2458.00,0.0092
2457.00,0.0093
2456.00,0.0093
2455.00,0.0093
2454.00,0.0093
2453.00,0.0093
2452.00,0.0093
2451.00,0.0093
2450.00,0.0093
2449.00,0.0093
2448.00,0.0093
2447.00,0.0093
2446.00,0.0093
2445.00,0.0092
2444.00,0.0092
2443.00,0.0092
2442.00,0.0091
2441.00,0.0091
2440.00,0.0091
2439.00,0.0091
2438.00,0.0090
2437.00,0.0090
2436.00,0.0090
2435.00,0.0090
2434.00,0.0091
2433.00,0.0091
2432.00,0.0090
2431.00,0.0090
2430.00,0.0090
2429.00,0.0091
2428.00,0.0091
2427.00,0.0091
2426.00,0.0090
2425.00,0.0090
2424.00,0.0090
2423.00,0.0090
2422.00,0.0090
2421.00,0.0090
2420.00,0.0090
2419.00,0.0090
2418.00,0.0090
2417.00,0.0090
2416.00,0.0090
2415.00,0.0090
2414.00,0.0090
2413.00,0.0090
2412.00,0.0090
2411.00,0.0091
2410.00,0.0091
2409.00,0.0091
2408.00,0.0090
2407.00,0.0090
2406.00,0.0090
2405.00,0.0089
2404.00,0.0090
2403.00,0.0090
2402.00,0.0090
2401.00,0.0090
2400.00,0.0090
2399.00,0.0090
2398.00,0.0090
2397.00,0.0089
2396.00,0.0089
2395.00,0.0089
2394.00,0.0089
2393.00,0.0089
2392.00,0.0089
2391.00,0.0089
2390.00,0.0088
2389.00,0.0088
2388.00,0.0088
2387.00,0.0088
2386.00,0.0088
2385.00,0.0087
2384.00,0.0087
2383.00,0.0086
2382.00,0.0086
2381.00,0.0085
2380.00,0.0084
2379.00,0.0084
2378.00,0.0083
2377.00,0.0083
2376.00,0.0083
2375.00,0.0083
2374.00,0.0084
2373.00,0.0084
2372.00,0.0084
2371.00,0.0084
2370.00,0.0084
2369.00,0.0084
2368.00,0.0083
2367.00,0.0083
2366.00,0.0083
2365.00,0.0083
2364.00,0.0083
2363.00,0.0083
2362.00,0.0084
2361.00,0.0084
2360.00,0.0084
2359.00,0.0084
2358.00,0.0083
2357.00,0.0084
2356.00,0.0084
2355.00,0.0084
2354.00,0.0085
2353.00,0.0085
2352.00,0.0085
2351.00,0.0084
2350.00,0.0084
2349.00,0.0085
2348.00,0.0085
2347.00,0.0086
2346.00,0.0087
2345.00,0.0087
2344.00,0.0086
2343.00,0.0086
2342.00,0.0086
2341.00,0.0086
2340.00,0.0087
2339.00,0.0088
2338.00,0.0088
2337.00,0.0089
2336.00,0.0089
2335.00,0.0089
2334.00,0.0089
2333.00,0.0089
2332.00,0.0089
2331.00,0.0089
2330.00,0.0089
2329.00,0.0091
2328.00,0.0093
2327.00,0.0097
2326.00,0.0100
2325.00,0.0101
2324.00,0.0100
2323.00,0.0098
2322.00,0.0096
2321.00,0.0095
2320.00,0.0094
2319.00,0.0094
2318.00,0.0093
2317.00,0.0093
2316.00,0.0092
2315.00,0.0092
2314.00,0.0091
2313.00,0.0091
2312.00,0.0091
2311.00,0.0090
2310.00,0.0090
2309.00,0.0090
2308.00,0.0090
2307.00,0.0089
2306.00,0.0089
2305.00,0.0090
2304.00,0.0090
2303.00,0.0091
2302.00,0.0092
2301.00,0.0092
2300.00,0.0092
2299.00,0.0092
2298.00,0.0093
2297.00,0.0093
2296.00,0.0094
2295.00,0.0095
2294.00,0.0095
2293.00,0.0097
2292.00,0.0098
2291.00,0.0099
2290.00,0.0100
2289.00,0.0101
2288.00,0.0101
2287.00,0.0101
2286.00,0.0101
2285.00,0.0100
2284.00,0.0100
2283.00,0.0099
2282.00,0.0099
2281.00,0.0098
2280.00,0.0098
2279.00,0.0097
2278.00,0.0097
2277.00,0.0097
2276.00,0.0096
2275.00,0.0096
2274.00,0.0096
2273.00,0.0096
2272.00,0.0095
2271.00,0.0095
2270.00,0.0095
2269.00,0.0094
2268.00,0.0094
2267.00,0.0094
2266.00,0.0093
2265.00,0.0093
2264.00,0.0093
2263.00,0.0093
2262.00,0.0093
2261.00,0.0094
2260.00,0.0094
2259.00,0.0094
2258.00,0.0094
2257.00,0.0093
2256.00,0.0092
2255.00,0.0090
2254.00,0.0089
2253.00,0.0089
2252.00,0.0090
2251.00,0.0091
2250.00,0.0092
2249.00,0.0092
2248.00,0.0093
2247.00,0.0093
2246.00,0.0093
2245.00,0.0093
2244.00,0.0093
2243.00,0.0093
2242.00,0.0093
2241.00,0.0093
2240.00,0.0094
2239.00,0.0095
2238.00,0.0095
2237.00,0.0094
2236.00,0.0094
2235.00,0.0093
2234.00,0.0093
2233.00,0.0092
2232.00,0.0092
2231.00,0.0093
2230.00,0.0094
2229.00,0.0096
2228.00,0.0096
2227.00,0.0096
2226.00,0.0095
2225.00,0.0094
2224.00,0.0094
2223.00,0.0094
2222.00,0.0093
2221.00,0.0093
2220.00,0.0092
2219.00,0.0092
2218.00,0.0091
2217.00,0.0091
2216.00,0.0092
2215.00,0.0093
2214.00,0.0094
2213.00,0.0095
2212.00,0.0095
2211.00,0.0094
2210.00,0.0093
2209.00,0.0092
2208.00,0.0092
2207.00,0.0093
2206.00,0.0094
2205.00,0.0095
2204.00,0.0096
2203.00,0.0096
2202.00,0.0096
2201.00,0.0095
2200.00,0.0095
2199.00,0.0094
2198.00,0.0093
2197.00,0.0093
2196.00,0.0094
2195.00,0.0096
2194.00,0.0096
2193.00,0.0096
2192.00,0.0095
2191.00,0.0093
2190.00,0.0093
2189.00,0.0094
2188.00,0.0096
2187.00,0.0097
2186.00,0.0097
2185.00,0.0096
2184.00,0.0095
2183.00,0.0093
2182.00,0.0091
2181.00,0.0091
2180.00,0.0091
2179.00,0.0092
2178.00,0.0091
2177.00,0.0089
2176.00,0.0089
2175.00,0.0090
2174.00,0.0091
2173.00,0.0093
2172.00,0.0094
2171.00,0.0096
2170.00,0.0098
2169.00,0.0100
2168.00,0.0101
2167.00,0.0101
2166.00,0.0100
2165.00,0.0100
2164.00,0.0102
2163.00,0.0103
2162.00,0.0099
2161.00,0.0089
2160.00,0.0076
2159.00,0.0065
2158.00,0.0059
2157.00,0.0060
2156.00,0.0063
2155.00,0.0066
2154.00,0.0068
2153.00,0.0071
2152.00,0.0074
2151.00,0.0075
2150.00,0.0076
2149.00,0.0077
2148.00,0.0078
2147.00,0.0079
2146.00,0.0078
2145.00,0.0078
2144.00,0.0079
2143.00,0.0079
2142.00,0.0079
2141.00,0.0080
2140.00,0.0080
2139.00,0.0080
2138.00,0.0080
2137.00,0.0079
2136.00,0.0077
2135.00,0.0075
2134.00,0.0073
2133.00,0.0072
2132.00,0.0074
2131.00,0.0076
2130.00,0.0078
2129.00,0.0079
2128.00,0.0080
2127.00,0.0081
2126.00,0.0082
2125.00,0.0083
2124.00,0.0084
2123.00,0.0085
2122.00,0.0086
2121.00,0.0087
2120.00,0.0089
2119.00,0.0090
2118.00,0.0091
2117.00,0.0091
2116.00,0.0092
2115.00,0.0092
2114.00,0.0092
2113.00,0.0092
2112.00,0.0092
2111.00,0.0091
2110.00,0.0090
2109.00,0.0090
2108.00,0.0091
2107.00,0.0091
2106.00,0.0090
2105.00,0.0089
2104.00,0.0089
2103.00,0.0089
2102.00,0.0088
2101.00,0.0088
2100.00,0.0089
2099.00,0.0089
2098.00,0.0088
2097.00,0.0087
2096.00,0.0086
2095.00,0.0085
2094.00,0.0085
2093.00,0.0086
2092.00,0.0087
2091.00,0.0087
2090.00,0.0088
2089.00,0.0088
2088.00,0.0088
2087.00,0.0088
2086.00,0.0089
2085.00,0.0090
2084.00,0.0091
2083.00,0.0091
2082.00,0.0091
2081.00,0.0090
2080.00,0.0090
2079.00,0.0090
2078.00,0.0090
2077.00,0.0090
2076.00,0.0090
2075.00,0.0089
2074.00,0.0088
2073.00,0.0087
2072.00,0.0087
2071.00,0.0087
2070.00,0.0087
2069.00,0.0086
2068.00,0.0086
2067.00,0.0087
2066.00,0.0087
2065.00,0.0086
2064.00,0.0086
2063.00,0.0085
2062.00,0.0084
2061.00,0.0084
2060.00,0.0084
2059.00,0.0085
2058.00,0.0086
2057.00,0.0087
2056.00,0.0087
2055.00,0.0087
2054.00,0.0088
2053.00,0.0090
2052.00,0.0093
2051.00,0.0093
2050.00,0.0091
2049.00,0.0088
2048.00,0.0087
2047.00,0.0086
2046.00,0.0085
2045.00,0.0084
2044.00,0.0085
2043.00,0.0086
2042.00,0.0086
2041.00,0.0086
2040.00,0.0085
2039.00,0.0083
2038.00,0.0082
2037.00,0.0082
2036.00,0.0082
2035.00,0.0082
2034.00,0.0082
2033.00,0.0082
2032.00,0.0083
2031.00,0.0083
2030.00,0.0080
2029.00,0.0078
2028.00,0.0077
2027.00,0.0076
2026.00,0.0076
2025.00,0.0076
2024.00,0.0077
2023.00,0.0079
2022.00,0.0080
2021.00,0.0082
2020.00,0.0083
2019.00,0.0083
2018.00,0.0081
2017.00,0.0079
2016.00,0.0078
2015.00,0.0077
2014.00,0.0076
2013.00,0.0076
2012.00,0.0076
2011.00,0.0076
2010.00,0.0075
2009.00,0.0074
2008.00,0.0072
2007.00,0.0069
2006.00,0.0067
2005.00,0.0067
2004.00,0.0068
2003.00,0.0070
2002.00,0.0072
2001.00,0.0073
2000.00,0.0075
1999.00,0.0077
1998.00,0.0078
1997.00,0.0078
1996.00,0.0079
1995.00,0.0080
1994.00,0.0080
1993.00,0.0082
1992.00,0.0084
1991.00,0.0086
1990.00,0.0086
1989.00,0.0086
1988.00,0.0085
1987.00,0.0084
1986.00,0.0084
1985.00,0.0085
1984.00,0.0087
1983.00,0.0090
1982.00,0.0092
1981.00,0.0092
1980.00,0.0091
1979.00,0.0086
1978.00,0.0080
1977.00,0.0076
1976.00,0.0075
1975.00,0.0075
1974.00,0.0074
1973.00,0.0073
1972.00,0.0073
1971.00,0.0072
1970.00,0.0071
1969.00,0.0071
1968.00,0.0071
1967.00,0.0071
1966.00,0.0070
1965.00,0.0070
1964.00,0.0070
1963.00,0.0071
1962.00,0.0070
1961.00,0.0069
1960.00,0.0068
1959.00,0.0067
1958.00,0.0068
1957.00,0.0069
1956.00,0.0070
1955.00,0.0071
1954.00,0.0071
1953.00,0.0072
1952.00,0.0073
1951.00,0.0073
1950.00,0.0073
1949.00,0.0074
1948.00,0.0075
1947.00,0.0076
1946.00,0.0076
1945.00,0.0076
1944.00,0.0075
1943.00,0.0075
1942.00,0.0074
1941.00,0.0074
1940.00,0.0074
1939.00,0.0074
1938.00,0.0074
1937.00,0.0074
1936.00,0.0074
1935.00,0.0074
1934.00,0.0074
1933.00,0.0075
1932.00,0.0075
1931.00,0.0075
1930.00,0.0074
1929.00,0.0074
1928.00,0.0074
1927.00,0.0074
1926.00,0.0074
1925.00,0.0075
1924.00,0.0075
1923.00,0.0076
1922.00,0.0076
1921.00,0.0076
1920.00,0.0076
1919.00,0.0077
1918.00,0.0076
1917.00,0.0077
1916.00,0.0077
1915.00,0.0078
1914.00,0.0079
1913.00,0.0079
1912.00,0.0080
1911.00,0.0081
1910.00,0.0083
1909.00,0.0084
1908.00,0.0085
1907.00,0.0085
1906.00,0.0084
1905.00,0.0082
1904.00,0.0081
1903.00,0.0080
1902.00,0.0080
1901.00,0.0079
1900.00,0.0080
1899.00,0.0080
1898.00,0.0079
1897.00,0.0080
1896.00,0.0080
1895.00,0.0081
1894.00,0.0081
1893.00,0.0081
1892.00,0.0081
1891.00,0.0080
1890.00,0.0079
1889.00,0.0079
1888.00,0.0079
1887.00,0.0078
1886.00,0.0078
1885.00,0.0078
1884.00,0.0078
1883.00,0.0079
1882.00,0.0078
1881.00,0.0078
1880.00,0.0078
1879.00,0.0078
1878.00,0.0078
1877.00,0.0078
1876.00,0.0078
1875.00,0.0078
1874.00,0.0078
1873.00,0.0078
1872.00,0.0078
1871.00,0.0078
1870.00,0.0077
1869.00,0.0077
1868.00,0.0077
1867.00,0.0078
1866.00,0.0078
1865.00,0.0078
1864.00,0.0078
1863.00,0.0079
1862.00,0.0079
1861.00,0.0079
1860.00,0.0079
1859.00,0.0079
1858.00,0.0079
1857.00,0.0079
1856.00,0.0079
1855.00,0.0079
1854.00,0.0080
1853.00,0.0080
1852.00,0.0080
1851.00,0.0079
1850.00,0.0079
1849.00,0.0080
1848.00,0.0080
1847.00,0.0081
1846.00,0.0081
1845.00,0.0080
1844.00,0.0080
1843.00,0.0080
1842.00,0.0079
1841.00,0.0079
1840.00,0.0079
1839.00,0.0079
1838.00,0.0079
1837.00,0.0079
1836.00,0.0080
1835.00,0.0080
1834.00,0.0079
1833.00,0.0079
1832.00,0.0078
1831.00,0.0078
1830.00,0.0077
1829.00,0.0077
1828.00,0.0077
1827.00,0.0077
1826.00,0.0077
1825.00,0.0077
1824.00,0.0078
1823.00,0.0078
1822.00,0.0079
1821.00,0.0079
1820.00,0.0078
1819.00,0.0078
1818.00,0.0077
1817.00,0.0076
1816.00,0.0077
1815.00,0.0077
1814.00,0.0078
1813.00,0.0078
1812.00,0.0079
1811.00,0.0079
1810.00,0.0079
1809.00,0.0079
1808.00,0.0079
1807.00,0.0079
1806.00,0.0080
1805.00,0.0080
1804.00,0.0080
1803.00,0.0080
1802.00,0.0080
1801.00,0.0080
1800.00,0.0080
1799.00,0.0080
1798.00,0.0080
1797.00,0.0080
1796.00,0.0081
1795.00,0.0081
1794.00,0.0080
1793.00,0.0080
1792.00,0.0080
1791.00,0.0080
1790.00,0.0080
1789.00,0.0080
1788.00,0.0081
1787.00,0.0081
1786.00,0.0081
1785.00,0.0081
1784.00,0.0081
1783.00,0.0081
1782.00,0.0081
1781.00,0.0081
1780.00,0.0082
1779.00,0.0082
1778.00,0.0082
1777.00,0.0083
1776.00,0.0083
1775.00,0.0083
1774.00,0.0083
1773.00,0.0082
1772.00,0.0082
1771.00,0.0082
1770.00,0.0082
1769.00,0.0082
1768.00,0.0082
1767.00,0.0083
1766.00,0.0083
1765.00,0.0084
1764.00,0.0084
1763.00,0.0084
1762.00,0.0084
1761.00,0.0085
1760.00,0.0085
1759.00,0.0086
1758.00,0.0086
1757.00,0.0086
1756.00,0.0086
1755.00,0.0086
1754.00,0.0085
1753.00,0.0085
1752.00,0.0086
1751.00,0.0086
1750.00,0.0086
1749.00,0.0086
1748.00,0.0087
1747.00,0.0088
1746.00,0.0088
1745.00,0.0088
1744.00,0.0089
1743.00,0.0090
1742.00,0.0089
1741.00,0.0089
1740.00,0.0089
1739.00,0.0089
1738.00,0.0090
1737.00,0.0090
1736.00,0.0090
1735.00,0.0090
1734.00,0.0091
1733.00,0.0092
1732.00,0.0093
1731.00,0.0095
1730.00,0.0097
1729.00,0.0098
1728.00,0.0100
1727.00,0.0101
1726.00,0.0102
1725.00,0.0103
1724.00,0.0104
1723.00,0.0105
1722.00,0.0106
1721.00,0.0106
1720.00,0.0107
1719.00,0.0107
1718.00,0.0108
1717.00,0.0110
1716.00,0.0112
1715.00,0.0114
1714.00,0.0116
1713.00,0.0118
1712.00,0.0121
1711.00,0.0124
1710.00,0.0126
1709.00,0.0128
1708.00,0.0131
1707.00,0.0133
1706.00,0.0135
1705.00,0.0139
1704.00,0.0142
1703.00,0.0145
1702.00,0.0147
1701.00,0.0151
1700.00,0.0158
1699.00,0.0166
1698.00,0.0174
1697.00,0.0182
1696.00,0.0195
1695.00,0.0208
1694.00,0.0219
1693.00,0.0229
1692.00,0.0241
1691.00,0.0254
1690.00,0.0268
1689.00,0.0283
1688.00,0.0297
1687.00,0.0310
1686.00,0.0322
1685.00,0.0339
1684.00,0.0362
1683.00,0.0385
1682.00,0.0402
1681.00,0.0418
1680.00,0.0436
1679.00,0.0454
1678.00,0.0470
1677.00,0.0485
1676.00,0.0503
1675.00,0.0524
1674.00,0.0544
1673.00,0.0562
1672.00,0.0578
1671.00,0.0595
1670.00,0.0615
1669.00,0.0637
1668.00,0.0658
1667.00,0.0677
1666.00,0.0692
1665.00,0.0707
1664.00,0.0722
1663.00,0.0740
1662.00,0.0757
1661.00,0.0774
1660.00,0.0789
1659.00,0.0802
1658.00,0.0814
1657.00,0.0824
1656.00,0.0832
1655.00,0.0837
1654.00,0.0841
1653.00,0.0851
1652.00,0.0865
1651.00,0.0875
1650.00,0.0881
1649.00,0.0882
1648.00,0.0883
1647.00,0.0882
1646.00,0.0882
1645.00,0.0882
1644.00,0.0882
1643.00,0.0881
1642.00,0.0877
1641.00,0.0872
1640.00,0.0865
1639.00,0.0857
1638.00,0.0846
1637.00,0.0831
1636.00,0.0814
1635.00,0.0799
1634.00,0.0788
1633.00,0.0781
1632.00,0.0777
1631.00,0.0774
1630.00,0.0772
1629.00,0.0774
1628.00,0.0782
1627.00,0.0792
1626.00,0.0802
1625.00,0.0808
1624.00,0.0811
1623.00,0.0812
1622.00,0.0808
1621.00,0.0801
1620.00,0.0789
1619.00,0.0771
1618.00,0.0742
1617.00,0.0705
1616.00,0.0669
1615.00,0.0644
1614.00,0.0630
1613.00,0.0621
1612.00,0.0615
1611.00,0.0608
1610.00,0.0598
1609.00,0.0584
1608.00,0.0565
1607.00,0.0543
1606.00,0.0520
1605.00,0.0496
1604.00,0.0473
1603.00,0.0451
1602.00,0.0431
1601.00,0.0413
1600.00,0.0396
1599.00,0.0382
1598.00,0.0370
1597.00,0.0360
1596.00,0.0352
1595.00,0.0347
1594.00,0.0346
1593.00,0.0348
1592.00,0.0353
1591.00,0.0362
1590.00,0.0374
1589.00,0.0389
1588.00,0.0404
1587.00,0.0418
1586.00,0.0429
1585.00,0.0437
1584.00,0.0440
1583.00,0.0439
1582.00,0.0435
1581.00,0.0427
1580.00,0.0419
1579.00,0.0408
1578.00,0.0396
1577.00,0.0380
1576.00,0.0362
1575.00,0.0347
1574.00,0.0336
1573.00,0.0328
1572.00,0.0321
1571.00,0.0314
1570.00,0.0307
1569.00,0.0300
1568.00,0.0294
1567.00,0.0288
1566.00,0.0281
1565.00,0.0272
1564.00,0.0262
1563.00,0.0253
1562.00,0.0245
1561.00,0.0235
1560.00,0.0223
1559.00,0.0211
1558.00,0.0203
1557.00,0.0199
1556.00,0.0198
1555.00,0.0198
1554.00,0.0198
1553.00,0.0196
1552.00,0.0195
1551.00,0.0193
1550.00,0.0191
1549.00,0.0190
1548.00,0.0188
1547.00,0.0186
1546.00,0.0184
1545.00,0.0183
1544.00,0.0181
1543.00,0.0178
1542.00,0.0175
1541.00,0.0171
1540.00,0.0169
1539.00,0.0169
1538.00,0.0169
1537.00,0.0169
1536.00,0.0169
1535.00,0.0168
1534.00,0.0167
1533.00,0.0166
1532.00,0.0165
1531.00,0.0165
1530.00,0.0165
1529.00,0.0165
1528.00,0.0165
1527.00,0.0164
1526.00,0.0164
1525.00,0.0164
1524.00,0.0163
1523.00,0.0163
1522.00,0.0164
1521.00,0.0166
1520.00,0.0167
1519.00,0.0169
1518.00,0.0171
1517.00,0.0174
1516.00,0.0178
1515.00,0.0182
1514.00,0.0186
1513.00,0.0190
1512.00,0.0193
1511.00,0.0197
1510.00,0.0199
1509.00,0.0201
1508.00,0.0203
1507.00,0.0208
1506.00,0.0215
1505.00,0.0223
1504.00,0.0232
1503.00,0.0242
1502.00,0.0255
1501.00,0.0270
1500.00,0.0288
1499.00,0.0311
1498.00,0.0337
1497.00,0.0363
1496.00,0.0381
1495.00,0.0388
1494.00,0.0385
1493.00,0.0375
1492.00,0.0359
1491.00,0.0339
1490.00,0.0317
1489.00,0.0297
1488.00,0.0279
1487.00,0.0263
1486.00,0.0250
1485.00,0.0239
1484.00,0.0231
1483.00,0.0223
1482.00,0.0217
1481.00,0.0213
1480.00,0.0210
1479.00,0.0209
1478.00,0.0209
1477.00,0.0211
1476.00,0.0215
1475.00,0.0221
1474.00,0.0231
1473.00,0.0248
1472.00,0.0272
1471.00,0.0301
1470.00,0.0332
1469.00,0.0366
1468.00,0.0401
1467.00,0.0436
1466.00,0.0468
1465.00,0.0496
1464.00,0.0516
1463.00,0.0527
1462.00,0.0532
1461.00,0.0533
1460.00,0.0530
1459.00,0.0520
1458.00,0.0500
1457.00,0.0474
1456.00,0.0450
1455.00,0.0433
1454.00,0.0423
1453.00,0.0417
1452.00,0.0415
1451.00,0.0417
1450.00,0.0423
1449.00,0.0435
1448.00,0.0451
1447.00,0.0471
1446.00,0.0493
1445.00,0.0516
1444.00,0.0540
1443.00,0.0564
1442.00,0.0585
1441.00,0.0604
1440.00,0.0618
1439.00,0.0627
1438.00,0.0632
1437.00,0.0635
1436.00,0.0637
1435.00,0.0640
1434.00,0.0643
1433.00,0.0647
1432.00,0.0650
1431.00,0.0655
1430.00,0.0662
1429.00,0.0672
1428.00,0.0683
1427.00,0.0695
1426.00,0.0706
1425.00,0.0716
1424.00,0.0723
1423.00,0.0725
1422.00,0.0720
1421.00,0.0708
1420.00,0.0686
1419.00,0.0653
1418.00,0.0618
1417.00,0.0585
1416.00,0.0556
1415.00,0.0527
1414.00,0.0500
1413.00,0.0477
1412.00,0.0458
1411.00,0.0443
1410.00,0.0433
1409.00,0.0429
1408.00,0.0428
1407.00,0.0431
1406.00,0.0438
1405.00,0.0448
1404.00,0.0459
1403.00,0.0470
1402.00,0.0477
1401.00,0.0482
1400.00,0.0481
1399.00,0.0476
1398.00,0.0466
1397.00,0.0453
1396.00,0.0437
1395.00,0.0418
1394.00,0.0399
1393.00,0.0383
1392.00,0.0371
1391.00,0.0363
1390.00,0.0359
1389.00,0.0360
1388.00,0.0367
1387.00,0.0375
1386.00,0.0379
1385.00,0.0378
1384.00,0.0374
1383.00,0.0371
1382.00,0.0371
1381.00,0.0376
1380.00,0.0381
1379.00,0.0386
1378.00,0.0389
1377.00,0.0390
1376.00,0.0386
1375.00,0.0379
1374.00,0.0368
1373.00,0.0359
1372.00,0.0352
1371.00,0.0349
1370.00,0.0350
1369.00,0.0356
1368.00,0.0365
1367.00,0.0375
1366.00,0.0384
1365.00,0.0388
1364.00,0.0388
1363.00,0.0390
1362.00,0.0396
1361.00,0.0407
1360.00,0.0415
1359.00,0.0414
1358.00,0.0403
1357.00,0.0386
1356.00,0.0370
1355.00,0.0356
1354.00,0.0346
1353.00,0.0340
1352.00,0.0335
1351.00,0.0333
1350.00,0.0333
1349.00,0.0334
1348.00,0.0335
1347.00,0.0335
1346.00,0.0334
1345.00,0.0331
1344.00,0.0326
1343.00,0.0320
1342.00,0.0313
1341.00,0.0306
1340.00,0.0299
1339.00,0.0293
1338.00,0.0288
1337.00,0.0286
1336.00,0.0287
1335.00,0.0289
1334.00,0.0294
1333.00,0.0301
1332.00,0.0308
1331.00,0.0316
1330.00,0.0323
1329.00,0.0330
1328.00,0.0336
1327.00,0.0342
1326.00,0.0347
1325.00,0.0352
1324.00,0.0358
1323.00,0.0363
1322.00,0.0368
1321.00,0.0372
1320.00,0.0376
1319.00,0.0377
1318.00,0.0377
1317.00,0.0374
1316.00,0.0368
1315.00,0.0362
1314.00,0.0355
1313.00,0.0349
1312.00,0.0343
1311.00,0.0340
1310.00,0.0339
1309.00,0.0341
1308.00,0.0346
1307.00,0.0355
1306.00,0.0368
1305.00,0.0386
1304.00,0.0408
1303.00,0.0434
1302.00,0.0462
1301.00,0.0488
1300.00,0.0511
1299.00,0.0532
1298.00,0.0554
1297.00,0.0580
1296.00,0.0609
1295.00,0.0642
1294.00,0.0674
1293.00,0.0704
1292.00,0.0729
1291.00,0.0750
1290.00,0.0765
1289.00,0.0778
1288.00,0.0788
1287.00,0.0795
1286.00,0.0799
1285.00,0.0799
1284.00,0.0796
1283.00,0.0789
1282.00,0.0777
1281.00,0.0763
1280.00,0.0748
1279.00,0.0733
1278.00,0.0721
1277.00,0.0711
1276.00,0.0704
1275.00,0.0698
1274.00,0.0691
1273.00,0.0684
1272.00,0.0673
1271.00,0.0660
1270.00,0.0645
1269.00,0.0628
1268.00,0.0609
1267.00,0.0589
1266.00,0.0569
1265.00,0.0549
1264.00,0.0529
1263.00,0.0510
1262.00,0.0491
1261.00,0.0474
1260.00,0.0457
1259.00,0.0442
1258.00,0.0429
1257.00,0.0418
1256.00,0.0408
1255.00,0.0399
1254.00,0.0391
1253.00,0.0386
1252.00,0.0382
1251.00,0.0380
1250.00,0.0380
1249.00,0.0383
1248.00,0.0388
1247.00,0.0396
1246.00,0.0405
1245.00,0.0414
1244.00,0.0423
1243.00,0.0430
1242.00,0.0437
1241.00,0.0443
1240.00,0.0450
1239.00,0.0460
1238.00,0.0472
1237.00,0.0488
1236.00,0.0503
1235.00,0.0517
1234.00,0.0527
1233.00,0.0532
1232.00,0.0530
1231.00,0.0523
1230.00,0.0513
1229.00,0.0500
1228.00,0.0487
1227.00,0.0476
1226.00,0.0466
1225.00,0.0458
1224.00,0.0451
1223.00,0.0446
1222.00,0.0444
1221.00,0.0444
1220.00,0.0445
1219.00,0.0449
1218.00,0.0454
1217.00,0.0460
1216.00,0.0465
1215.00,0.0468
1214.00,0.0468
1213.00,0.0463
1212.00,0.0454
1211.00,0.0442
1210.00,0.0427
1209.00,0.0413
1208.00,0.0400
1207.00,0.0390
1206.00,0.0383
1205.00,0.0379
1204.00,0.0379
1203.00,0.0383
1202.00,0.0390
1201.00,0.0400
1200.00,0.0413
1199.00,0.0428
1198.00,0.0444
1197.00,0.0462
1196.00,0.0478
1195.00,0.0489
1194.00,0.0493
1193.00,0.0490
1192.00,0.0480
1191.00,0.0465
1190.00,0.0448
1189.00,0.0430
1188.00,0.0411
1187.00,0.0393
1186.00,0.0376
1185.00,0.0362
1184.00,0.0350
1183.00,0.0341
1182.00,0.0334
1181.00,0.0329
1180.00,0.0325
1179.00,0.0323
1178.00,0.0322
1177.00,0.0322
1176.00,0.0322
1175.00,0.0323
1174.00,0.0324
1173.00,0.0325
1172.00,0.0325
1171.00,0.0326
1170.00,0.0325
1169.00,0.0325
1168.00,0.0323
1167.00,0.0322
1166.00,0.0320
1165.00,0.0319
1164.00,0.0319
1163.00,0.0320
1162.00,0.0325
1161.00,0.0333
1160.00,0.0347
1159.00,0.0367
1158.00,0.0392
1157.00,0.0419
1156.00,0.0445
1155.00,0.0461
1154.00,0.0463
1153.00,0.0450
1152.00,0.0425
1151.00,0.0393
1150.00,0.0361
1149.00,0.0334
1148.00,0.0313
1147.00,0.0298
1146.00,0.0288
1145.00,0.0280
1144.00,0.0275
1143.00,0.0271
1142.00,0.0269
1141.00,0.0268
1140.00,0.0268
1139.00,0.0270
1138.00,0.0274
1137.00,0.0281
1136.00,0.0292
1135.00,0.0308
1134.00,0.0331
1133.00,0.0362
1132.00,0.0398
1131.00,0.0436
1130.00,0.0470
1129.00,0.0493
1128.00,0.0504
1127.00,0.0502
1126.00,0.0491
1125.00,0.0474
1124.00,0.0451
1123.00,0.0427
1122.00,0.0402
1121.00,0.0379
1120.00,0.0359
1119.00,0.0344
1118.00,0.0334
1117.00,0.0329
1116.00,0.0326
1115.00,0.0324
1114.00,0.0323
1113.00,0.0320
1112.00,0.0316
1111.00,0.0311
1110.00,0.0306
1109.00,0.0302
1108.00,0.0299
1107.00,0.0299
1106.00,0.0302
1105.00,0.0310
1104.00,0.0323
1103.00,0.0341
1102.00,0.0363
1101.00,0.0384
1100.00,0.0399
1099.00,0.0405
1098.00,0.0400
1097.00,0.0385
1096.00,0.0365
1095.00,0.0344
1094.00,0.0324
1093.00,0.0309
1092.00,0.0296
1091.00,0.0287
1090.00,0.0281
1089.00,0.0276
1088.00,0.0273
1087.00,0.0270
1086.00,0.0268
1085.00,0.0267
1084.00,0.0266
1083.00,0.0265
1082.00,0.0265
1081.00,0.0266
1080.00,0.0267
1079.00,0.0268
1078.00,0.0270
1077.00,0.0272
1076.00,0.0273
1075.00,0.0275
1074.00,0.0276
1073.00,0.0278
1072.00,0.0280
1071.00,0.0282
1070.00,0.0285
1069.00,0.0287
1068.00,0.0291
1067.00,0.0294
1066.00,0.0299
1065.00,0.0305
1064.00,0.0313
1063.00,0.0324
1062.00,0.0339
1061.00,0.0359
1060.00,0.0385
1059.00,0.0418
1058.00,0.0456
1057.00,0.0498
1056.00,0.0538
1055.00,0.0572
1054.00,0.0595
1053.00,0.0609
1052.00,0.0616
1051.00,0.0620
1050.00,0.0620
1049.00,0.0615
1048.00,0.0604
1047.00,0.0587
1046.00,0.0563
1045.00,0.0535
1044.00,0.0506
1043.00,0.0476
1042.00,0.0449
1041.00,0.0425
1040.00,0.0406
1039.00,0.0392
1038.00,0.0385
1037.00,0.0383
1036.00,0.0385
1035.00,0.0388
1034.00,0.0393
1033.00,0.0401
1032.00,0.0414
1031.00,0.0437
1030.00,0.0468
1029.00,0.0506
1028.00,0.0541
1027.00,0.0567
1026.00,0.0577
1025.00,0.0569
1024.00,0.0547
1023.00,0.0517
1022.00,0.0486
1021.00,0.0457
1020.00,0.0432
1019.00,0.0410
1018.00,0.0392
1017.00,0.0375
1016.00,0.0361
1015.00,0.0347
1014.00,0.0335
1013.00,0.0325
1012.00,0.0318
1011.00,0.0314
1010.00,0.0315
1009.00,0.0320
1008.00,0.0330
1007.00,0.0343
1006.00,0.0359
1005.00,0.0374
1004.00,0.0387
1003.00,0.0393
1002.00,0.0394
1001.00,0.0389
1000.00,0.0381
999.00,0.0372
998.00,0.0363
997.00,0.0354
996.00,0.0346
995.00,0.0340
994.00,0.0334
993.00,0.0328
992.00,0.0320
991.00,0.0311
990.00,0.0302
989.00,0.0293
988.00,0.0284
987.00,0.0277
986.00,0.0271
985.00,0.0266
984.00,0.0262
983.00,0.0259
982.00,0.0257
981.00,0.0255
980.00,0.0253
979.00,0.0252
978.00,0.0251
977.00,0.0250
976.00,0.0250
975.00,0.0249
974.00,0.0248
973.00,0.0247
972.00,0.0245
971.00,0.0244
970.00,0.0243
969.00,0.0242
968.00,0.0242
967.00,0.0242
966.00,0.0242
965.00,0.0244
964.00,0.0245
963.00,0.0247
962.00,0.0248
961.00,0.0246
960.00,0.0243
959.00,0.0237
958.00,0.0232
957.00,0.0227
956.00,0.0223
955.00,0.0219
954.00,0.0217
953.00,0.0215
952.00,0.0214
951.00,0.0214
950.00,0.0215
949.00,0.0218
948.00,0.0220
947.00,0.0221
946.00,0.0221
945.00,0.0221
944.00,0.0222
943.00,0.0225
942.00,0.0229
941.00,0.0234
940.00,0.0239
939.00,0.0245
938.00,0.0250
937.00,0.0254
936.00,0.0259
935.00,0.0264
934.00,0.0268
933.00,0.0270
932.00,0.0269
931.00,0.0266
930.00,0.0262
929.00,0.0257
928.00,0.0254
927.00,0.0252
926.00,0.0252
925.00,0.0255
924.00,0.0259
923.00,0.0264
922.00,0.0267
921.00,0.0267
920.00,0.0263
919.00,0.0256
918.00,0.0248
917.00,0.0240
916.00,0.0233
915.00,0.0227
914.00,0.0222
913.00,0.0219
912.00,0.0217
911.00,0.0216
910.00,0.0215
909.00,0.0215
908.00,0.0216
907.00,0.0217
906.00,0.0220
905.00,0.0225
904.00,0.0232
903.00,0.0241
902.00,0.0253
901.00,0.0266
900.00,0.0277
899.00,0.0284
898.00,0.0286
897.00,0.0282
896.00,0.0274
895.00,0.0268
894.00,0.0264
893.00,0.0266
892.00,0.0273
891.00,0.0282
890.00,0.0288
889.00,0.0285
888.00,0.0274
887.00,0.0260
886.00,0.0247
885.00,0.0239
884.00,0.0234
883.00,0.0233
882.00,0.0233
881.00,0.0235
880.00,0.0238
879.00,0.0244
878.00,0.0254
877.00,0.0268
876.00,0.0287
875.00,0.0310
874.00,0.0336
873.00,0.0365
872.00,0.0392
871.00,0.0415
870.00,0.0429
869.00,0.0431
868.00,0.0423
867.00,0.0409
866.00,0.0392
865.00,0.0376
864.00,0.0361
863.00,0.0347
862.00,0.0334
861.00,0.0323
860.00,0.0315
859.00,0.0311
858.00,0.0312
857.00,0.0320
856.00,0.0332
855.00,0.0348
854.00,0.0364
853.00,0.0381
852.00,0.0398
851.00,0.0416
850.00,0.0434
849.00,0.0446
848.00,0.0449
847.00,0.0443
846.00,0.0431
845.00,0.0417
844.00,0.0404
843.00,0.0393
842.00,0.0384
841.00,0.0380
840.00,0.0379
839.00,0.0383
838.00,0.0392
837.00,0.0407
836.00,0.0423
835.00,0.0438
834.00,0.0448
833.00,0.0451
832.00,0.0447
831.00,0.0435
830.00,0.0418
829.00,0.0396
828.00,0.0373
827.00,0.0352
826.00,0.0337
825.00,0.0332
824.00,0.0339
823.00,0.0362
822.00,0.0399
821.00,0.0439
820.00,0.0468
819.00,0.0482
818.00,0.0492
817.00,0.0508
816.00,0.0524
815.00,0.0523
814.00,0.0497
813.00,0.0453
812.00,0.0407
811.00,0.0371
810.00,0.0346
809.00,0.0329
808.00,0.0317
807.00,0.0308
806.00,0.0301
805.00,0.0297
804.00,0.0294
803.00,0.0291
802.00,0.0290
801.00,0.0289
800.00,0.0288
799.00,0.0288
798.00,0.0288
797.00,0.0288
796.00,0.0287
795.00,0.0287
794.00,0.0287
793.00,0.0287
792.00,0.0287
791.00,0.0288
790.00,0.0288
789.00,0.0288
788.00,0.0289
787.00,0.0290
786.00,0.0291
785.00,0.0292
784.00,0.0293
783.00,0.0294
782.00,0.0296
781.00,0.0298
780.00,0.0300
779.00,0.0304
778.00,0.0309
777.00,0.0316
776.00,0.0326
775.00,0.0335
774.00,0.0340
773.00,0.0340
772.00,0.0337
771.00,0.0332
770.00,0.0329
769.00,0.0328
768.00,0.0328
767.00,0.0329
766.00,0.0331
765.00,0.0334
764.00,0.0338
763.00,0.0343
762.00,0.0350
761.00,0.0357
760.00,0.0364
759.00,0.0368
758.00,0.0371
757.00,0.0372
756.00,0.0374
755.00,0.0375
754.00,0.0377
753.00,0.0380
752.00,0.0383
751.00,0.0386
750.00,0.0390
749.00,0.0395
748.00,0.0399
747.00,0.0403
746.00,0.0408
745.00,0.0412
744.00,0.0418
743.00,0.0424
742.00,0.0431
741.00,0.0439
740.00,0.0450
739.00,0.0464
738.00,0.0483
737.00,0.0504
736.00,0.0526
735.00,0.0540
734.00,0.0545
733.00,0.0542
732.00,0.0535
731.00,0.0531
730.00,0.0531
729.00,0.0533
728.00,0.0532
727.00,0.0525
726.00,0.0512
725.00,0.0497
724.00,0.0482
723.00,0.0469
722.00,0.0460
721.00,0.0455
720.00,0.0453
719.00,0.0455
718.00,0.0461
717.00,0.0469
716.00,0.0477
715.00,0.0482
714.00,0.0484
713.00,0.0483
712.00,0.0480
711.00,0.0476
710.00,0.0471
709.00,0.0468
708.00,0.0466
707.00,0.0465
706.00,0.0466
705.00,0.0468
704.00,0.0471
703.00,0.0474
702.00,0.0479
701.00,0.0484
700.00,0.0490
699.00,0.0495
698.00,0.0500
697.00,0.0503
696.00,0.0503
695.00,0.0502
694.00,0.0499
693.00,0.0498
692.00,0.0499
691.00,0.0505
690.00,0.0515
689.00,0.0525
688.00,0.0533
687.00,0.0537
686.00,0.0536
685.00,0.0534
684.00,0.0532
683.00,0.0531
682.00,0.0532
681.00,0.0534
680.00,0.0537
679.00,0.0541
678.00,0.0546
677.00,0.0553
676.00,0.0561
675.00,0.0571
674.00,0.0581
673.00,0.0591
672.00,0.0599
671.00,0.0606
670.00,0.0610
669.00,0.0612
668.00,0.0614
667.00,0.0617
666.00,0.0618
665.00,0.0621
664.00,0.0626
663.00,0.0634
662.00,0.0642
661.00,0.0649
660.00,0.0653
659.00,0.0655
658.00,0.0655
657.00,0.0654
656.00,0.0655
655.00,0.0657
654.00,0.0660
653.00,0.0663
652.00,0.0666
651.00,0.0669
650.00,0.0673
649.00,0.0677
648.00,0.0680
647.00,0.0681
646.00,0.0682
645.00,0.0680
644.00,0.0679
643.00,0.0676
642.00,0.0673
641.00,0.0670
640.00,0.0667
639.00,0.0663
638.00,0.0659
637.00,0.0656
636.00,0.0653
635.00,0.0651
634.00,0.0649
633.00,0.0648
632.00,0.0646
631.00,0.0645
630.00,0.0644
629.00,0.0644
628.00,0.0644
627.00,0.0645
626.00,0.0647
625.00,0.0649
624.00,0.0653
623.00,0.0658
622.00,0.0663
621.00,0.0667
620.00,0.0672
619.00,0.0674
618.00,0.0672
617.00,0.0668
616.00,0.0661
615.00,0.0653
614.00,0.0645
613.00,0.0638
612.00,0.0635
611.00,0.0635
610.00,0.0639
609.00,0.0645
608.00,0.0655
607.00,0.0668
606.00,0.0683
605.00,0.0698
604.00,0.0710
603.00,0.0720
602.00,0.0726
601.00,0.0729
600.00,0.0731
599.00,0.0733
598.00,0.0734
597.00,0.0736
596.00,0.0737
595.00,0.0738
594.00,0.0738
593.00,0.0739
592.00,0.0739
591.00,0.0740
590.00,0.0740
589.00,0.0741
588.00,0.0742
587.00,0.0743
586.00,0.0745
585.00,0.0749
584.00,0.0754
583.00,0.0760
582.00,0.0768
581.00,0.0778
580.00,0.0789
579.00,0.0802
578.00,0.0816
577.00,0.0829
576.00,0.0838
575.00,0.0840
574.00,0.0835
573.00,0.0826
572.00,0.0817
571.00,0.0808
570.00,0.0800
569.00,0.0793
568.00,0.0788
567.00,0.0786
566.00,0.0787
565.00,0.0790
564.00,0.0794
563.00,0.0800
562.00,0.0808
561.00,0.0816
560.00,0.0823
559.00,0.0826
558.00,0.0822
557.00,0.0815
556.00,0.0805
555.00,0.0795
554.00,0.0787
553.00,0.0782
552.00,0.0783
551.00,0.0787
550.00,0.0794
549.00,0.0804
548.00,0.0814
547.00,0.0821
546.00,0.0824
545.00,0.0822
544.00,0.0818
543.00,0.0811
542.00,0.0802
541.00,0.0793
540.00,0.0786
539.00,0.0781
538.00,0.0777
537.00,0.0775
536.00,0.0776
535.00,0.0781
534.00,0.0788
533.00,0.0797
532.00,0.0807
531.00,0.0813
530.00,0.0814
529.00,0.0810
528.00,0.0803
527.00,0.0793
526.00,0.0783
525.00,0.0774
524.00,0.0766
523.00,0.0760
522.00,0.0755
521.00,0.0751
520.00,0.0748
519.00,0.0746
518.00,0.0744
517.00,0.0742
516.00,0.0741
515.00,0.0738
514.00,0.0735
513.00,0.0733
512.00,0.0733
511.00,0.0735
510.00,0.0737
509.00,0.0740
508.00,0.0743
507.00,0.0747
506.00,0.0751
505.00,0.0752
504.00,0.0751
503.00,0.0747
502.00,0.0741
501.00,0.0736
500.00,0.0734
499.00,0.0733
498.00,0.0733
497.00,0.0734
496.00,0.0735
495.00,0.0738
494.00,0.0742
493.00,0.0747
492.00,0.0753
491.00,0.0756
490.00,0.0753
489.00,0.0748
488.00,0.0743
487.00,0.0740
486.00,0.0738
485.00,0.0737
484.00,0.0737
483.00,0.0737
482.00,0.0736
481.00,0.0736
480.00,0.0735
479.00,0.0734
478.00,0.0733
477.00,0.0733
476.00,0.0733
475.00,0.0733
474.00,0.0732
473.00,0.0729
472.00,0.0726
471.00,0.0725
470.00,0.0726
469.00,0.0727
468.00,0.0727
467.00,0.0726
466.00,0.0723
465.00,0.0720
464.00,0.0717
463.00,0.0716
462.00,0.0716
461.00,0.0715
460.00,0.0713
459.00,0.0711
458.00,0.0710
457.00,0.0709
456.00,0.0709
455.00,0.0706
454.00,0.0703
453.00,0.0702
452.00,0.0701
451.00,0.0700
450.00,0.0698
449.00,0.0696
448.00,0.0694
447.00,0.0690
446.00,0.0684
445.00,0.0680
444.00,0.0679
443.00,0.0681
442.00,0.0682
441.00,0.0680
440.00,0.0676
439.00,0.0671
438.00,0.0668
437.00,0.0666
436.00,0.0664
435.00,0.0660
434.00,0.0652
433.00,0.0644
432.00,0.0641
431.00,0.0642
430.00,0.0644
429.00,0.0647
428.00,0.0647
427.00,0.0644
426.00,0.0639
425.00,0.0632
424.00,0.0626
423.00,0.0622
422.00,0.0618
421.00,0.0617
420.00,0.0616
419.00,0.0617
418.00,0.0615
417.00,0.0611
416.00,0.0609
415.00,0.0609
414.00,0.0612
413.00,0.0616
412.00,0.0621
411.00,0.0624
410.00,0.0623
409.00,0.0618
408.00,0.0614
407.00,0.0612
406.00,0.0611
405.00,0.0611
404.00,0.0613
403.00,0.0615
402.00,0.0613
401.00,0.0603
400.00,0.0589
