Created as New Dataset,Sample 054 By YargerLab Date Wednesday, August 13 2025
cm-1,A
4000.00,0.0013
3999.00,0.0013
3998.00,0.0013
3997.00,0.0013
3996.00,0.0012
3995.00,0.0012
3994.00,0.0012
3993.00,0.0012
3992.00,0.0012
3991.00,0.0012
3990.00,0.0012
3989.00,0.0012
3988.00,0.0012
3987.00,0.0012
3986.00,0.0012
3985.00,0.0012
3984.00,0.0012
3983.00,0.0012
3982.00,0.0012
3981.00,0.0012
3980.00,0.0012
3979.00,0.0012
3978.00,0.0012
3977.00,0.0011
3976.00,0.0011
3975.00,0.0012
3974.00,0.0012
3973.00,0.0012
3972.00,0.0012
3971.00,0.0012
3970.00,0.0012
3969.00,0.0012
3968.00,0.0011
3967.00,0.0011
3966.00,0.0011
3965.00,0.0011
3964.00,0.0011
3963.00,0.0011
3962.00,0.0011
3961.00,0.0011
3960.00,0.0011
3959.00,0.0012
3958.00,0.0012
3957.00,0.0012
3956.00,0.0012
3955.00,0.0011
3954.00,0.0011
3953.00,0.0011
3952.00,0.0011
3951.00,0.0011
3950.00,0.0011
3949.00,0.0011
3948.00,0.0011
3947.00,0.0011
3946.00,0.0011
3945.00,0.0011
3944.00,0.0011
3943.00,0.0011
3942.00,0.0011
3941.00,0.0011
3940.00,0.0011
3939.00,0.0011
3938.00,0.0011
3937.00,0.0011
3936.00,0.0011
3935.00,0.0011
3934.00,0.0011
3933.00,0.0012
3932.00,0.0012
3931.00,0.0012
3930.00,0.0012
3929.00,0.0012
3928.00,0.0012
3927.00,0.0012
3926.00,0.0012
3925.00,0.0012
3924.00,0.0011
3923.00,0.0011
3922.00,0.0011
3921.00,0.0011
3920.00,0.0011
3919.00,0.0011
3918.00,0.0011
3917.00,0.0011
3916.00,0.0011
3915.00,0.0011
3914.00,0.0011
3913.00,0.0011
3912.00,0.0011
3911.00,0.0011
3910.00,0.0011
3909.00,0.0011
3908.00,0.0011
3907.00,0.0011
3906.00,0.0010
3905.00,0.0010
3904.00,0.0009
3903.00,0.0009
3902.00,0.0009
3901.00,0.0009
3900.00,0.0010
3899.00,0.0010
3898.00,0.0010
3897.00,0.0011
3896.00,0.0011
3895.00,0.0011
3894.00,0.0010
3893.00,0.0010
3892.00,0.0010
3891.00,0.0010
3890.00,0.0010
3889.00,0.0010
3888.00,0.0009
3887.00,0.0010
3886.00,0.0010
3885.00,0.0010
3884.00,0.0010
3883.00,0.0009
3882.00,0.0010
3881.00,0.0010
3880.00,0.0010
3879.00,0.0010
3878.00,0.0010
3877.00,0.0010
3876.00,0.0010
3875.00,0.0010
3874.00,0.0010
3873.00,0.0009
3872.00,0.0009
3871.00,0.0009
3870.00,0.0009
3869.00,0.0009
3868.00,0.0009
3867.00,0.0009
3866.00,0.0009
3865.00,0.0010
3864.00,0.0010
3863.00,0.0010
3862.00,0.0010
3861.00,0.0010
3860.00,0.0010
3859.00,0.0010
3858.00,0.0009
3857.00,0.0009
3856.00,0.0008
3855.00,0.0008
3854.00,0.0009
3853.00,0.0009
3852.00,0.0008
3851.00,0.0008
3850.00,0.0009
3849.00,0.0009
3848.00,0.0010
3847.00,0.0010
3846.00,0.0010
3845.00,0.0010
3844.00,0.0010
3843.00,0.0009
3842.00,0.0009
3841.00,0.0009
3840.00,0.0009
3839.00,0.0009
3838.00,0.0009
3837.00,0.0009
3836.00,0.0009
3835.00,0.0009
3834.00,0.0009
3833.00,0.0009
3832.00,0.0010
3831.00,0.0010
3830.00,0.0010
3829.00,0.0011
3828.00,0.0011
3827.00,0.0011
3826.00,0.0011
3825.00,0.0011
3824.00,0.0010
3823.00,0.0010
3822.00,0.0010
3821.00,0.0010
3820.00,0.0009
3819.00,0.0008
3818.00,0.0008
3817.00,0.0009
3816.00,0.0010
3815.00,0.0010
3814.00,0.0010
3813.00,0.0010
3812.00,0.0011
3811.00,0.0011
3810.00,0.0011
3809.00,0.0010
3808.00,0.0010
3807.00,0.0010
3806.00,0.0010
3805.00,0.0010
3804.00,0.0010
3803.00,0.0010
3802.00,0.0010
3801.00,0.0011
3800.00,0.0010
3799.00,0.0010
3798.00,0.0010
3797.00,0.0010
3796.00,0.0011
3795.00,0.0011
3794.00,0.0011
3793.00,0.0011
3792.00,0.0011
3791.00,0.0011
3790.00,0.0011
3789.00,0.0011
3788.00,0.0010
3787.00,0.0010
3786.00,0.0010
3785.00,0.0010
3784.00,0.0010
3783.00,0.0010
3782.00,0.0010
3781.00,0.0010
3780.00,0.0010
3779.00,0.0010
3778.00,0.0010
3777.00,0.0010
3776.00,0.0010
3775.00,0.0011
3774.00,0.0011
3773.00,0.0011
3772.00,0.0011
3771.00,0.0010
3770.00,0.0010
3769.00,0.0010
3768.00,0.0010
3767.00,0.0010
3766.00,0.0010
3765.00,0.0010
3764.00,0.0010
3763.00,0.0010
3762.00,0.0010
3761.00,0.0010
3760.00,0.0010
3759.00,0.0010
3758.00,0.0009
3757.00,0.0009
3756.00,0.0009
3755.00,0.0009
3754.00,0.0008
3753.00,0.0008
3752.00,0.0008
3751.00,0.0009
3750.00,0.0009
3749.00,0.0009
3748.00,0.0008
3747.00,0.0007
3746.00,0.0007
3745.00,0.0007
3744.00,0.0007
3743.00,0.0007
3742.00,0.0007
3741.00,0.0008
3740.00,0.0009
3739.00,0.0008
3738.00,0.0008
3737.00,0.0008
3736.00,0.0008
3735.00,0.0008
3734.00,0.0008
3733.00,0.0009
3732.00,0.0009
3731.00,0.0009
3730.00,0.0009
3729.00,0.0009
3728.00,0.0010
3727.00,0.0010
3726.00,0.0010
3725.00,0.0010
3724.00,0.0010
3723.00,0.0010
3722.00,0.0010
3721.00,0.0010
3720.00,0.0010
3719.00,0.0011
3718.00,0.0011
3717.00,0.0011
3716.00,0.0010
3715.00,0.0010
3714.00,0.0009
3713.00,0.0009
3712.00,0.0009
3711.00,0.0009
3710.00,0.0009
3709.00,0.0009
3708.00,0.0009
3707.00,0.0009
3706.00,0.0010
3705.00,0.0010
3704.00,0.0010
3703.00,0.0010
3702.00,0.0010
3701.00,0.0010
3700.00,0.0010
3699.00,0.0010
3698.00,0.0010
3697.00,0.0010
3696.00,0.0010
3695.00,0.0010
3694.00,0.0009
3693.00,0.0009
3692.00,0.0009
3691.00,0.0009
3690.00,0.0009
3689.00,0.0009
3688.00,0.0009
3687.00,0.0009
3686.00,0.0009
3685.00,0.0010
3684.00,0.0010
3683.00,0.0010
3682.00,0.0010
3681.00,0.0010
3680.00,0.0010
3679.00,0.0010
3678.00,0.0009
3677.00,0.0009
3676.00,0.0009
3675.00,0.0009
3674.00,0.0009
3673.00,0.0008
3672.00,0.0008
3671.00,0.0009
3670.00,0.0009
3669.00,0.0009
3668.00,0.0009
3667.00,0.0009
3666.00,0.0010
3665.00,0.0011
3664.00,0.0011
3663.00,0.0011
3662.00,0.0011
3661.00,0.0011
3660.00,0.0011
3659.00,0.0011
3658.00,0.0011
3657.00,0.0011
3656.00,0.0011
3655.00,0.0010
3654.00,0.0010
3653.00,0.0009
3652.00,0.0009
3651.00,0.0009
3650.00,0.0009
3649.00,0.0009
3648.00,0.0010
3647.00,0.0010
3646.00,0.0010
3645.00,0.0010
3644.00,0.0011
3643.00,0.0011
3642.00,0.0011
3641.00,0.0011
3640.00,0.0011
3639.00,0.0011
3638.00,0.0011
3637.00,0.0011
3636.00,0.0011
3635.00,0.0011
3634.00,0.0010
3633.00,0.0010
3632.00,0.0009
3631.00,0.0009
3630.00,0.0009
3629.00,0.0009
3628.00,0.0009
3627.00,0.0009
3626.00,0.0009
3625.00,0.0010
3624.00,0.0010
3623.00,0.0010
3622.00,0.0010
3621.00,0.0010
3620.00,0.0010
3619.00,0.0010
3618.00,0.0010
3617.00,0.0010
3616.00,0.0010
3615.00,0.0010
3614.00,0.0010
3613.00,0.0010
3612.00,0.0009
3611.00,0.0009
3610.00,0.0009
3609.00,0.0009
3608.00,0.0009
3607.00,0.0010
3606.00,0.0010
3605.00,0.0011
3604.00,0.0011
3603.00,0.0011
3602.00,0.0012
3601.00,0.0012
3600.00,0.0011
3599.00,0.0011
3598.00,0.0011
3597.00,0.0011
3596.00,0.0011
3595.00,0.0011
3594.00,0.0011
3593.00,0.0011
3592.00,0.0011
3591.00,0.0011
3590.00,0.0011
3589.00,0.0010
3588.00,0.0010
3587.00,0.0010
3586.00,0.0010
3585.00,0.0011
3584.00,0.0011
3583.00,0.0011
3582.00,0.0011
3581.00,0.0012
3580.00,0.0012
3579.00,0.0012
3578.00,0.0012
3577.00,0.0012
3576.00,0.0012
3575.00,0.0012
3574.00,0.0012
3573.00,0.0012
3572.00,0.0012
3571.00,0.0011
3570.00,0.0011
3569.00,0.0011
3568.00,0.0011
3567.00,0.0010
3566.00,0.0010
3565.00,0.0011
3564.00,0.0011
3563.00,0.0011
3562.00,0.0012
3561.00,0.0012
3560.00,0.0012
3559.00,0.0012
3558.00,0.0012
3557.00,0.0012
3556.00,0.0012
3555.00,0.0012
3554.00,0.0013
3553.00,0.0013
3552.00,0.0013
3551.00,0.0013
3550.00,0.0012
3549.00,0.0012
3548.00,0.0012
3547.00,0.0012
3546.00,0.0012
3545.00,0.0012
3544.00,0.0013
3543.00,0.0013
3542.00,0.0013
3541.00,0.0014
3540.00,0.0013
3539.00,0.0013
3538.00,0.0013
3537.00,0.0013
3536.00,0.0013
3535.00,0.0013
3534.00,0.0013
3533.00,0.0013
3532.00,0.0013
3531.00,0.0013
3530.00,0.0013
3529.00,0.0013
3528.00,0.0013
3527.00,0.0013
3526.00,0.0013
3525.00,0.0013
3524.00,0.0013
3523.00,0.0013
3522.00,0.0013
3521.00,0.0013
3520.00,0.0013
3519.00,0.0014
3518.00,0.0014
3517.00,0.0014
3516.00,0.0014
3515.00,0.0014
3514.00,0.0014
3513.00,0.0014
3512.00,0.0014
3511.00,0.0014
3510.00,0.0014
3509.00,0.0014
3508.00,0.0014
3507.00,0.0014
3506.00,0.0015
3505.00,0.0015
3504.00,0.0015
3503.00,0.0015
3502.00,0.0015
3501.00,0.0015
3500.00,0.0014
3499.00,0.0014
3498.00,0.0014
3497.00,0.0014
3496.00,0.0015
3495.00,0.0015
3494.00,0.0015
3493.00,0.0015
3492.00,0.0015
3491.00,0.0015
3490.00,0.0015
3489.00,0.0015
3488.00,0.0014
3487.00,0.0014
3486.00,0.0014
3485.00,0.0014
3484.00,0.0014
3483.00,0.0014
3482.00,0.0014
3481.00,0.0014
3480.00,0.0015
3479.00,0.0015
3478.00,0.0015
3477.00,0.0015
3476.00,0.0015
3475.00,0.0015
3474.00,0.0015
3473.00,0.0015
3472.00,0.0015
3471.00,0.0015
3470.00,0.0015
3469.00,0.0015
3468.00,0.0015
3467.00,0.0015
3466.00,0.0015
3465.00,0.0015
3464.00,0.0015
3463.00,0.0015
3462.00,0.0015
3461.00,0.0015
3460.00,0.0016
3459.00,0.0016
3458.00,0.0016
3457.00,0.0015
3456.00,0.0015
3455.00,0.0015
3454.00,0.0015
3453.00,0.0015
3452.00,0.0015
3451.00,0.0015
3450.00,0.0015
3449.00,0.0015
3448.00,0.0015
3447.00,0.0015
3446.00,0.0015
3445.00,0.0015
3444.00,0.0015
3443.00,0.0015
3442.00,0.0015
3441.00,0.0015
3440.00,0.0015
3439.00,0.0015
3438.00,0.0015
3437.00,0.0015
3436.00,0.0015
3435.00,0.0015
3434.00,0.0015
3433.00,0.0015
3432.00,0.0015
3431.00,0.0015
3430.00,0.0016
3429.00,0.0016
3428.00,0.0015
3427.00,0.0015
3426.00,0.0015
3425.00,0.0015
3424.00,0.0015
3423.00,0.0015
3422.00,0.0015
3421.00,0.0015
3420.00,0.0015
3419.00,0.0015
3418.00,0.0015
3417.00,0.0015
3416.00,0.0015
3415.00,0.0015
3414.00,0.0015
3413.00,0.0015
3412.00,0.0015
3411.00,0.0015
3410.00,0.0015
3409.00,0.0015
3408.00,0.0015
3407.00,0.0015
3406.00,0.0015
3405.00,0.0015
3404.00,0.0015
3403.00,0.0015
3402.00,0.0015
3401.00,0.0014
3400.00,0.0014
3399.00,0.0015
3398.00,0.0015
3397.00,0.0015
3396.00,0.0015
3395.00,0.0015
3394.00,0.0015
3393.00,0.0015
3392.00,0.0015
3391.00,0.0015
3390.00,0.0015
3389.00,0.0015
3388.00,0.0015
3387.00,0.0015
3386.00,0.0015
3385.00,0.0015
3384.00,0.0015
3383.00,0.0015
3382.00,0.0015
3381.00,0.0015
3380.00,0.0015
3379.00,0.0015
3378.00,0.0015
3377.00,0.0015
3376.00,0.0015
3375.00,0.0015
3374.00,0.0015
3373.00,0.0015
3372.00,0.0015
3371.00,0.0015
3370.00,0.0014
3369.00,0.0014
3368.00,0.0014
3367.00,0.0014
3366.00,0.0014
3365.00,0.0015
3364.00,0.0015
3363.00,0.0015
3362.00,0.0015
3361.00,0.0015
3360.00,0.0015
3359.00,0.0015
3358.00,0.0015
3357.00,0.0015
3356.00,0.0015
3355.00,0.0015
3354.00,0.0015
3353.00,0.0015
3352.00,0.0015
3351.00,0.0015
3350.00,0.0014
3349.00,0.0014
3348.00,0.0014
3347.00,0.0015
3346.00,0.0015
3345.00,0.0015
3344.00,0.0015
3343.00,0.0015
3342.00,0.0015
3341.00,0.0014
3340.00,0.0014
3339.00,0.0014
3338.00,0.0014
3337.00,0.0014
3336.00,0.0014
3335.00,0.0014
3334.00,0.0014
3333.00,0.0013
3332.00,0.0014
3331.00,0.0014
3330.00,0.0014
3329.00,0.0015
3328.00,0.0014
3327.00,0.0014
3326.00,0.0014
3325.00,0.0014
3324.00,0.0014
3323.00,0.0014
3322.00,0.0014
3321.00,0.0014
3320.00,0.0014
3319.00,0.0014
3318.00,0.0014
3317.00,0.0014
3316.00,0.0014
3315.00,0.0014
3314.00,0.0014
3313.00,0.0014
3312.00,0.0014
3311.00,0.0014
3310.00,0.0014
3309.00,0.0014
3308.00,0.0014
3307.00,0.0014
3306.00,0.0014
3305.00,0.0014
3304.00,0.0013
3303.00,0.0013
3302.00,0.0013
3301.00,0.0013
3300.00,0.0013
3299.00,0.0013
3298.00,0.0013
3297.00,0.0013
3296.00,0.0013
3295.00,0.0014
3294.00,0.0014
3293.00,0.0014
3292.00,0.0014
3291.00,0.0014
3290.00,0.0014
3289.00,0.0013
3288.00,0.0013
3287.00,0.0013
3286.00,0.0013
3285.00,0.0013
3284.00,0.0013
3283.00,0.0013
3282.00,0.0013
3281.00,0.0013
3280.00,0.0013
3279.00,0.0013
3278.00,0.0013
3277.00,0.0013
3276.00,0.0013
3275.00,0.0013
3274.00,0.0013
3273.00,0.0013
3272.00,0.0013
3271.00,0.0013
3270.00,0.0013
3269.00,0.0013
3268.00,0.0013
3267.00,0.0013
3266.00,0.0014
3265.00,0.0014
3264.00,0.0013
3263.00,0.0013
3262.00,0.0013
3261.00,0.0013
3260.00,0.0013
3259.00,0.0013
3258.00,0.0013
3257.00,0.0013
3256.00,0.0013
3255.00,0.0013
3254.00,0.0013
3253.00,0.0013
3252.00,0.0013
3251.00,0.0013
3250.00,0.0013
3249.00,0.0013
3248.00,0.0013
3247.00,0.0013
3246.00,0.0013
3245.00,0.0013
3244.00,0.0013
3243.00,0.0013
3242.00,0.0013
3241.00,0.0013
3240.00,0.0013
3239.00,0.0013
3238.00,0.0013
3237.00,0.0013
3236.00,0.0013
3235.00,0.0013
3234.00,0.0013
3233.00,0.0013
3232.00,0.0013
3231.00,0.0013
3230.00,0.0013
3229.00,0.0013
3228.00,0.0013
3227.00,0.0013
3226.00,0.0013
3225.00,0.0013
3224.00,0.0013
3223.00,0.0013
3222.00,0.0013
3221.00,0.0013
3220.00,0.0013
3219.00,0.0013
3218.00,0.0013
3217.00,0.0013
3216.00,0.0013
3215.00,0.0013
3214.00,0.0013
3213.00,0.0013
3212.00,0.0013
3211.00,0.0013
3210.00,0.0013
3209.00,0.0013
3208.00,0.0013
3207.00,0.0013
3206.00,0.0013
3205.00,0.0013
3204.00,0.0013
3203.00,0.0013
3202.00,0.0013
3201.00,0.0013
3200.00,0.0013
3199.00,0.0013
3198.00,0.0013
3197.00,0.0013
3196.00,0.0013
3195.00,0.0013
3194.00,0.0013
3193.00,0.0013
3192.00,0.0013
3191.00,0.0013
3190.00,0.0013
3189.00,0.0013
3188.00,0.0013
3187.00,0.0013
3186.00,0.0013
3185.00,0.0013
3184.00,0.0013
3183.00,0.0013
3182.00,0.0013
3181.00,0.0013
3180.00,0.0013
3179.00,0.0013
3178.00,0.0012
3177.00,0.0012
3176.00,0.0012
3175.00,0.0012
3174.00,0.0012
3173.00,0.0013
3172.00,0.0013
3171.00,0.0013
3170.00,0.0013
3169.00,0.0013
3168.00,0.0014
3167.00,0.0014
3166.00,0.0014
3165.00,0.0014
3164.00,0.0014
3163.00,0.0014
3162.00,0.0014
3161.00,0.0014
3160.00,0.0014
3159.00,0.0014
3158.00,0.0013
3157.00,0.0013
3156.00,0.0013
3155.00,0.0013
3154.00,0.0013
3153.00,0.0013
3152.00,0.0013
3151.00,0.0013
3150.00,0.0013
3149.00,0.0013
3148.00,0.0012
3147.00,0.0012
3146.00,0.0012
3145.00,0.0013
3144.00,0.0013
3143.00,0.0013
3142.00,0.0013
3141.00,0.0013
3140.00,0.0012
3139.00,0.0012
3138.00,0.0012
3137.00,0.0012
3136.00,0.0012
3135.00,0.0013
3134.00,0.0013
3133.00,0.0013
3132.00,0.0014
3131.00,0.0014
3130.00,0.0014
3129.00,0.0013
3128.00,0.0013
3127.00,0.0014
3126.00,0.0014
3125.00,0.0014
3124.00,0.0014
3123.00,0.0014
3122.00,0.0014
3121.00,0.0014
3120.00,0.0015
3119.00,0.0015
3118.00,0.0016
3117.00,0.0016
3116.00,0.0017
3115.00,0.0018
3114.00,0.0019
3113.00,0.0020
3112.00,0.0022
3111.00,0.0023
3110.00,0.0025
3109.00,0.0027
3108.00,0.0029
3107.00,0.0031
3106.00,0.0033
3105.00,0.0034
3104.00,0.0035
3103.00,0.0035
3102.00,0.0035
3101.00,0.0034
3100.00,0.0034
3099.00,0.0033
3098.00,0.0033
3097.00,0.0032
3096.00,0.0033
3095.00,0.0033
3094.00,0.0035
3093.00,0.0037
3092.00,0.0040
3091.00,0.0044
3090.00,0.0048
3089.00,0.0054
3088.00,0.0060
3087.00,0.0067
3086.00,0.0073
3085.00,0.0079
3084.00,0.0083
3083.00,0.0085
3082.00,0.0085
3081.00,0.0083
3080.00,0.0080
3079.00,0.0075
3078.00,0.0071
3077.00,0.0067
3076.00,0.0064
3075.00,0.0062
3074.00,0.0061
3073.00,0.0061
3072.00,0.0062
3071.00,0.0064
3070.00,0.0068
3069.00,0.0072
3068.00,0.0077
3067.00,0.0083
3066.00,0.0089
3065.00,0.0096
3064.00,0.0103
3063.00,0.0110
3062.00,0.0115
3061.00,0.0118
3060.00,0.0119
3059.00,0.0117
3058.00,0.0113
3057.00,0.0108
3056.00,0.0101
3055.00,0.0094
3054.00,0.0087
3053.00,0.0081
3052.00,0.0075
3051.00,0.0071
3050.00,0.0067
3049.00,0.0064
3048.00,0.0062
3047.00,0.0060
3046.00,0.0059
3045.00,0.0059
3044.00,0.0059
3043.00,0.0061
3042.00,0.0063
3041.00,0.0066
3040.00,0.0070
3039.00,0.0075
3038.00,0.0081
3037.00,0.0089
3036.00,0.0098
3035.00,0.0108
3034.00,0.0120
3033.00,0.0134
3032.00,0.0150
3031.00,0.0166
3030.00,0.0183
3029.00,0.0199
3028.00,0.0213
3027.00,0.0223
3026.00,0.0228
3025.00,0.0227
3024.00,0.0219
3023.00,0.0206
3022.00,0.0188
3021.00,0.0169
3020.00,0.0149
3019.00,0.0130
3018.00,0.0113
3017.00,0.0099
3016.00,0.0088
3015.00,0.0078
3014.00,0.0071
3013.00,0.0065
3012.00,0.0061
3011.00,0.0058
3010.00,0.0056
3009.00,0.0055
3008.00,0.0055
3007.00,0.0056
3006.00,0.0058
3005.00,0.0060
3004.00,0.0062
3003.00,0.0063
3002.00,0.0064
3001.00,0.0063
3000.00,0.0061
2999.00,0.0058
2998.00,0.0054
2997.00,0.0050
2996.00,0.0046
2995.00,0.0042
2994.00,0.0039
2993.00,0.0036
2992.00,0.0035
2991.00,0.0034
2990.00,0.0033
2989.00,0.0032
2988.00,0.0031
2987.00,0.0031
2986.00,0.0031
2985.00,0.0030
2984.00,0.0030
2983.00,0.0030
2982.00,0.0030
2981.00,0.0031
2980.00,0.0031
2979.00,0.0032
2978.00,0.0032
2977.00,0.0033
2976.00,0.0033
2975.00,0.0033
2974.00,0.0034
2973.00,0.0034
2972.00,0.0034
2971.00,0.0035
2970.00,0.0036
2969.00,0.0037
2968.00,0.0038
2967.00,0.0039
2966.00,0.0040
2965.00,0.0041
2964.00,0.0042
2963.00,0.0044
2962.00,0.0045
2961.00,0.0047
2960.00,0.0049
2959.00,0.0051
2958.00,0.0054
2957.00,0.0056
2956.00,0.0059
2955.00,0.0062
2954.00,0.0065
2953.00,0.0068
2952.00,0.0071
2951.00,0.0075
2950.00,0.0079
2949.00,0.0083
2948.00,0.0088
2947.00,0.0093
2946.00,0.0099
2945.00,0.0105
2944.00,0.0111
2943.00,0.0118
2942.00,0.0125
2941.00,0.0132
2940.00,0.0140
2939.00,0.0148
2938.00,0.0157
2937.00,0.0166
2936.00,0.0176
2935.00,0.0186
2934.00,0.0196
2933.00,0.0206
2932.00,0.0216
2931.00,0.0225
2930.00,0.0234
2929.00,0.0242
2928.00,0.0249
2927.00,0.0256
2926.00,0.0261
2925.00,0.0265
2924.00,0.0268
2923.00,0.0269
2922.00,0.0270
2921.00,0.0269
2920.00,0.0268
2919.00,0.0265
2918.00,0.0261
2917.00,0.0256
2916.00,0.0251
2915.00,0.0246
2914.00,0.0239
2913.00,0.0233
2912.00,0.0227
2911.00,0.0220
2910.00,0.0213
2909.00,0.0206
2908.00,0.0199
2907.00,0.0192
2906.00,0.0185
2905.00,0.0178
2904.00,0.0171
2903.00,0.0164
2902.00,0.0157
2901.00,0.0150
2900.00,0.0143
2899.00,0.0137
2898.00,0.0131
2897.00,0.0125
2896.00,0.0120
2895.00,0.0116
2894.00,0.0112
2893.00,0.0108
2892.00,0.0105
2891.00,0.0102
2890.00,0.0099
2889.00,0.0096
2888.00,0.0094
2887.00,0.0091
2886.00,0.0089
2885.00,0.0087
2884.00,0.0084
2883.00,0.0082
2882.00,0.0080
2881.00,0.0078
2880.00,0.0076
2879.00,0.0075
2878.00,0.0073
2877.00,0.0071
2876.00,0.0070
2875.00,0.0068
2874.00,0.0067
2873.00,0.0066
2872.00,0.0065
2871.00,0.0064
2870.00,0.0064
2869.00,0.0064
2868.00,0.0065
2867.00,0.0065
2866.00,0.0067
2865.00,0.0068
2864.00,0.0071
2863.00,0.0073
2862.00,0.0077
2861.00,0.0080
2860.00,0.0084
2859.00,0.0089
2858.00,0.0093
2857.00,0.0097
2856.00,0.0101
2855.00,0.0105
2854.00,0.0108
2853.00,0.0111
2852.00,0.0114
2851.00,0.0116
2850.00,0.0116
2849.00,0.0116
2848.00,0.0115
2847.00,0.0113
2846.00,0.0109
2845.00,0.0104
2844.00,0.0098
2843.00,0.0092
2842.00,0.0085
2841.00,0.0078
2840.00,0.0071
2839.00,0.0064
2838.00,0.0058
2837.00,0.0053
2836.00,0.0049
2835.00,0.0045
2834.00,0.0041
2833.00,0.0038
2832.00,0.0036
2831.00,0.0034
2830.00,0.0033
2829.00,0.0031
2828.00,0.0030
2827.00,0.0029
2826.00,0.0029
2825.00,0.0028
2824.00,0.0028
2823.00,0.0027
2822.00,0.0027
2821.00,0.0027
2820.00,0.0026
2819.00,0.0026
2818.00,0.0026
2817.00,0.0025
2816.00,0.0025
2815.00,0.0025
2814.00,0.0025
2813.00,0.0024
2812.00,0.0024
2811.00,0.0024
2810.00,0.0024
2809.00,0.0024
2808.00,0.0024
2807.00,0.0024
2806.00,0.0024
2805.00,0.0024
2804.00,0.0024
2803.00,0.0023
2802.00,0.0023
2801.00,0.0023
2800.00,0.0023
2799.00,0.0023
2798.00,0.0023
2797.00,0.0022
2796.00,0.0022
2795.00,0.0022
2794.00,0.0021
2793.00,0.0021
2792.00,0.0021
2791.00,0.0021
2790.00,0.0021
2789.00,0.0021
2788.00,0.0021
2787.00,0.0021
2786.00,0.0021
2785.00,0.0021
2784.00,0.0020
2783.00,0.0020
2782.00,0.0020
2781.00,0.0020
2780.00,0.0020
2779.00,0.0020
2778.00,0.0020
2777.00,0.0020
2776.00,0.0019
2775.00,0.0019
2774.00,0.0019
2773.00,0.0019
2772.00,0.0019
2771.00,0.0019
2770.00,0.0019
2769.00,0.0019
2768.00,0.0019
2767.00,0.0019
2766.00,0.0019
2765.00,0.0018
2764.00,0.0018
2763.00,0.0018
2762.00,0.0018
2761.00,0.0018
2760.00,0.0018
2759.00,0.0017
2758.00,0.0017
2757.00,0.0017
2756.00,0.0017
2755.00,0.0017
2754.00,0.0017
2753.00,0.0017
2752.00,0.0017
2751.00,0.0017
2750.00,0.0017
2749.00,0.0017
2748.00,0.0017
2747.00,0.0017
2746.00,0.0017
2745.00,0.0017
2744.00,0.0017
2743.00,0.0017
2742.00,0.0017
2741.00,0.0017
2740.00,0.0017
2739.00,0.0017
2738.00,0.0017
2737.00,0.0017
2736.00,0.0017
2735.00,0.0017
2734.00,0.0017
2733.00,0.0017
2732.00,0.0017
2731.00,0.0017
2730.00,0.0017
2729.00,0.0017
2728.00,0.0017
2727.00,0.0018
2726.00,0.0018
2725.00,0.0018
2724.00,0.0018
2723.00,0.0018
2722.00,0.0018
2721.00,0.0018
2720.00,0.0017
2719.00,0.0017
2718.00,0.0017
2717.00,0.0017
2716.00,0.0017
2715.00,0.0017
2714.00,0.0018
2713.00,0.0018
2712.00,0.0018
2711.00,0.0018
2710.00,0.0017
2709.00,0.0017
2708.00,0.0017
2707.00,0.0017
2706.00,0.0017
2705.00,0.0017
2704.00,0.0017
2703.00,0.0017
2702.00,0.0017
2701.00,0.0017
2700.00,0.0017
2699.00,0.0017
2698.00,0.0018
2697.00,0.0018
2696.00,0.0018
2695.00,0.0018
2694.00,0.0018
2693.00,0.0018
2692.00,0.0018
2691.00,0.0018
2690.00,0.0018
2689.00,0.0018
2688.00,0.0018
2687.00,0.0018
2686.00,0.0017
2685.00,0.0017
2684.00,0.0018
2683.00,0.0018
2682.00,0.0018
2681.00,0.0018
2680.00,0.0018
2679.00,0.0017
2678.00,0.0017
2677.00,0.0017
2676.00,0.0017
2675.00,0.0017
2674.00,0.0017
2673.00,0.0017
2672.00,0.0017
2671.00,0.0017
2670.00,0.0017
2669.00,0.0017
2668.00,0.0017
2667.00,0.0018
2666.00,0.0018
2665.00,0.0018
2664.00,0.0018
2663.00,0.0018
2662.00,0.0018
2661.00,0.0019
2660.00,0.0019
2659.00,0.0019
2658.00,0.0019
2657.00,0.0019
2656.00,0.0019
2655.00,0.0019
2654.00,0.0019
2653.00,0.0019
2652.00,0.0019
2651.00,0.0019
2650.00,0.0019
2649.00,0.0019
2648.00,0.0019
2647.00,0.0019
2646.00,0.0019
2645.00,0.0019
2644.00,0.0019
2643.00,0.0019
2642.00,0.0019
2641.00,0.0019
2640.00,0.0019
2639.00,0.0019
2638.00,0.0019
2637.00,0.0019
2636.00,0.0019
2635.00,0.0019
2634.00,0.0019
2633.00,0.0019
2632.00,0.0019
2631.00,0.0019
2630.00,0.0019
2629.00,0.0019
2628.00,0.0018
2627.00,0.0018
2626.00,0.0018
2625.00,0.0018
2624.00,0.0018
2623.00,0.0017
2622.00,0.0017
2621.00,0.0017
2620.00,0.0017
2619.00,0.0017
2618.00,0.0017
2617.00,0.0017
2616.00,0.0017
2615.00,0.0017
2614.00,0.0017
2613.00,0.0017
2612.00,0.0017
2611.00,0.0017
2610.00,0.0017
2609.00,0.0018
2608.00,0.0018
2607.00,0.0018
2606.00,0.0018
2605.00,0.0018
2604.00,0.0018
2603.00,0.0018
2602.00,0.0017
2601.00,0.0017
2600.00,0.0017
2599.00,0.0016
2598.00,0.0016
2597.00,0.0016
2596.00,0.0016
2595.00,0.0016
2594.00,0.0016
2593.00,0.0016
2592.00,0.0016
2591.00,0.0016
2590.00,0.0015
2589.00,0.0015
2588.00,0.0015
2587.00,0.0015
2586.00,0.0016
2585.00,0.0016
2584.00,0.0015
2583.00,0.0016
2582.00,0.0016
2581.00,0.0016
2580.00,0.0016
2579.00,0.0016
2578.00,0.0015
2577.00,0.0015
2576.00,0.0015
2575.00,0.0014
2574.00,0.0015
2573.00,0.0015
2572.00,0.0015
2571.00,0.0015
2570.00,0.0014
2569.00,0.0014
2568.00,0.0014
2567.00,0.0014
2566.00,0.0014
2565.00,0.0014
2564.00,0.0014
2563.00,0.0014
2562.00,0.0014
2561.00,0.0014
2560.00,0.0014
2559.00,0.0014
2558.00,0.0013
2557.00,0.0013
2556.00,0.0013
2555.00,0.0013
2554.00,0.0013
2553.00,0.0013
2552.00,0.0014
2551.00,0.0014
2550.00,0.0014
2549.00,0.0014
2548.00,0.0014
2547.00,0.0014
2546.00,0.0014
2545.00,0.0013
2544.00,0.0013
2543.00,0.0013
2542.00,0.0013
2541.00,0.0013
2540.00,0.0013
2539.00,0.0013
2538.00,0.0013
2537.00,0.0013
2536.00,0.0013
2535.00,0.0013
2534.00,0.0013
2533.00,0.0013
2532.00,0.0013
2531.00,0.0013
2530.00,0.0013
2529.00,0.0013
2528.00,0.0013
2527.00,0.0013
2526.00,0.0013
2525.00,0.0013
2524.00,0.0013
2523.00,0.0013
2522.00,0.0013
2521.00,0.0013
2520.00,0.0013
2519.00,0.0013
2518.00,0.0013
2517.00,0.0013
2516.00,0.0013
2515.00,0.0013
2514.00,0.0013
2513.00,0.0012
2512.00,0.0012
2511.00,0.0012
2510.00,0.0012
2509.00,0.0013
2508.00,0.0013
2507.00,0.0013
2506.00,0.0013
2505.00,0.0013
2504.00,0.0013
2503.00,0.0013
2502.00,0.0013
2501.00,0.0013
2500.00,0.0013
2499.00,0.0013
2498.00,0.0013
2497.00,0.0013
2496.00,0.0013
2495.00,0.0013
2494.00,0.0012
2493.00,0.0012
2492.00,0.0012
2491.00,0.0012
2490.00,0.0012
2489.00,0.0012
2488.00,0.0012
2487.00,0.0012
2486.00,0.0012
2485.00,0.0012
2484.00,0.0012
2483.00,0.0012
2482.00,0.0012
2481.00,0.0012
2480.00,0.0012
2479.00,0.0012
2478.00,0.0012
2477.00,0.0012
2476.00,0.0011
2475.00,0.0011
2474.00,0.0011
2473.00,0.0011
2472.00,0.0011
2471.00,0.0011
2470.00,0.0011
2469.00,0.0011
2468.00,0.0011
2467.00,0.0011
2466.00,0.0011
2465.00,0.0011
2464.00,0.0011
2463.00,0.0011
2462.00,0.0011
2461.00,0.0011
2460.00,0.0011
2459.00,0.0011
2458.00,0.0012
2457.00,0.0012
2456.00,0.0012
2455.00,0.0013
2454.00,0.0013
2453.00,0.0012
2452.00,0.0012
2451.00,0.0011
2450.00,0.0011
2449.00,0.0011
2448.00,0.0011
2447.00,0.0011
2446.00,0.0011
2445.00,0.0012
2444.00,0.0012
2443.00,0.0012
2442.00,0.0011
2441.00,0.0011
2440.00,0.0011
2439.00,0.0011
2438.00,0.0011
2437.00,0.0011
2436.00,0.0010
2435.00,0.0010
2434.00,0.0010
2433.00,0.0010
2432.00,0.0010
2431.00,0.0010
2430.00,0.0010
2429.00,0.0010
2428.00,0.0010
2427.00,0.0009
2426.00,0.0009
2425.00,0.0009
2424.00,0.0009
2423.00,0.0009
2422.00,0.0009
2421.00,0.0009
2420.00,0.0009
2419.00,0.0009
2418.00,0.0009
2417.00,0.0010
2416.00,0.0010
2415.00,0.0010
2414.00,0.0010
2413.00,0.0010
2412.00,0.0010
2411.00,0.0010
2410.00,0.0009
2409.00,0.0009
2408.00,0.0009
2407.00,0.0009
2406.00,0.0009
2405.00,0.0008
2404.00,0.0008
2403.00,0.0009
2402.00,0.0009
2401.00,0.0009
2400.00,0.0009
2399.00,0.0009
2398.00,0.0009
2397.00,0.0009
2396.00,0.0009
2395.00,0.0009
2394.00,0.0009
2393.00,0.0009
2392.00,0.0009
2391.00,0.0009
2390.00,0.0009
2389.00,0.0009
2388.00,0.0009
2387.00,0.0009
2386.00,0.0008
2385.00,0.0008
2384.00,0.0008
2383.00,0.0008
2382.00,0.0008
2381.00,0.0009
2380.00,0.0009
2379.00,0.0009
2378.00,0.0009
2377.00,0.0009
2376.00,0.0009
2375.00,0.0009
2374.00,0.0010
2373.00,0.0010
2372.00,0.0010
2371.00,0.0010
2370.00,0.0010
2369.00,0.0010
2368.00,0.0010
2367.00,0.0010
2366.00,0.0010
2365.00,0.0010
2364.00,0.0010
2363.00,0.0010
2362.00,0.0011
2361.00,0.0011
2360.00,0.0012
2359.00,0.0012
2358.00,0.0012
2357.00,0.0013
2356.00,0.0013
2355.00,0.0013
2354.00,0.0013
2353.00,0.0013
2352.00,0.0013
2351.00,0.0013
2350.00,0.0013
2349.00,0.0013
2348.00,0.0013
2347.00,0.0014
2346.00,0.0014
2345.00,0.0014
2344.00,0.0014
2343.00,0.0014
2342.00,0.0015
2341.00,0.0015
2340.00,0.0016
2339.00,0.0016
2338.00,0.0016
2337.00,0.0016
2336.00,0.0016
2335.00,0.0015
2334.00,0.0015
2333.00,0.0015
2332.00,0.0015
2331.00,0.0014
2330.00,0.0014
2329.00,0.0014
2328.00,0.0015
2327.00,0.0017
2326.00,0.0018
2325.00,0.0019
2324.00,0.0019
2323.00,0.0018
2322.00,0.0017
2321.00,0.0017
2320.00,0.0017
2319.00,0.0016
2318.00,0.0016
2317.00,0.0016
2316.00,0.0016
2315.00,0.0016
2314.00,0.0016
2313.00,0.0016
2312.00,0.0016
2311.00,0.0016
2310.00,0.0016
2309.00,0.0016
2308.00,0.0015
2307.00,0.0014
2306.00,0.0014
2305.00,0.0014
2304.00,0.0013
2303.00,0.0013
2302.00,0.0013
2301.00,0.0013
2300.00,0.0013
2299.00,0.0013
2298.00,0.0013
2297.00,0.0013
2296.00,0.0013
2295.00,0.0013
2294.00,0.0014
2293.00,0.0014
2292.00,0.0015
2291.00,0.0015
2290.00,0.0015
2289.00,0.0015
2288.00,0.0015
2287.00,0.0015
2286.00,0.0014
2285.00,0.0014
2284.00,0.0013
2283.00,0.0013
2282.00,0.0013
2281.00,0.0012
2280.00,0.0012
2279.00,0.0012
2278.00,0.0012
2277.00,0.0013
2276.00,0.0013
2275.00,0.0013
2274.00,0.0013
2273.00,0.0013
2272.00,0.0012
2271.00,0.0012
2270.00,0.0011
2269.00,0.0011
2268.00,0.0011
2267.00,0.0011
2266.00,0.0011
2265.00,0.0010
2264.00,0.0010
2263.00,0.0010
2262.00,0.0011
2261.00,0.0011
2260.00,0.0011
2259.00,0.0011
2258.00,0.0010
2257.00,0.0009
2256.00,0.0009
2255.00,0.0009
2254.00,0.0009
2253.00,0.0009
2252.00,0.0009
2251.00,0.0009
2250.00,0.0008
2249.00,0.0008
2248.00,0.0008
2247.00,0.0008
2246.00,0.0009
2245.00,0.0009
2244.00,0.0008
2243.00,0.0008
2242.00,0.0008
2241.00,0.0009
2240.00,0.0009
2239.00,0.0009
2238.00,0.0009
2237.00,0.0009
2236.00,0.0009
2235.00,0.0010
2234.00,0.0010
2233.00,0.0011
2232.00,0.0011
2231.00,0.0010
2230.00,0.0009
2229.00,0.0008
2228.00,0.0008
2227.00,0.0007
2226.00,0.0007
2225.00,0.0008
2224.00,0.0008
2223.00,0.0008
2222.00,0.0008
2221.00,0.0007
2220.00,0.0008
2219.00,0.0008
2218.00,0.0009
2217.00,0.0010
2216.00,0.0010
2215.00,0.0009
2214.00,0.0008
2213.00,0.0007
2212.00,0.0007
2211.00,0.0006
2210.00,0.0006
2209.00,0.0006
2208.00,0.0006
2207.00,0.0006
2206.00,0.0006
2205.00,0.0006
2204.00,0.0006
2203.00,0.0006
2202.00,0.0005
2201.00,0.0005
2200.00,0.0005
2199.00,0.0005
2198.00,0.0005
2197.00,0.0006
2196.00,0.0007
2195.00,0.0007
2194.00,0.0008
2193.00,0.0008
2192.00,0.0007
2191.00,0.0007
2190.00,0.0006
2189.00,0.0007
2188.00,0.0007
2187.00,0.0008
2186.00,0.0007
2185.00,0.0007
2184.00,0.0006
2183.00,0.0007
2182.00,0.0007
2181.00,0.0008
2180.00,0.0008
2179.00,0.0008
2178.00,0.0007
2177.00,0.0006
2176.00,0.0005
2175.00,0.0005
2174.00,0.0006
2173.00,0.0007
2172.00,0.0008
2171.00,0.0008
2170.00,0.0010
2169.00,0.0011
2168.00,0.0012
2167.00,0.0012
2166.00,0.0013
2165.00,0.0013
2164.00,0.0013
2163.00,0.0011
2162.00,0.0007
2161.00,0.0002
2160.00,-0.0004
2159.00,-0.0009
2158.00,-0.0011
2157.00,-0.0010
2156.00,-0.0008
2155.00,-0.0006
2154.00,-0.0004
2153.00,-0.0003
2152.00,-0.0002
2151.00,-0.0001
2150.00,-0.0001
2149.00,-0.0000
2148.00,0.0000
2147.00,0.0000
2146.00,-0.0000
2145.00,-0.0001
2144.00,-0.0001
2143.00,-0.0001
2142.00,-0.0001
2141.00,-0.0001
2140.00,-0.0001
2139.00,-0.0001
2138.00,-0.0002
2137.00,-0.0003
2136.00,-0.0003
2135.00,-0.0003
2134.00,-0.0003
2133.00,-0.0003
2132.00,-0.0002
2131.00,-0.0002
2130.00,-0.0002
2129.00,-0.0001
2128.00,-0.0000
2127.00,0.0001
2126.00,0.0001
2125.00,0.0001
2124.00,0.0002
2123.00,0.0002
2122.00,0.0003
2121.00,0.0003
2120.00,0.0004
2119.00,0.0004
2118.00,0.0004
2117.00,0.0004
2116.00,0.0005
2115.00,0.0005
2114.00,0.0006
2113.00,0.0006
2112.00,0.0006
2111.00,0.0006
2110.00,0.0006
2109.00,0.0006
2108.00,0.0005
2107.00,0.0005
2106.00,0.0005
2105.00,0.0005
2104.00,0.0004
2103.00,0.0004
2102.00,0.0004
2101.00,0.0005
2100.00,0.0005
2099.00,0.0005
2098.00,0.0005
2097.00,0.0004
2096.00,0.0003
2095.00,0.0003
2094.00,0.0003
2093.00,0.0004
2092.00,0.0005
2091.00,0.0005
2090.00,0.0004
2089.00,0.0004
2088.00,0.0004
2087.00,0.0005
2086.00,0.0005
2085.00,0.0006
2084.00,0.0006
2083.00,0.0006
2082.00,0.0006
2081.00,0.0006
2080.00,0.0006
2079.00,0.0007
2078.00,0.0007
2077.00,0.0007
2076.00,0.0007
2075.00,0.0007
2074.00,0.0007
2073.00,0.0007
2072.00,0.0007
2071.00,0.0006
2070.00,0.0005
2069.00,0.0005
2068.00,0.0005
2067.00,0.0005
2066.00,0.0005
2065.00,0.0006
2064.00,0.0006
2063.00,0.0005
2062.00,0.0004
2061.00,0.0004
2060.00,0.0004
2059.00,0.0004
2058.00,0.0004
2057.00,0.0005
2056.00,0.0005
2055.00,0.0005
2054.00,0.0006
2053.00,0.0007
2052.00,0.0008
2051.00,0.0008
2050.00,0.0007
2049.00,0.0007
2048.00,0.0006
2047.00,0.0005
2046.00,0.0004
2045.00,0.0003
2044.00,0.0002
2043.00,0.0002
2042.00,0.0003
2041.00,0.0003
2040.00,0.0004
2039.00,0.0005
2038.00,0.0005
2037.00,0.0005
2036.00,0.0005
2035.00,0.0003
2034.00,0.0001
2033.00,-0.0001
2032.00,-0.0000
2031.00,0.0001
2030.00,0.0001
2029.00,0.0001
2028.00,0.0001
2027.00,0.0000
2026.00,0.0001
2025.00,0.0001
2024.00,0.0001
2023.00,0.0001
2022.00,0.0001
2021.00,0.0000
2020.00,0.0000
2019.00,0.0000
2018.00,0.0001
2017.00,0.0002
2016.00,0.0003
2015.00,0.0004
2014.00,0.0005
2013.00,0.0005
2012.00,0.0005
2011.00,0.0003
2010.00,0.0002
2009.00,0.0001
2008.00,0.0001
2007.00,0.0002
2006.00,0.0002
2005.00,0.0002
2004.00,0.0001
2003.00,0.0001
2002.00,0.0001
2001.00,0.0002
2000.00,0.0003
1999.00,0.0003
1998.00,0.0003
1997.00,0.0003
1996.00,0.0004
1995.00,0.0005
1994.00,0.0005
1993.00,0.0006
1992.00,0.0006
1991.00,0.0005
1990.00,0.0005
1989.00,0.0006
1988.00,0.0007
1987.00,0.0007
1986.00,0.0008
1985.00,0.0008
1984.00,0.0008
1983.00,0.0009
1982.00,0.0009
1981.00,0.0009
1980.00,0.0007
1979.00,0.0004
1978.00,0.0002
1977.00,0.0002
1976.00,0.0003
1975.00,0.0003
1974.00,0.0003
1973.00,0.0004
1972.00,0.0005
1971.00,0.0006
1970.00,0.0007
1969.00,0.0007
1968.00,0.0008
1967.00,0.0009
1966.00,0.0010
1965.00,0.0011
1964.00,0.0011
1963.00,0.0011
1962.00,0.0013
1961.00,0.0014
1960.00,0.0015
1959.00,0.0016
1958.00,0.0016
1957.00,0.0017
1956.00,0.0018
1955.00,0.0020
1954.00,0.0022
1953.00,0.0022
1952.00,0.0023
1951.00,0.0024
1950.00,0.0025
1949.00,0.0026
1948.00,0.0027
1947.00,0.0028
1946.00,0.0029
1945.00,0.0030
1944.00,0.0031
1943.00,0.0032
1942.00,0.0032
1941.00,0.0032
1940.00,0.0031
1939.00,0.0029
1938.00,0.0027
1937.00,0.0025
1936.00,0.0022
1935.00,0.0020
1934.00,0.0018
1933.00,0.0017
1932.00,0.0016
1931.00,0.0015
1930.00,0.0014
1929.00,0.0013
1928.00,0.0012
1927.00,0.0012
1926.00,0.0011
1925.00,0.0011
1924.00,0.0011
1923.00,0.0010
1922.00,0.0009
1921.00,0.0009
1920.00,0.0008
1919.00,0.0007
1918.00,0.0007
1917.00,0.0007
1916.00,0.0007
1915.00,0.0007
1914.00,0.0007
1913.00,0.0006
1912.00,0.0006
1911.00,0.0006
1910.00,0.0006
1909.00,0.0006
1908.00,0.0007
1907.00,0.0008
1906.00,0.0008
1905.00,0.0009
1904.00,0.0009
1903.00,0.0009
1902.00,0.0009
1901.00,0.0010
1900.00,0.0010
1899.00,0.0011
1898.00,0.0012
1897.00,0.0013
1896.00,0.0014
1895.00,0.0014
1894.00,0.0015
1893.00,0.0016
1892.00,0.0016
1891.00,0.0017
1890.00,0.0018
1889.00,0.0019
1888.00,0.0020
1887.00,0.0020
1886.00,0.0021
1885.00,0.0021
1884.00,0.0022
1883.00,0.0023
1882.00,0.0024
1881.00,0.0025
1880.00,0.0026
1879.00,0.0027
1878.00,0.0027
1877.00,0.0028
1876.00,0.0028
1875.00,0.0028
1874.00,0.0028
1873.00,0.0028
1872.00,0.0028
1871.00,0.0028
1870.00,0.0028
1869.00,0.0028
1868.00,0.0027
1867.00,0.0027
1866.00,0.0026
1865.00,0.0025
1864.00,0.0024
1863.00,0.0023
1862.00,0.0021
1861.00,0.0020
1860.00,0.0019
1859.00,0.0017
1858.00,0.0016
1857.00,0.0015
1856.00,0.0014
1855.00,0.0013
1854.00,0.0012
1853.00,0.0012
1852.00,0.0011
1851.00,0.0011
1850.00,0.0010
1849.00,0.0010
1848.00,0.0009
1847.00,0.0009
1846.00,0.0009
1845.00,0.0009
1844.00,0.0009
1843.00,0.0009
1842.00,0.0009
1841.00,0.0009
1840.00,0.0009
1839.00,0.0009
1838.00,0.0009
1837.00,0.0009
1836.00,0.0010
1835.00,0.0010
1834.00,0.0010
1833.00,0.0010
1832.00,0.0011
1831.00,0.0012
1830.00,0.0012
1829.00,0.0013
1828.00,0.0014
1827.00,0.0014
1826.00,0.0015
1825.00,0.0016
1824.00,0.0017
1823.00,0.0018
1822.00,0.0019
1821.00,0.0019
1820.00,0.0020
1819.00,0.0020
1818.00,0.0021
1817.00,0.0022
1816.00,0.0023
1815.00,0.0024
1814.00,0.0025
1813.00,0.0026
1812.00,0.0027
1811.00,0.0029
1810.00,0.0030
1809.00,0.0031
1808.00,0.0032
1807.00,0.0033
1806.00,0.0033
1805.00,0.0034
1804.00,0.0034
1803.00,0.0035
1802.00,0.0035
1801.00,0.0035
1800.00,0.0034
1799.00,0.0033
1798.00,0.0032
1797.00,0.0031
1796.00,0.0030
1795.00,0.0029
1794.00,0.0028
1793.00,0.0026
1792.00,0.0025
1791.00,0.0023
1790.00,0.0022
1789.00,0.0021
1788.00,0.0020
1787.00,0.0020
1786.00,0.0019
1785.00,0.0019
1784.00,0.0019
1783.00,0.0019
1782.00,0.0019
1781.00,0.0020
1780.00,0.0020
1779.00,0.0020
1778.00,0.0021
1777.00,0.0021
1776.00,0.0021
1775.00,0.0021
1774.00,0.0021
1773.00,0.0022
1772.00,0.0022
1771.00,0.0022
1770.00,0.0021
1769.00,0.0022
1768.00,0.0022
1767.00,0.0022
1766.00,0.0022
1765.00,0.0023
1764.00,0.0023
1763.00,0.0024
1762.00,0.0025
1761.00,0.0026
1760.00,0.0027
1759.00,0.0028
1758.00,0.0029
1757.00,0.0031
1756.00,0.0032
1755.00,0.0033
1754.00,0.0035
1753.00,0.0036
1752.00,0.0038
1751.00,0.0040
1750.00,0.0042
1749.00,0.0043
1748.00,0.0044
1747.00,0.0045
1746.00,0.0046
1745.00,0.0046
1744.00,0.0047
1743.00,0.0047
1742.00,0.0048
1741.00,0.0048
1740.00,0.0048
1739.00,0.0048
1738.00,0.0048
1737.00,0.0047
1736.00,0.0047
1735.00,0.0046
1734.00,0.0046
1733.00,0.0045
1732.00,0.0044
1731.00,0.0043
1730.00,0.0042
1729.00,0.0041
1728.00,0.0040
1727.00,0.0039
1726.00,0.0038
1725.00,0.0037
1724.00,0.0036
1723.00,0.0036
1722.00,0.0035
1721.00,0.0034
1720.00,0.0033
1719.00,0.0032
1718.00,0.0032
1717.00,0.0032
1716.00,0.0032
1715.00,0.0031
1714.00,0.0030
1713.00,0.0030
1712.00,0.0030
1711.00,0.0029
1710.00,0.0029
1709.00,0.0029
1708.00,0.0028
1707.00,0.0027
1706.00,0.0027
1705.00,0.0026
1704.00,0.0026
1703.00,0.0025
1702.00,0.0025
1701.00,0.0025
1700.00,0.0025
1699.00,0.0024
1698.00,0.0024
1697.00,0.0024
1696.00,0.0024
1695.00,0.0023
1694.00,0.0022
1693.00,0.0022
1692.00,0.0021
1691.00,0.0021
1690.00,0.0021
1689.00,0.0021
1688.00,0.0021
1687.00,0.0021
1686.00,0.0022
1685.00,0.0022
1684.00,0.0022
1683.00,0.0022
1682.00,0.0023
1681.00,0.0023
1680.00,0.0023
1679.00,0.0024
1678.00,0.0024
1677.00,0.0025
1676.00,0.0025
1675.00,0.0025
1674.00,0.0025
1673.00,0.0025
1672.00,0.0026
1671.00,0.0026
1670.00,0.0026
1669.00,0.0027
1668.00,0.0027
1667.00,0.0027
1666.00,0.0027
1665.00,0.0027
1664.00,0.0026
1663.00,0.0026
1662.00,0.0026
1661.00,0.0025
1660.00,0.0025
1659.00,0.0025
1658.00,0.0024
1657.00,0.0024
1656.00,0.0023
1655.00,0.0023
1654.00,0.0023
1653.00,0.0023
1652.00,0.0023
1651.00,0.0022
1650.00,0.0022
1649.00,0.0022
1648.00,0.0021
1647.00,0.0021
1646.00,0.0021
1645.00,0.0021
1644.00,0.0021
1643.00,0.0021
1642.00,0.0021
1641.00,0.0020
1640.00,0.0020
1639.00,0.0020
1638.00,0.0020
1637.00,0.0020
1636.00,0.0020
1635.00,0.0020
1634.00,0.0020
1633.00,0.0020
1632.00,0.0021
1631.00,0.0021
1630.00,0.0021
1629.00,0.0022
1628.00,0.0022
1627.00,0.0022
1626.00,0.0022
1625.00,0.0023
1624.00,0.0023
1623.00,0.0023
1622.00,0.0024
1621.00,0.0025
1620.00,0.0025
1619.00,0.0026
1618.00,0.0027
1617.00,0.0029
1616.00,0.0031
1615.00,0.0033
1614.00,0.0035
1613.00,0.0038
1612.00,0.0042
1611.00,0.0048
1610.00,0.0056
1609.00,0.0068
1608.00,0.0083
1607.00,0.0102
1606.00,0.0124
1605.00,0.0149
1604.00,0.0173
1603.00,0.0194
1602.00,0.0208
1601.00,0.0211
1600.00,0.0203
1599.00,0.0186
1598.00,0.0164
1597.00,0.0141
1596.00,0.0120
1595.00,0.0103
1594.00,0.0089
1593.00,0.0079
1592.00,0.0071
1591.00,0.0065
1590.00,0.0061
1589.00,0.0059
1588.00,0.0061
1587.00,0.0065
1586.00,0.0072
1585.00,0.0079
1584.00,0.0085
1583.00,0.0086
1582.00,0.0081
1581.00,0.0072
1580.00,0.0062
1579.00,0.0053
1578.00,0.0046
1577.00,0.0040
1576.00,0.0036
1575.00,0.0032
1574.00,0.0030
1573.00,0.0028
1572.00,0.0027
1571.00,0.0026
1570.00,0.0024
1569.00,0.0023
1568.00,0.0022
1567.00,0.0022
1566.00,0.0022
1565.00,0.0022
1564.00,0.0021
1563.00,0.0021
1562.00,0.0021
1561.00,0.0021
1560.00,0.0021
1559.00,0.0021
1558.00,0.0021
1557.00,0.0021
1556.00,0.0022
1555.00,0.0023
1554.00,0.0024
1553.00,0.0025
1552.00,0.0026
1551.00,0.0027
1550.00,0.0028
1549.00,0.0029
1548.00,0.0030
1547.00,0.0031
1546.00,0.0031
1545.00,0.0032
1544.00,0.0032
1543.00,0.0033
1542.00,0.0033
1541.00,0.0033
1540.00,0.0033
1539.00,0.0033
1538.00,0.0032
1537.00,0.0031
1536.00,0.0030
1535.00,0.0029
1534.00,0.0028
1533.00,0.0026
1532.00,0.0025
1531.00,0.0024
1530.00,0.0024
1529.00,0.0023
1528.00,0.0023
1527.00,0.0023
1526.00,0.0023
1525.00,0.0022
1524.00,0.0022
1523.00,0.0022
1522.00,0.0022
1521.00,0.0023
1520.00,0.0023
1519.00,0.0023
1518.00,0.0023
1517.00,0.0023
1516.00,0.0024
1515.00,0.0025
1514.00,0.0025
1513.00,0.0026
1512.00,0.0027
1511.00,0.0028
1510.00,0.0029
1509.00,0.0030
1508.00,0.0032
1507.00,0.0036
1506.00,0.0040
1505.00,0.0044
1504.00,0.0048
1503.00,0.0053
1502.00,0.0061
1501.00,0.0072
1500.00,0.0089
1499.00,0.0117
1498.00,0.0163
1497.00,0.0235
1496.00,0.0327
1495.00,0.0417
1494.00,0.0481
1493.00,0.0510
1492.00,0.0499
1491.00,0.0447
1490.00,0.0369
1489.00,0.0292
1488.00,0.0231
1487.00,0.0187
1486.00,0.0154
1485.00,0.0129
1484.00,0.0110
1483.00,0.0095
1482.00,0.0082
1481.00,0.0073
1480.00,0.0066
1479.00,0.0061
1478.00,0.0057
1477.00,0.0055
1476.00,0.0053
1475.00,0.0052
1474.00,0.0051
1473.00,0.0051
1472.00,0.0051
1471.00,0.0051
1470.00,0.0051
1469.00,0.0052
1468.00,0.0053
1467.00,0.0054
1466.00,0.0056
1465.00,0.0059
1464.00,0.0063
1463.00,0.0068
1462.00,0.0073
1461.00,0.0079
1460.00,0.0090
1459.00,0.0108
1458.00,0.0150
1457.00,0.0225
1456.00,0.0318
1455.00,0.0399
1454.00,0.0460
1453.00,0.0502
1452.00,0.0518
1451.00,0.0505
1450.00,0.0473
1449.00,0.0432
1448.00,0.0392
1447.00,0.0358
1446.00,0.0329
1445.00,0.0304
1444.00,0.0279
1443.00,0.0255
1442.00,0.0233
1441.00,0.0213
1440.00,0.0196
1439.00,0.0180
1438.00,0.0164
1437.00,0.0147
1436.00,0.0130
1435.00,0.0116
1434.00,0.0105
1433.00,0.0094
1432.00,0.0085
1431.00,0.0077
1430.00,0.0070
1429.00,0.0064
1428.00,0.0060
1427.00,0.0056
1426.00,0.0054
1425.00,0.0051
1424.00,0.0049
1423.00,0.0048
1422.00,0.0047
1421.00,0.0046
1420.00,0.0045
1419.00,0.0044
1418.00,0.0044
1417.00,0.0043
1416.00,0.0042
1415.00,0.0042
1414.00,0.0042
1413.00,0.0041
1412.00,0.0041
1411.00,0.0041
1410.00,0.0040
1409.00,0.0040
1408.00,0.0040
1407.00,0.0040
1406.00,0.0041
1405.00,0.0041
1404.00,0.0041
1403.00,0.0041
1402.00,0.0041
1401.00,0.0041
1400.00,0.0041
1399.00,0.0042
1398.00,0.0043
1397.00,0.0044
1396.00,0.0045
1395.00,0.0047
1394.00,0.0049
1393.00,0.0052
1392.00,0.0054
1391.00,0.0057
1390.00,0.0060
1389.00,0.0063
1388.00,0.0068
1387.00,0.0072
1386.00,0.0076
1385.00,0.0080
1384.00,0.0083
1383.00,0.0085
1382.00,0.0088
1381.00,0.0091
1380.00,0.0094
1379.00,0.0097
1378.00,0.0100
1377.00,0.0103
1376.00,0.0106
1375.00,0.0108
1374.00,0.0110
1373.00,0.0112
1372.00,0.0112
1371.00,0.0112
1370.00,0.0111
1369.00,0.0110
1368.00,0.0109
1367.00,0.0108
1366.00,0.0107
1365.00,0.0106
1364.00,0.0105
1363.00,0.0105
1362.00,0.0104
1361.00,0.0103
1360.00,0.0101
1359.00,0.0099
1358.00,0.0097
1357.00,0.0096
1356.00,0.0094
1355.00,0.0094
1354.00,0.0093
1353.00,0.0093
1352.00,0.0092
1351.00,0.0092
1350.00,0.0092
1349.00,0.0092
1348.00,0.0091
1347.00,0.0090
1346.00,0.0089
1345.00,0.0087
1344.00,0.0085
1343.00,0.0084
1342.00,0.0082
1341.00,0.0081
1340.00,0.0080
1339.00,0.0079
1338.00,0.0079
1337.00,0.0080
1336.00,0.0081
1335.00,0.0083
1334.00,0.0085
1333.00,0.0087
1332.00,0.0089
1331.00,0.0092
1330.00,0.0093
1329.00,0.0094
1328.00,0.0094
1327.00,0.0094
1326.00,0.0092
1325.00,0.0091
1324.00,0.0090
1323.00,0.0088
1322.00,0.0087
1321.00,0.0086
1320.00,0.0086
1319.00,0.0086
1318.00,0.0087
1317.00,0.0088
1316.00,0.0089
1315.00,0.0090
1314.00,0.0091
1313.00,0.0091
1312.00,0.0091
1311.00,0.0091
1310.00,0.0090
1309.00,0.0089
1308.00,0.0088
1307.00,0.0086
1306.00,0.0084
1305.00,0.0083
1304.00,0.0081
1303.00,0.0079
1302.00,0.0078
1301.00,0.0076
1300.00,0.0075
1299.00,0.0074
1298.00,0.0073
1297.00,0.0072
1296.00,0.0072
1295.00,0.0071
1294.00,0.0071
1293.00,0.0070
1292.00,0.0070
1291.00,0.0069
1290.00,0.0068
1289.00,0.0067
1288.00,0.0066
1287.00,0.0066
1286.00,0.0066
1285.00,0.0065
1284.00,0.0065
1283.00,0.0065
1282.00,0.0065
1281.00,0.0065
1280.00,0.0065
1279.00,0.0064
1278.00,0.0063
1277.00,0.0061
1276.00,0.0060
1275.00,0.0058
1274.00,0.0057
1273.00,0.0056
1272.00,0.0054
1271.00,0.0053
1270.00,0.0052
1269.00,0.0051
1268.00,0.0051
1267.00,0.0050
1266.00,0.0050
1265.00,0.0049
1264.00,0.0049
1263.00,0.0049
1262.00,0.0049
1261.00,0.0049
1260.00,0.0049
1259.00,0.0049
1258.00,0.0049
1257.00,0.0049
1256.00,0.0050
1255.00,0.0050
1254.00,0.0050
1253.00,0.0051
1252.00,0.0051
1251.00,0.0051
1250.00,0.0051
1249.00,0.0051
1248.00,0.0051
1247.00,0.0051
1246.00,0.0051
1245.00,0.0052
1244.00,0.0052
1243.00,0.0052
1242.00,0.0051
1241.00,0.0051
1240.00,0.0051
1239.00,0.0051
1238.00,0.0050
1237.00,0.0050
1236.00,0.0050
1235.00,0.0049
1234.00,0.0049
1233.00,0.0050
1232.00,0.0050
1231.00,0.0050
1230.00,0.0050
1229.00,0.0050
1228.00,0.0051
1227.00,0.0051
1226.00,0.0051
1225.00,0.0051
1224.00,0.0051
1223.00,0.0051
1222.00,0.0051
1221.00,0.0051
1220.00,0.0051
1219.00,0.0052
1218.00,0.0052
1217.00,0.0052
1216.00,0.0052
1215.00,0.0053
1214.00,0.0054
1213.00,0.0055
1212.00,0.0056
1211.00,0.0057
1210.00,0.0058
1209.00,0.0059
1208.00,0.0060
1207.00,0.0061
1206.00,0.0063
1205.00,0.0065
1204.00,0.0067
1203.00,0.0069
1202.00,0.0071
1201.00,0.0073
1200.00,0.0075
1199.00,0.0077
1198.00,0.0078
1197.00,0.0079
1196.00,0.0080
1195.00,0.0080
1194.00,0.0081
1193.00,0.0081
1192.00,0.0082
1191.00,0.0082
1190.00,0.0083
1189.00,0.0084
1188.00,0.0086
1187.00,0.0089
1186.00,0.0093
1185.00,0.0098
1184.00,0.0103
1183.00,0.0108
1182.00,0.0111
1181.00,0.0112
1180.00,0.0109
1179.00,0.0104
1178.00,0.0096
1177.00,0.0089
1176.00,0.0082
1175.00,0.0076
1174.00,0.0072
1173.00,0.0069
1172.00,0.0067
1171.00,0.0066
1170.00,0.0066
1169.00,0.0065
1168.00,0.0065
1167.00,0.0065
1166.00,0.0065
1165.00,0.0066
1164.00,0.0067
1163.00,0.0068
1162.00,0.0071
1161.00,0.0075
1160.00,0.0081
1159.00,0.0088
1158.00,0.0095
1157.00,0.0103
1156.00,0.0109
1155.00,0.0112
1154.00,0.0112
1153.00,0.0107
1152.00,0.0100
1151.00,0.0091
1150.00,0.0082
1149.00,0.0074
1148.00,0.0068
1147.00,0.0063
1146.00,0.0059
1145.00,0.0056
1144.00,0.0054
1143.00,0.0052
1142.00,0.0050
1141.00,0.0049
1140.00,0.0048
1139.00,0.0047
1138.00,0.0046
1137.00,0.0045
1136.00,0.0044
1135.00,0.0044
1134.00,0.0043
1133.00,0.0043
1132.00,0.0043
1131.00,0.0043
1130.00,0.0043
1129.00,0.0043
1128.00,0.0043
1127.00,0.0043
1126.00,0.0044
1125.00,0.0044
1124.00,0.0045
1123.00,0.0045
1122.00,0.0046
1121.00,0.0048
1120.00,0.0049
1119.00,0.0051
1118.00,0.0053
1117.00,0.0054
1116.00,0.0056
1115.00,0.0057
1114.00,0.0058
1113.00,0.0059
1112.00,0.0060
1111.00,0.0060
1110.00,0.0059
1109.00,0.0059
1108.00,0.0059
1107.00,0.0059
1106.00,0.0059
1105.00,0.0059
1104.00,0.0059
1103.00,0.0059
1102.00,0.0059
1101.00,0.0060
1100.00,0.0061
1099.00,0.0062
1098.00,0.0063
1097.00,0.0064
1096.00,0.0065
1095.00,0.0066
1094.00,0.0066
1093.00,0.0067
1092.00,0.0069
1091.00,0.0070
1090.00,0.0071
1089.00,0.0072
1088.00,0.0074
1087.00,0.0076
1086.00,0.0079
1085.00,0.0082
1084.00,0.0085
1083.00,0.0089
1082.00,0.0093
1081.00,0.0097
1080.00,0.0101
1079.00,0.0104
1078.00,0.0108
1077.00,0.0112
1076.00,0.0117
1075.00,0.0124
1074.00,0.0130
1073.00,0.0137
1072.00,0.0143
1071.00,0.0147
1070.00,0.0150
1069.00,0.0151
1068.00,0.0151
1067.00,0.0148
1066.00,0.0144
1065.00,0.0138
1064.00,0.0132
1063.00,0.0126
1062.00,0.0119
1061.00,0.0114
1060.00,0.0109
1059.00,0.0104
1058.00,0.0100
1057.00,0.0097
1056.00,0.0094
1055.00,0.0091
1054.00,0.0089
1053.00,0.0087
1052.00,0.0084
1051.00,0.0082
1050.00,0.0081
1049.00,0.0079
1048.00,0.0078
1047.00,0.0076
1046.00,0.0075
1045.00,0.0074
1044.00,0.0074
1043.00,0.0074
1042.00,0.0074
1041.00,0.0076
1040.00,0.0078
1039.00,0.0081
1038.00,0.0087
1037.00,0.0097
1036.00,0.0111
1035.00,0.0130
1034.00,0.0153
1033.00,0.0178
1032.00,0.0204
1031.00,0.0227
1030.00,0.0246
1029.00,0.0258
1028.00,0.0262
1027.00,0.0257
1026.00,0.0244
1025.00,0.0226
1024.00,0.0207
1023.00,0.0190
1022.00,0.0175
1021.00,0.0162
1020.00,0.0151
1019.00,0.0142
1018.00,0.0135
1017.00,0.0128
1016.00,0.0123
1015.00,0.0118
1014.00,0.0113
1013.00,0.0109
1012.00,0.0106
1011.00,0.0103
1010.00,0.0101
1009.00,0.0100
1008.00,0.0100
1007.00,0.0102
1006.00,0.0104
1005.00,0.0107
1004.00,0.0109
1003.00,0.0109
1002.00,0.0106
1001.00,0.0101
1000.00,0.0094
999.00,0.0088
998.00,0.0083
997.00,0.0080
996.00,0.0078
995.00,0.0077
994.00,0.0076
993.00,0.0076
992.00,0.0076
991.00,0.0077
990.00,0.0078
989.00,0.0080
988.00,0.0082
987.00,0.0084
986.00,0.0086
985.00,0.0089
984.00,0.0092
983.00,0.0095
982.00,0.0097
981.00,0.0098
980.00,0.0099
979.00,0.0098
978.00,0.0097
977.00,0.0095
976.00,0.0093
975.00,0.0091
974.00,0.0090
973.00,0.0089
972.00,0.0089
971.00,0.0091
970.00,0.0094
969.00,0.0098
968.00,0.0102
967.00,0.0105
966.00,0.0107
965.00,0.0109
964.00,0.0108
963.00,0.0107
962.00,0.0104
961.00,0.0100
960.00,0.0095
959.00,0.0090
958.00,0.0086
957.00,0.0082
956.00,0.0080
955.00,0.0078
954.00,0.0077
953.00,0.0076
952.00,0.0076
951.00,0.0076
950.00,0.0077
949.00,0.0078
948.00,0.0079
947.00,0.0081
946.00,0.0083
945.00,0.0084
944.00,0.0085
943.00,0.0085
942.00,0.0085
941.00,0.0084
940.00,0.0082
939.00,0.0079
938.00,0.0076
937.00,0.0073
936.00,0.0070
935.00,0.0068
934.00,0.0065
933.00,0.0063
932.00,0.0062
931.00,0.0060
930.00,0.0059
929.00,0.0059
928.00,0.0058
927.00,0.0059
926.00,0.0059
925.00,0.0060
924.00,0.0061
923.00,0.0062
922.00,0.0064
921.00,0.0066
920.00,0.0068
919.00,0.0072
918.00,0.0076
917.00,0.0082
916.00,0.0089
915.00,0.0097
914.00,0.0107
913.00,0.0117
912.00,0.0129
911.00,0.0141
910.00,0.0153
909.00,0.0162
908.00,0.0169
907.00,0.0173
906.00,0.0172
905.00,0.0168
904.00,0.0161
903.00,0.0150
902.00,0.0138
901.00,0.0125
900.00,0.0111
899.00,0.0099
898.00,0.0089
897.00,0.0080
896.00,0.0074
895.00,0.0069
894.00,0.0065
893.00,0.0062
892.00,0.0059
891.00,0.0057
890.00,0.0055
889.00,0.0054
888.00,0.0053
887.00,0.0051
886.00,0.0050
885.00,0.0048
884.00,0.0047
883.00,0.0046
882.00,0.0046
881.00,0.0046
880.00,0.0046
879.00,0.0045
878.00,0.0044
877.00,0.0044
876.00,0.0043
875.00,0.0043
874.00,0.0042
873.00,0.0042
872.00,0.0041
871.00,0.0041
870.00,0.0041
869.00,0.0040
868.00,0.0040
867.00,0.0039
866.00,0.0039
865.00,0.0039
864.00,0.0039
863.00,0.0039
862.00,0.0039
861.00,0.0039
860.00,0.0039
859.00,0.0039
858.00,0.0039
857.00,0.0040
856.00,0.0041
855.00,0.0042
854.00,0.0044
853.00,0.0046
852.00,0.0049
851.00,0.0052
850.00,0.0056
849.00,0.0061
848.00,0.0066
847.00,0.0071
846.00,0.0075
845.00,0.0079
844.00,0.0083
843.00,0.0086
842.00,0.0087
841.00,0.0086
840.00,0.0084
839.00,0.0080
838.00,0.0076
837.00,0.0071
836.00,0.0066
835.00,0.0060
834.00,0.0054
833.00,0.0050
832.00,0.0046
831.00,0.0043
830.00,0.0041
829.00,0.0040
828.00,0.0040
827.00,0.0040
826.00,0.0039
825.00,0.0039
824.00,0.0039
823.00,0.0038
822.00,0.0038
821.00,0.0038
820.00,0.0038
819.00,0.0039
818.00,0.0039
817.00,0.0040
816.00,0.0040
815.00,0.0039
814.00,0.0039
813.00,0.0039
812.00,0.0040
811.00,0.0041
810.00,0.0042
809.00,0.0042
808.00,0.0042
807.00,0.0042
806.00,0.0042
805.00,0.0043
804.00,0.0043
803.00,0.0044
802.00,0.0045
801.00,0.0047
800.00,0.0049
799.00,0.0051
798.00,0.0053
797.00,0.0055
796.00,0.0057
795.00,0.0060
794.00,0.0064
793.00,0.0068
792.00,0.0073
791.00,0.0077
790.00,0.0082
789.00,0.0086
788.00,0.0091
787.00,0.0097
786.00,0.0103
785.00,0.0110
784.00,0.0117
783.00,0.0124
782.00,0.0133
781.00,0.0142
780.00,0.0154
779.00,0.0167
778.00,0.0182
777.00,0.0199
776.00,0.0218
775.00,0.0238
774.00,0.0260
773.00,0.0284
772.00,0.0309
771.00,0.0336
770.00,0.0364
769.00,0.0393
768.00,0.0421
767.00,0.0449
766.00,0.0475
765.00,0.0502
764.00,0.0528
763.00,0.0555
762.00,0.0581
761.00,0.0608
760.00,0.0634
759.00,0.0658
758.00,0.0678
757.00,0.0693
756.00,0.0703
755.00,0.0706
754.00,0.0705
753.00,0.0703
752.00,0.0699
751.00,0.0697
750.00,0.0695
749.00,0.0693
748.00,0.0688
747.00,0.0678
746.00,0.0658
745.00,0.0627
744.00,0.0587
743.00,0.0542
742.00,0.0494
741.00,0.0447
740.00,0.0404
739.00,0.0364
738.00,0.0327
737.00,0.0293
736.00,0.0260
735.00,0.0229
734.00,0.0200
733.00,0.0173
732.00,0.0150
731.00,0.0132
730.00,0.0117
729.00,0.0106
728.00,0.0098
727.00,0.0092
726.00,0.0087
725.00,0.0085
724.00,0.0083
723.00,0.0083
722.00,0.0082
721.00,0.0083
720.00,0.0083
719.00,0.0085
718.00,0.0087
717.00,0.0092
716.00,0.0098
715.00,0.0107
714.00,0.0119
713.00,0.0136
712.00,0.0159
711.00,0.0191
710.00,0.0234
709.00,0.0290
708.00,0.0359
707.00,0.0443
706.00,0.0541
705.00,0.0654
704.00,0.0780
703.00,0.0916
702.00,0.1061
701.00,0.1213
700.00,0.1368
699.00,0.1523
698.00,0.1671
697.00,0.1798
696.00,0.1884
695.00,0.1907
694.00,0.1852
693.00,0.1722
692.00,0.1541
691.00,0.1342
690.00,0.1155
689.00,0.0993
688.00,0.0860
687.00,0.0754
686.00,0.0670
685.00,0.0603
684.00,0.0547
683.00,0.0501
682.00,0.0462
681.00,0.0429
680.00,0.0400
679.00,0.0376
678.00,0.0355
677.00,0.0338
676.00,0.0323
675.00,0.0310
674.00,0.0299
673.00,0.0288
672.00,0.0279
671.00,0.0270
670.00,0.0261
669.00,0.0253
668.00,0.0243
667.00,0.0233
666.00,0.0224
665.00,0.0216
664.00,0.0208
663.00,0.0199
662.00,0.0191
661.00,0.0183
660.00,0.0175
659.00,0.0168
658.00,0.0162
657.00,0.0157
656.00,0.0151
655.00,0.0145
654.00,0.0139
653.00,0.0134
652.00,0.0130
651.00,0.0126
650.00,0.0123
649.00,0.0120
648.00,0.0117
647.00,0.0115
646.00,0.0112
645.00,0.0110
644.00,0.0108
643.00,0.0106
642.00,0.0105
641.00,0.0104
640.00,0.0104
639.00,0.0105
638.00,0.0107
637.00,0.0109
636.00,0.0112
635.00,0.0115
634.00,0.0119
633.00,0.0123
632.00,0.0126
631.00,0.0129
630.00,0.0131
629.00,0.0131
628.00,0.0131
627.00,0.0132
626.00,0.0134
625.00,0.0136
624.00,0.0139
623.00,0.0142
622.00,0.0145
621.00,0.0147
620.00,0.0146
619.00,0.0143
618.00,0.0138
617.00,0.0133
616.00,0.0127
615.00,0.0123
614.00,0.0121
613.00,0.0119
612.00,0.0118
611.00,0.0117
610.00,0.0117
609.00,0.0116
608.00,0.0115
607.00,0.0113
606.00,0.0111
605.00,0.0111
604.00,0.0111
603.00,0.0111
602.00,0.0113
601.00,0.0114
600.00,0.0115
599.00,0.0117
598.00,0.0119
597.00,0.0121
596.00,0.0123
595.00,0.0125
594.00,0.0128
593.00,0.0130
592.00,0.0132
591.00,0.0134
590.00,0.0135
589.00,0.0137
588.00,0.0138
587.00,0.0140
586.00,0.0142
585.00,0.0145
584.00,0.0149
583.00,0.0153
582.00,0.0158
581.00,0.0164
580.00,0.0171
579.00,0.0178
578.00,0.0184
577.00,0.0191
576.00,0.0198
575.00,0.0206
574.00,0.0216
573.00,0.0226
572.00,0.0236
571.00,0.0247
570.00,0.0257
569.00,0.0267
568.00,0.0277
567.00,0.0286
566.00,0.0294
565.00,0.0302
564.00,0.0310
563.00,0.0319
562.00,0.0329
561.00,0.0338
560.00,0.0347
559.00,0.0357
558.00,0.0366
557.00,0.0377
556.00,0.0387
555.00,0.0398
554.00,0.0408
553.00,0.0419
552.00,0.0430
551.00,0.0442
550.00,0.0455
549.00,0.0469
548.00,0.0485
547.00,0.0503
546.00,0.0522
545.00,0.0544
544.00,0.0567
543.00,0.0590
542.00,0.0611
541.00,0.0629
540.00,0.0644
539.00,0.0653
538.00,0.0654
537.00,0.0649
536.00,0.0637
535.00,0.0617
534.00,0.0589
533.00,0.0557
532.00,0.0523
531.00,0.0488
530.00,0.0455
529.00,0.0424
528.00,0.0395
527.00,0.0367
526.00,0.0341
525.00,0.0319
524.00,0.0302
523.00,0.0288
522.00,0.0275
521.00,0.0262
520.00,0.0250
519.00,0.0239
518.00,0.0230
517.00,0.0221
516.00,0.0214
515.00,0.0207
514.00,0.0201
513.00,0.0195
512.00,0.0189
511.00,0.0183
510.00,0.0178
509.00,0.0172
508.00,0.0166
507.00,0.0159
506.00,0.0152
505.00,0.0147
504.00,0.0144
503.00,0.0142
502.00,0.0139
501.00,0.0135
500.00,0.0130
499.00,0.0126
498.00,0.0122
497.00,0.0121
496.00,0.0121
495.00,0.0121
494.00,0.0121
493.00,0.0119
492.00,0.0118
491.00,0.0116
490.00,0.0114
489.00,0.0111
488.00,0.0108
487.00,0.0106
486.00,0.0104
485.00,0.0103
484.00,0.0102
483.00,0.0101
482.00,0.0099
481.00,0.0096
480.00,0.0094
479.00,0.0093
478.00,0.0094
477.00,0.0094
476.00,0.0094
475.00,0.0093
474.00,0.0091
473.00,0.0089
472.00,0.0089
471.00,0.0089
470.00,0.0090
469.00,0.0090
468.00,0.0090
467.00,0.0088
466.00,0.0087
465.00,0.0086
464.00,0.0087
463.00,0.0087
462.00,0.0085
461.00,0.0082
460.00,0.0079
459.00,0.0079
458.00,0.0081
457.00,0.0083
456.00,0.0082
455.00,0.0080
454.00,0.0078
453.00,0.0077
452.00,0.0077
451.00,0.0078
450.00,0.0079
449.00,0.0081
448.00,0.0083
447.00,0.0085
446.00,0.0085
445.00,0.0084
444.00,0.0081
443.00,0.0079
442.00,0.0081
441.00,0.0083
440.00,0.0084
439.00,0.0082
438.00,0.0081
437.00,0.0082
436.00,0.0083
435.00,0.0083
434.00,0.0080
433.00,0.0077
432.00,0.0076
431.00,0.0076
430.00,0.0076
429.00,0.0073
428.00,0.0070
427.00,0.0069
426.00,0.0070
425.00,0.0075
424.00,0.0081
423.00,0.0085
422.00,0.0084
421.00,0.0079
420.00,0.0072
419.00,0.0067
418.00,0.0065
417.00,0.0063
416.00,0.0060
415.00,0.0058
414.00,0.0060
413.00,0.0067
412.00,0.0076
411.00,0.0083
410.00,0.0085
409.00,0.0080
408.00,0.0073
407.00,0.0069
406.00,0.0071
405.00,0.0076
404.00,0.0081
403.00,0.0082
402.00,0.0081
401.00,0.0079
400.00,0.0075
