Created as New Dataset,Sample 559 By YargerLab Date Thursday, June 05 2025
cm-1,A
4000.00,0.0008
3999.00,0.0008
3998.00,0.0008
3997.00,0.0008
3996.00,0.0008
3995.00,0.0008
3994.00,0.0008
3993.00,0.0008
3992.00,0.0008
3991.00,0.0008
3990.00,0.0008
3989.00,0.0008
3988.00,0.0008
3987.00,0.0008
3986.00,0.0008
3985.00,0.0008
3984.00,0.0008
3983.00,0.0008
3982.00,0.0008
3981.00,0.0008
3980.00,0.0008
3979.00,0.0008
3978.00,0.0008
3977.00,0.0008
3976.00,0.0008
3975.00,0.0008
3974.00,0.0008
3973.00,0.0008
3972.00,0.0008
3971.00,0.0007
3970.00,0.0007
3969.00,0.0007
3968.00,0.0007
3967.00,0.0007
3966.00,0.0007
3965.00,0.0008
3964.00,0.0008
3963.00,0.0008
3962.00,0.0008
3961.00,0.0008
3960.00,0.0008
3959.00,0.0008
3958.00,0.0007
3957.00,0.0007
3956.00,0.0007
3955.00,0.0007
3954.00,0.0007
3953.00,0.0008
3952.00,0.0008
3951.00,0.0008
3950.00,0.0008
3949.00,0.0008
3948.00,0.0008
3947.00,0.0008
3946.00,0.0008
3945.00,0.0008
3944.00,0.0008
3943.00,0.0008
3942.00,0.0008
3941.00,0.0008
3940.00,0.0008
3939.00,0.0008
3938.00,0.0008
3937.00,0.0008
3936.00,0.0008
3935.00,0.0008
3934.00,0.0007
3933.00,0.0007
3932.00,0.0008
3931.00,0.0008
3930.00,0.0008
3929.00,0.0008
3928.00,0.0008
3927.00,0.0008
3926.00,0.0007
3925.00,0.0007
3924.00,0.0007
3923.00,0.0008
3922.00,0.0008
3921.00,0.0008
3920.00,0.0008
3919.00,0.0008
3918.00,0.0008
3917.00,0.0008
3916.00,0.0008
3915.00,0.0008
3914.00,0.0008
3913.00,0.0007
3912.00,0.0007
3911.00,0.0007
3910.00,0.0007
3909.00,0.0007
3908.00,0.0007
3907.00,0.0007
3906.00,0.0008
3905.00,0.0008
3904.00,0.0009
3903.00,0.0009
3902.00,0.0009
3901.00,0.0009
3900.00,0.0009
3899.00,0.0008
3898.00,0.0008
3897.00,0.0008
3896.00,0.0008
3895.00,0.0007
3894.00,0.0007
3893.00,0.0007
3892.00,0.0007
3891.00,0.0007
3890.00,0.0008
3889.00,0.0008
3888.00,0.0008
3887.00,0.0007
3886.00,0.0007
3885.00,0.0007
3884.00,0.0007
3883.00,0.0007
3882.00,0.0007
3881.00,0.0007
3880.00,0.0007
3879.00,0.0007
3878.00,0.0008
3877.00,0.0008
3876.00,0.0007
3875.00,0.0007
3874.00,0.0007
3873.00,0.0008
3872.00,0.0008
3871.00,0.0008
3870.00,0.0008
3869.00,0.0008
3868.00,0.0008
3867.00,0.0008
3866.00,0.0007
3865.00,0.0007
3864.00,0.0006
3863.00,0.0006
3862.00,0.0006
3861.00,0.0006
3860.00,0.0006
3859.00,0.0007
3858.00,0.0007
3857.00,0.0008
3856.00,0.0009
3855.00,0.0010
3854.00,0.0009
3853.00,0.0009
3852.00,0.0009
3851.00,0.0008
3850.00,0.0007
3849.00,0.0006
3848.00,0.0006
3847.00,0.0006
3846.00,0.0006
3845.00,0.0006
3844.00,0.0006
3843.00,0.0006
3842.00,0.0007
3841.00,0.0007
3840.00,0.0007
3839.00,0.0007
3838.00,0.0007
3837.00,0.0007
3836.00,0.0007
3835.00,0.0007
3834.00,0.0007
3833.00,0.0007
3832.00,0.0007
3831.00,0.0007
3830.00,0.0007
3829.00,0.0006
3828.00,0.0006
3827.00,0.0006
3826.00,0.0006
3825.00,0.0006
3824.00,0.0007
3823.00,0.0007
3822.00,0.0007
3821.00,0.0006
3820.00,0.0007
3819.00,0.0007
3818.00,0.0007
3817.00,0.0006
3816.00,0.0006
3815.00,0.0006
3814.00,0.0006
3813.00,0.0006
3812.00,0.0006
3811.00,0.0006
3810.00,0.0006
3809.00,0.0006
3808.00,0.0006
3807.00,0.0006
3806.00,0.0006
3805.00,0.0007
3804.00,0.0007
3803.00,0.0006
3802.00,0.0006
3801.00,0.0006
3800.00,0.0006
3799.00,0.0006
3798.00,0.0006
3797.00,0.0006
3796.00,0.0006
3795.00,0.0006
3794.00,0.0007
3793.00,0.0006
3792.00,0.0006
3791.00,0.0006
3790.00,0.0006
3789.00,0.0006
3788.00,0.0006
3787.00,0.0006
3786.00,0.0006
3785.00,0.0006
3784.00,0.0006
3783.00,0.0006
3782.00,0.0007
3781.00,0.0007
3780.00,0.0007
3779.00,0.0007
3778.00,0.0007
3777.00,0.0007
3776.00,0.0007
3775.00,0.0007
3774.00,0.0007
3773.00,0.0007
3772.00,0.0007
3771.00,0.0007
3770.00,0.0007
3769.00,0.0007
3768.00,0.0007
3767.00,0.0007
3766.00,0.0007
3765.00,0.0006
3764.00,0.0007
3763.00,0.0007
3762.00,0.0007
3761.00,0.0007
3760.00,0.0007
3759.00,0.0007
3758.00,0.0007
3757.00,0.0007
3756.00,0.0007
3755.00,0.0007
3754.00,0.0008
3753.00,0.0008
3752.00,0.0008
3751.00,0.0008
3750.00,0.0008
3749.00,0.0008
3748.00,0.0009
3747.00,0.0009
3746.00,0.0009
3745.00,0.0008
3744.00,0.0008
3743.00,0.0009
3742.00,0.0009
3741.00,0.0008
3740.00,0.0007
3739.00,0.0007
3738.00,0.0007
3737.00,0.0007
3736.00,0.0008
3735.00,0.0008
3734.00,0.0008
3733.00,0.0008
3732.00,0.0008
3731.00,0.0008
3730.00,0.0008
3729.00,0.0008
3728.00,0.0008
3727.00,0.0008
3726.00,0.0008
3725.00,0.0008
3724.00,0.0009
3723.00,0.0009
3722.00,0.0008
3721.00,0.0008
3720.00,0.0007
3719.00,0.0007
3718.00,0.0007
3717.00,0.0008
3716.00,0.0008
3715.00,0.0009
3714.00,0.0009
3713.00,0.0009
3712.00,0.0009
3711.00,0.0009
3710.00,0.0009
3709.00,0.0009
3708.00,0.0009
3707.00,0.0009
3706.00,0.0009
3705.00,0.0008
3704.00,0.0008
3703.00,0.0008
3702.00,0.0008
3701.00,0.0009
3700.00,0.0009
3699.00,0.0009
3698.00,0.0009
3697.00,0.0009
3696.00,0.0009
3695.00,0.0010
3694.00,0.0010
3693.00,0.0011
3692.00,0.0011
3691.00,0.0011
3690.00,0.0011
3689.00,0.0011
3688.00,0.0012
3687.00,0.0013
3686.00,0.0013
3685.00,0.0013
3684.00,0.0013
3683.00,0.0013
3682.00,0.0014
3681.00,0.0014
3680.00,0.0015
3679.00,0.0015
3678.00,0.0016
3677.00,0.0017
3676.00,0.0016
3675.00,0.0016
3674.00,0.0017
3673.00,0.0018
3672.00,0.0019
3671.00,0.0019
3670.00,0.0019
3669.00,0.0020
3668.00,0.0021
3667.00,0.0021
3666.00,0.0022
3665.00,0.0022
3664.00,0.0023
3663.00,0.0023
3662.00,0.0024
3661.00,0.0025
3660.00,0.0026
3659.00,0.0027
3658.00,0.0027
3657.00,0.0028
3656.00,0.0029
3655.00,0.0030
3654.00,0.0031
3653.00,0.0032
3652.00,0.0033
3651.00,0.0034
3650.00,0.0035
3649.00,0.0035
3648.00,0.0035
3647.00,0.0036
3646.00,0.0037
3645.00,0.0038
3644.00,0.0039
3643.00,0.0040
3642.00,0.0040
3641.00,0.0041
3640.00,0.0042
3639.00,0.0043
3638.00,0.0044
3637.00,0.0045
3636.00,0.0046
3635.00,0.0047
3634.00,0.0048
3633.00,0.0050
3632.00,0.0052
3631.00,0.0053
3630.00,0.0054
3629.00,0.0055
3628.00,0.0055
3627.00,0.0056
3626.00,0.0057
3625.00,0.0058
3624.00,0.0058
3623.00,0.0059
3622.00,0.0060
3621.00,0.0061
3620.00,0.0062
3619.00,0.0063
3618.00,0.0065
3617.00,0.0066
3616.00,0.0068
3615.00,0.0069
3614.00,0.0070
3613.00,0.0072
3612.00,0.0073
3611.00,0.0074
3610.00,0.0075
3609.00,0.0076
3608.00,0.0076
3607.00,0.0077
3606.00,0.0079
3605.00,0.0080
3604.00,0.0081
3603.00,0.0082
3602.00,0.0083
3601.00,0.0085
3600.00,0.0086
3599.00,0.0087
3598.00,0.0088
3597.00,0.0090
3596.00,0.0090
3595.00,0.0091
3594.00,0.0092
3593.00,0.0094
3592.00,0.0096
3591.00,0.0098
3590.00,0.0099
3589.00,0.0100
3588.00,0.0101
3587.00,0.0102
3586.00,0.0103
3585.00,0.0105
3584.00,0.0106
3583.00,0.0107
3582.00,0.0109
3581.00,0.0110
3580.00,0.0111
3579.00,0.0112
3578.00,0.0114
3577.00,0.0115
3576.00,0.0116
3575.00,0.0117
3574.00,0.0118
3573.00,0.0120
3572.00,0.0122
3571.00,0.0124
3570.00,0.0126
3569.00,0.0127
3568.00,0.0128
3567.00,0.0128
3566.00,0.0129
3565.00,0.0130
3564.00,0.0132
3563.00,0.0133
3562.00,0.0135
3561.00,0.0136
3560.00,0.0137
3559.00,0.0139
3558.00,0.0141
3557.00,0.0143
3556.00,0.0144
3555.00,0.0146
3554.00,0.0147
3553.00,0.0148
3552.00,0.0149
3551.00,0.0150
3550.00,0.0152
3549.00,0.0154
3548.00,0.0156
3547.00,0.0157
3546.00,0.0158
3545.00,0.0159
3544.00,0.0160
3543.00,0.0161
3542.00,0.0162
3541.00,0.0163
3540.00,0.0165
3539.00,0.0166
3538.00,0.0167
3537.00,0.0169
3536.00,0.0170
3535.00,0.0171
3534.00,0.0173
3533.00,0.0174
3532.00,0.0176
3531.00,0.0177
3530.00,0.0178
3529.00,0.0179
3528.00,0.0181
3527.00,0.0182
3526.00,0.0184
3525.00,0.0185
3524.00,0.0186
3523.00,0.0187
3522.00,0.0188
3521.00,0.0189
3520.00,0.0190
3519.00,0.0191
3518.00,0.0193
3517.00,0.0194
3516.00,0.0195
3515.00,0.0196
3514.00,0.0198
3513.00,0.0200
3512.00,0.0201
3511.00,0.0203
3510.00,0.0204
3509.00,0.0205
3508.00,0.0206
3507.00,0.0208
3506.00,0.0209
3505.00,0.0211
3504.00,0.0212
3503.00,0.0213
3502.00,0.0214
3501.00,0.0215
3500.00,0.0217
3499.00,0.0218
3498.00,0.0219
3497.00,0.0220
3496.00,0.0222
3495.00,0.0223
3494.00,0.0224
3493.00,0.0226
3492.00,0.0227
3491.00,0.0229
3490.00,0.0230
3489.00,0.0231
3488.00,0.0232
3487.00,0.0233
3486.00,0.0235
3485.00,0.0236
3484.00,0.0237
3483.00,0.0238
3482.00,0.0240
3481.00,0.0241
3480.00,0.0242
3479.00,0.0244
3478.00,0.0245
3477.00,0.0246
3476.00,0.0248
3475.00,0.0249
3474.00,0.0250
3473.00,0.0252
3472.00,0.0253
3471.00,0.0255
3470.00,0.0256
3469.00,0.0258
3468.00,0.0259
3467.00,0.0261
3466.00,0.0262
3465.00,0.0264
3464.00,0.0265
3463.00,0.0266
3462.00,0.0267
3461.00,0.0268
3460.00,0.0270
3459.00,0.0271
3458.00,0.0272
3457.00,0.0273
3456.00,0.0274
3455.00,0.0275
3454.00,0.0277
3453.00,0.0278
3452.00,0.0280
3451.00,0.0281
3450.00,0.0283
3449.00,0.0284
3448.00,0.0286
3447.00,0.0287
3446.00,0.0288
3445.00,0.0289
3444.00,0.0290
3443.00,0.0291
3442.00,0.0292
3441.00,0.0293
3440.00,0.0295
3439.00,0.0297
3438.00,0.0298
3437.00,0.0300
3436.00,0.0301
3435.00,0.0302
3434.00,0.0303
3433.00,0.0304
3432.00,0.0306
3431.00,0.0307
3430.00,0.0309
3429.00,0.0310
3428.00,0.0312
3427.00,0.0313
3426.00,0.0315
3425.00,0.0316
3424.00,0.0318
3423.00,0.0319
3422.00,0.0320
3421.00,0.0321
3420.00,0.0322
3419.00,0.0323
3418.00,0.0325
3417.00,0.0327
3416.00,0.0328
3415.00,0.0330
3414.00,0.0331
3413.00,0.0333
3412.00,0.0334
3411.00,0.0335
3410.00,0.0337
3409.00,0.0338
3408.00,0.0339
3407.00,0.0340
3406.00,0.0341
3405.00,0.0343
3404.00,0.0344
3403.00,0.0346
3402.00,0.0347
3401.00,0.0349
3400.00,0.0350
3399.00,0.0351
3398.00,0.0353
3397.00,0.0354
3396.00,0.0355
3395.00,0.0357
3394.00,0.0358
3393.00,0.0359
3392.00,0.0361
3391.00,0.0362
3390.00,0.0363
3389.00,0.0365
3388.00,0.0367
3387.00,0.0369
3386.00,0.0370
3385.00,0.0372
3384.00,0.0373
3383.00,0.0375
3382.00,0.0376
3381.00,0.0378
3380.00,0.0379
3379.00,0.0381
3378.00,0.0382
3377.00,0.0384
3376.00,0.0386
3375.00,0.0388
3374.00,0.0389
3373.00,0.0391
3372.00,0.0393
3371.00,0.0395
3370.00,0.0397
3369.00,0.0398
3368.00,0.0400
3367.00,0.0402
3366.00,0.0404
3365.00,0.0406
3364.00,0.0408
3363.00,0.0410
3362.00,0.0412
3361.00,0.0414
3360.00,0.0416
3359.00,0.0418
3358.00,0.0421
3357.00,0.0423
3356.00,0.0425
3355.00,0.0427
3354.00,0.0430
3353.00,0.0432
3352.00,0.0434
3351.00,0.0436
3350.00,0.0438
3349.00,0.0440
3348.00,0.0443
3347.00,0.0445
3346.00,0.0447
3345.00,0.0450
3344.00,0.0452
3343.00,0.0455
3342.00,0.0457
3341.00,0.0460
3340.00,0.0462
3339.00,0.0465
3338.00,0.0467
3337.00,0.0470
3336.00,0.0473
3335.00,0.0475
3334.00,0.0478
3333.00,0.0482
3332.00,0.0485
3331.00,0.0488
3330.00,0.0491
3329.00,0.0495
3328.00,0.0498
3327.00,0.0501
3326.00,0.0504
3325.00,0.0507
3324.00,0.0511
3323.00,0.0515
3322.00,0.0518
3321.00,0.0522
3320.00,0.0526
3319.00,0.0530
3318.00,0.0534
3317.00,0.0538
3316.00,0.0542
3315.00,0.0546
3314.00,0.0550
3313.00,0.0554
3312.00,0.0558
3311.00,0.0562
3310.00,0.0566
3309.00,0.0570
3308.00,0.0574
3307.00,0.0578
3306.00,0.0583
3305.00,0.0587
3304.00,0.0592
3303.00,0.0597
3302.00,0.0602
3301.00,0.0607
3300.00,0.0612
3299.00,0.0617
3298.00,0.0621
3297.00,0.0626
3296.00,0.0630
3295.00,0.0635
3294.00,0.0639
3293.00,0.0644
3292.00,0.0648
3291.00,0.0653
3290.00,0.0658
3289.00,0.0662
3288.00,0.0666
3287.00,0.0671
3286.00,0.0674
3285.00,0.0678
3284.00,0.0682
3283.00,0.0685
3282.00,0.0689
3281.00,0.0692
3280.00,0.0695
3279.00,0.0698
3278.00,0.0700
3277.00,0.0701
3276.00,0.0702
3275.00,0.0703
3274.00,0.0704
3273.00,0.0704
3272.00,0.0704
3271.00,0.0704
3270.00,0.0704
3269.00,0.0703
3268.00,0.0703
3267.00,0.0701
3266.00,0.0699
3265.00,0.0697
3264.00,0.0694
3263.00,0.0691
3262.00,0.0688
3261.00,0.0684
3260.00,0.0681
3259.00,0.0677
3258.00,0.0673
3257.00,0.0669
3256.00,0.0664
3255.00,0.0660
3254.00,0.0655
3253.00,0.0650
3252.00,0.0646
3251.00,0.0641
3250.00,0.0637
3249.00,0.0632
3248.00,0.0628
3247.00,0.0623
3246.00,0.0619
3245.00,0.0615
3244.00,0.0611
3243.00,0.0607
3242.00,0.0603
3241.00,0.0599
3240.00,0.0595
3239.00,0.0591
3238.00,0.0587
3237.00,0.0583
3236.00,0.0579
3235.00,0.0574
3234.00,0.0570
3233.00,0.0566
3232.00,0.0563
3231.00,0.0561
3230.00,0.0558
3229.00,0.0555
3228.00,0.0553
3227.00,0.0550
3226.00,0.0547
3225.00,0.0544
3224.00,0.0541
3223.00,0.0538
3222.00,0.0535
3221.00,0.0532
3220.00,0.0529
3219.00,0.0526
3218.00,0.0523
3217.00,0.0521
3216.00,0.0519
3215.00,0.0517
3214.00,0.0514
3213.00,0.0512
3212.00,0.0509
3211.00,0.0507
3210.00,0.0504
3209.00,0.0502
3208.00,0.0500
3207.00,0.0498
3206.00,0.0495
3205.00,0.0493
3204.00,0.0491
3203.00,0.0489
3202.00,0.0487
3201.00,0.0484
3200.00,0.0482
3199.00,0.0480
3198.00,0.0477
3197.00,0.0475
3196.00,0.0473
3195.00,0.0470
3194.00,0.0468
3193.00,0.0466
3192.00,0.0464
3191.00,0.0462
3190.00,0.0460
3189.00,0.0458
3188.00,0.0456
3187.00,0.0454
3186.00,0.0452
3185.00,0.0450
3184.00,0.0447
3183.00,0.0445
3182.00,0.0443
3181.00,0.0441
3180.00,0.0439
3179.00,0.0437
3178.00,0.0435
3177.00,0.0433
3176.00,0.0431
3175.00,0.0429
3174.00,0.0427
3173.00,0.0425
3172.00,0.0423
3171.00,0.0421
3170.00,0.0419
3169.00,0.0417
3168.00,0.0415
3167.00,0.0413
3166.00,0.0411
3165.00,0.0409
3164.00,0.0408
3163.00,0.0406
3162.00,0.0404
3161.00,0.0402
3160.00,0.0400
3159.00,0.0398
3158.00,0.0397
3157.00,0.0395
3156.00,0.0393
3155.00,0.0391
3154.00,0.0389
3153.00,0.0387
3152.00,0.0385
3151.00,0.0384
3150.00,0.0383
3149.00,0.0382
3148.00,0.0381
3147.00,0.0380
3146.00,0.0378
3145.00,0.0377
3144.00,0.0375
3143.00,0.0374
3142.00,0.0372
3141.00,0.0370
3140.00,0.0369
3139.00,0.0367
3138.00,0.0366
3137.00,0.0365
3136.00,0.0364
3135.00,0.0364
3134.00,0.0363
3133.00,0.0362
3132.00,0.0361
3131.00,0.0360
3130.00,0.0359
3129.00,0.0358
3128.00,0.0358
3127.00,0.0357
3126.00,0.0356
3125.00,0.0356
3124.00,0.0355
3123.00,0.0354
3122.00,0.0353
3121.00,0.0352
3120.00,0.0351
3119.00,0.0350
3118.00,0.0350
3117.00,0.0350
3116.00,0.0350
3115.00,0.0350
3114.00,0.0351
3113.00,0.0351
3112.00,0.0352
3111.00,0.0352
3110.00,0.0352
3109.00,0.0352
3108.00,0.0352
3107.00,0.0352
3106.00,0.0353
3105.00,0.0354
3104.00,0.0354
3103.00,0.0354
3102.00,0.0354
3101.00,0.0355
3100.00,0.0355
3099.00,0.0355
3098.00,0.0356
3097.00,0.0356
3096.00,0.0357
3095.00,0.0358
3094.00,0.0358
3093.00,0.0358
3092.00,0.0358
3091.00,0.0358
3090.00,0.0359
3089.00,0.0359
3088.00,0.0360
3087.00,0.0360
3086.00,0.0360
3085.00,0.0360
3084.00,0.0360
3083.00,0.0360
3082.00,0.0360
3081.00,0.0359
3080.00,0.0359
3079.00,0.0359
3078.00,0.0358
3077.00,0.0359
3076.00,0.0359
3075.00,0.0359
3074.00,0.0359
3073.00,0.0359
3072.00,0.0358
3071.00,0.0357
3070.00,0.0356
3069.00,0.0355
3068.00,0.0354
3067.00,0.0352
3066.00,0.0351
3065.00,0.0350
3064.00,0.0350
3063.00,0.0349
3062.00,0.0348
3061.00,0.0347
3060.00,0.0346
3059.00,0.0344
3058.00,0.0342
3057.00,0.0340
3056.00,0.0338
3055.00,0.0336
3054.00,0.0334
3053.00,0.0332
3052.00,0.0330
3051.00,0.0328
3050.00,0.0326
3049.00,0.0325
3048.00,0.0323
3047.00,0.0321
3046.00,0.0318
3045.00,0.0316
3044.00,0.0314
3043.00,0.0312
3042.00,0.0311
3041.00,0.0309
3040.00,0.0308
3039.00,0.0307
3038.00,0.0306
3037.00,0.0304
3036.00,0.0302
3035.00,0.0301
3034.00,0.0299
3033.00,0.0298
3032.00,0.0297
3031.00,0.0295
3030.00,0.0294
3029.00,0.0293
3028.00,0.0292
3027.00,0.0290
3026.00,0.0289
3025.00,0.0287
3024.00,0.0285
3023.00,0.0284
3022.00,0.0282
3021.00,0.0280
3020.00,0.0278
3019.00,0.0276
3018.00,0.0275
3017.00,0.0273
3016.00,0.0272
3015.00,0.0270
3014.00,0.0269
3013.00,0.0268
3012.00,0.0267
3011.00,0.0266
3010.00,0.0265
3009.00,0.0265
3008.00,0.0264
3007.00,0.0264
3006.00,0.0263
3005.00,0.0263
3004.00,0.0262
3003.00,0.0262
3002.00,0.0262
3001.00,0.0262
3000.00,0.0262
2999.00,0.0262
2998.00,0.0262
2997.00,0.0262
2996.00,0.0263
2995.00,0.0264
2994.00,0.0265
2993.00,0.0267
2992.00,0.0268
2991.00,0.0270
2990.00,0.0273
2989.00,0.0275
2988.00,0.0278
2987.00,0.0281
2986.00,0.0284
2985.00,0.0286
2984.00,0.0289
2983.00,0.0292
2982.00,0.0295
2981.00,0.0298
2980.00,0.0302
2979.00,0.0307
2978.00,0.0312
2977.00,0.0316
2976.00,0.0321
2975.00,0.0325
2974.00,0.0329
2973.00,0.0334
2972.00,0.0338
2971.00,0.0342
2970.00,0.0347
2969.00,0.0351
2968.00,0.0355
2967.00,0.0359
2966.00,0.0362
2965.00,0.0365
2964.00,0.0368
2963.00,0.0370
2962.00,0.0371
2961.00,0.0371
2960.00,0.0371
2959.00,0.0371
2958.00,0.0370
2957.00,0.0368
2956.00,0.0366
2955.00,0.0363
2954.00,0.0360
2953.00,0.0357
2952.00,0.0354
2951.00,0.0351
2950.00,0.0349
2949.00,0.0347
2948.00,0.0346
2947.00,0.0346
2946.00,0.0346
2945.00,0.0347
2944.00,0.0348
2943.00,0.0351
2942.00,0.0353
2941.00,0.0356
2940.00,0.0360
2939.00,0.0363
2938.00,0.0366
2937.00,0.0370
2936.00,0.0373
2935.00,0.0376
2934.00,0.0379
2933.00,0.0381
2932.00,0.0383
2931.00,0.0384
2930.00,0.0386
2929.00,0.0387
2928.00,0.0387
2927.00,0.0388
2926.00,0.0388
2925.00,0.0388
2924.00,0.0387
2923.00,0.0386
2922.00,0.0384
2921.00,0.0382
2920.00,0.0379
2919.00,0.0376
2918.00,0.0372
2917.00,0.0367
2916.00,0.0362
2915.00,0.0356
2914.00,0.0350
2913.00,0.0345
2912.00,0.0339
2911.00,0.0334
2910.00,0.0329
2909.00,0.0324
2908.00,0.0320
2907.00,0.0316
2906.00,0.0312
2905.00,0.0309
2904.00,0.0306
2903.00,0.0303
2902.00,0.0300
2901.00,0.0298
2900.00,0.0295
2899.00,0.0293
2898.00,0.0291
2897.00,0.0289
2896.00,0.0287
2895.00,0.0285
2894.00,0.0284
2893.00,0.0282
2892.00,0.0281
2891.00,0.0279
2890.00,0.0278
2889.00,0.0278
2888.00,0.0277
2887.00,0.0277
2886.00,0.0277
2885.00,0.0278
2884.00,0.0278
2883.00,0.0280
2882.00,0.0281
2881.00,0.0283
2880.00,0.0284
2879.00,0.0286
2878.00,0.0287
2877.00,0.0289
2876.00,0.0290
2875.00,0.0290
2874.00,0.0290
2873.00,0.0289
2872.00,0.0288
2871.00,0.0286
2870.00,0.0283
2869.00,0.0280
2868.00,0.0277
2867.00,0.0275
2866.00,0.0272
2865.00,0.0269
2864.00,0.0267
2863.00,0.0265
2862.00,0.0264
2861.00,0.0262
2860.00,0.0262
2859.00,0.0261
2858.00,0.0261
2857.00,0.0261
2856.00,0.0261
2855.00,0.0262
2854.00,0.0262
2853.00,0.0261
2852.00,0.0260
2851.00,0.0257
2850.00,0.0254
2849.00,0.0250
2848.00,0.0245
2847.00,0.0240
2846.00,0.0234
2845.00,0.0229
2844.00,0.0225
2843.00,0.0221
2842.00,0.0217
2841.00,0.0214
2840.00,0.0211
2839.00,0.0208
2838.00,0.0206
2837.00,0.0205
2836.00,0.0203
2835.00,0.0202
2834.00,0.0201
2833.00,0.0199
2832.00,0.0198
2831.00,0.0197
2830.00,0.0196
2829.00,0.0196
2828.00,0.0195
2827.00,0.0194
2826.00,0.0194
2825.00,0.0193
2824.00,0.0192
2823.00,0.0191
2822.00,0.0191
2821.00,0.0190
2820.00,0.0189
2819.00,0.0189
2818.00,0.0188
2817.00,0.0188
2816.00,0.0187
2815.00,0.0187
2814.00,0.0186
2813.00,0.0186
2812.00,0.0185
2811.00,0.0185
2810.00,0.0184
2809.00,0.0183
2808.00,0.0183
2807.00,0.0182
2806.00,0.0182
2805.00,0.0181
2804.00,0.0181
2803.00,0.0180
2802.00,0.0180
2801.00,0.0179
2800.00,0.0178
2799.00,0.0177
2798.00,0.0177
2797.00,0.0176
2796.00,0.0176
2795.00,0.0175
2794.00,0.0175
2793.00,0.0174
2792.00,0.0173
2791.00,0.0173
2790.00,0.0172
2789.00,0.0171
2788.00,0.0171
2787.00,0.0170
2786.00,0.0170
2785.00,0.0169
2784.00,0.0169
2783.00,0.0168
2782.00,0.0167
2781.00,0.0167
2780.00,0.0166
2779.00,0.0165
2778.00,0.0164
2777.00,0.0163
2776.00,0.0162
2775.00,0.0161
2774.00,0.0160
2773.00,0.0160
2772.00,0.0159
2771.00,0.0159
2770.00,0.0158
2769.00,0.0158
2768.00,0.0157
2767.00,0.0156
2766.00,0.0155
2765.00,0.0154
2764.00,0.0153
2763.00,0.0152
2762.00,0.0152
2761.00,0.0151
2760.00,0.0150
2759.00,0.0150
2758.00,0.0149
2757.00,0.0148
2756.00,0.0148
2755.00,0.0147
2754.00,0.0146
2753.00,0.0146
2752.00,0.0145
2751.00,0.0145
2750.00,0.0144
2749.00,0.0144
2748.00,0.0143
2747.00,0.0143
2746.00,0.0142
2745.00,0.0141
2744.00,0.0141
2743.00,0.0140
2742.00,0.0140
2741.00,0.0139
2740.00,0.0139
2739.00,0.0138
2738.00,0.0138
2737.00,0.0137
2736.00,0.0137
2735.00,0.0136
2734.00,0.0136
2733.00,0.0135
2732.00,0.0135
2731.00,0.0135
2730.00,0.0134
2729.00,0.0133
2728.00,0.0133
2727.00,0.0132
2726.00,0.0131
2725.00,0.0131
2724.00,0.0131
2723.00,0.0130
2722.00,0.0130
2721.00,0.0129
2720.00,0.0128
2719.00,0.0128
2718.00,0.0127
2717.00,0.0127
2716.00,0.0126
2715.00,0.0126
2714.00,0.0125
2713.00,0.0125
2712.00,0.0124
2711.00,0.0123
2710.00,0.0123
2709.00,0.0123
2708.00,0.0122
2707.00,0.0122
2706.00,0.0122
2705.00,0.0122
2704.00,0.0121
2703.00,0.0121
2702.00,0.0121
2701.00,0.0120
2700.00,0.0120
2699.00,0.0120
2698.00,0.0119
2697.00,0.0119
2696.00,0.0118
2695.00,0.0118
2694.00,0.0118
2693.00,0.0118
2692.00,0.0118
2691.00,0.0118
2690.00,0.0117
2689.00,0.0117
2688.00,0.0116
2687.00,0.0116
2686.00,0.0115
2685.00,0.0115
2684.00,0.0115
2683.00,0.0114
2682.00,0.0114
2681.00,0.0114
2680.00,0.0113
2679.00,0.0113
2678.00,0.0113
2677.00,0.0112
2676.00,0.0112
2675.00,0.0112
2674.00,0.0111
2673.00,0.0111
2672.00,0.0111
2671.00,0.0110
2670.00,0.0110
2669.00,0.0109
2668.00,0.0109
2667.00,0.0109
2666.00,0.0109
2665.00,0.0109
2664.00,0.0109
2663.00,0.0109
2662.00,0.0109
2661.00,0.0109
2660.00,0.0109
2659.00,0.0109
2658.00,0.0109
2657.00,0.0108
2656.00,0.0108
2655.00,0.0108
2654.00,0.0108
2653.00,0.0108
2652.00,0.0107
2651.00,0.0107
2650.00,0.0106
2649.00,0.0106
2648.00,0.0106
2647.00,0.0105
2646.00,0.0105
2645.00,0.0105
2644.00,0.0104
2643.00,0.0104
2642.00,0.0104
2641.00,0.0103
2640.00,0.0103
2639.00,0.0102
2638.00,0.0102
2637.00,0.0102
2636.00,0.0101
2635.00,0.0101
2634.00,0.0101
2633.00,0.0101
2632.00,0.0100
2631.00,0.0100
2630.00,0.0100
2629.00,0.0099
2628.00,0.0099
2627.00,0.0099
2626.00,0.0098
2625.00,0.0098
2624.00,0.0098
2623.00,0.0097
2622.00,0.0096
2621.00,0.0096
2620.00,0.0096
2619.00,0.0096
2618.00,0.0096
2617.00,0.0095
2616.00,0.0095
2615.00,0.0095
2614.00,0.0094
2613.00,0.0094
2612.00,0.0093
2611.00,0.0093
2610.00,0.0093
2609.00,0.0092
2608.00,0.0092
2607.00,0.0092
2606.00,0.0091
2605.00,0.0091
2604.00,0.0091
2603.00,0.0090
2602.00,0.0090
2601.00,0.0089
2600.00,0.0089
2599.00,0.0089
2598.00,0.0088
2597.00,0.0088
2596.00,0.0088
2595.00,0.0087
2594.00,0.0087
2593.00,0.0086
2592.00,0.0086
2591.00,0.0085
2590.00,0.0085
2589.00,0.0084
2588.00,0.0084
2587.00,0.0084
2586.00,0.0084
2585.00,0.0084
2584.00,0.0084
2583.00,0.0083
2582.00,0.0083
2581.00,0.0083
2580.00,0.0082
2579.00,0.0082
2578.00,0.0082
2577.00,0.0082
2576.00,0.0082
2575.00,0.0081
2574.00,0.0080
2573.00,0.0080
2572.00,0.0079
2571.00,0.0079
2570.00,0.0079
2569.00,0.0079
2568.00,0.0079
2567.00,0.0079
2566.00,0.0079
2565.00,0.0078
2564.00,0.0078
2563.00,0.0078
2562.00,0.0077
2561.00,0.0077
2560.00,0.0077
2559.00,0.0077
2558.00,0.0076
2557.00,0.0076
2556.00,0.0075
2555.00,0.0075
2554.00,0.0075
2553.00,0.0075
2552.00,0.0075
2551.00,0.0074
2550.00,0.0074
2549.00,0.0074
2548.00,0.0073
2547.00,0.0073
2546.00,0.0073
2545.00,0.0073
2544.00,0.0072
2543.00,0.0072
2542.00,0.0072
2541.00,0.0072
2540.00,0.0072
2539.00,0.0072
2538.00,0.0071
2537.00,0.0071
2536.00,0.0071
2535.00,0.0070
2534.00,0.0070
2533.00,0.0070
2532.00,0.0070
2531.00,0.0070
2530.00,0.0070
2529.00,0.0070
2528.00,0.0069
2527.00,0.0068
2526.00,0.0068
2525.00,0.0068
2524.00,0.0068
2523.00,0.0068
2522.00,0.0068
2521.00,0.0068
2520.00,0.0068
2519.00,0.0068
2518.00,0.0068
2517.00,0.0068
2516.00,0.0067
2515.00,0.0067
2514.00,0.0066
2513.00,0.0066
2512.00,0.0066
2511.00,0.0066
2510.00,0.0066
2509.00,0.0066
2508.00,0.0065
2507.00,0.0065
2506.00,0.0065
2505.00,0.0065
2504.00,0.0065
2503.00,0.0065
2502.00,0.0064
2501.00,0.0064
2500.00,0.0064
2499.00,0.0063
2498.00,0.0063
2497.00,0.0063
2496.00,0.0063
2495.00,0.0062
2494.00,0.0062
2493.00,0.0062
2492.00,0.0062
2491.00,0.0061
2490.00,0.0061
2489.00,0.0061
2488.00,0.0061
2487.00,0.0061
2486.00,0.0061
2485.00,0.0060
2484.00,0.0060
2483.00,0.0060
2482.00,0.0060
2481.00,0.0059
2480.00,0.0059
2479.00,0.0059
2478.00,0.0058
2477.00,0.0058
2476.00,0.0058
2475.00,0.0058
2474.00,0.0058
2473.00,0.0058
2472.00,0.0057
2471.00,0.0057
2470.00,0.0057
2469.00,0.0057
2468.00,0.0057
2467.00,0.0057
2466.00,0.0057
2465.00,0.0057
2464.00,0.0057
2463.00,0.0056
2462.00,0.0056
2461.00,0.0056
2460.00,0.0056
2459.00,0.0056
2458.00,0.0056
2457.00,0.0056
2456.00,0.0056
2455.00,0.0056
2454.00,0.0055
2453.00,0.0055
2452.00,0.0055
2451.00,0.0055
2450.00,0.0055
2449.00,0.0055
2448.00,0.0054
2447.00,0.0054
2446.00,0.0054
2445.00,0.0053
2444.00,0.0053
2443.00,0.0052
2442.00,0.0052
2441.00,0.0051
2440.00,0.0051
2439.00,0.0051
2438.00,0.0051
2437.00,0.0050
2436.00,0.0050
2435.00,0.0050
2434.00,0.0049
2433.00,0.0049
2432.00,0.0049
2431.00,0.0049
2430.00,0.0049
2429.00,0.0049
2428.00,0.0049
2427.00,0.0048
2426.00,0.0048
2425.00,0.0047
2424.00,0.0047
2423.00,0.0047
2422.00,0.0047
2421.00,0.0047
2420.00,0.0047
2419.00,0.0047
2418.00,0.0046
2417.00,0.0046
2416.00,0.0045
2415.00,0.0045
2414.00,0.0045
2413.00,0.0045
2412.00,0.0046
2411.00,0.0045
2410.00,0.0045
2409.00,0.0044
2408.00,0.0044
2407.00,0.0044
2406.00,0.0043
2405.00,0.0043
2404.00,0.0043
2403.00,0.0043
2402.00,0.0043
2401.00,0.0042
2400.00,0.0042
2399.00,0.0042
2398.00,0.0042
2397.00,0.0042
2396.00,0.0041
2395.00,0.0041
2394.00,0.0041
2393.00,0.0041
2392.00,0.0041
2391.00,0.0041
2390.00,0.0041
2389.00,0.0040
2388.00,0.0040
2387.00,0.0040
2386.00,0.0040
2385.00,0.0040
2384.00,0.0040
2383.00,0.0040
2382.00,0.0039
2381.00,0.0039
2380.00,0.0039
2379.00,0.0039
2378.00,0.0039
2377.00,0.0039
2376.00,0.0039
2375.00,0.0039
2374.00,0.0039
2373.00,0.0039
2372.00,0.0039
2371.00,0.0039
2370.00,0.0039
2369.00,0.0039
2368.00,0.0039
2367.00,0.0039
2366.00,0.0039
2365.00,0.0038
2364.00,0.0039
2363.00,0.0039
2362.00,0.0039
2361.00,0.0040
2360.00,0.0040
2359.00,0.0040
2358.00,0.0039
2357.00,0.0038
2356.00,0.0038
2355.00,0.0037
2354.00,0.0037
2353.00,0.0036
2352.00,0.0035
2351.00,0.0035
2350.00,0.0036
2349.00,0.0038
2348.00,0.0041
2347.00,0.0043
2346.00,0.0043
2345.00,0.0042
2344.00,0.0041
2343.00,0.0041
2342.00,0.0041
2341.00,0.0041
2340.00,0.0041
2339.00,0.0041
2338.00,0.0041
2337.00,0.0041
2336.00,0.0041
2335.00,0.0041
2334.00,0.0041
2333.00,0.0041
2332.00,0.0040
2331.00,0.0040
2330.00,0.0040
2329.00,0.0042
2328.00,0.0045
2327.00,0.0050
2326.00,0.0053
2325.00,0.0054
2324.00,0.0053
2323.00,0.0050
2322.00,0.0048
2321.00,0.0046
2320.00,0.0044
2319.00,0.0044
2318.00,0.0044
2317.00,0.0044
2316.00,0.0044
2315.00,0.0044
2314.00,0.0044
2313.00,0.0043
2312.00,0.0042
2311.00,0.0041
2310.00,0.0041
2309.00,0.0040
2308.00,0.0040
2307.00,0.0040
2306.00,0.0040
2305.00,0.0040
2304.00,0.0041
2303.00,0.0041
2302.00,0.0041
2301.00,0.0041
2300.00,0.0042
2299.00,0.0042
2298.00,0.0043
2297.00,0.0043
2296.00,0.0044
2295.00,0.0044
2294.00,0.0045
2293.00,0.0046
2292.00,0.0046
2291.00,0.0047
2290.00,0.0047
2289.00,0.0047
2288.00,0.0048
2287.00,0.0048
2286.00,0.0048
2285.00,0.0047
2284.00,0.0047
2283.00,0.0046
2282.00,0.0046
2281.00,0.0045
2280.00,0.0045
2279.00,0.0044
2278.00,0.0043
2277.00,0.0043
2276.00,0.0043
2275.00,0.0043
2274.00,0.0043
2273.00,0.0042
2272.00,0.0042
2271.00,0.0041
2270.00,0.0040
2269.00,0.0040
2268.00,0.0039
2267.00,0.0038
2266.00,0.0037
2265.00,0.0037
2264.00,0.0038
2263.00,0.0038
2262.00,0.0038
2261.00,0.0038
2260.00,0.0039
2259.00,0.0039
2258.00,0.0039
2257.00,0.0038
2256.00,0.0037
2255.00,0.0036
2254.00,0.0035
2253.00,0.0036
2252.00,0.0036
2251.00,0.0036
2250.00,0.0036
2249.00,0.0035
2248.00,0.0035
2247.00,0.0035
2246.00,0.0035
2245.00,0.0036
2244.00,0.0036
2243.00,0.0036
2242.00,0.0035
2241.00,0.0035
2240.00,0.0035
2239.00,0.0035
2238.00,0.0034
2237.00,0.0034
2236.00,0.0034
2235.00,0.0035
2234.00,0.0036
2233.00,0.0036
2232.00,0.0037
2231.00,0.0038
2230.00,0.0038
2229.00,0.0038
2228.00,0.0037
2227.00,0.0035
2226.00,0.0034
2225.00,0.0034
2224.00,0.0035
2223.00,0.0035
2222.00,0.0035
2221.00,0.0035
2220.00,0.0034
2219.00,0.0034
2218.00,0.0034
2217.00,0.0034
2216.00,0.0036
2215.00,0.0037
2214.00,0.0037
2213.00,0.0037
2212.00,0.0036
2211.00,0.0035
2210.00,0.0033
2209.00,0.0033
2208.00,0.0033
2207.00,0.0033
2206.00,0.0034
2205.00,0.0034
2204.00,0.0035
2203.00,0.0035
2202.00,0.0035
2201.00,0.0035
2200.00,0.0037
2199.00,0.0038
2198.00,0.0038
2197.00,0.0038
2196.00,0.0038
2195.00,0.0038
2194.00,0.0038
2193.00,0.0038
2192.00,0.0038
2191.00,0.0039
2190.00,0.0038
2189.00,0.0038
2188.00,0.0037
2187.00,0.0037
2186.00,0.0036
2185.00,0.0034
2184.00,0.0033
2183.00,0.0032
2182.00,0.0031
2181.00,0.0032
2180.00,0.0033
2179.00,0.0034
2178.00,0.0033
2177.00,0.0031
2176.00,0.0030
2175.00,0.0029
2174.00,0.0030
2173.00,0.0031
2172.00,0.0034
2171.00,0.0037
2170.00,0.0039
2169.00,0.0040
2168.00,0.0041
2167.00,0.0041
2166.00,0.0041
2165.00,0.0042
2164.00,0.0045
2163.00,0.0045
2162.00,0.0040
2161.00,0.0029
2160.00,0.0015
2159.00,0.0003
2158.00,-0.0002
2157.00,-0.0001
2156.00,0.0003
2155.00,0.0007
2154.00,0.0010
2153.00,0.0013
2152.00,0.0016
2151.00,0.0017
2150.00,0.0018
2149.00,0.0017
2148.00,0.0017
2147.00,0.0017
2146.00,0.0016
2145.00,0.0016
2144.00,0.0016
2143.00,0.0016
2142.00,0.0016
2141.00,0.0017
2140.00,0.0019
2139.00,0.0019
2138.00,0.0018
2137.00,0.0016
2136.00,0.0014
2135.00,0.0012
2134.00,0.0011
2133.00,0.0012
2132.00,0.0013
2131.00,0.0015
2130.00,0.0017
2129.00,0.0019
2128.00,0.0021
2127.00,0.0022
2126.00,0.0023
2125.00,0.0024
2124.00,0.0025
2123.00,0.0026
2122.00,0.0027
2121.00,0.0028
2120.00,0.0029
2119.00,0.0030
2118.00,0.0030
2117.00,0.0031
2116.00,0.0032
2115.00,0.0033
2114.00,0.0034
2113.00,0.0034
2112.00,0.0034
2111.00,0.0034
2110.00,0.0033
2109.00,0.0032
2108.00,0.0032
2107.00,0.0031
2106.00,0.0031
2105.00,0.0031
2104.00,0.0031
2103.00,0.0032
2102.00,0.0032
2101.00,0.0032
2100.00,0.0032
2099.00,0.0031
2098.00,0.0030
2097.00,0.0029
2096.00,0.0028
2095.00,0.0028
2094.00,0.0028
2093.00,0.0029
2092.00,0.0030
2091.00,0.0031
2090.00,0.0032
2089.00,0.0032
2088.00,0.0033
2087.00,0.0033
2086.00,0.0032
2085.00,0.0032
2084.00,0.0033
2083.00,0.0033
2082.00,0.0032
2081.00,0.0033
2080.00,0.0034
2079.00,0.0034
2078.00,0.0034
2077.00,0.0034
2076.00,0.0033
2075.00,0.0032
2074.00,0.0031
2073.00,0.0031
2072.00,0.0031
2071.00,0.0031
2070.00,0.0031
2069.00,0.0030
2068.00,0.0031
2067.00,0.0030
2066.00,0.0030
2065.00,0.0029
2064.00,0.0030
2063.00,0.0030
2062.00,0.0031
2061.00,0.0031
2060.00,0.0032
2059.00,0.0032
2058.00,0.0032
2057.00,0.0031
2056.00,0.0032
2055.00,0.0032
2054.00,0.0034
2053.00,0.0038
2052.00,0.0041
2051.00,0.0040
2050.00,0.0036
2049.00,0.0032
2048.00,0.0029
2047.00,0.0028
2046.00,0.0027
2045.00,0.0027
2044.00,0.0028
2043.00,0.0029
2042.00,0.0029
2041.00,0.0029
2040.00,0.0029
2039.00,0.0028
2038.00,0.0027
2037.00,0.0026
2036.00,0.0027
2035.00,0.0027
2034.00,0.0025
2033.00,0.0024
2032.00,0.0023
2031.00,0.0021
2030.00,0.0019
2029.00,0.0019
2028.00,0.0020
2027.00,0.0021
2026.00,0.0020
2025.00,0.0019
2024.00,0.0020
2023.00,0.0020
2022.00,0.0019
2021.00,0.0018
2020.00,0.0017
2019.00,0.0016
2018.00,0.0014
2017.00,0.0014
2016.00,0.0015
2015.00,0.0017
2014.00,0.0018
2013.00,0.0020
2012.00,0.0021
2011.00,0.0021
2010.00,0.0018
2009.00,0.0015
2008.00,0.0011
2007.00,0.0008
2006.00,0.0007
2005.00,0.0009
2004.00,0.0011
2003.00,0.0014
2002.00,0.0016
2001.00,0.0018
2000.00,0.0020
1999.00,0.0020
1998.00,0.0020
1997.00,0.0020
1996.00,0.0021
1995.00,0.0022
1994.00,0.0022
1993.00,0.0022
1992.00,0.0024
1991.00,0.0025
1990.00,0.0025
1989.00,0.0025
1988.00,0.0025
1987.00,0.0025
1986.00,0.0026
1985.00,0.0027
1984.00,0.0030
1983.00,0.0033
1982.00,0.0035
1981.00,0.0035
1980.00,0.0033
1979.00,0.0027
1978.00,0.0020
1977.00,0.0016
1976.00,0.0015
1975.00,0.0014
1974.00,0.0012
1973.00,0.0011
1972.00,0.0010
1971.00,0.0009
1970.00,0.0009
1969.00,0.0010
1968.00,0.0013
1967.00,0.0015
1966.00,0.0016
1965.00,0.0016
1964.00,0.0015
1963.00,0.0015
1962.00,0.0014
1961.00,0.0013
1960.00,0.0012
1959.00,0.0011
1958.00,0.0010
1957.00,0.0010
1956.00,0.0012
1955.00,0.0013
1954.00,0.0013
1953.00,0.0012
1952.00,0.0012
1951.00,0.0012
1950.00,0.0012
1949.00,0.0012
1948.00,0.0014
1947.00,0.0015
1946.00,0.0015
1945.00,0.0015
1944.00,0.0015
1943.00,0.0016
1942.00,0.0016
1941.00,0.0017
1940.00,0.0017
1939.00,0.0017
1938.00,0.0017
1937.00,0.0017
1936.00,0.0018
1935.00,0.0018
1934.00,0.0017
1933.00,0.0017
1932.00,0.0018
1931.00,0.0018
1930.00,0.0017
1929.00,0.0018
1928.00,0.0018
1927.00,0.0019
1926.00,0.0018
1925.00,0.0018
1924.00,0.0018
1923.00,0.0019
1922.00,0.0020
1921.00,0.0020
1920.00,0.0020
1919.00,0.0020
1918.00,0.0021
1917.00,0.0022
1916.00,0.0023
1915.00,0.0022
1914.00,0.0021
1913.00,0.0021
1912.00,0.0021
1911.00,0.0021
1910.00,0.0021
1909.00,0.0021
1908.00,0.0022
1907.00,0.0023
1906.00,0.0023
1905.00,0.0023
1904.00,0.0023
1903.00,0.0024
1902.00,0.0024
1901.00,0.0024
1900.00,0.0024
1899.00,0.0024
1898.00,0.0024
1897.00,0.0023
1896.00,0.0024
1895.00,0.0024
1894.00,0.0024
1893.00,0.0024
1892.00,0.0023
1891.00,0.0023
1890.00,0.0023
1889.00,0.0023
1888.00,0.0024
1887.00,0.0024
1886.00,0.0024
1885.00,0.0024
1884.00,0.0025
1883.00,0.0025
1882.00,0.0025
1881.00,0.0025
1880.00,0.0024
1879.00,0.0024
1878.00,0.0024
1877.00,0.0025
1876.00,0.0025
1875.00,0.0026
1874.00,0.0026
1873.00,0.0026
1872.00,0.0025
1871.00,0.0024
1870.00,0.0023
1869.00,0.0023
1868.00,0.0025
1867.00,0.0025
1866.00,0.0025
1865.00,0.0025
1864.00,0.0025
1863.00,0.0026
1862.00,0.0026
1861.00,0.0027
1860.00,0.0027
1859.00,0.0027
1858.00,0.0027
1857.00,0.0027
1856.00,0.0028
1855.00,0.0028
1854.00,0.0028
1853.00,0.0028
1852.00,0.0028
1851.00,0.0028
1850.00,0.0027
1849.00,0.0027
1848.00,0.0027
1847.00,0.0027
1846.00,0.0026
1845.00,0.0026
1844.00,0.0029
1843.00,0.0031
1842.00,0.0030
1841.00,0.0029
1840.00,0.0028
1839.00,0.0029
1838.00,0.0030
1837.00,0.0030
1836.00,0.0030
1835.00,0.0030
1834.00,0.0030
1833.00,0.0029
1832.00,0.0028
1831.00,0.0028
1830.00,0.0029
1829.00,0.0030
1828.00,0.0030
1827.00,0.0029
1826.00,0.0029
1825.00,0.0030
1824.00,0.0032
1823.00,0.0032
1822.00,0.0032
1821.00,0.0032
1820.00,0.0032
1819.00,0.0032
1818.00,0.0032
1817.00,0.0031
1816.00,0.0032
1815.00,0.0033
1814.00,0.0033
1813.00,0.0033
1812.00,0.0034
1811.00,0.0035
1810.00,0.0035
1809.00,0.0036
1808.00,0.0036
1807.00,0.0037
1806.00,0.0037
1805.00,0.0037
1804.00,0.0037
1803.00,0.0037
1802.00,0.0037
1801.00,0.0038
1800.00,0.0039
1799.00,0.0039
1798.00,0.0039
1797.00,0.0040
1796.00,0.0040
1795.00,0.0040
1794.00,0.0040
1793.00,0.0041
1792.00,0.0043
1791.00,0.0044
1790.00,0.0044
1789.00,0.0043
1788.00,0.0043
1787.00,0.0044
1786.00,0.0045
1785.00,0.0045
1784.00,0.0046
1783.00,0.0046
1782.00,0.0046
1781.00,0.0046
1780.00,0.0047
1779.00,0.0048
1778.00,0.0047
1777.00,0.0047
1776.00,0.0047
1775.00,0.0048
1774.00,0.0049
1773.00,0.0051
1772.00,0.0054
1771.00,0.0055
1770.00,0.0053
1769.00,0.0052
1768.00,0.0053
1767.00,0.0056
1766.00,0.0057
1765.00,0.0057
1764.00,0.0057
1763.00,0.0058
1762.00,0.0061
1761.00,0.0063
1760.00,0.0064
1759.00,0.0063
1758.00,0.0063
1757.00,0.0066
1756.00,0.0069
1755.00,0.0071
1754.00,0.0071
1753.00,0.0073
1752.00,0.0077
1751.00,0.0081
1750.00,0.0083
1749.00,0.0084
1748.00,0.0086
1747.00,0.0088
1746.00,0.0091
1745.00,0.0094
1744.00,0.0097
1743.00,0.0101
1742.00,0.0103
1741.00,0.0106
1740.00,0.0111
1739.00,0.0116
1738.00,0.0118
1737.00,0.0119
1736.00,0.0122
1735.00,0.0129
1734.00,0.0138
1733.00,0.0144
1732.00,0.0145
1731.00,0.0143
1730.00,0.0142
1729.00,0.0144
1728.00,0.0148
1727.00,0.0151
1726.00,0.0153
1725.00,0.0156
1724.00,0.0160
1723.00,0.0164
1722.00,0.0166
1721.00,0.0168
1720.00,0.0171
1719.00,0.0176
1718.00,0.0183
1717.00,0.0190
1716.00,0.0197
1715.00,0.0200
1714.00,0.0202
1713.00,0.0206
1712.00,0.0213
1711.00,0.0221
1710.00,0.0230
1709.00,0.0239
1708.00,0.0250
1707.00,0.0262
1706.00,0.0276
1705.00,0.0293
1704.00,0.0312
1703.00,0.0329
1702.00,0.0351
1701.00,0.0384
1700.00,0.0428
1699.00,0.0466
1698.00,0.0493
1697.00,0.0517
1696.00,0.0544
1695.00,0.0569
1694.00,0.0583
1693.00,0.0590
1692.00,0.0597
1691.00,0.0608
1690.00,0.0621
1689.00,0.0634
1688.00,0.0649
1687.00,0.0665
1686.00,0.0685
1685.00,0.0705
1684.00,0.0723
1683.00,0.0738
1682.00,0.0750
1681.00,0.0765
1680.00,0.0784
1679.00,0.0805
1678.00,0.0825
1677.00,0.0844
1676.00,0.0864
1675.00,0.0882
1674.00,0.0900
1673.00,0.0919
1672.00,0.0939
1671.00,0.0959
1670.00,0.0978
1669.00,0.0997
1668.00,0.1018
1667.00,0.1040
1666.00,0.1064
1665.00,0.1088
1664.00,0.1113
1663.00,0.1136
1662.00,0.1157
1661.00,0.1180
1660.00,0.1205
1659.00,0.1232
1658.00,0.1259
1657.00,0.1287
1656.00,0.1317
1655.00,0.1346
1654.00,0.1361
1653.00,0.1360
1652.00,0.1364
1651.00,0.1377
1650.00,0.1390
1649.00,0.1401
1648.00,0.1408
1647.00,0.1404
1646.00,0.1397
1645.00,0.1395
1644.00,0.1401
1643.00,0.1409
1642.00,0.1417
1641.00,0.1425
1640.00,0.1434
1639.00,0.1446
1638.00,0.1458
1637.00,0.1465
1636.00,0.1466
1635.00,0.1467
1634.00,0.1477
1633.00,0.1496
1632.00,0.1521
1631.00,0.1550
1630.00,0.1578
1629.00,0.1605
1628.00,0.1633
1627.00,0.1663
1626.00,0.1694
1625.00,0.1726
1624.00,0.1754
1623.00,0.1776
1622.00,0.1795
1621.00,0.1816
1620.00,0.1839
1619.00,0.1857
1618.00,0.1860
1617.00,0.1837
1616.00,0.1799
1615.00,0.1762
1614.00,0.1731
1613.00,0.1700
1612.00,0.1663
1611.00,0.1619
1610.00,0.1568
1609.00,0.1513
1608.00,0.1459
1607.00,0.1407
1606.00,0.1359
1605.00,0.1314
1604.00,0.1272
1603.00,0.1232
1602.00,0.1195
1601.00,0.1162
1600.00,0.1132
1599.00,0.1106
1598.00,0.1083
1597.00,0.1061
1596.00,0.1041
1595.00,0.1022
1594.00,0.1005
1593.00,0.0990
1592.00,0.0976
1591.00,0.0964
1590.00,0.0953
1589.00,0.0943
1588.00,0.0934
1587.00,0.0927
1586.00,0.0922
1585.00,0.0918
1584.00,0.0915
1583.00,0.0912
1582.00,0.0911
1581.00,0.0913
1580.00,0.0915
1579.00,0.0920
1578.00,0.0927
1577.00,0.0934
1576.00,0.0939
1575.00,0.0942
1574.00,0.0948
1573.00,0.0955
1572.00,0.0965
1571.00,0.0975
1570.00,0.0986
1569.00,0.0996
1568.00,0.1008
1567.00,0.1021
1566.00,0.1036
1565.00,0.1053
1564.00,0.1070
1563.00,0.1089
1562.00,0.1112
1561.00,0.1137
1560.00,0.1156
1559.00,0.1162
1558.00,0.1171
1557.00,0.1187
1556.00,0.1206
1555.00,0.1228
1554.00,0.1252
1553.00,0.1276
1552.00,0.1297
1551.00,0.1317
1550.00,0.1336
1549.00,0.1356
1548.00,0.1377
1547.00,0.1398
1546.00,0.1418
1545.00,0.1436
1544.00,0.1451
1543.00,0.1467
1542.00,0.1482
1541.00,0.1491
1540.00,0.1492
1539.00,0.1494
1538.00,0.1505
1537.00,0.1521
1536.00,0.1537
1535.00,0.1550
1534.00,0.1555
1533.00,0.1555
1532.00,0.1558
1531.00,0.1567
1530.00,0.1579
1529.00,0.1588
1528.00,0.1592
1527.00,0.1592
1526.00,0.1590
1525.00,0.1590
1524.00,0.1592
1523.00,0.1592
1522.00,0.1585
1521.00,0.1572
1520.00,0.1563
1519.00,0.1561
1518.00,0.1558
1517.00,0.1549
1516.00,0.1536
1515.00,0.1524
1514.00,0.1512
1513.00,0.1497
1512.00,0.1475
1511.00,0.1451
1510.00,0.1430
1509.00,0.1406
1508.00,0.1370
1507.00,0.1313
1506.00,0.1254
1505.00,0.1214
1504.00,0.1190
1503.00,0.1171
1502.00,0.1151
1501.00,0.1128
1500.00,0.1103
1499.00,0.1076
1498.00,0.1048
1497.00,0.1016
1496.00,0.0985
1495.00,0.0958
1494.00,0.0935
1493.00,0.0914
1492.00,0.0892
1491.00,0.0867
1490.00,0.0839
1489.00,0.0812
1488.00,0.0789
1487.00,0.0772
1486.00,0.0758
1485.00,0.0746
1484.00,0.0736
1483.00,0.0727
1482.00,0.0718
1481.00,0.0710
1480.00,0.0705
1479.00,0.0702
1478.00,0.0701
1477.00,0.0701
1476.00,0.0703
1475.00,0.0708
1474.00,0.0714
1473.00,0.0723
1472.00,0.0733
1471.00,0.0743
1470.00,0.0752
1469.00,0.0760
1468.00,0.0767
1467.00,0.0772
1466.00,0.0774
1465.00,0.0773
1464.00,0.0773
1463.00,0.0775
1462.00,0.0780
1461.00,0.0786
1460.00,0.0793
1459.00,0.0801
1458.00,0.0809
1457.00,0.0816
1456.00,0.0822
1455.00,0.0828
1454.00,0.0831
1453.00,0.0833
1452.00,0.0835
1451.00,0.0837
1450.00,0.0837
1449.00,0.0835
1448.00,0.0831
1447.00,0.0828
1446.00,0.0825
1445.00,0.0823
1444.00,0.0821
1443.00,0.0818
1442.00,0.0815
1441.00,0.0812
1440.00,0.0809
1439.00,0.0805
1438.00,0.0799
1437.00,0.0788
1436.00,0.0774
1435.00,0.0762
1434.00,0.0754
1433.00,0.0746
1432.00,0.0738
1431.00,0.0730
1430.00,0.0722
1429.00,0.0715
1428.00,0.0710
1427.00,0.0708
1426.00,0.0709
1425.00,0.0710
1424.00,0.0711
1423.00,0.0715
1422.00,0.0720
1421.00,0.0727
1420.00,0.0734
1419.00,0.0741
1418.00,0.0748
1417.00,0.0755
1416.00,0.0764
1415.00,0.0774
1414.00,0.0785
1413.00,0.0795
1412.00,0.0804
1411.00,0.0813
1410.00,0.0821
1409.00,0.0829
1408.00,0.0837
1407.00,0.0844
1406.00,0.0851
1405.00,0.0857
1404.00,0.0862
1403.00,0.0868
1402.00,0.0874
1401.00,0.0879
1400.00,0.0883
1399.00,0.0886
1398.00,0.0888
1397.00,0.0891
1396.00,0.0894
1395.00,0.0896
1394.00,0.0897
1393.00,0.0898
1392.00,0.0900
1391.00,0.0903
1390.00,0.0904
1389.00,0.0904
1388.00,0.0901
1387.00,0.0895
1386.00,0.0887
1385.00,0.0880
1384.00,0.0872
1383.00,0.0863
1382.00,0.0853
1381.00,0.0843
1380.00,0.0833
1379.00,0.0823
1378.00,0.0814
1377.00,0.0806
1376.00,0.0797
1375.00,0.0789
1374.00,0.0781
1373.00,0.0774
1372.00,0.0770
1371.00,0.0766
1370.00,0.0763
1369.00,0.0758
1368.00,0.0751
1367.00,0.0743
1366.00,0.0734
1365.00,0.0725
1364.00,0.0715
1363.00,0.0704
1362.00,0.0695
1361.00,0.0689
1360.00,0.0685
1359.00,0.0682
1358.00,0.0681
1357.00,0.0680
1356.00,0.0680
1355.00,0.0680
1354.00,0.0681
1353.00,0.0683
1352.00,0.0685
1351.00,0.0687
1350.00,0.0688
1349.00,0.0689
1348.00,0.0689
1347.00,0.0689
1346.00,0.0689
1345.00,0.0687
1344.00,0.0686
1343.00,0.0684
1342.00,0.0681
1341.00,0.0678
1340.00,0.0675
1339.00,0.0671
1338.00,0.0668
1337.00,0.0665
1336.00,0.0663
1335.00,0.0661
1334.00,0.0659
1333.00,0.0657
1332.00,0.0655
1331.00,0.0653
1330.00,0.0652
1329.00,0.0651
1328.00,0.0651
1327.00,0.0651
1326.00,0.0652
1325.00,0.0652
1324.00,0.0653
1323.00,0.0654
1322.00,0.0656
1321.00,0.0657
1320.00,0.0658
1319.00,0.0659
1318.00,0.0660
1317.00,0.0661
1316.00,0.0662
1315.00,0.0663
1314.00,0.0663
1313.00,0.0664
1312.00,0.0663
1311.00,0.0663
1310.00,0.0663
1309.00,0.0663
1308.00,0.0662
1307.00,0.0661
1306.00,0.0661
1305.00,0.0661
1304.00,0.0660
1303.00,0.0660
1302.00,0.0660
1301.00,0.0660
1300.00,0.0661
1299.00,0.0661
1298.00,0.0662
1297.00,0.0663
1296.00,0.0664
1295.00,0.0666
1294.00,0.0668
1293.00,0.0670
1292.00,0.0672
1291.00,0.0674
1290.00,0.0676
1289.00,0.0677
1288.00,0.0678
1287.00,0.0680
1286.00,0.0681
1285.00,0.0682
1284.00,0.0683
1283.00,0.0685
1282.00,0.0685
1281.00,0.0686
1280.00,0.0686
1279.00,0.0686
1278.00,0.0686
1277.00,0.0686
1276.00,0.0686
1275.00,0.0685
1274.00,0.0685
1273.00,0.0685
1272.00,0.0685
1271.00,0.0685
1270.00,0.0687
1269.00,0.0689
1268.00,0.0691
1267.00,0.0695
1266.00,0.0699
1265.00,0.0703
1264.00,0.0708
1263.00,0.0713
1262.00,0.0719
1261.00,0.0725
1260.00,0.0732
1259.00,0.0738
1258.00,0.0745
1257.00,0.0752
1256.00,0.0758
1255.00,0.0765
1254.00,0.0772
1253.00,0.0779
1252.00,0.0786
1251.00,0.0793
1250.00,0.0800
1249.00,0.0806
1248.00,0.0812
1247.00,0.0818
1246.00,0.0823
1245.00,0.0828
1244.00,0.0833
1243.00,0.0838
1242.00,0.0842
1241.00,0.0846
1240.00,0.0849
1239.00,0.0852
1238.00,0.0854
1237.00,0.0856
1236.00,0.0858
1235.00,0.0859
1234.00,0.0859
1233.00,0.0858
1232.00,0.0857
1231.00,0.0855
1230.00,0.0853
1229.00,0.0850
1228.00,0.0846
1227.00,0.0842
1226.00,0.0837
1225.00,0.0832
1224.00,0.0826
1223.00,0.0820
1222.00,0.0813
1221.00,0.0806
1220.00,0.0798
1219.00,0.0789
1218.00,0.0780
1217.00,0.0771
1216.00,0.0760
1215.00,0.0750
1214.00,0.0739
1213.00,0.0729
1212.00,0.0718
1211.00,0.0707
1210.00,0.0697
1209.00,0.0687
1208.00,0.0677
1207.00,0.0668
1206.00,0.0659
1205.00,0.0651
1204.00,0.0643
1203.00,0.0636
1202.00,0.0629
1201.00,0.0623
1200.00,0.0616
1199.00,0.0611
1198.00,0.0606
1197.00,0.0602
1196.00,0.0598
1195.00,0.0594
1194.00,0.0591
1193.00,0.0588
1192.00,0.0585
1191.00,0.0582
1190.00,0.0580
1189.00,0.0578
1188.00,0.0576
1187.00,0.0574
1186.00,0.0573
1185.00,0.0572
1184.00,0.0571
1183.00,0.0570
1182.00,0.0570
1181.00,0.0571
1180.00,0.0572
1179.00,0.0575
1178.00,0.0579
1177.00,0.0584
1176.00,0.0590
1175.00,0.0596
1174.00,0.0603
1173.00,0.0610
1172.00,0.0615
1171.00,0.0620
1170.00,0.0624
1169.00,0.0627
1168.00,0.0630
1167.00,0.0633
1166.00,0.0637
1165.00,0.0641
1164.00,0.0645
1163.00,0.0650
1162.00,0.0655
1161.00,0.0659
1160.00,0.0664
1159.00,0.0668
1158.00,0.0671
1157.00,0.0674
1156.00,0.0676
1155.00,0.0677
1154.00,0.0678
1153.00,0.0677
1152.00,0.0676
1151.00,0.0674
1150.00,0.0671
1149.00,0.0668
1148.00,0.0664
1147.00,0.0660
1146.00,0.0657
1145.00,0.0653
1144.00,0.0650
1143.00,0.0647
1142.00,0.0645
1141.00,0.0644
1140.00,0.0644
1139.00,0.0644
1138.00,0.0645
1137.00,0.0647
1136.00,0.0649
1135.00,0.0652
1134.00,0.0656
1133.00,0.0661
1132.00,0.0666
1131.00,0.0671
1130.00,0.0677
1129.00,0.0683
1128.00,0.0689
1127.00,0.0695
1126.00,0.0701
1125.00,0.0707
1124.00,0.0712
1123.00,0.0716
1122.00,0.0721
1121.00,0.0725
1120.00,0.0729
1119.00,0.0733
1118.00,0.0736
1117.00,0.0740
1116.00,0.0744
1115.00,0.0747
1114.00,0.0751
1113.00,0.0755
1112.00,0.0758
1111.00,0.0761
1110.00,0.0764
1109.00,0.0768
1108.00,0.0770
1107.00,0.0773
1106.00,0.0776
1105.00,0.0779
1104.00,0.0782
1103.00,0.0784
1102.00,0.0787
1101.00,0.0790
1100.00,0.0792
1099.00,0.0795
1098.00,0.0799
1097.00,0.0804
1096.00,0.0809
1095.00,0.0815
1094.00,0.0822
1093.00,0.0830
1092.00,0.0838
1091.00,0.0846
1090.00,0.0855
1089.00,0.0865
1088.00,0.0875
1087.00,0.0886
1086.00,0.0897
1085.00,0.0908
1084.00,0.0918
1083.00,0.0928
1082.00,0.0937
1081.00,0.0946
1080.00,0.0952
1079.00,0.0958
1078.00,0.0962
1077.00,0.0965
1076.00,0.0966
1075.00,0.0967
1074.00,0.0967
1073.00,0.0965
1072.00,0.0964
1071.00,0.0962
1070.00,0.0962
1069.00,0.0962
1068.00,0.0962
1067.00,0.0963
1066.00,0.0964
1065.00,0.0965
1064.00,0.0966
1063.00,0.0967
1062.00,0.0968
1061.00,0.0969
1060.00,0.0969
1059.00,0.0969
1058.00,0.0970
1057.00,0.0969
1056.00,0.0968
1055.00,0.0967
1054.00,0.0965
1053.00,0.0962
1052.00,0.0959
1051.00,0.0956
1050.00,0.0953
1049.00,0.0949
1048.00,0.0945
1047.00,0.0941
1046.00,0.0938
1045.00,0.0935
1044.00,0.0931
1043.00,0.0926
1042.00,0.0922
1041.00,0.0917
1040.00,0.0911
1039.00,0.0906
1038.00,0.0901
1037.00,0.0896
1036.00,0.0891
1035.00,0.0887
1034.00,0.0885
1033.00,0.0882
1032.00,0.0880
1031.00,0.0877
1030.00,0.0875
1029.00,0.0871
1028.00,0.0867
1027.00,0.0861
1026.00,0.0856
1025.00,0.0850
1024.00,0.0842
1023.00,0.0833
1022.00,0.0823
1021.00,0.0814
1020.00,0.0803
1019.00,0.0793
1018.00,0.0783
1017.00,0.0772
1016.00,0.0761
1015.00,0.0751
1014.00,0.0741
1013.00,0.0731
1012.00,0.0720
1011.00,0.0709
1010.00,0.0700
1009.00,0.0690
1008.00,0.0680
1007.00,0.0671
1006.00,0.0662
1005.00,0.0654
1004.00,0.0646
1003.00,0.0638
1002.00,0.0630
1001.00,0.0623
1000.00,0.0614
999.00,0.0607
998.00,0.0600
997.00,0.0593
996.00,0.0586
995.00,0.0579
994.00,0.0573
993.00,0.0567
992.00,0.0560
991.00,0.0555
990.00,0.0550
989.00,0.0546
988.00,0.0542
987.00,0.0540
986.00,0.0538
985.00,0.0538
984.00,0.0538
983.00,0.0539
982.00,0.0542
981.00,0.0545
980.00,0.0548
979.00,0.0552
978.00,0.0556
977.00,0.0560
976.00,0.0563
975.00,0.0566
974.00,0.0568
973.00,0.0569
972.00,0.0569
971.00,0.0568
970.00,0.0566
969.00,0.0564
968.00,0.0561
967.00,0.0557
966.00,0.0554
965.00,0.0551
964.00,0.0547
963.00,0.0543
962.00,0.0540
961.00,0.0537
960.00,0.0534
959.00,0.0531
958.00,0.0529
957.00,0.0526
956.00,0.0523
955.00,0.0521
954.00,0.0519
953.00,0.0518
952.00,0.0516
951.00,0.0515
950.00,0.0515
949.00,0.0514
948.00,0.0514
947.00,0.0514
946.00,0.0515
945.00,0.0515
944.00,0.0515
943.00,0.0515
942.00,0.0516
941.00,0.0517
940.00,0.0518
939.00,0.0519
938.00,0.0520
937.00,0.0520
936.00,0.0520
935.00,0.0520
934.00,0.0520
933.00,0.0520
932.00,0.0519
931.00,0.0518
930.00,0.0517
929.00,0.0515
928.00,0.0512
927.00,0.0509
926.00,0.0506
925.00,0.0503
924.00,0.0500
923.00,0.0497
922.00,0.0493
921.00,0.0490
920.00,0.0486
919.00,0.0482
918.00,0.0479
917.00,0.0476
916.00,0.0473
915.00,0.0470
914.00,0.0468
913.00,0.0466
912.00,0.0464
911.00,0.0462
910.00,0.0462
909.00,0.0462
908.00,0.0461
907.00,0.0461
906.00,0.0462
905.00,0.0462
904.00,0.0462
903.00,0.0462
902.00,0.0463
901.00,0.0464
900.00,0.0464
899.00,0.0464
898.00,0.0465
897.00,0.0466
896.00,0.0466
895.00,0.0466
894.00,0.0467
893.00,0.0467
892.00,0.0467
891.00,0.0467
890.00,0.0468
889.00,0.0469
888.00,0.0469
887.00,0.0470
886.00,0.0471
885.00,0.0472
884.00,0.0472
883.00,0.0472
882.00,0.0472
881.00,0.0473
880.00,0.0473
879.00,0.0473
878.00,0.0474
877.00,0.0474
876.00,0.0473
875.00,0.0473
874.00,0.0473
873.00,0.0473
872.00,0.0472
871.00,0.0472
870.00,0.0472
869.00,0.0472
868.00,0.0473
867.00,0.0474
866.00,0.0476
865.00,0.0478
864.00,0.0480
863.00,0.0482
862.00,0.0485
861.00,0.0488
860.00,0.0491
859.00,0.0495
858.00,0.0499
857.00,0.0503
856.00,0.0507
855.00,0.0512
854.00,0.0516
853.00,0.0521
852.00,0.0524
851.00,0.0527
850.00,0.0529
849.00,0.0531
848.00,0.0531
847.00,0.0532
846.00,0.0534
845.00,0.0536
844.00,0.0538
843.00,0.0541
842.00,0.0545
841.00,0.0549
840.00,0.0553
839.00,0.0557
838.00,0.0562
837.00,0.0568
836.00,0.0573
835.00,0.0578
834.00,0.0584
833.00,0.0590
832.00,0.0595
831.00,0.0599
830.00,0.0604
829.00,0.0607
828.00,0.0609
827.00,0.0611
826.00,0.0612
825.00,0.0613
824.00,0.0612
823.00,0.0612
822.00,0.0613
821.00,0.0614
820.00,0.0615
819.00,0.0616
818.00,0.0619
817.00,0.0621
816.00,0.0623
815.00,0.0625
814.00,0.0629
813.00,0.0632
812.00,0.0634
811.00,0.0638
810.00,0.0642
809.00,0.0645
808.00,0.0648
807.00,0.0651
806.00,0.0655
805.00,0.0660
804.00,0.0664
803.00,0.0669
802.00,0.0675
801.00,0.0681
800.00,0.0685
799.00,0.0689
798.00,0.0693
797.00,0.0696
796.00,0.0700
795.00,0.0704
794.00,0.0711
793.00,0.0718
792.00,0.0725
791.00,0.0733
790.00,0.0742
789.00,0.0751
788.00,0.0760
787.00,0.0769
786.00,0.0778
785.00,0.0785
784.00,0.0792
783.00,0.0797
782.00,0.0801
781.00,0.0804
780.00,0.0807
779.00,0.0810
778.00,0.0813
777.00,0.0817
776.00,0.0820
775.00,0.0822
774.00,0.0825
773.00,0.0828
772.00,0.0831
771.00,0.0834
770.00,0.0837
769.00,0.0841
768.00,0.0843
767.00,0.0846
766.00,0.0849
765.00,0.0852
764.00,0.0854
763.00,0.0856
762.00,0.0859
761.00,0.0862
760.00,0.0865
759.00,0.0868
758.00,0.0872
757.00,0.0875
756.00,0.0879
755.00,0.0883
754.00,0.0889
753.00,0.0894
752.00,0.0898
751.00,0.0903
750.00,0.0910
749.00,0.0916
748.00,0.0921
747.00,0.0926
746.00,0.0931
745.00,0.0935
744.00,0.0939
743.00,0.0943
742.00,0.0947
741.00,0.0950
740.00,0.0953
739.00,0.0956
738.00,0.0960
737.00,0.0964
736.00,0.0969
735.00,0.0974
734.00,0.0981
733.00,0.0987
732.00,0.0994
731.00,0.1002
730.00,0.1012
729.00,0.1023
728.00,0.1034
727.00,0.1046
726.00,0.1059
725.00,0.1073
724.00,0.1087
723.00,0.1100
722.00,0.1113
721.00,0.1126
720.00,0.1137
719.00,0.1147
718.00,0.1158
717.00,0.1168
716.00,0.1177
715.00,0.1186
714.00,0.1196
713.00,0.1205
712.00,0.1214
711.00,0.1223
710.00,0.1232
709.00,0.1242
708.00,0.1253
707.00,0.1264
706.00,0.1276
705.00,0.1288
704.00,0.1299
703.00,0.1309
702.00,0.1319
701.00,0.1328
700.00,0.1335
699.00,0.1341
698.00,0.1345
697.00,0.1347
696.00,0.1347
695.00,0.1345
694.00,0.1344
693.00,0.1342
692.00,0.1340
691.00,0.1339
690.00,0.1340
689.00,0.1341
688.00,0.1341
687.00,0.1342
686.00,0.1344
685.00,0.1346
684.00,0.1347
683.00,0.1349
682.00,0.1352
681.00,0.1354
680.00,0.1355
679.00,0.1357
678.00,0.1359
677.00,0.1361
676.00,0.1362
675.00,0.1364
674.00,0.1367
673.00,0.1369
672.00,0.1371
671.00,0.1374
670.00,0.1377
669.00,0.1379
668.00,0.1379
667.00,0.1381
666.00,0.1387
665.00,0.1393
664.00,0.1397
663.00,0.1400
662.00,0.1404
661.00,0.1406
660.00,0.1408
659.00,0.1409
658.00,0.1411
657.00,0.1413
656.00,0.1414
655.00,0.1416
654.00,0.1420
653.00,0.1423
652.00,0.1426
651.00,0.1429
650.00,0.1433
649.00,0.1437
648.00,0.1440
647.00,0.1443
646.00,0.1447
645.00,0.1451
644.00,0.1455
643.00,0.1458
642.00,0.1463
641.00,0.1466
640.00,0.1468
639.00,0.1470
638.00,0.1473
637.00,0.1476
636.00,0.1479
635.00,0.1482
634.00,0.1485
633.00,0.1488
632.00,0.1490
631.00,0.1493
630.00,0.1497
629.00,0.1502
628.00,0.1505
627.00,0.1509
626.00,0.1513
625.00,0.1518
624.00,0.1522
623.00,0.1527
622.00,0.1531
621.00,0.1535
620.00,0.1537
619.00,0.1539
618.00,0.1542
617.00,0.1544
616.00,0.1545
615.00,0.1546
614.00,0.1548
613.00,0.1550
612.00,0.1550
611.00,0.1550
610.00,0.1550
609.00,0.1550
608.00,0.1549
607.00,0.1549
606.00,0.1551
605.00,0.1552
604.00,0.1552
603.00,0.1552
602.00,0.1554
601.00,0.1556
600.00,0.1556
599.00,0.1557
598.00,0.1559
597.00,0.1561
596.00,0.1561
595.00,0.1561
594.00,0.1564
593.00,0.1566
592.00,0.1569
591.00,0.1572
590.00,0.1576
589.00,0.1579
588.00,0.1580
587.00,0.1581
586.00,0.1584
585.00,0.1589
584.00,0.1594
583.00,0.1599
582.00,0.1605
581.00,0.1610
580.00,0.1612
579.00,0.1614
578.00,0.1618
577.00,0.1623
576.00,0.1626
575.00,0.1630
574.00,0.1634
573.00,0.1639
572.00,0.1641
571.00,0.1643
570.00,0.1647
569.00,0.1651
568.00,0.1653
567.00,0.1655
566.00,0.1660
565.00,0.1665
564.00,0.1668
563.00,0.1672
562.00,0.1678
561.00,0.1683
560.00,0.1686
559.00,0.1689
558.00,0.1692
557.00,0.1696
556.00,0.1698
555.00,0.1701
554.00,0.1707
553.00,0.1712
552.00,0.1716
551.00,0.1720
550.00,0.1726
549.00,0.1732
548.00,0.1735
547.00,0.1739
546.00,0.1744
545.00,0.1749
544.00,0.1752
543.00,0.1754
542.00,0.1758
541.00,0.1763
540.00,0.1767
539.00,0.1771
538.00,0.1775
537.00,0.1778
536.00,0.1779
535.00,0.1780
534.00,0.1784
533.00,0.1788
532.00,0.1790
531.00,0.1793
530.00,0.1799
529.00,0.1804
528.00,0.1806
527.00,0.1805
526.00,0.1806
525.00,0.1808
524.00,0.1809
523.00,0.1811
522.00,0.1815
521.00,0.1818
520.00,0.1818
519.00,0.1818
518.00,0.1820
517.00,0.1821
516.00,0.1819
515.00,0.1818
514.00,0.1819
513.00,0.1818
512.00,0.1816
511.00,0.1815
510.00,0.1817
509.00,0.1819
508.00,0.1818
507.00,0.1817
506.00,0.1818
505.00,0.1818
504.00,0.1816
503.00,0.1815
502.00,0.1816
501.00,0.1817
500.00,0.1815
499.00,0.1813
498.00,0.1814
497.00,0.1814
496.00,0.1813
495.00,0.1813
494.00,0.1816
493.00,0.1819
492.00,0.1819
491.00,0.1819
490.00,0.1821
489.00,0.1823
488.00,0.1820
487.00,0.1817
486.00,0.1818
485.00,0.1818
484.00,0.1818
483.00,0.1818
482.00,0.1822
481.00,0.1824
480.00,0.1822
479.00,0.1819
478.00,0.1820
477.00,0.1822
476.00,0.1819
475.00,0.1818
474.00,0.1820
473.00,0.1823
472.00,0.1822
471.00,0.1823
470.00,0.1826
469.00,0.1828
468.00,0.1825
467.00,0.1821
466.00,0.1822
465.00,0.1823
464.00,0.1822
463.00,0.1822
462.00,0.1826
461.00,0.1829
460.00,0.1826
459.00,0.1821
458.00,0.1820
457.00,0.1821
456.00,0.1819
455.00,0.1819
454.00,0.1821
453.00,0.1818
452.00,0.1808
451.00,0.1798
450.00,0.1795
449.00,0.1792
448.00,0.1784
447.00,0.1778
446.00,0.1777
445.00,0.1775
444.00,0.1768
443.00,0.1762
442.00,0.1763
441.00,0.1762
440.00,0.1756
439.00,0.1750
438.00,0.1749
437.00,0.1747
436.00,0.1737
435.00,0.1729
434.00,0.1727
433.00,0.1728
432.00,0.1724
431.00,0.1722
430.00,0.1725
429.00,0.1727
428.00,0.1722
427.00,0.1719
426.00,0.1723
425.00,0.1727
424.00,0.1723
423.00,0.1718
422.00,0.1719
421.00,0.1716
420.00,0.1700
419.00,0.1688
418.00,0.1697
417.00,0.1710
416.00,0.1713
415.00,0.1715
414.00,0.1722
413.00,0.1724
412.00,0.1711
411.00,0.1701
410.00,0.1705
409.00,0.1712
408.00,0.1709
407.00,0.1702
406.00,0.1699
405.00,0.1691
404.00,0.1672
403.00,0.1660
402.00,0.1663
401.00,0.1663
400.00,0.1642
