Created as New Dataset,Sample 443 By YargerLab Date Thursday, February 27 2025
cm-1,%T
4000.00,98.11
3999.00,98.11
3998.00,98.11
3997.00,98.11
3996.00,98.11
3995.00,98.11
3994.00,98.12
3993.00,98.13
3992.00,98.13
3991.00,98.14
3990.00,98.14
3989.00,98.14
3988.00,98.14
3987.00,98.13
3986.00,98.13
3985.00,98.12
3984.00,98.12
3983.00,98.12
3982.00,98.12
3981.00,98.12
3980.00,98.11
3979.00,98.12
3978.00,98.12
3977.00,98.13
3976.00,98.13
3975.00,98.13
3974.00,98.12
3973.00,98.12
3972.00,98.12
3971.00,98.12
3970.00,98.13
3969.00,98.14
3968.00,98.14
3967.00,98.14
3966.00,98.14
3965.00,98.13
3964.00,98.12
3963.00,98.12
3962.00,98.13
3961.00,98.13
3960.00,98.13
3959.00,98.13
3958.00,98.13
3957.00,98.12
3956.00,98.12
3955.00,98.12
3954.00,98.12
3953.00,98.12
3952.00,98.13
3951.00,98.13
3950.00,98.14
3949.00,98.14
3948.00,98.13
3947.00,98.13
3946.00,98.12
3945.00,98.11
3944.00,98.11
3943.00,98.12
3942.00,98.12
3941.00,98.13
3940.00,98.14
3939.00,98.15
3938.00,98.15
3937.00,98.15
3936.00,98.15
3935.00,98.15
3934.00,98.15
3933.00,98.15
3932.00,98.15
3931.00,98.15
3930.00,98.14
3929.00,98.13
3928.00,98.12
3927.00,98.12
3926.00,98.13
3925.00,98.13
3924.00,98.14
3923.00,98.14
3922.00,98.14
3921.00,98.14
3920.00,98.14
3919.00,98.14
3918.00,98.14
3917.00,98.14
3916.00,98.14
3915.00,98.14
3914.00,98.15
3913.00,98.15
3912.00,98.14
3911.00,98.14
3910.00,98.14
3909.00,98.14
3908.00,98.14
3907.00,98.14
3906.00,98.15
3905.00,98.15
3904.00,98.16
3903.00,98.16
3902.00,98.16
3901.00,98.16
3900.00,98.16
3899.00,98.17
3898.00,98.18
3897.00,98.18
3896.00,98.18
3895.00,98.17
3894.00,98.16
3893.00,98.16
3892.00,98.15
3891.00,98.15
3890.00,98.15
3889.00,98.15
3888.00,98.14
3887.00,98.15
3886.00,98.15
3885.00,98.16
3884.00,98.16
3883.00,98.16
3882.00,98.16
3881.00,98.16
3880.00,98.16
3879.00,98.17
3878.00,98.17
3877.00,98.17
3876.00,98.17
3875.00,98.18
3874.00,98.18
3873.00,98.18
3872.00,98.18
3871.00,98.17
3870.00,98.17
3869.00,98.17
3868.00,98.18
3867.00,98.18
3866.00,98.19
3865.00,98.19
3864.00,98.18
3863.00,98.18
3862.00,98.17
3861.00,98.16
3860.00,98.16
3859.00,98.16
3858.00,98.16
3857.00,98.17
3856.00,98.18
3855.00,98.18
3854.00,98.18
3853.00,98.17
3852.00,98.17
3851.00,98.17
3850.00,98.17
3849.00,98.17
3848.00,98.16
3847.00,98.16
3846.00,98.16
3845.00,98.16
3844.00,98.16
3843.00,98.17
3842.00,98.18
3841.00,98.18
3840.00,98.19
3839.00,98.19
3838.00,98.19
3837.00,98.19
3836.00,98.19
3835.00,98.19
3834.00,98.18
3833.00,98.18
3832.00,98.18
3831.00,98.18
3830.00,98.17
3829.00,98.17
3828.00,98.18
3827.00,98.18
3826.00,98.19
3825.00,98.20
3824.00,98.20
3823.00,98.20
3822.00,98.20
3821.00,98.20
3820.00,98.20
3819.00,98.19
3818.00,98.19
3817.00,98.19
3816.00,98.20
3815.00,98.20
3814.00,98.21
3813.00,98.21
3812.00,98.21
3811.00,98.21
3810.00,98.20
3809.00,98.20
3808.00,98.21
3807.00,98.21
3806.00,98.21
3805.00,98.21
3804.00,98.21
3803.00,98.21
3802.00,98.21
3801.00,98.22
3800.00,98.22
3799.00,98.22
3798.00,98.22
3797.00,98.22
3796.00,98.22
3795.00,98.21
3794.00,98.21
3793.00,98.21
3792.00,98.22
3791.00,98.22
3790.00,98.22
3789.00,98.22
3788.00,98.22
3787.00,98.22
3786.00,98.23
3785.00,98.23
3784.00,98.24
3783.00,98.24
3782.00,98.23
3781.00,98.23
3780.00,98.22
3779.00,98.22
3778.00,98.22
3777.00,98.22
3776.00,98.22
3775.00,98.23
3774.00,98.23
3773.00,98.24
3772.00,98.25
3771.00,98.25
3770.00,98.26
3769.00,98.25
3768.00,98.25
3767.00,98.25
3766.00,98.24
3765.00,98.24
3764.00,98.23
3763.00,98.23
3762.00,98.22
3761.00,98.22
3760.00,98.22
3759.00,98.22
3758.00,98.22
3757.00,98.22
3756.00,98.22
3755.00,98.22
3754.00,98.23
3753.00,98.24
3752.00,98.24
3751.00,98.25
3750.00,98.25
3749.00,98.26
3748.00,98.26
3747.00,98.26
3746.00,98.26
3745.00,98.26
3744.00,98.26
3743.00,98.26
3742.00,98.26
3741.00,98.26
3740.00,98.26
3739.00,98.26
3738.00,98.27
3737.00,98.27
3736.00,98.28
3735.00,98.28
3734.00,98.29
3733.00,98.29
3732.00,98.29
3731.00,98.30
3730.00,98.30
3729.00,98.29
3728.00,98.29
3727.00,98.28
3726.00,98.27
3725.00,98.27
3724.00,98.27
3723.00,98.27
3722.00,98.26
3721.00,98.26
3720.00,98.26
3719.00,98.27
3718.00,98.29
3717.00,98.30
3716.00,98.31
3715.00,98.31
3714.00,98.32
3713.00,98.32
3712.00,98.32
3711.00,98.32
3710.00,98.32
3709.00,98.32
3708.00,98.32
3707.00,98.33
3706.00,98.33
3705.00,98.34
3704.00,98.35
3703.00,98.36
3702.00,98.36
3701.00,98.36
3700.00,98.35
3699.00,98.35
3698.00,98.34
3697.00,98.34
3696.00,98.33
3695.00,98.32
3694.00,98.32
3693.00,98.32
3692.00,98.32
3691.00,98.33
3690.00,98.33
3689.00,98.33
3688.00,98.34
3687.00,98.35
3686.00,98.35
3685.00,98.36
3684.00,98.36
3683.00,98.36
3682.00,98.35
3681.00,98.35
3680.00,98.34
3679.00,98.34
3678.00,98.34
3677.00,98.34
3676.00,98.35
3675.00,98.36
3674.00,98.37
3673.00,98.38
3672.00,98.38
3671.00,98.39
3670.00,98.40
3669.00,98.40
3668.00,98.41
3667.00,98.41
3666.00,98.41
3665.00,98.41
3664.00,98.41
3663.00,98.40
3662.00,98.40
3661.00,98.40
3660.00,98.40
3659.00,98.39
3658.00,98.39
3657.00,98.39
3656.00,98.39
3655.00,98.40
3654.00,98.40
3653.00,98.41
3652.00,98.41
3651.00,98.42
3650.00,98.43
3649.00,98.43
3648.00,98.43
3647.00,98.42
3646.00,98.42
3645.00,98.42
3644.00,98.42
3643.00,98.42
3642.00,98.42
3641.00,98.42
3640.00,98.41
3639.00,98.41
3638.00,98.41
3637.00,98.41
3636.00,98.41
3635.00,98.41
3634.00,98.42
3633.00,98.42
3632.00,98.41
3631.00,98.41
3630.00,98.40
3629.00,98.41
3628.00,98.42
3627.00,98.42
3626.00,98.42
3625.00,98.41
3624.00,98.40
3623.00,98.39
3622.00,98.39
3621.00,98.40
3620.00,98.40
3619.00,98.41
3618.00,98.41
3617.00,98.42
3616.00,98.42
3615.00,98.42
3614.00,98.42
3613.00,98.42
3612.00,98.42
3611.00,98.43
3610.00,98.43
3609.00,98.43
3608.00,98.44
3607.00,98.44
3606.00,98.45
3605.00,98.45
3604.00,98.45
3603.00,98.45
3602.00,98.45
3601.00,98.45
3600.00,98.45
3599.00,98.45
3598.00,98.46
3597.00,98.47
3596.00,98.47
3595.00,98.47
3594.00,98.47
3593.00,98.47
3592.00,98.47
3591.00,98.47
3590.00,98.47
3589.00,98.47
3588.00,98.47
3587.00,98.47
3586.00,98.47
3585.00,98.47
3584.00,98.48
3583.00,98.48
3582.00,98.48
3581.00,98.48
3580.00,98.48
3579.00,98.48
3578.00,98.48
3577.00,98.49
3576.00,98.50
3575.00,98.51
3574.00,98.51
3573.00,98.51
3572.00,98.51
3571.00,98.51
3570.00,98.51
3569.00,98.51
3568.00,98.51
3567.00,98.51
3566.00,98.51
3565.00,98.52
3564.00,98.52
3563.00,98.52
3562.00,98.52
3561.00,98.52
3560.00,98.52
3559.00,98.52
3558.00,98.53
3557.00,98.53
3556.00,98.53
3555.00,98.52
3554.00,98.52
3553.00,98.51
3552.00,98.51
3551.00,98.52
3550.00,98.53
3549.00,98.54
3548.00,98.54
3547.00,98.54
3546.00,98.55
3545.00,98.55
3544.00,98.56
3543.00,98.56
3542.00,98.56
3541.00,98.56
3540.00,98.56
3539.00,98.56
3538.00,98.56
3537.00,98.57
3536.00,98.58
3535.00,98.58
3534.00,98.59
3533.00,98.59
3532.00,98.58
3531.00,98.58
3530.00,98.58
3529.00,98.59
3528.00,98.59
3527.00,98.59
3526.00,98.60
3525.00,98.60
3524.00,98.60
3523.00,98.59
3522.00,98.59
3521.00,98.59
3520.00,98.59
3519.00,98.60
3518.00,98.60
3517.00,98.60
3516.00,98.60
3515.00,98.60
3514.00,98.60
3513.00,98.60
3512.00,98.60
3511.00,98.60
3510.00,98.60
3509.00,98.60
3508.00,98.61
3507.00,98.60
3506.00,98.60
3505.00,98.60
3504.00,98.60
3503.00,98.61
3502.00,98.62
3501.00,98.63
3500.00,98.63
3499.00,98.63
3498.00,98.62
3497.00,98.62
3496.00,98.61
3495.00,98.61
3494.00,98.61
3493.00,98.61
3492.00,98.61
3491.00,98.61
3490.00,98.62
3489.00,98.62
3488.00,98.62
3487.00,98.62
3486.00,98.62
3485.00,98.62
3484.00,98.62
3483.00,98.62
3482.00,98.62
3481.00,98.61
3480.00,98.61
3479.00,98.61
3478.00,98.61
3477.00,98.61
3476.00,98.61
3475.00,98.61
3474.00,98.61
3473.00,98.60
3472.00,98.60
3471.00,98.59
3470.00,98.58
3469.00,98.58
3468.00,98.57
3467.00,98.57
3466.00,98.56
3465.00,98.55
3464.00,98.54
3463.00,98.53
3462.00,98.52
3461.00,98.52
3460.00,98.52
3459.00,98.52
3458.00,98.52
3457.00,98.52
3456.00,98.51
3455.00,98.50
3454.00,98.49
3453.00,98.47
3452.00,98.45
3451.00,98.44
3450.00,98.43
3449.00,98.42
3448.00,98.42
3447.00,98.41
3446.00,98.41
3445.00,98.40
3444.00,98.38
3443.00,98.36
3442.00,98.34
3441.00,98.32
3440.00,98.29
3439.00,98.26
3438.00,98.22
3437.00,98.18
3436.00,98.14
3435.00,98.10
3434.00,98.05
3433.00,98.00
3432.00,97.94
3431.00,97.87
3430.00,97.79
3429.00,97.71
3428.00,97.61
3427.00,97.51
3426.00,97.39
3425.00,97.27
3424.00,97.12
3423.00,96.96
3422.00,96.78
3421.00,96.57
3420.00,96.34
3419.00,96.09
3418.00,95.82
3417.00,95.53
3416.00,95.21
3415.00,94.87
3414.00,94.52
3413.00,94.16
3412.00,93.80
3411.00,93.45
3410.00,93.12
3409.00,92.82
3408.00,92.57
3407.00,92.35
3406.00,92.19
3405.00,92.08
3404.00,92.02
3403.00,92.02
3402.00,92.06
3401.00,92.15
3400.00,92.28
3399.00,92.43
3398.00,92.61
3397.00,92.81
3396.00,93.02
3395.00,93.23
3394.00,93.45
3393.00,93.66
3392.00,93.87
3391.00,94.07
3390.00,94.27
3389.00,94.46
3388.00,94.64
3387.00,94.82
3386.00,94.98
3385.00,95.13
3384.00,95.27
3383.00,95.40
3382.00,95.52
3381.00,95.63
3380.00,95.73
3379.00,95.82
3378.00,95.91
3377.00,95.99
3376.00,96.06
3375.00,96.12
3374.00,96.18
3373.00,96.23
3372.00,96.28
3371.00,96.33
3370.00,96.36
3369.00,96.39
3368.00,96.42
3367.00,96.45
3366.00,96.47
3365.00,96.50
3364.00,96.51
3363.00,96.53
3362.00,96.55
3361.00,96.56
3360.00,96.57
3359.00,96.57
3358.00,96.56
3357.00,96.54
3356.00,96.52
3355.00,96.51
3354.00,96.49
3353.00,96.47
3352.00,96.44
3351.00,96.40
3350.00,96.35
3349.00,96.30
3348.00,96.25
3347.00,96.20
3346.00,96.16
3345.00,96.12
3344.00,96.07
3343.00,96.02
3342.00,95.98
3341.00,95.94
3340.00,95.90
3339.00,95.86
3338.00,95.82
3337.00,95.78
3336.00,95.73
3335.00,95.68
3334.00,95.62
3333.00,95.57
3332.00,95.52
3331.00,95.46
3330.00,95.39
3329.00,95.33
3328.00,95.26
3327.00,95.18
3326.00,95.11
3325.00,95.04
3324.00,94.98
3323.00,94.93
3322.00,94.89
3321.00,94.87
3320.00,94.85
3319.00,94.84
3318.00,94.83
3317.00,94.83
3316.00,94.84
3315.00,94.84
3314.00,94.85
3313.00,94.86
3312.00,94.87
3311.00,94.89
3310.00,94.92
3309.00,94.95
3308.00,94.97
3307.00,94.99
3306.00,95.00
3305.00,95.00
3304.00,95.00
3303.00,94.99
3302.00,94.99
3301.00,94.99
3300.00,95.00
3299.00,95.02
3298.00,95.04
3297.00,95.05
3296.00,95.06
3295.00,95.07
3294.00,95.07
3293.00,95.07
3292.00,95.06
3291.00,95.05
3290.00,95.04
3289.00,95.01
3288.00,94.99
3287.00,94.97
3286.00,94.95
3285.00,94.92
3284.00,94.90
3283.00,94.87
3282.00,94.83
3281.00,94.80
3280.00,94.78
3279.00,94.76
3278.00,94.75
3277.00,94.74
3276.00,94.74
3275.00,94.73
3274.00,94.73
3273.00,94.74
3272.00,94.74
3271.00,94.73
3270.00,94.72
3269.00,94.70
3268.00,94.69
3267.00,94.69
3266.00,94.70
3265.00,94.72
3264.00,94.73
3263.00,94.76
3262.00,94.78
3261.00,94.80
3260.00,94.82
3259.00,94.83
3258.00,94.85
3257.00,94.87
3256.00,94.89
3255.00,94.90
3254.00,94.91
3253.00,94.92
3252.00,94.93
3251.00,94.95
3250.00,94.97
3249.00,94.99
3248.00,95.00
3247.00,95.00
3246.00,94.99
3245.00,94.98
3244.00,94.96
3243.00,94.93
3242.00,94.90
3241.00,94.87
3240.00,94.83
3239.00,94.78
3238.00,94.74
3237.00,94.68
3236.00,94.63
3235.00,94.56
3234.00,94.48
3233.00,94.37
3232.00,94.26
3231.00,94.13
3230.00,94.00
3229.00,93.86
3228.00,93.71
3227.00,93.55
3226.00,93.38
3225.00,93.20
3224.00,93.03
3223.00,92.85
3222.00,92.68
3221.00,92.51
3220.00,92.34
3219.00,92.18
3218.00,92.03
3217.00,91.89
3216.00,91.77
3215.00,91.66
3214.00,91.57
3213.00,91.50
3212.00,91.45
3211.00,91.42
3210.00,91.40
3209.00,91.39
3208.00,91.39
3207.00,91.41
3206.00,91.45
3205.00,91.48
3204.00,91.52
3203.00,91.57
3202.00,91.62
3201.00,91.66
3200.00,91.71
3199.00,91.75
3198.00,91.78
3197.00,91.81
3196.00,91.84
3195.00,91.86
3194.00,91.86
3193.00,91.86
3192.00,91.84
3191.00,91.81
3190.00,91.78
3189.00,91.74
3188.00,91.69
3187.00,91.64
3186.00,91.58
3185.00,91.51
3184.00,91.45
3183.00,91.37
3182.00,91.29
3181.00,91.21
3180.00,91.12
3179.00,91.03
3178.00,90.95
3177.00,90.87
3176.00,90.79
3175.00,90.72
3174.00,90.66
3173.00,90.61
3172.00,90.57
3171.00,90.53
3170.00,90.51
3169.00,90.50
3168.00,90.50
3167.00,90.51
3166.00,90.52
3165.00,90.55
3164.00,90.59
3163.00,90.65
3162.00,90.72
3161.00,90.79
3160.00,90.87
3159.00,90.95
3158.00,91.04
3157.00,91.13
3156.00,91.23
3155.00,91.33
3154.00,91.43
3153.00,91.52
3152.00,91.60
3151.00,91.68
3150.00,91.75
3149.00,91.83
3148.00,91.90
3147.00,91.98
3146.00,92.05
3145.00,92.12
3144.00,92.19
3143.00,92.25
3142.00,92.30
3141.00,92.36
3140.00,92.41
3139.00,92.45
3138.00,92.50
3137.00,92.55
3136.00,92.59
3135.00,92.64
3134.00,92.68
3133.00,92.72
3132.00,92.76
3131.00,92.81
3130.00,92.85
3129.00,92.89
3128.00,92.93
3127.00,92.97
3126.00,93.01
3125.00,93.05
3124.00,93.09
3123.00,93.14
3122.00,93.18
3121.00,93.22
3120.00,93.26
3119.00,93.30
3118.00,93.34
3117.00,93.37
3116.00,93.41
3115.00,93.44
3114.00,93.47
3113.00,93.52
3112.00,93.57
3111.00,93.62
3110.00,93.67
3109.00,93.71
3108.00,93.75
3107.00,93.78
3106.00,93.82
3105.00,93.86
3104.00,93.90
3103.00,93.93
3102.00,93.97
3101.00,94.00
3100.00,94.04
3099.00,94.07
3098.00,94.11
3097.00,94.14
3096.00,94.17
3095.00,94.20
3094.00,94.23
3093.00,94.25
3092.00,94.27
3091.00,94.28
3090.00,94.30
3089.00,94.32
3088.00,94.35
3087.00,94.37
3086.00,94.39
3085.00,94.40
3084.00,94.41
3083.00,94.41
3082.00,94.42
3081.00,94.43
3080.00,94.44
3079.00,94.45
3078.00,94.46
3077.00,94.46
3076.00,94.46
3075.00,94.46
3074.00,94.46
3073.00,94.46
3072.00,94.45
3071.00,94.44
3070.00,94.43
3069.00,94.43
3068.00,94.42
3067.00,94.42
3066.00,94.41
3065.00,94.40
3064.00,94.39
3063.00,94.38
3062.00,94.38
3061.00,94.37
3060.00,94.36
3059.00,94.35
3058.00,94.34
3057.00,94.33
3056.00,94.31
3055.00,94.29
3054.00,94.28
3053.00,94.26
3052.00,94.25
3051.00,94.24
3050.00,94.23
3049.00,94.22
3048.00,94.20
3047.00,94.18
3046.00,94.16
3045.00,94.14
3044.00,94.13
3043.00,94.11
3042.00,94.09
3041.00,94.08
3040.00,94.06
3039.00,94.03
3038.00,94.01
3037.00,93.99
3036.00,93.97
3035.00,93.95
3034.00,93.93
3033.00,93.90
3032.00,93.87
3031.00,93.85
3030.00,93.82
3029.00,93.80
3028.00,93.78
3027.00,93.76
3026.00,93.73
3025.00,93.70
3024.00,93.67
3023.00,93.64
3022.00,93.61
3021.00,93.57
3020.00,93.54
3019.00,93.51
3018.00,93.48
3017.00,93.45
3016.00,93.43
3015.00,93.42
3014.00,93.40
3013.00,93.38
3012.00,93.36
3011.00,93.34
3010.00,93.33
3009.00,93.31
3008.00,93.30
3007.00,93.30
3006.00,93.29
3005.00,93.28
3004.00,93.28
3003.00,93.28
3002.00,93.28
3001.00,93.28
3000.00,93.28
2999.00,93.29
2998.00,93.29
2997.00,93.30
2996.00,93.31
2995.00,93.31
2994.00,93.30
2993.00,93.28
2992.00,93.24
2991.00,93.18
2990.00,93.11
2989.00,93.05
2988.00,93.02
2987.00,93.01
2986.00,93.05
2985.00,93.11
2984.00,93.18
2983.00,93.25
2982.00,93.30
2981.00,93.32
2980.00,93.33
2979.00,93.33
2978.00,93.32
2977.00,93.32
2976.00,93.32
2975.00,93.33
2974.00,93.34
2973.00,93.35
2972.00,93.35
2971.00,93.36
2970.00,93.36
2969.00,93.36
2968.00,93.36
2967.00,93.36
2966.00,93.37
2965.00,93.36
2964.00,93.33
2963.00,93.28
2962.00,93.21
2961.00,93.11
2960.00,93.00
2959.00,92.92
2958.00,92.86
2957.00,92.83
2956.00,92.83
2955.00,92.85
2954.00,92.86
2953.00,92.85
2952.00,92.84
2951.00,92.81
2950.00,92.78
2949.00,92.76
2948.00,92.73
2947.00,92.71
2946.00,92.69
2945.00,92.68
2944.00,92.66
2943.00,92.65
2942.00,92.64
2941.00,92.63
2940.00,92.63
2939.00,92.62
2938.00,92.61
2937.00,92.61
2936.00,92.60
2935.00,92.59
2934.00,92.57
2933.00,92.56
2932.00,92.56
2931.00,92.58
2930.00,92.61
2929.00,92.64
2928.00,92.66
2927.00,92.69
2926.00,92.71
2925.00,92.74
2924.00,92.76
2923.00,92.78
2922.00,92.80
2921.00,92.82
2920.00,92.84
2919.00,92.85
2918.00,92.86
2917.00,92.87
2916.00,92.89
2915.00,92.90
2914.00,92.92
2913.00,92.92
2912.00,92.93
2911.00,92.93
2910.00,92.94
2909.00,92.94
2908.00,92.95
2907.00,92.96
2906.00,92.96
2905.00,92.96
2904.00,92.96
2903.00,92.96
2902.00,92.96
2901.00,92.96
2900.00,92.97
2899.00,92.98
2898.00,93.00
2897.00,93.01
2896.00,93.02
2895.00,93.02
2894.00,93.02
2893.00,93.01
2892.00,93.00
2891.00,93.00
2890.00,92.99
2889.00,92.97
2888.00,92.95
2887.00,92.94
2886.00,92.93
2885.00,92.92
2884.00,92.92
2883.00,92.91
2882.00,92.90
2881.00,92.88
2880.00,92.87
2879.00,92.85
2878.00,92.84
2877.00,92.83
2876.00,92.83
2875.00,92.83
2874.00,92.83
2873.00,92.83
2872.00,92.82
2871.00,92.82
2870.00,92.81
2869.00,92.80
2868.00,92.80
2867.00,92.79
2866.00,92.78
2865.00,92.77
2864.00,92.76
2863.00,92.75
2862.00,92.75
2861.00,92.74
2860.00,92.73
2859.00,92.73
2858.00,92.73
2857.00,92.72
2856.00,92.73
2855.00,92.73
2854.00,92.74
2853.00,92.75
2852.00,92.76
2851.00,92.77
2850.00,92.78
2849.00,92.79
2848.00,92.79
2847.00,92.79
2846.00,92.79
2845.00,92.80
2844.00,92.80
2843.00,92.81
2842.00,92.81
2841.00,92.82
2840.00,92.83
2839.00,92.83
2838.00,92.82
2837.00,92.83
2836.00,92.83
2835.00,92.84
2834.00,92.85
2833.00,92.85
2832.00,92.85
2831.00,92.85
2830.00,92.86
2829.00,92.87
2828.00,92.88
2827.00,92.90
2826.00,92.91
2825.00,92.92
2824.00,92.93
2823.00,92.95
2822.00,92.96
2821.00,92.97
2820.00,92.98
2819.00,92.99
2818.00,93.01
2817.00,93.03
2816.00,93.05
2815.00,93.06
2814.00,93.08
2813.00,93.10
2812.00,93.12
2811.00,93.14
2810.00,93.16
2809.00,93.18
2808.00,93.19
2807.00,93.21
2806.00,93.22
2805.00,93.24
2804.00,93.25
2803.00,93.27
2802.00,93.28
2801.00,93.29
2800.00,93.30
2799.00,93.31
2798.00,93.32
2797.00,93.33
2796.00,93.33
2795.00,93.33
2794.00,93.33
2793.00,93.34
2792.00,93.34
2791.00,93.35
2790.00,93.35
2789.00,93.35
2788.00,93.35
2787.00,93.35
2786.00,93.36
2785.00,93.36
2784.00,93.36
2783.00,93.36
2782.00,93.36
2781.00,93.36
2780.00,93.35
2779.00,93.35
2778.00,93.35
2777.00,93.35
2776.00,93.34
2775.00,93.34
2774.00,93.35
2773.00,93.35
2772.00,93.36
2771.00,93.37
2770.00,93.39
2769.00,93.41
2768.00,93.44
2767.00,93.46
2766.00,93.49
2765.00,93.51
2764.00,93.53
2763.00,93.56
2762.00,93.58
2761.00,93.60
2760.00,93.62
2759.00,93.64
2758.00,93.65
2757.00,93.66
2756.00,93.66
2755.00,93.67
2754.00,93.66
2753.00,93.66
2752.00,93.65
2751.00,93.64
2750.00,93.63
2749.00,93.61
2748.00,93.59
2747.00,93.57
2746.00,93.54
2745.00,93.50
2744.00,93.47
2743.00,93.44
2742.00,93.40
2741.00,93.37
2740.00,93.34
2739.00,93.30
2738.00,93.26
2737.00,93.23
2736.00,93.19
2735.00,93.16
2734.00,93.13
2733.00,93.11
2732.00,93.08
2731.00,93.06
2730.00,93.03
2729.00,93.01
2728.00,92.99
2727.00,92.97
2726.00,92.96
2725.00,92.94
2724.00,92.93
2723.00,92.91
2722.00,92.90
2721.00,92.88
2720.00,92.87
2719.00,92.86
2718.00,92.86
2717.00,92.87
2716.00,92.87
2715.00,92.87
2714.00,92.88
2713.00,92.88
2712.00,92.88
2711.00,92.89
2710.00,92.90
2709.00,92.91
2708.00,92.93
2707.00,92.94
2706.00,92.96
2705.00,92.97
2704.00,92.98
2703.00,93.00
2702.00,93.02
2701.00,93.05
2700.00,93.07
2699.00,93.08
2698.00,93.10
2697.00,93.11
2696.00,93.12
2695.00,93.13
2694.00,93.14
2693.00,93.16
2692.00,93.18
2691.00,93.20
2690.00,93.22
2689.00,93.25
2688.00,93.27
2687.00,93.30
2686.00,93.32
2685.00,93.34
2684.00,93.37
2683.00,93.39
2682.00,93.40
2681.00,93.42
2680.00,93.43
2679.00,93.44
2678.00,93.46
2677.00,93.47
2676.00,93.47
2675.00,93.48
2674.00,93.49
2673.00,93.49
2672.00,93.49
2671.00,93.50
2670.00,93.50
2669.00,93.51
2668.00,93.51
2667.00,93.50
2666.00,93.50
2665.00,93.49
2664.00,93.47
2663.00,93.45
2662.00,93.43
2661.00,93.39
2660.00,93.36
2659.00,93.31
2658.00,93.26
2657.00,93.22
2656.00,93.18
2655.00,93.14
2654.00,93.10
2653.00,93.06
2652.00,93.03
2651.00,92.99
2650.00,92.95
2649.00,92.92
2648.00,92.89
2647.00,92.86
2646.00,92.84
2645.00,92.82
2644.00,92.80
2643.00,92.80
2642.00,92.80
2641.00,92.81
2640.00,92.81
2639.00,92.80
2638.00,92.79
2637.00,92.77
2636.00,92.76
2635.00,92.75
2634.00,92.73
2633.00,92.73
2632.00,92.72
2631.00,92.72
2630.00,92.71
2629.00,92.71
2628.00,92.70
2627.00,92.68
2626.00,92.66
2625.00,92.65
2624.00,92.63
2623.00,92.62
2622.00,92.61
2621.00,92.59
2620.00,92.58
2619.00,92.57
2618.00,92.56
2617.00,92.57
2616.00,92.57
2615.00,92.58
2614.00,92.58
2613.00,92.58
2612.00,92.59
2611.00,92.59
2610.00,92.60
2609.00,92.62
2608.00,92.63
2607.00,92.65
2606.00,92.67
2605.00,92.68
2604.00,92.70
2603.00,92.72
2602.00,92.75
2601.00,92.77
2600.00,92.80
2599.00,92.83
2598.00,92.86
2597.00,92.89
2596.00,92.92
2595.00,92.95
2594.00,92.98
2593.00,93.01
2592.00,93.04
2591.00,93.07
2590.00,93.10
2589.00,93.12
2588.00,93.14
2587.00,93.16
2586.00,93.18
2585.00,93.22
2584.00,93.25
2583.00,93.28
2582.00,93.31
2581.00,93.34
2580.00,93.37
2579.00,93.39
2578.00,93.42
2577.00,93.44
2576.00,93.46
2575.00,93.49
2574.00,93.51
2573.00,93.52
2572.00,93.54
2571.00,93.57
2570.00,93.59
2569.00,93.62
2568.00,93.64
2567.00,93.65
2566.00,93.66
2565.00,93.67
2564.00,93.68
2563.00,93.70
2562.00,93.72
2561.00,93.74
2560.00,93.76
2559.00,93.77
2558.00,93.78
2557.00,93.78
2556.00,93.79
2555.00,93.79
2554.00,93.78
2553.00,93.77
2552.00,93.76
2551.00,93.75
2550.00,93.75
2549.00,93.74
2548.00,93.74
2547.00,93.73
2546.00,93.73
2545.00,93.73
2544.00,93.74
2543.00,93.76
2542.00,93.78
2541.00,93.81
2540.00,93.83
2539.00,93.86
2538.00,93.88
2537.00,93.91
2536.00,93.94
2535.00,93.97
2534.00,94.01
2533.00,94.04
2532.00,94.07
2531.00,94.10
2530.00,94.14
2529.00,94.16
2528.00,94.18
2527.00,94.20
2526.00,94.22
2525.00,94.25
2524.00,94.27
2523.00,94.31
2522.00,94.34
2521.00,94.35
2520.00,94.36
2519.00,94.36
2518.00,94.37
2517.00,94.39
2516.00,94.41
2515.00,94.43
2514.00,94.45
2513.00,94.47
2512.00,94.48
2511.00,94.50
2510.00,94.53
2509.00,94.56
2508.00,94.58
2507.00,94.61
2506.00,94.62
2505.00,94.63
2504.00,94.64
2503.00,94.64
2502.00,94.65
2501.00,94.66
2500.00,94.67
2499.00,94.67
2498.00,94.67
2497.00,94.67
2496.00,94.68
2495.00,94.69
2494.00,94.70
2493.00,94.71
2492.00,94.72
2491.00,94.73
2490.00,94.76
2489.00,94.78
2488.00,94.80
2487.00,94.82
2486.00,94.85
2485.00,94.88
2484.00,94.90
2483.00,94.93
2482.00,94.96
2481.00,94.98
2480.00,95.01
2479.00,95.03
2478.00,95.05
2477.00,95.07
2476.00,95.08
2475.00,95.09
2474.00,95.11
2473.00,95.13
2472.00,95.16
2471.00,95.18
2470.00,95.20
2469.00,95.21
2468.00,95.22
2467.00,95.24
2466.00,95.26
2465.00,95.28
2464.00,95.31
2463.00,95.32
2462.00,95.34
2461.00,95.35
2460.00,95.36
2459.00,95.37
2458.00,95.38
2457.00,95.40
2456.00,95.43
2455.00,95.46
2454.00,95.49
2453.00,95.51
2452.00,95.53
2451.00,95.54
2450.00,95.55
2449.00,95.56
2448.00,95.57
2447.00,95.59
2446.00,95.61
2445.00,95.63
2444.00,95.65
2443.00,95.68
2442.00,95.70
2441.00,95.71
2440.00,95.73
2439.00,95.74
2438.00,95.74
2437.00,95.75
2436.00,95.77
2435.00,95.79
2434.00,95.82
2433.00,95.84
2432.00,95.85
2431.00,95.86
2430.00,95.87
2429.00,95.88
2428.00,95.89
2427.00,95.91
2426.00,95.93
2425.00,95.94
2424.00,95.95
2423.00,95.95
2422.00,95.96
2421.00,95.97
2420.00,95.98
2419.00,95.99
2418.00,95.99
2417.00,96.00
2416.00,96.00
2415.00,96.00
2414.00,96.00
2413.00,96.01
2412.00,96.01
2411.00,96.02
2410.00,96.04
2409.00,96.06
2408.00,96.07
2407.00,96.09
2406.00,96.10
2405.00,96.11
2404.00,96.11
2403.00,96.12
2402.00,96.12
2401.00,96.13
2400.00,96.14
2399.00,96.15
2398.00,96.16
2397.00,96.18
2396.00,96.19
2395.00,96.21
2394.00,96.22
2393.00,96.23
2392.00,96.23
2391.00,96.23
2390.00,96.23
2389.00,96.24
2388.00,96.26
2387.00,96.28
2386.00,96.31
2385.00,96.34
2384.00,96.36
2383.00,96.39
2382.00,96.41
2381.00,96.42
2380.00,96.42
2379.00,96.42
2378.00,96.41
2377.00,96.41
2376.00,96.40
2375.00,96.40
2374.00,96.41
2373.00,96.43
2372.00,96.45
2371.00,96.47
2370.00,96.48
2369.00,96.48
2368.00,96.48
2367.00,96.48
2366.00,96.49
2365.00,96.48
2364.00,96.47
2363.00,96.45
2362.00,96.45
2361.00,96.44
2360.00,96.46
2359.00,96.46
2358.00,96.51
2357.00,96.44
2356.00,96.32
2355.00,96.35
2354.00,96.34
2353.00,96.37
2352.00,96.38
2351.00,96.40
2350.00,96.43
2349.00,96.45
2348.00,96.47
2347.00,96.47
2346.00,96.51
2345.00,96.56
2344.00,96.52
2343.00,96.51
2342.00,96.50
2341.00,96.50
2340.00,96.50
2339.00,96.50
2338.00,96.50
2337.00,96.50
2336.00,96.51
2335.00,96.53
2334.00,96.54
2333.00,96.54
2332.00,96.53
2331.00,96.52
2330.00,96.49
2329.00,96.45
2328.00,96.38
2327.00,96.31
2326.00,96.26
2325.00,96.26
2324.00,96.30
2323.00,96.35
2322.00,96.38
2321.00,96.39
2320.00,96.40
2319.00,96.42
2318.00,96.45
2317.00,96.48
2316.00,96.51
2315.00,96.53
2314.00,96.54
2313.00,96.54
2312.00,96.55
2311.00,96.55
2310.00,96.56
2309.00,96.57
2308.00,96.57
2307.00,96.58
2306.00,96.58
2305.00,96.59
2304.00,96.60
2303.00,96.61
2302.00,96.61
2301.00,96.60
2300.00,96.58
2299.00,96.57
2298.00,96.57
2297.00,96.56
2296.00,96.56
2295.00,96.56
2294.00,96.56
2293.00,96.56
2292.00,96.55
2291.00,96.54
2290.00,96.53
2289.00,96.52
2288.00,96.52
2287.00,96.53
2286.00,96.55
2285.00,96.57
2284.00,96.59
2283.00,96.61
2282.00,96.62
2281.00,96.63
2280.00,96.64
2279.00,96.64
2278.00,96.64
2277.00,96.64
2276.00,96.63
2275.00,96.63
2274.00,96.63
2273.00,96.65
2272.00,96.67
2271.00,96.69
2270.00,96.71
2269.00,96.72
2268.00,96.73
2267.00,96.74
2266.00,96.75
2265.00,96.74
2264.00,96.72
2263.00,96.70
2262.00,96.69
2261.00,96.68
2260.00,96.69
2259.00,96.71
2258.00,96.72
2257.00,96.74
2256.00,96.77
2255.00,96.82
2254.00,96.85
2253.00,96.87
2252.00,96.87
2251.00,96.88
2250.00,96.89
2249.00,96.89
2248.00,96.88
2247.00,96.87
2246.00,96.88
2245.00,96.89
2244.00,96.90
2243.00,96.93
2242.00,96.95
2241.00,96.97
2240.00,96.98
2239.00,97.00
2238.00,97.01
2237.00,97.01
2236.00,97.00
2235.00,97.00
2234.00,97.00
2233.00,97.02
2232.00,97.04
2231.00,97.06
2230.00,97.08
2229.00,97.08
2228.00,97.09
2227.00,97.09
2226.00,97.11
2225.00,97.11
2224.00,97.11
2223.00,97.11
2222.00,97.10
2221.00,97.09
2220.00,97.07
2219.00,97.06
2218.00,97.07
2217.00,97.08
2216.00,97.10
2215.00,97.12
2214.00,97.14
2213.00,97.14
2212.00,97.14
2211.00,97.14
2210.00,97.15
2209.00,97.16
2208.00,97.17
2207.00,97.19
2206.00,97.21
2205.00,97.23
2204.00,97.23
2203.00,97.21
2202.00,97.20
2201.00,97.18
2200.00,97.17
2199.00,97.18
2198.00,97.21
2197.00,97.22
2196.00,97.22
2195.00,97.22
2194.00,97.21
2193.00,97.20
2192.00,97.18
2191.00,97.16
2190.00,97.14
2189.00,97.11
2188.00,97.09
2187.00,97.09
2186.00,97.13
2185.00,97.19
2184.00,97.26
2183.00,97.32
2182.00,97.37
2181.00,97.38
2180.00,97.39
2179.00,97.42
2178.00,97.45
2177.00,97.45
2176.00,97.43
2175.00,97.43
2174.00,97.44
2173.00,97.46
2172.00,97.45
2171.00,97.43
2170.00,97.39
2169.00,97.34
2168.00,97.28
2167.00,97.22
2166.00,97.15
2165.00,97.08
2164.00,97.04
2163.00,97.08
2162.00,97.26
2161.00,97.57
2160.00,97.91
2159.00,98.14
2158.00,98.20
2157.00,98.11
2156.00,97.97
2155.00,97.86
2154.00,97.80
2153.00,97.77
2152.00,97.75
2151.00,97.76
2150.00,97.78
2149.00,97.80
2148.00,97.82
2147.00,97.82
2146.00,97.82
2145.00,97.80
2144.00,97.78
2143.00,97.76
2142.00,97.75
2141.00,97.74
2140.00,97.73
2139.00,97.75
2138.00,97.78
2137.00,97.82
2136.00,97.86
2135.00,97.90
2134.00,97.91
2133.00,97.87
2132.00,97.81
2131.00,97.77
2130.00,97.73
2129.00,97.70
2128.00,97.67
2127.00,97.64
2126.00,97.63
2125.00,97.64
2124.00,97.64
2123.00,97.64
2122.00,97.63
2121.00,97.60
2120.00,97.57
2119.00,97.54
2118.00,97.52
2117.00,97.50
2116.00,97.48
2115.00,97.46
2114.00,97.46
2113.00,97.46
2112.00,97.46
2111.00,97.46
2110.00,97.47
2109.00,97.50
2108.00,97.54
2107.00,97.59
2106.00,97.62
2105.00,97.62
2104.00,97.60
2103.00,97.57
2102.00,97.56
2101.00,97.54
2100.00,97.53
2099.00,97.53
2098.00,97.55
2097.00,97.58
2096.00,97.60
2095.00,97.61
2094.00,97.61
2093.00,97.58
2092.00,97.54
2091.00,97.52
2090.00,97.51
2089.00,97.50
2088.00,97.48
2087.00,97.45
2086.00,97.43
2085.00,97.40
2084.00,97.37
2083.00,97.34
2082.00,97.32
2081.00,97.30
2080.00,97.29
2079.00,97.28
2078.00,97.27
2077.00,97.26
2076.00,97.26
2075.00,97.28
2074.00,97.31
2073.00,97.33
2072.00,97.32
2071.00,97.29
2070.00,97.27
2069.00,97.24
2068.00,97.23
2067.00,97.22
2066.00,97.22
2065.00,97.20
2064.00,97.16
2063.00,97.11
2062.00,97.05
2061.00,96.99
2060.00,96.93
2059.00,96.88
2058.00,96.86
2057.00,96.85
2056.00,96.85
2055.00,96.81
2054.00,96.72
2053.00,96.59
2052.00,96.47
2051.00,96.42
2050.00,96.44
2049.00,96.46
2048.00,96.47
2047.00,96.46
2046.00,96.46
2045.00,96.46
2044.00,96.43
2043.00,96.38
2042.00,96.32
2041.00,96.25
2040.00,96.18
2039.00,96.14
2038.00,96.15
2037.00,96.17
2036.00,96.21
2035.00,96.27
2034.00,96.34
2033.00,96.39
2032.00,96.44
2031.00,96.48
2030.00,96.52
2029.00,96.54
2028.00,96.55
2027.00,96.59
2026.00,96.65
2025.00,96.69
2024.00,96.72
2023.00,96.75
2022.00,96.79
2021.00,96.82
2020.00,96.83
2019.00,96.85
2018.00,96.88
2017.00,96.92
2016.00,96.97
2015.00,97.03
2014.00,97.09
2013.00,97.10
2012.00,97.09
2011.00,97.08
2010.00,97.12
2009.00,97.18
2008.00,97.25
2007.00,97.30
2006.00,97.33
2005.00,97.33
2004.00,97.32
2003.00,97.33
2002.00,97.34
2001.00,97.34
2000.00,97.33
1999.00,97.32
1998.00,97.32
1997.00,97.34
1996.00,97.37
1995.00,97.42
1994.00,97.45
1993.00,97.45
1992.00,97.40
1991.00,97.34
1990.00,97.31
1989.00,97.31
1988.00,97.34
1987.00,97.38
1986.00,97.41
1985.00,97.40
1984.00,97.34
1983.00,97.27
1982.00,97.24
1981.00,97.27
1980.00,97.36
1979.00,97.51
1978.00,97.65
1977.00,97.73
1976.00,97.78
1975.00,97.81
1974.00,97.84
1973.00,97.84
1972.00,97.84
1971.00,97.87
1970.00,97.91
1969.00,97.94
1968.00,97.93
1967.00,97.93
1966.00,97.92
1965.00,97.87
1964.00,97.82
1963.00,97.79
1962.00,97.81
1961.00,97.87
1960.00,97.93
1959.00,97.99
1958.00,98.03
1957.00,98.02
1956.00,97.98
1955.00,97.95
1954.00,97.94
1953.00,97.93
1952.00,97.93
1951.00,97.95
1950.00,97.98
1949.00,97.98
1948.00,97.97
1947.00,97.96
1946.00,97.97
1945.00,97.98
1944.00,97.97
1943.00,97.96
1942.00,97.96
1941.00,97.98
1940.00,97.98
1939.00,97.99
1938.00,98.00
1937.00,98.02
1936.00,98.04
1935.00,98.06
1934.00,98.06
1933.00,98.04
1932.00,98.01
1931.00,98.00
1930.00,98.00
1929.00,98.00
1928.00,98.00
1927.00,98.02
1926.00,98.06
1925.00,98.07
1924.00,98.05
1923.00,98.03
1922.00,98.01
1921.00,97.99
1920.00,97.97
1919.00,97.96
1918.00,97.99
1917.00,98.03
1916.00,98.07
1915.00,98.10
1914.00,98.14
1913.00,98.16
1912.00,98.17
1911.00,98.17
1910.00,98.17
1909.00,98.16
1908.00,98.15
1907.00,98.15
1906.00,98.15
1905.00,98.15
1904.00,98.14
1903.00,98.14
1902.00,98.15
1901.00,98.16
1900.00,98.17
1899.00,98.18
1898.00,98.19
1897.00,98.20
1896.00,98.19
1895.00,98.20
1894.00,98.20
1893.00,98.20
1892.00,98.19
1891.00,98.18
1890.00,98.17
1889.00,98.17
1888.00,98.18
1887.00,98.20
1886.00,98.21
1885.00,98.22
1884.00,98.22
1883.00,98.22
1882.00,98.22
1881.00,98.21
1880.00,98.20
1879.00,98.21
1878.00,98.23
1877.00,98.25
1876.00,98.26
1875.00,98.27
1874.00,98.26
1873.00,98.24
1872.00,98.21
1871.00,98.19
1870.00,98.20
1869.00,98.21
1868.00,98.24
1867.00,98.28
1866.00,98.30
1865.00,98.31
1864.00,98.30
1863.00,98.30
1862.00,98.31
1861.00,98.31
1860.00,98.31
1859.00,98.32
1858.00,98.33
1857.00,98.33
1856.00,98.34
1855.00,98.35
1854.00,98.36
1853.00,98.37
1852.00,98.38
1851.00,98.39
1850.00,98.40
1849.00,98.40
1848.00,98.39
1847.00,98.39
1846.00,98.39
1845.00,98.38
1844.00,98.38
1843.00,98.37
1842.00,98.38
1841.00,98.39
1840.00,98.41
1839.00,98.42
1838.00,98.43
1837.00,98.42
1836.00,98.39
1835.00,98.35
1834.00,98.31
1833.00,98.27
1832.00,98.26
1831.00,98.26
1830.00,98.28
1829.00,98.31
1828.00,98.32
1827.00,98.33
1826.00,98.35
1825.00,98.37
1824.00,98.39
1823.00,98.41
1822.00,98.43
1821.00,98.44
1820.00,98.46
1819.00,98.49
1818.00,98.51
1817.00,98.52
1816.00,98.52
1815.00,98.51
1814.00,98.51
1813.00,98.50
1812.00,98.49
1811.00,98.49
1810.00,98.49
1809.00,98.50
1808.00,98.49
1807.00,98.48
1806.00,98.47
1805.00,98.47
1804.00,98.46
1803.00,98.46
1802.00,98.46
1801.00,98.46
1800.00,98.45
1799.00,98.45
1798.00,98.45
1797.00,98.44
1796.00,98.43
1795.00,98.42
1794.00,98.41
1793.00,98.40
1792.00,98.39
1791.00,98.38
1790.00,98.38
1789.00,98.38
1788.00,98.38
1787.00,98.39
1786.00,98.41
1785.00,98.37
1784.00,98.38
1783.00,98.42
1782.00,98.43
1781.00,98.44
1780.00,98.45
1779.00,98.46
1778.00,98.48
1777.00,98.50
1776.00,98.51
1775.00,98.52
1774.00,98.53
1773.00,98.53
1772.00,98.52
1771.00,98.51
1770.00,98.51
1769.00,98.51
1768.00,98.50
1767.00,98.50
1766.00,98.51
1765.00,98.51
1764.00,98.50
1763.00,98.51
1762.00,98.52
1761.00,98.52
1760.00,98.52
1759.00,98.52
1758.00,98.53
1757.00,98.53
1756.00,98.52
1755.00,98.52
1754.00,98.52
1753.00,98.52
1752.00,98.51
1751.00,98.51
1750.00,98.52
1749.00,98.52
1748.00,98.50
1747.00,98.49
1746.00,98.49
1745.00,98.48
1744.00,98.46
1743.00,98.46
1742.00,98.47
1741.00,98.47
1740.00,98.46
1739.00,98.45
1738.00,98.47
1737.00,98.33
1736.00,98.28
1735.00,98.32
1734.00,98.34
1733.00,98.36
1732.00,98.36
1731.00,98.36
1730.00,98.37
1729.00,98.38
1728.00,98.38
1727.00,98.39
1726.00,98.39
1725.00,98.37
1724.00,98.32
1723.00,98.26
1722.00,98.22
1721.00,98.24
1720.00,98.30
1719.00,98.36
1718.00,98.37
1717.00,98.37
1716.00,98.39
1715.00,98.48
1714.00,98.59
1713.00,98.68
1712.00,98.73
1711.00,98.73
1710.00,98.69
1709.00,98.63
1708.00,98.55
1707.00,98.48
1706.00,98.38
1705.00,98.22
1704.00,97.96
1703.00,97.64
1702.00,97.43
1701.00,97.36
1700.00,97.32
1699.00,97.23
1698.00,96.98
1697.00,96.46
1696.00,95.72
1695.00,94.86
1694.00,93.97
1693.00,93.03
1692.00,91.95
1691.00,90.75
1690.00,89.53
1689.00,88.39
1688.00,87.36
1687.00,86.45
1686.00,85.60
1685.00,84.81
1684.00,84.32
1683.00,84.31
1682.00,84.71
1681.00,85.32
1680.00,86.01
1679.00,86.72
1678.00,87.44
1677.00,88.17
1676.00,88.93
1675.00,89.64
1674.00,90.24
1673.00,90.71
1672.00,91.09
1671.00,91.47
1670.00,91.84
1669.00,92.19
1668.00,92.43
1667.00,92.57
1666.00,92.60
1665.00,92.57
1664.00,92.49
1663.00,92.36
1662.00,92.19
1661.00,91.96
1660.00,91.66
1659.00,91.27
1658.00,90.85
1657.00,90.42
1656.00,89.97
1655.00,89.47
1654.00,88.83
1653.00,88.03
1652.00,87.17
1651.00,86.52
1650.00,86.07
1649.00,85.60
1648.00,84.98
1647.00,84.26
1646.00,83.55
1645.00,82.89
1644.00,82.29
1643.00,81.69
1642.00,81.03
1641.00,80.30
1640.00,79.53
1639.00,78.81
1638.00,78.11
1637.00,77.38
1636.00,76.65
1635.00,76.03
1634.00,75.57
1633.00,75.21
1632.00,74.85
1631.00,74.45
1630.00,74.02
1629.00,73.59
1628.00,73.18
1627.00,72.85
1626.00,72.60
1625.00,72.41
1624.00,72.22
1623.00,72.04
1622.00,71.94
1621.00,71.98
1620.00,72.13
1619.00,72.34
1618.00,72.56
1617.00,72.77
1616.00,73.02
1615.00,73.34
1614.00,73.75
1613.00,74.18
1612.00,74.60
1611.00,75.01
1610.00,75.46
1609.00,75.96
1608.00,76.54
1607.00,77.20
1606.00,77.94
1605.00,78.72
1604.00,79.50
1603.00,80.26
1602.00,80.95
1601.00,81.57
1600.00,82.09
1599.00,82.49
1598.00,82.79
1597.00,82.95
1596.00,82.99
1595.00,82.91
1594.00,82.72
1593.00,82.46
1592.00,82.11
1591.00,81.72
1590.00,81.29
1589.00,80.86
1588.00,80.46
1587.00,80.12
1586.00,79.84
1585.00,79.64
1584.00,79.53
1583.00,79.50
1582.00,79.57
1581.00,79.75
1580.00,80.04
1579.00,80.39
1578.00,80.73
1577.00,81.03
1576.00,81.33
1575.00,81.65
1574.00,82.01
1573.00,82.39
1572.00,82.79
1571.00,83.20
1570.00,83.65
1569.00,84.12
1568.00,84.57
1567.00,84.99
1566.00,85.40
1565.00,85.79
1564.00,86.14
1563.00,86.37
1562.00,86.51
1561.00,86.71
1560.00,86.92
1559.00,87.21
1558.00,87.63
1557.00,88.06
1556.00,88.45
1555.00,88.76
1554.00,89.05
1553.00,89.32
1552.00,89.57
1551.00,89.79
1550.00,89.98
1549.00,90.17
1548.00,90.35
1547.00,90.53
1546.00,90.68
1545.00,90.79
1544.00,90.90
1543.00,91.06
1542.00,91.26
1541.00,91.42
1540.00,91.57
1539.00,91.71
1538.00,91.79
1537.00,91.86
1536.00,91.93
1535.00,92.01
1534.00,92.12
1533.00,92.26
1532.00,92.39
1531.00,92.48
1530.00,92.55
1529.00,92.62
1528.00,92.66
1527.00,92.67
1526.00,92.70
1525.00,92.75
1524.00,92.81
1523.00,92.83
1522.00,92.78
1521.00,92.72
1520.00,92.69
1519.00,92.71
1518.00,92.73
1517.00,92.71
1516.00,92.67
1515.00,92.62
1514.00,92.55
1513.00,92.44
1512.00,92.30
1511.00,92.15
1510.00,92.00
1509.00,91.77
1508.00,91.33
1507.00,90.88
1506.00,90.54
1505.00,90.23
1504.00,89.92
1503.00,89.56
1502.00,89.10
1501.00,88.58
1500.00,88.03
1499.00,87.48
1498.00,86.87
1497.00,86.15
1496.00,85.36
1495.00,84.58
1494.00,83.86
1493.00,83.18
1492.00,82.52
1491.00,81.80
1490.00,81.05
1489.00,80.34
1488.00,79.76
1487.00,79.29
1486.00,78.93
1485.00,78.68
1484.00,78.55
1483.00,78.53
1482.00,78.58
1481.00,78.72
1480.00,78.92
1479.00,79.19
1478.00,79.49
1477.00,79.82
1476.00,80.16
1475.00,80.48
1474.00,80.76
1473.00,81.04
1472.00,81.35
1471.00,81.67
1470.00,81.97
1469.00,82.23
1468.00,82.45
1467.00,82.67
1466.00,82.92
1465.00,83.22
1464.00,83.54
1463.00,83.87
1462.00,84.18
1461.00,84.49
1460.00,84.83
1459.00,85.13
1458.00,85.38
1457.00,85.56
1456.00,85.56
1455.00,85.31
1454.00,84.73
1453.00,83.79
1452.00,82.65
1451.00,81.64
1450.00,81.14
1449.00,81.26
1448.00,81.88
1447.00,82.72
1446.00,83.54
1445.00,84.24
1444.00,84.80
1443.00,85.26
1442.00,85.60
1441.00,85.84
1440.00,85.98
1439.00,86.09
1438.00,86.21
1437.00,86.35
1436.00,86.48
1435.00,86.53
1434.00,86.51
1433.00,86.40
1432.00,86.18
1431.00,85.86
1430.00,85.45
1429.00,84.98
1428.00,84.48
1427.00,83.99
1426.00,83.51
1425.00,83.03
1424.00,82.56
1423.00,82.10
1422.00,81.57
1421.00,80.84
1420.00,79.80
1419.00,78.54
1418.00,77.38
1417.00,76.59
1416.00,76.18
1415.00,75.99
1414.00,75.85
1413.00,75.60
1412.00,75.21
1411.00,74.79
1410.00,74.51
1409.00,74.47
1408.00,74.73
1407.00,75.24
1406.00,75.92
1405.00,76.68
1404.00,77.47
1403.00,78.23
1402.00,78.96
1401.00,79.66
1400.00,80.34
1399.00,80.99
1398.00,81.60
1397.00,82.16
1396.00,82.70
1395.00,83.25
1394.00,83.81
1393.00,84.33
1392.00,84.83
1391.00,85.29
1390.00,85.73
1389.00,86.16
1388.00,86.57
1387.00,86.97
1386.00,87.35
1385.00,87.73
1384.00,88.09
1383.00,88.44
1382.00,88.76
1381.00,89.05
1380.00,89.33
1379.00,89.59
1378.00,89.83
1377.00,90.06
1376.00,90.27
1375.00,90.46
1374.00,90.63
1373.00,90.79
1372.00,90.96
1371.00,91.10
1370.00,91.18
1369.00,91.20
1368.00,91.14
1367.00,90.98
1366.00,90.67
1365.00,90.15
1364.00,89.34
1363.00,88.25
1362.00,87.02
1361.00,85.90
1360.00,85.12
1359.00,84.81
1358.00,84.97
1357.00,85.49
1356.00,86.22
1355.00,87.01
1354.00,87.77
1353.00,88.43
1352.00,88.99
1351.00,89.43
1350.00,89.74
1349.00,89.92
1348.00,89.98
1347.00,89.89
1346.00,89.66
1345.00,89.27
1344.00,88.73
1343.00,88.01
1342.00,87.08
1341.00,85.90
1340.00,84.48
1339.00,82.89
1338.00,81.28
1337.00,79.76
1336.00,78.43
1335.00,77.34
1334.00,76.54
1333.00,76.06
1332.00,75.90
1331.00,76.04
1330.00,76.43
1329.00,77.01
1328.00,77.70
1327.00,78.45
1326.00,79.18
1325.00,79.82
1324.00,80.32
1323.00,80.63
1322.00,80.71
1321.00,80.54
1320.00,80.12
1319.00,79.53
1318.00,78.86
1317.00,78.24
1316.00,77.79
1315.00,77.55
1314.00,77.54
1313.00,77.75
1312.00,78.14
1311.00,78.65
1310.00,79.24
1309.00,79.85
1308.00,80.44
1307.00,81.00
1306.00,81.52
1305.00,82.01
1304.00,82.47
1303.00,82.91
1302.00,83.33
1301.00,83.72
1300.00,84.08
1299.00,84.42
1298.00,84.73
1297.00,85.01
1296.00,85.27
1295.00,85.50
1294.00,85.69
1293.00,85.83
1292.00,85.89
1291.00,85.85
1290.00,85.70
1289.00,85.42
1288.00,85.00
1287.00,84.44
1286.00,83.76
1285.00,82.99
1284.00,82.20
1283.00,81.47
1282.00,80.92
1281.00,80.62
1280.00,80.60
1279.00,80.82
1278.00,81.20
1277.00,81.69
1276.00,82.22
1275.00,82.75
1274.00,83.27
1273.00,83.74
1272.00,84.18
1271.00,84.58
1270.00,84.94
1269.00,85.28
1268.00,85.58
1267.00,85.84
1266.00,86.04
1265.00,86.16
1264.00,86.19
1263.00,86.09
1262.00,85.86
1261.00,85.50
1260.00,85.04
1259.00,84.53
1258.00,84.05
1257.00,83.69
1256.00,83.50
1255.00,83.50
1254.00,83.67
1253.00,83.98
1252.00,84.37
1251.00,84.80
1250.00,85.23
1249.00,85.64
1248.00,86.02
1247.00,86.38
1246.00,86.70
1245.00,86.99
1244.00,87.25
1243.00,87.49
1242.00,87.71
1241.00,87.91
1240.00,88.09
1239.00,88.26
1238.00,88.41
1237.00,88.56
1236.00,88.70
1235.00,88.85
1234.00,88.98
1233.00,89.11
1232.00,89.23
1231.00,89.35
1230.00,89.45
1229.00,89.55
1228.00,89.66
1227.00,89.76
1226.00,89.86
1225.00,89.95
1224.00,90.05
1223.00,90.14
1222.00,90.24
1221.00,90.34
1220.00,90.44
1219.00,90.54
1218.00,90.63
1217.00,90.71
1216.00,90.80
1215.00,90.87
1214.00,90.92
1213.00,90.95
1212.00,90.92
1211.00,90.81
1210.00,90.59
1209.00,90.19
1208.00,89.56
1207.00,88.66
1206.00,87.53
1205.00,86.32
1204.00,85.27
1203.00,84.59
1202.00,84.40
1201.00,84.69
1200.00,85.32
1199.00,86.11
1198.00,86.91
1197.00,87.63
1196.00,88.25
1195.00,88.78
1194.00,89.22
1193.00,89.59
1192.00,89.91
1191.00,90.20
1190.00,90.45
1189.00,90.66
1188.00,90.85
1187.00,91.02
1186.00,91.17
1185.00,91.32
1184.00,91.46
1183.00,91.57
1182.00,91.67
1181.00,91.74
1180.00,91.80
1179.00,91.83
1178.00,91.81
1177.00,91.74
1176.00,91.60
1175.00,91.36
1174.00,90.98
1173.00,90.43
1172.00,89.66
1171.00,88.67
1170.00,87.46
1169.00,86.11
1168.00,84.72
1167.00,83.43
1166.00,82.33
1165.00,81.47
1164.00,80.88
1163.00,80.57
1162.00,80.56
1161.00,80.86
1160.00,81.44
1159.00,82.22
1158.00,83.11
1157.00,84.01
1156.00,84.87
1155.00,85.65
1154.00,86.35
1153.00,86.96
1152.00,87.51
1151.00,87.98
1150.00,88.40
1149.00,88.77
1148.00,89.09
1147.00,89.38
1146.00,89.63
1145.00,89.84
1144.00,90.02
1143.00,90.15
1142.00,90.23
1141.00,90.25
1140.00,90.22
1139.00,90.10
1138.00,89.88
1137.00,89.54
1136.00,89.08
1135.00,88.51
1134.00,87.88
1133.00,87.27
1132.00,86.80
1131.00,86.54
1130.00,86.56
1129.00,86.81
1128.00,87.24
1127.00,87.77
1126.00,88.33
1125.00,88.86
1124.00,89.33
1123.00,89.74
1122.00,90.08
1121.00,90.37
1120.00,90.61
1119.00,90.79
1118.00,90.93
1117.00,91.02
1116.00,91.05
1115.00,91.03
1114.00,90.93
1113.00,90.75
1112.00,90.46
1111.00,90.05
1110.00,89.50
1109.00,88.80
1108.00,87.97
1107.00,87.08
1106.00,86.23
1105.00,85.57
1104.00,85.23
1103.00,85.23
1102.00,85.54
1101.00,86.07
1100.00,86.70
1099.00,87.35
1098.00,87.97
1097.00,88.52
1096.00,88.97
1095.00,89.31
1094.00,89.50
1093.00,89.53
1092.00,89.32
1091.00,88.85
1090.00,88.10
1089.00,87.17
1088.00,86.23
1087.00,85.48
1086.00,85.05
1085.00,85.00
1084.00,85.28
1083.00,85.80
1082.00,86.46
1081.00,87.17
1080.00,87.87
1079.00,88.51
1078.00,89.07
1077.00,89.55
1076.00,89.97
1075.00,90.33
1074.00,90.62
1073.00,90.87
1072.00,91.09
1071.00,91.27
1070.00,91.44
1069.00,91.59
1068.00,91.73
1067.00,91.86
1066.00,91.96
1065.00,92.01
1064.00,92.03
1063.00,92.00
1062.00,91.91
1061.00,91.72
1060.00,91.38
1059.00,90.80
1058.00,89.91
1057.00,88.63
1056.00,86.98
1055.00,85.12
1054.00,83.38
1053.00,82.15
1052.00,81.66
1051.00,81.93
1050.00,82.77
1049.00,83.91
1048.00,85.08
1047.00,86.14
1046.00,87.03
1045.00,87.76
1044.00,88.38
1043.00,88.91
1042.00,89.39
1041.00,89.82
1040.00,90.19
1039.00,90.51
1038.00,90.79
1037.00,91.03
1036.00,91.25
1035.00,91.45
1034.00,91.62
1033.00,91.77
1032.00,91.91
1031.00,92.04
1030.00,92.16
1029.00,92.27
1028.00,92.37
1027.00,92.46
1026.00,92.54
1025.00,92.62
1024.00,92.70
1023.00,92.77
1022.00,92.84
1021.00,92.90
1020.00,92.96
1019.00,93.03
1018.00,93.09
1017.00,93.14
1016.00,93.20
1015.00,93.25
1014.00,93.30
1013.00,93.34
1012.00,93.38
1011.00,93.41
1010.00,93.43
1009.00,93.44
1008.00,93.40
1007.00,93.29
1006.00,93.06
1005.00,92.69
1004.00,92.14
1003.00,91.41
1002.00,90.57
1001.00,89.79
1000.00,89.25
999.00,89.08
998.00,89.26
997.00,89.67
996.00,90.18
995.00,90.67
994.00,91.10
993.00,91.46
992.00,91.76
991.00,92.01
990.00,92.22
989.00,92.40
988.00,92.55
987.00,92.67
986.00,92.77
985.00,92.84
984.00,92.91
983.00,92.98
982.00,93.04
981.00,93.10
980.00,93.18
979.00,93.28
978.00,93.37
977.00,93.45
976.00,93.53
975.00,93.61
974.00,93.68
973.00,93.75
972.00,93.82
971.00,93.87
970.00,93.91
969.00,93.96
968.00,94.01
967.00,94.07
966.00,94.11
965.00,94.15
964.00,94.18
963.00,94.21
962.00,94.24
961.00,94.28
960.00,94.32
959.00,94.36
958.00,94.39
957.00,94.43
956.00,94.47
955.00,94.51
954.00,94.54
953.00,94.57
952.00,94.60
951.00,94.63
950.00,94.66
949.00,94.69
948.00,94.73
947.00,94.76
946.00,94.79
945.00,94.82
944.00,94.86
943.00,94.89
942.00,94.92
941.00,94.94
940.00,94.96
939.00,94.97
938.00,94.98
937.00,94.99
936.00,94.99
935.00,94.96
934.00,94.88
933.00,94.73
932.00,94.47
931.00,94.05
930.00,93.44
929.00,92.68
928.00,91.91
927.00,91.30
926.00,91.02
925.00,91.12
924.00,91.52
923.00,92.06
922.00,92.58
921.00,93.02
920.00,93.37
919.00,93.62
918.00,93.82
917.00,93.97
916.00,94.08
915.00,94.16
914.00,94.20
913.00,94.21
912.00,94.20
911.00,94.18
910.00,94.16
909.00,94.13
908.00,94.10
907.00,94.06
906.00,94.00
905.00,93.90
904.00,93.73
903.00,93.48
902.00,93.14
901.00,92.73
900.00,92.28
899.00,91.86
898.00,91.55
897.00,91.42
896.00,91.47
895.00,91.66
894.00,91.95
893.00,92.26
892.00,92.57
891.00,92.86
890.00,93.13
889.00,93.36
888.00,93.56
887.00,93.73
886.00,93.87
885.00,94.00
884.00,94.13
883.00,94.24
882.00,94.34
881.00,94.43
880.00,94.50
879.00,94.57
878.00,94.63
877.00,94.68
876.00,94.75
875.00,94.81
874.00,94.86
873.00,94.92
872.00,94.96
871.00,95.00
870.00,95.03
869.00,95.05
868.00,95.06
867.00,95.07
866.00,95.06
865.00,95.03
864.00,94.98
863.00,94.90
862.00,94.78
861.00,94.61
860.00,94.37
859.00,94.02
858.00,93.55
857.00,92.96
856.00,92.27
855.00,91.53
854.00,90.77
853.00,90.03
852.00,89.31
851.00,88.60
850.00,87.95
849.00,87.45
848.00,87.19
847.00,87.22
846.00,87.52
845.00,88.02
844.00,88.63
843.00,89.27
842.00,89.90
841.00,90.49
840.00,91.02
839.00,91.50
838.00,91.93
837.00,92.30
836.00,92.62
835.00,92.90
834.00,93.15
833.00,93.36
832.00,93.55
831.00,93.71
830.00,93.85
829.00,93.97
828.00,94.09
827.00,94.20
826.00,94.30
825.00,94.39
824.00,94.44
823.00,94.47
822.00,94.47
821.00,94.44
820.00,94.35
819.00,94.20
818.00,93.92
817.00,93.45
816.00,92.67
815.00,91.42
814.00,89.58
813.00,87.19
812.00,84.56
811.00,82.29
810.00,80.99
809.00,80.98
808.00,82.10
807.00,83.84
806.00,85.64
805.00,87.21
804.00,88.45
803.00,89.39
802.00,90.11
801.00,90.65
800.00,91.04
799.00,91.34
798.00,91.56
797.00,91.76
796.00,91.94
795.00,92.10
794.00,92.23
793.00,92.35
792.00,92.45
791.00,92.51
790.00,92.53
789.00,92.50
788.00,92.42
787.00,92.27
786.00,92.05
785.00,91.73
784.00,91.27
783.00,90.62
782.00,89.72
781.00,88.54
780.00,87.14
779.00,85.71
778.00,84.51
777.00,83.85
776.00,83.89
775.00,84.56
774.00,85.64
773.00,86.86
772.00,88.01
771.00,88.99
770.00,89.77
769.00,90.37
768.00,90.84
767.00,91.21
766.00,91.50
765.00,91.72
764.00,91.88
763.00,92.00
762.00,92.11
761.00,92.20
760.00,92.29
759.00,92.37
758.00,92.43
757.00,92.48
756.00,92.53
755.00,92.58
754.00,92.64
753.00,92.70
752.00,92.76
751.00,92.80
750.00,92.85
749.00,92.89
748.00,92.95
747.00,92.99
746.00,93.03
745.00,93.04
744.00,93.06
743.00,93.07
742.00,93.09
741.00,93.08
740.00,93.05
739.00,93.00
738.00,92.94
737.00,92.87
736.00,92.78
735.00,92.67
734.00,92.56
733.00,92.45
732.00,92.35
731.00,92.25
730.00,92.15
729.00,92.05
728.00,91.95
727.00,91.84
726.00,91.76
725.00,91.71
724.00,91.68
723.00,91.68
722.00,91.70
721.00,91.72
720.00,91.75
719.00,91.80
718.00,91.85
717.00,91.90
716.00,91.95
715.00,92.01
714.00,92.06
713.00,92.10
712.00,92.12
711.00,92.13
710.00,92.13
709.00,92.13
708.00,92.12
707.00,92.09
706.00,92.05
705.00,91.98
704.00,91.88
703.00,91.77
702.00,91.66
701.00,91.54
700.00,91.39
699.00,91.22
698.00,91.02
697.00,90.78
696.00,90.52
695.00,90.22
694.00,89.89
693.00,89.52
692.00,89.10
691.00,88.65
690.00,88.17
689.00,87.66
688.00,87.11
687.00,86.52
686.00,85.93
685.00,85.33
684.00,84.72
683.00,84.13
682.00,83.55
681.00,83.02
680.00,82.52
679.00,82.09
678.00,81.71
677.00,81.39
676.00,81.12
675.00,80.93
674.00,80.79
673.00,80.72
672.00,80.68
671.00,80.68
670.00,80.74
669.00,80.83
668.00,80.94
667.00,81.13
666.00,81.40
665.00,81.66
664.00,81.90
663.00,82.10
662.00,82.27
661.00,82.42
660.00,82.52
659.00,82.55
658.00,82.48
657.00,82.30
656.00,82.03
655.00,81.70
654.00,81.37
653.00,81.11
652.00,80.98
651.00,81.01
650.00,81.20
649.00,81.52
648.00,81.94
647.00,82.40
646.00,82.88
645.00,83.34
644.00,83.77
643.00,84.16
642.00,84.51
641.00,84.79
640.00,85.02
639.00,85.18
638.00,85.28
637.00,85.30
636.00,85.24
635.00,85.08
634.00,84.82
633.00,84.46
632.00,84.01
631.00,83.47
630.00,82.84
629.00,82.15
628.00,81.43
627.00,80.68
626.00,79.90
625.00,79.09
624.00,78.28
623.00,77.48
622.00,76.77
621.00,76.20
620.00,75.81
619.00,75.63
618.00,75.66
617.00,75.86
616.00,76.15
615.00,76.51
614.00,76.87
613.00,77.22
612.00,77.52
611.00,77.79
610.00,78.01
609.00,78.19
608.00,78.30
607.00,78.35
606.00,78.35
605.00,78.32
604.00,78.27
603.00,78.19
602.00,78.10
601.00,78.02
600.00,77.96
599.00,77.91
598.00,77.89
597.00,77.88
596.00,77.91
595.00,77.96
594.00,78.04
593.00,78.14
592.00,78.27
591.00,78.43
590.00,78.65
589.00,78.91
588.00,79.19
587.00,79.49
586.00,79.81
585.00,80.16
584.00,80.54
583.00,80.92
582.00,81.28
581.00,81.60
580.00,81.91
579.00,82.23
578.00,82.56
577.00,82.88
576.00,83.21
575.00,83.53
574.00,83.85
573.00,84.17
572.00,84.49
571.00,84.81
570.00,85.11
569.00,85.38
568.00,85.62
567.00,85.82
566.00,85.97
565.00,86.12
564.00,86.26
563.00,86.42
562.00,86.58
561.00,86.75
560.00,86.93
559.00,87.13
558.00,87.33
557.00,87.50
556.00,87.60
555.00,87.58
554.00,87.43
553.00,87.15
552.00,86.73
551.00,86.13
550.00,85.30
549.00,84.24
548.00,83.00
547.00,81.63
546.00,80.23
545.00,78.81
544.00,77.34
543.00,75.74
542.00,73.96
541.00,72.07
540.00,70.26
539.00,68.85
538.00,68.09
537.00,68.07
536.00,68.75
535.00,69.97
534.00,71.54
533.00,73.26
532.00,75.00
531.00,76.67
530.00,78.19
529.00,79.53
528.00,80.70
527.00,81.74
526.00,82.68
525.00,83.54
524.00,84.32
523.00,85.01
522.00,85.62
521.00,86.15
520.00,86.64
519.00,87.09
518.00,87.51
517.00,87.88
516.00,88.22
515.00,88.52
514.00,88.78
513.00,89.03
512.00,89.29
511.00,89.57
510.00,89.85
509.00,90.10
508.00,90.32
507.00,90.50
506.00,90.64
505.00,90.76
504.00,90.89
503.00,91.03
502.00,91.17
501.00,91.29
500.00,91.38
499.00,91.45
498.00,91.50
497.00,91.52
496.00,91.50
495.00,91.42
494.00,91.28
493.00,91.08
492.00,90.80
491.00,90.37
490.00,89.77
489.00,89.00
488.00,88.03
487.00,86.84
486.00,85.40
485.00,83.77
484.00,82.04
483.00,80.33
482.00,78.76
481.00,77.39
480.00,76.25
479.00,75.33
478.00,74.65
477.00,74.26
476.00,74.25
475.00,74.68
474.00,75.57
473.00,76.78
472.00,78.10
471.00,79.33
470.00,80.37
469.00,81.19
468.00,81.84
467.00,82.32
466.00,82.61
465.00,82.72
464.00,82.63
463.00,82.28
462.00,81.55
461.00,80.35
460.00,78.63
459.00,76.40
458.00,73.82
457.00,71.24
456.00,69.14
455.00,67.82
454.00,67.41
453.00,67.87
452.00,69.07
451.00,70.78
450.00,72.76
449.00,74.79
448.00,76.74
447.00,78.52
446.00,80.08
445.00,81.40
444.00,82.53
443.00,83.53
442.00,84.42
441.00,85.19
440.00,85.83
439.00,86.33
438.00,86.74
437.00,87.13
436.00,87.48
435.00,87.76
434.00,87.93
433.00,88.01
432.00,88.03
431.00,88.04
430.00,88.08
429.00,88.18
428.00,88.28
427.00,88.35
426.00,88.41
425.00,88.56
424.00,88.78
423.00,88.95
422.00,88.99
421.00,88.95
420.00,88.96
419.00,89.02
418.00,89.11
417.00,89.31
416.00,89.60
415.00,89.82
414.00,89.86
413.00,89.79
412.00,89.75
411.00,89.81
410.00,89.95
409.00,90.18
408.00,90.46
407.00,90.67
406.00,90.72
405.00,90.69
404.00,90.79
403.00,91.05
402.00,91.32
401.00,91.35
400.00,91.23
