<?xml version="1.0" encoding="UTF-8"?>
<PeakList>
  <PeakList1D>
    <PeakList1DHeader creator="nmr" date="2025-07-13T16:39:35.483-07:00" expNo="10" name="2025_07_13_CBD_Isolate_DMSOd6_NMR_OAG" owner="" procNo="1" source="D:/AutomationData/data/nmr/nmr">
      <PeakPickDetails>F1=20.876471ppm, F2=-8.526473ppm, MI=0.10cm, MAXI=10000.00cm, PC=1.000
      </PeakPickDetails>
    </PeakList1DHeader>
    <Peak1D F1="8.645357" intensity="8.553516e-01" type="0"/>
    <Peak1D F1="6.019758" intensity="7.291411e+00" type="0"/>
    <Peak1D F1="5.090064" intensity="2.500782e+00" type="0"/>
    <Peak1D F1="4.498411" intensity="2.393244e+00" type="0"/>
    <Peak1D F1="4.493721" intensity="2.555848e+00" type="0"/>
    <Peak1D F1="4.413598" intensity="2.498746e+00" type="0"/>
    <Peak1D F1="4.411446" intensity="2.417725e+00" type="0"/>
    <Peak1D F1="3.839367" intensity="8.471218e-01" type="0"/>
    <Peak1D F1="3.821467" intensity="8.866024e-01" type="0"/>
    <Peak1D F1="3.335947" intensity="1.500000e+01" type="0"/>
    <Peak1D F1="3.312123" intensity="1.193072e+00" type="0"/>
    <Peak1D F1="3.057370" intensity="6.288257e-01" type="0"/>
    <Peak1D F1="3.052822" intensity="6.549782e-01" type="0"/>
    <Peak1D F1="3.032703" intensity="1.264886e+00" type="0"/>
    <Peak1D F1="3.012056" intensity="6.697300e-01" type="0"/>
    <Peak1D F1="3.007049" intensity="6.176197e-01" type="0"/>
    <Peak1D F1="2.512379" intensity="3.915360e+00" type="0"/>
    <Peak1D F1="2.508916" intensity="5.196053e+00" type="0"/>
    <Peak1D F1="2.505423" intensity="3.932302e+00" type="0"/>
    <Peak1D F1="2.320834" intensity="2.099942e+00" type="0"/>
    <Peak1D F1="2.305774" intensity="3.259868e+00" type="0"/>
    <Peak1D F1="2.290253" intensity="2.235196e+00" type="0"/>
    <Peak1D F1="2.134744" intensity="2.969877e-01" type="0"/>
    <Peak1D F1="2.103480" intensity="5.828447e-01" type="0"/>
    <Peak1D F1="2.089220" intensity="4.624505e-01" type="0"/>
    <Peak1D F1="2.078743" intensity="4.519540e-01" type="0"/>
    <Peak1D F1="1.937135" intensity="8.935934e-01" type="0"/>
    <Peak1D F1="1.911019" intensity="6.025775e-01" type="0"/>
    <Peak1D F1="1.903635" intensity="6.036844e-01" type="0"/>
    <Peak1D F1="1.703013" intensity="5.527949e-01" type="0"/>
    <Peak1D F1="1.695548" intensity="5.591032e-01" type="0"/>
    <Peak1D F1="1.683113" intensity="9.369435e-01" type="0"/>
    <Peak1D F1="1.677097" intensity="9.611949e-01" type="0"/>
    <Peak1D F1="1.651143" intensity="4.628901e-01" type="0"/>
    <Peak1D F1="1.640386" intensity="4.990552e-01" type="0"/>
    <Peak1D F1="1.626490" intensity="1.007864e+00" type="0"/>
    <Peak1D F1="1.603274" intensity="8.955826e+00" type="0"/>
    <Peak1D F1="1.589478" intensity="1.271613e+01" type="0"/>
    <Peak1D F1="1.567052" intensity="3.970999e-01" type="0"/>
    <Peak1D F1="1.505874" intensity="6.072420e-01" type="0"/>
    <Peak1D F1="1.490692" intensity="1.545624e+00" type="0"/>
    <Peak1D F1="1.475965" intensity="2.289557e+00" type="0"/>
    <Peak1D F1="1.461051" intensity="1.702615e+00" type="0"/>
    <Peak1D F1="1.446166" intensity="6.501473e-01" type="0"/>
    <Peak1D F1="1.338456" intensity="1.719478e-01" type="0"/>
    <Peak1D F1="1.334594" intensity="1.901087e-01" type="0"/>
    <Peak1D F1="1.323952" intensity="6.711079e-01" type="0"/>
    <Peak1D F1="1.320081" intensity="7.120037e-01" type="0"/>
    <Peak1D F1="1.307273" intensity="1.667355e+00" type="0"/>
    <Peak1D F1="1.293088" intensity="2.312771e+00" type="0"/>
    <Peak1D F1="1.278707" intensity="2.351531e+00" type="0"/>
    <Peak1D F1="1.263633" intensity="2.124667e+00" type="0"/>
    <Peak1D F1="1.248855" intensity="1.959167e+00" type="0"/>
    <Peak1D F1="1.239335" intensity="1.005731e+00" type="0"/>
    <Peak1D F1="1.233358" intensity="8.617025e-01" type="0"/>
    <Peak1D F1="1.222294" intensity="2.893615e-01" type="0"/>
    <Peak1D F1="1.217688" intensity="2.467336e-01" type="0"/>
    <Peak1D F1="0.879640" intensity="4.410740e+00" type="0"/>
    <Peak1D F1="0.865798" intensity="9.376298e+00" type="0"/>
    <Peak1D F1="0.851387" intensity="4.497351e+00" type="0"/>
  </PeakList1D>
</PeakList>
