<?xml version="1.0" encoding="UTF-8"?>
<PeakList>
  <PeakList1D>
    <PeakList1DHeader creator="chm343" date="2023-09-22T22:02:21.481-07:00" expNo="4" name="2023_09_22_MeOD_3mm_FS_VT_1H_Bruker400" owner="" procNo="1" source="C:/Data/CHM343/Fall2023/data/chm343/nmr">
      <PeakPickDetails>F1=21.227680ppm, F2=-3.274160ppm, MI=0.10cm, MAXI=10000.00cm, PC=1.000
      </PeakPickDetails>
    </PeakList1DHeader>
    <Peak1D F1="18.777773" intensity="1.351675e+001" type="0"/>
    <Peak1D F1="14.973195" intensity="1.269391e+001" type="0"/>
    <Peak1D F1="12.052070" intensity="1.255599e+001" type="0"/>
    <Peak1D F1="11.646903" intensity="1.182758e+001" type="0"/>
    <Peak1D F1="9.849132" intensity="1.271469e+001" type="0"/>
    <Peak1D F1="7.651788" intensity="1.131509e+001" type="0"/>
    <Peak1D F1="7.225766" intensity="1.500000e+001" type="0"/>
    <Peak1D F1="6.701320" intensity="1.200270e+001" type="0"/>
    <Peak1D F1="4.814340" intensity="5.132175e+002" type="0"/>
    <Peak1D F1="3.805463" intensity="1.181011e+001" type="0"/>
    <Peak1D F1="3.305632" intensity="4.843449e+002" type="0"/>
    <Peak1D F1="3.302356" intensity="5.019800e+002" type="0"/>
    <Peak1D F1="0.953221" intensity="1.184954e+001" type="0"/>
    <Peak1D F1="-0.000091" intensity="2.260518e+002" type="0"/>
    <Peak1D F1="-0.478585" intensity="1.131333e+001" type="0"/>
  </PeakList1D>
</PeakList>
