<?xml version="1.0" encoding="UTF-8"?>
<PeakList>
  <PeakList1D>
    <PeakList1DHeader creator="chm343" date="2023-09-22T22:43:07.600-07:00" expNo="8" name="2023_09_22_MeOD_3mm_FS_VT_1H_Bruker400" owner="" procNo="1" source="C:/Data/CHM343/Fall2023/data/chm343/nmr">
      <PeakPickDetails>F1=21.230150ppm, F2=-3.271690ppm, MI=0.10cm, MAXI=10000.00cm, PC=1.000
      </PeakPickDetails>
    </PeakList1DHeader>
    <Peak1D F1="4.706310" intensity="6.088892e+002" type="0"/>
    <Peak1D F1="3.311826" intensity="2.835841e+002" type="0"/>
    <Peak1D F1="3.307835" intensity="4.655952e+002" type="0"/>
    <Peak1D F1="3.303960" intensity="4.796643e+002" type="0"/>
    <Peak1D F1="3.079207" intensity="1.369281e+001" type="0"/>
    <Peak1D F1="2.716901" intensity="1.500000e+001" type="0"/>
    <Peak1D F1="-0.000098" intensity="2.313176e+002" type="0"/>
  </PeakList1D>
</PeakList>
