<?xml version="1.0" encoding="UTF-8"?>
<PeakList>
  <PeakList1D>
    <PeakList1DHeader creator="chm343" date="2023-09-22T21:53:14.894-07:00" expNo="3" name="2023_09_22_MeOD_3mm_FS_VT_1H_Bruker400" owner="" procNo="1" source="C:/Data/CHM343/Fall2023/data/chm343/nmr">
      <PeakPickDetails>F1=21.227760ppm, F2=-3.274080ppm, MI=0.10cm, MAXI=10000.00cm, PC=1.000
      </PeakPickDetails>
    </PeakList1DHeader>
    <Peak1D F1="11.335851" intensity="1.475237e+001" type="0"/>
    <Peak1D F1="8.781370" intensity="1.428775e+001" type="0"/>
    <Peak1D F1="4.814570" intensity="5.739274e+002" type="0"/>
    <Peak1D F1="3.302483" intensity="5.853986e+002" type="0"/>
    <Peak1D F1="0.804328" intensity="1.441280e+001" type="0"/>
    <Peak1D F1="-0.000097" intensity="2.457841e+002" type="0"/>
    <Peak1D F1="-0.656307" intensity="1.438820e+001" type="0"/>
  </PeakList1D>
</PeakList>
