<?xml version="1.0" encoding="UTF-8"?>
<PeakList>
  <PeakList1D>
    <PeakList1DHeader creator="chm343" date="2023-09-22T21:42:14.831-07:00" expNo="2" name="2023_09_22_MeOD_3mm_FS_VT_1H_Bruker400" owner="" procNo="1" source="C:/Data/CHM343/Fall2023/data/chm343/nmr">
      <PeakPickDetails>F1=21.226500ppm, F2=-3.275341ppm, MI=0.10cm, MAXI=10000.00cm, PC=1.000
      </PeakPickDetails>
    </PeakList1DHeader>
    <Peak1D F1="10.239427" intensity="1.415280e+001" type="0"/>
    <Peak1D F1="10.140246" intensity="1.338728e+001" type="0"/>
    <Peak1D F1="4.871769" intensity="6.848640e+002" type="0"/>
    <Peak1D F1="3.578878" intensity="1.431391e+001" type="0"/>
    <Peak1D F1="3.304662" intensity="7.225191e+002" type="0"/>
    <Peak1D F1="3.301325" intensity="6.867650e+002" type="0"/>
    <Peak1D F1="0.673894" intensity="1.355790e+001" type="0"/>
    <Peak1D F1="0.077529" intensity="1.362980e+001" type="0"/>
    <Peak1D F1="-0.000090" intensity="3.630905e+002" type="0"/>
  </PeakList1D>
</PeakList>
