62.415,5718.000,5722.000,5703.000,5672.000,5753.000
64.315,5429.000,5385.000,5442.000,5349.000,5441.000
66.214,5204.000,5240.000,5228.000,5216.000,5207.000
68.113,5026.000,5059.000,4984.000,5027.000,5043.000
70.010,4902.000,4889.000,4881.000,4805.000,4880.000
71.908,4733.000,4747.000,4737.000,4710.000,4720.000
73.804,4588.000,4563.000,4571.000,4579.000,4560.000
75.700,4474.000,4491.000,4530.000,4491.000,4513.000
77.596,4428.000,4410.000,4415.000,4419.000,4450.000
79.491,4380.000,4346.000,4367.000,4398.000,4368.000
81.385,4325.000,4330.000,4323.000,4256.000,4299.000
83.278,4230.000,4266.000,4222.000,4273.000,4239.000
85.172,4241.000,4213.000,4224.000,4201.000,4231.000
87.065,4152.000,4159.000,4173.000,4160.000,4166.000
88.957,4110.000,4155.000,4111.000,4121.000,4146.000
90.848,4089.000,4061.000,4102.000,4082.000,4060.000
92.739,4026.000,4041.000,4026.000,4072.000,4051.000
94.630,3951.000,3978.000,4002.000,3996.000,4016.000
96.519,3972.000,3951.000,3967.000,3989.000,3983.000
98.408,3936.000,3938.000,3927.000,3922.000,3947.000
100.298,3893.000,3899.000,3896.000,3894.000,3912.000
102.186,3897.000,3906.000,3881.000,3860.000,3888.000
104.074,3832.000,3827.000,3855.000,3835.000,3802.000
105.960,3830.000,3823.000,3821.000,3829.000,3838.000
107.847,3788.000,3829.000,3804.000,3801.000,3818.000
109.733,3781.000,3802.000,3796.000,3782.000,3763.000
111.618,3780.000,3766.000,3752.000,3761.000,3764.000
113.503,3738.000,3729.000,3717.000,3764.000,3740.000
115.388,3739.000,3712.000,3741.000,3712.000,3702.000
117.271,3699.000,3702.000,3735.000,3724.000,3712.000
119.154,3701.000,3670.000,3721.000,3691.000,3688.000
121.036,3658.000,3675.000,3678.000,3686.000,3685.000
122.919,3675.000,3671.000,3664.000,3671.000,3662.000
124.800,3632.000,3652.000,3641.000,3652.000,3687.000
126.681,3616.000,3605.000,3608.000,3627.000,3632.000
128.561,3586.000,3604.000,3622.000,3607.000,3605.000
130.441,3599.000,3611.000,3608.000,3603.000,3609.000
132.320,3581.000,3574.000,3627.000,3597.000,3602.000
134.198,3617.000,3572.000,3572.000,3572.000,3563.000
136.077,3588.000,3585.000,3596.000,3592.000,3595.000
137.954,3550.000,3590.000,3554.000,3580.000,3563.000
139.831,3544.000,3580.000,3530.000,3555.000,3559.000
141.707,3574.000,3521.000,3517.000,3552.000,3560.000
143.583,3548.000,3557.000,3529.000,3544.000,3571.000
145.459,3515.000,3543.000,3538.000,3535.000,3521.000
147.333,3517.000,3518.000,3528.000,3499.000,3531.000
149.207,3529.000,3491.000,3511.000,3521.000,3511.000
151.081,3498.000,3495.000,3504.000,3527.000,3515.000
152.954,3501.000,3511.000,3479.000,3475.000,3500.000
154.827,3487.000,3494.000,3496.000,3482.000,3483.000
156.698,3504.000,3479.000,3491.000,3495.000,3475.000
158.570,3463.000,3477.000,3471.000,3466.000,3486.000
160.440,3469.000,3480.000,3454.000,3477.000,3461.000
162.310,3463.000,3465.000,3467.000,3465.000,3474.000
164.180,3441.000,3448.000,3457.000,3470.000,3448.000
166.049,3450.000,3455.000,3463.000,3414.000,3454.000
167.918,3449.000,3460.000,3463.000,3461.000,3478.000
169.786,3437.000,3479.000,3442.000,3471.000,3467.000
171.653,3478.000,3472.000,3475.000,3466.000,3481.000
173.521,3485.000,3486.000,3478.000,3832.000,3487.000
175.388,3485.000,3488.000,3482.000,5703.000,3494.000
177.253,3496.000,3488.000,3525.000,3500.000,3501.000
179.119,3526.000,3494.000,3528.000,3533.000,3506.000
180.983,3523.000,3520.000,3533.000,3540.000,3519.000
182.848,3538.000,3533.000,3534.000,3553.000,3539.000
184.711,3538.000,3567.000,3590.000,3551.000,3580.000
186.574,3539.000,3570.000,3574.000,3569.000,3588.000
188.437,3566.000,3543.000,3595.000,3590.000,3563.000
190.299,3617.000,3603.000,3584.000,3593.000,3578.000
192.160,3597.000,3573.000,3598.000,3596.000,3602.000
194.020,3597.000,3589.000,3594.000,3599.000,3590.000
195.881,3584.000,3623.000,3596.000,3586.000,3572.000
197.741,3619.000,3590.000,3584.000,3591.000,3597.000
199.600,3618.000,3593.000,3597.000,3615.000,3603.000
201.458,3616.000,3602.000,3590.000,3592.000,3594.000
203.316,3595.000,3569.000,3570.000,3592.000,3563.000
205.174,3596.000,3583.000,3605.000,3607.000,3596.000
207.031,3592.000,3615.000,3611.000,3621.000,3579.000
208.888,3589.000,3572.000,3598.000,3589.000,3556.000
210.743,3552.000,3589.000,3559.000,3590.000,3567.000
212.599,3605.000,3559.000,3585.000,3583.000,3580.000
214.454,3563.000,3568.000,3570.000,3554.000,3566.000
216.308,3539.000,3541.000,3546.000,3577.000,3557.000
218.161,3546.000,3564.000,3555.000,3559.000,3533.000
220.015,3568.000,3569.000,3560.000,3542.000,3556.000
221.867,3559.000,3573.000,3597.000,3572.000,3557.000
223.719,3573.000,3573.000,3566.000,3549.000,3587.000
225.570,3563.000,3553.000,3573.000,3554.000,3533.000
227.421,3488.000,3543.000,3525.000,3541.000,3485.000
229.272,3502.000,3524.000,3496.000,3531.000,3526.000
231.122,3506.000,3487.000,3486.000,3524.000,3510.000
232.971,3469.000,3462.000,3508.000,3478.000,3476.000
234.819,3447.000,3477.000,3479.000,3466.000,3479.000
236.668,3471.000,3434.000,3456.000,3454.000,3469.000
238.515,3456.000,3442.000,3420.000,3432.000,3443.000
240.363,3421.000,3430.000,3418.000,3399.000,3425.000
242.209,3432.000,3381.000,3427.000,3417.000,3415.000
244.056,3404.000,3402.000,3411.000,3393.000,3389.000
245.901,3403.000,3386.000,3373.000,3398.000,3400.000
247.747,3391.000,3369.000,3398.000,3394.000,3374.000
249.591,3386.000,3372.000,3383.000,3370.000,3391.000
251.435,3372.000,3386.000,3385.000,3367.000,3375.000
253.278,3378.000,3389.000,3370.000,3359.000,3361.000
255.121,3362.000,3359.000,3390.000,3352.000,3357.000
256.964,3349.000,3373.000,3352.000,3342.000,3365.000
258.805,3370.000,3350.000,3343.000,3381.000,3354.000
260.646,3339.000,3360.000,3342.000,3360.000,3360.000
262.487,3347.000,3340.000,3340.000,3344.000,3353.000
264.327,3342.000,3354.000,3351.000,3347.000,3339.000
266.166,3348.000,3362.000,3349.000,3366.000,3341.000
268.006,3351.000,3337.000,3351.000,3361.000,3355.000
269.844,3313.000,3319.000,3346.000,3339.000,3350.000
271.681,3340.000,3330.000,3326.000,3334.000,3340.000
273.519,3317.000,3341.000,3326.000,3323.000,3316.000
275.356,3311.000,3321.000,3338.000,3326.000,3314.000
277.192,3337.000,3330.000,3327.000,3309.000,3329.000
279.028,3303.000,3315.000,3316.000,3311.000,3325.000
280.863,3290.000,3325.000,3333.000,3310.000,3311.000
282.697,3300.000,3323.000,3324.000,3319.000,3328.000
284.532,3315.000,3305.000,3310.000,3324.000,3324.000
286.366,3332.000,3320.000,3292.000,3321.000,3315.000
288.198,3318.000,3315.000,3320.000,3310.000,3297.000
290.030,3320.000,3327.000,3323.000,3315.000,3305.000
291.863,3319.000,3303.000,3314.000,3320.000,3291.000
293.694,3328.000,3318.000,3324.000,3310.000,3319.000
295.525,3324.000,3306.000,3312.000,3315.000,3319.000
297.355,3308.000,3327.000,3302.000,3308.000,3317.000
299.185,3303.000,3291.000,3314.000,3301.000,3313.000
301.014,3307.000,3307.000,3302.000,3311.000,3305.000
302.843,3292.000,3302.000,3311.000,3303.000,3303.000
304.671,3310.000,3308.000,3302.000,3292.000,3300.000
306.499,3315.000,3302.000,3299.000,3309.000,3320.000
308.326,3288.000,3296.000,3297.000,3312.000,3315.000
310.153,3309.000,3296.000,3307.000,3299.000,3298.000
311.978,3285.000,3303.000,3293.000,3297.000,3303.000
313.804,3300.000,3292.000,3296.000,3307.000,3293.000
315.629,3293.000,3306.000,3286.000,3315.000,3302.000
317.453,3305.000,3309.000,3301.000,3310.000,3302.000
319.277,3279.000,3314.000,3318.000,3297.000,3305.000
321.102,3299.000,3296.000,3289.000,3295.000,3302.000
322.925,3319.000,3291.000,3311.000,3315.000,3292.000
324.747,3318.000,3342.000,3305.000,3288.000,3291.000
326.569,3317.000,3314.000,3321.000,3308.000,3300.000
328.389,3320.000,3312.000,3325.000,3322.000,3328.000
330.210,3310.000,3317.000,3330.000,3308.000,3306.000
332.031,3326.000,3323.000,3307.000,3294.000,3305.000
333.850,3347.000,3322.000,3302.000,3341.000,3319.000
335.670,3315.000,3318.000,3335.000,3328.000,3322.000
337.488,3324.000,3315.000,3346.000,3315.000,3323.000
339.306,3333.000,3313.000,3352.000,3344.000,3327.000
341.124,3337.000,3318.000,3308.000,3310.000,3324.000
342.940,3327.000,3338.000,3343.000,3323.000,3311.000
344.757,3305.000,3307.000,3327.000,3330.000,3323.000
346.572,3337.000,3320.000,3334.000,3318.000,3300.000
348.388,3316.000,3330.000,3329.000,3317.000,3300.000
350.203,3324.000,3319.000,3324.000,3320.000,3318.000
352.017,3313.000,3309.000,3309.000,3307.000,3297.000
353.831,3312.000,3329.000,3322.000,3307.000,3286.000
355.644,3286.000,3288.000,3305.000,3292.000,3312.000
357.457,3301.000,3305.000,3311.000,3301.000,3303.000
359.270,3291.000,3300.000,3302.000,3271.000,3296.000
361.081,3276.000,3295.000,3287.000,3277.000,3306.000
362.892,3295.000,3298.000,3279.000,3293.000,3284.000
364.703,3285.000,3287.000,3295.000,3264.000,3282.000
366.513,3273.000,3289.000,3305.000,3291.000,3275.000
368.322,3311.000,3279.000,3255.000,3288.000,3252.000
370.131,3289.000,3273.000,3290.000,3290.000,3292.000
371.939,3297.000,3292.000,3300.000,3289.000,3273.000
373.747,3309.000,3278.000,3297.000,3317.000,3277.000
375.555,3294.000,3290.000,3283.000,3299.000,3306.000
377.362,3309.000,3299.000,3298.000,3305.000,3270.000
379.168,3290.000,3283.000,3310.000,3302.000,3298.000
380.974,3306.000,3294.000,3297.000,3320.000,3320.000
382.780,3322.000,3315.000,3311.000,3292.000,3309.000
384.584,3308.000,3310.000,3309.000,3293.000,3307.000
386.389,3312.000,3309.000,3311.000,3302.000,3309.000
388.192,3308.000,3302.000,3292.000,3284.000,3289.000
389.996,3291.000,3299.000,3294.000,3290.000,3298.000
391.800,3276.000,3306.000,3295.000,3289.000,3297.000
393.602,3286.000,3285.000,3278.000,3311.000,3290.000
395.403,3281.000,3291.000,3297.000,3265.000,3275.000
397.204,3272.000,3286.000,3298.000,3280.000,3274.000
399.004,3269.000,3289.000,3284.000,3286.000,3296.000
400.804,3267.000,3280.000,3284.000,3300.000,3279.000
402.604,3276.000,3265.000,3270.000,3274.000,3286.000
404.403,3266.000,3285.000,3290.000,3246.000,3276.000
406.201,3288.000,3272.000,3279.000,3275.000,3259.000
408.000,3278.000,3275.000,3285.000,3259.000,3274.000
409.797,3282.000,3267.000,3276.000,3272.000,3260.000
411.594,3266.000,3281.000,3279.000,3278.000,3270.000
413.390,3270.000,3285.000,3278.000,3289.000,3264.000
415.186,3277.000,3289.000,3272.000,3261.000,3284.000
416.981,3277.000,3277.000,3279.000,3283.000,3272.000
418.776,3278.000,3257.000,3274.000,3287.000,3273.000
420.570,3287.000,3267.000,3274.000,3274.000,3277.000
422.364,3264.000,3284.000,3267.000,3287.000,3288.000
424.157,3253.000,3275.000,3282.000,3273.000,3288.000
425.950,3276.000,3284.000,3276.000,3268.000,3255.000
427.743,3271.000,3273.000,3266.000,3262.000,3257.000
429.534,3266.000,3255.000,3271.000,3267.000,3269.000
431.326,3263.000,3277.000,3260.000,3267.000,3246.000
433.116,3260.000,3254.000,3279.000,3252.000,3279.000
434.906,3249.000,3251.000,3279.000,3251.000,3257.000
436.696,3268.000,3265.000,3248.000,3247.000,3261.000
438.486,3249.000,3241.000,3253.000,3246.000,3233.000
440.274,3246.000,3255.000,3244.000,3233.000,3258.000
442.062,3245.000,3248.000,3231.000,3241.000,3233.000
443.849,3242.000,3229.000,3225.000,3217.000,3230.000
445.636,3228.000,3220.000,3239.000,3231.000,3220.000
447.423,3233.000,3238.000,3226.000,3226.000,3216.000
449.209,3222.000,3236.000,3215.000,3213.000,3234.000
450.994,3197.000,3216.000,3236.000,3219.000,3220.000
452.779,3209.000,3218.000,3225.000,3224.000,3219.000
454.564,3227.000,3207.000,3233.000,3221.000,3212.000
456.347,3217.000,3207.000,3223.000,3221.000,3228.000
458.131,3214.000,3227.000,3216.000,3214.000,3217.000
459.914,3208.000,3208.000,3194.000,3219.000,3225.000
461.696,3204.000,3218.000,3222.000,3221.000,3206.000
463.479,3215.000,3200.000,3201.000,3223.000,3213.000
465.260,3226.000,3233.000,3218.000,3211.000,3213.000
467.041,3227.000,3214.000,3212.000,3224.000,3232.000
468.821,3244.000,3227.000,3238.000,3234.000,3226.000
470.601,3225.000,3220.000,3225.000,3221.000,3233.000
472.380,3232.000,3228.000,3221.000,3235.000,3226.000
474.159,3230.000,3226.000,3227.000,3235.000,3219.000
475.938,3235.000,3237.000,3231.000,3237.000,3252.000
477.715,3234.000,3225.000,3244.000,3239.000,3244.000
479.492,3243.000,3243.000,3255.000,3261.000,3237.000
481.269,3259.000,3228.000,3233.000,3251.000,3246.000
483.045,3245.000,3258.000,3259.000,3245.000,3236.000
484.821,3263.000,3250.000,3256.000,3240.000,3245.000
486.595,3248.000,3267.000,3229.000,3229.000,3252.000
488.371,3257.000,3250.000,3242.000,3243.000,3257.000
490.145,3238.000,3244.000,3250.000,3237.000,3257.000
491.918,3231.000,3244.000,3228.000,3252.000,3254.000
493.691,3240.000,3233.000,3249.000,3241.000,3240.000
495.464,3254.000,3241.000,3219.000,3238.000,3235.000
497.236,3244.000,3223.000,3240.000,3234.000,3230.000
499.008,3227.000,3200.000,3227.000,3224.000,3225.000
500.778,3218.000,3223.000,3209.000,3223.000,3211.000
502.549,3208.000,3232.000,3212.000,3215.000,3227.000
504.318,3210.000,3203.000,3224.000,3218.000,3204.000
506.088,3203.000,3198.000,3216.000,3198.000,3202.000
507.857,3199.000,3213.000,3210.000,3201.000,3204.000
509.626,3188.000,3199.000,3198.000,3215.000,3194.000
511.394,3195.000,3197.000,3190.000,3220.000,3205.000
513.161,3189.000,3201.000,3205.000,3195.000,3201.000
514.929,3215.000,3196.000,3191.000,3204.000,3189.000
516.695,3203.000,3192.000,3197.000,3196.000,3200.000
518.461,3204.000,3213.000,3189.000,3199.000,3198.000
520.227,3195.000,3202.000,3191.000,3184.000,3205.000
521.991,3188.000,3195.000,3195.000,3192.000,3196.000
523.755,3187.000,3198.000,3204.000,3204.000,3180.000
525.519,3208.000,3202.000,3203.000,3194.000,3209.000
527.283,3179.000,3207.000,3199.000,3207.000,3185.000
529.046,3204.000,3200.000,3188.000,3183.000,3204.000
530.809,3192.000,3196.000,3198.000,3206.000,3177.000
532.571,3185.000,3194.000,3200.000,3187.000,3192.000
534.333,3190.000,3179.000,3191.000,3190.000,3208.000
536.093,3192.000,3184.000,3191.000,3183.000,3187.000
537.853,3191.000,3189.000,3176.000,3187.000,3177.000
539.613,3182.000,3190.000,3206.000,3204.000,3192.000
541.372,3187.000,3182.000,3181.000,3189.000,3184.000
543.131,3181.000,3192.000,3188.000,3182.000,3172.000
544.889,3183.000,3191.000,3183.000,3186.000,3176.000
546.647,3180.000,3197.000,3200.000,3182.000,3172.000
548.405,3170.000,3193.000,3201.000,3185.000,3174.000
550.162,3202.000,3190.000,3191.000,3183.000,3197.000
551.918,3201.000,3209.000,3186.000,3184.000,3203.000
553.674,3198.000,3180.000,3196.000,3188.000,3195.000
555.429,3192.000,3189.000,3193.000,3202.000,3209.000
557.184,3181.000,3187.000,3193.000,3200.000,3200.000
558.938,3191.000,3176.000,3203.000,3178.000,3197.000
560.691,3193.000,3195.000,3188.000,3192.000,3192.000
562.445,3192.000,3187.000,3195.000,3191.000,3200.000
564.198,3215.000,3217.000,3198.000,3185.000,3208.000
565.950,3205.000,3202.000,3228.000,3202.000,3204.000
567.702,3199.000,3229.000,3206.000,3213.000,3192.000
569.453,3214.000,3207.000,3208.000,3195.000,3210.000
571.204,3195.000,3223.000,3214.000,3204.000,3192.000
572.953,3207.000,3198.000,3200.000,3192.000,3208.000
574.703,3220.000,3209.000,3207.000,3230.000,3205.000
576.453,3204.000,3218.000,3210.000,3200.000,3208.000
578.201,3222.000,3212.000,3211.000,3224.000,3201.000
579.950,3216.000,3218.000,3219.000,3209.000,3222.000
581.697,3228.000,3234.000,3226.000,3217.000,3201.000
583.445,3227.000,3213.000,3225.000,3221.000,3293.000
585.191,3226.000,3227.000,3215.000,3208.000,3852.000
586.937,3216.000,3221.000,3222.000,3209.000,3522.000
588.683,3232.000,3213.000,3219.000,3219.000,3239.000
590.429,3213.000,3229.000,3225.000,3241.000,3218.000
592.174,3223.000,3225.000,3227.000,3230.000,3233.000
593.917,3212.000,3221.000,3213.000,3216.000,3212.000
595.661,3226.000,3236.000,3216.000,3227.000,3218.000
597.404,3218.000,3221.000,3234.000,3225.000,3243.000
599.147,3227.000,3226.000,3233.000,3235.000,3238.000
600.890,3251.000,3264.000,3239.000,3222.000,3239.000
602.632,3242.000,3230.000,3224.000,3239.000,3249.000
604.374,3237.000,3249.000,3257.000,3243.000,3235.000
606.114,3252.000,3226.000,3239.000,3250.000,3241.000
607.855,3247.000,3228.000,3236.000,3230.000,3240.000
609.594,3247.000,3237.000,3235.000,3256.000,3249.000
611.333,3236.000,3233.000,3229.000,3233.000,3725.000
613.072,3222.000,3231.000,3238.000,3216.000,3931.000
614.811,3231.000,3237.000,3251.000,3233.000,4097.000
616.547,3225.000,3231.000,3221.000,3225.000,4749.000
618.286,3210.000,3216.000,3223.000,3202.000,4399.000
620.022,3217.000,3200.000,3220.000,3214.000,4784.000
621.758,3219.000,3199.000,3222.000,3211.000,3648.000
623.494,3216.000,3219.000,3227.000,3213.000,3658.000
625.230,3211.000,3214.000,3214.000,3219.000,4089.000
626.964,3216.000,3226.000,3227.000,3220.000,8526.000
628.698,3214.000,3205.000,3224.000,3211.000,4042.000
630.432,3212.000,3216.000,3211.000,3217.000,4006.000
632.166,3223.000,3201.000,3218.000,3203.000,4679.000
633.898,3213.000,3223.000,3206.000,3209.000,4157.000
635.630,3209.000,3221.000,3216.000,3224.000,4007.000
637.363,3211.000,3212.000,3201.000,3216.000,4026.000
639.094,3202.000,3209.000,3212.000,3199.000,3825.000
640.825,3218.000,3214.000,3202.000,3202.000,4070.000
642.555,3198.000,3222.000,3228.000,3211.000,3557.000
644.285,3224.000,3223.000,3229.000,3208.000,3228.000
646.013,3225.000,3216.000,3216.000,3210.000,3224.000
647.742,3220.000,3234.000,3224.000,3221.000,3217.000
649.471,3216.000,3199.000,3222.000,3224.000,3215.000
651.198,3212.000,3217.000,3223.000,3203.000,3200.000
652.926,3209.000,3206.000,3204.000,3206.000,3207.000
654.653,3217.000,3217.000,3205.000,3213.000,3215.000
656.379,3229.000,3223.000,3206.000,3209.000,3201.000
658.105,3207.000,3201.000,3196.000,3210.000,3199.000
659.831,3208.000,3220.000,3204.000,3218.000,3216.000
661.555,3209.000,3213.000,3200.000,3191.000,3209.000
663.280,3197.000,3204.000,3190.000,3206.000,3208.000
665.003,3194.000,3195.000,3208.000,3184.000,3209.000
666.727,3199.000,3213.000,3190.000,3188.000,3189.000
668.450,3209.000,3202.000,3182.000,3210.000,3211.000
670.173,3204.000,3205.000,3200.000,3190.000,3187.000
671.895,3184.000,3205.000,3194.000,3186.000,3197.000
673.617,3182.000,3171.000,3184.000,3186.000,3189.000
675.337,3196.000,3184.000,3193.000,3172.000,3207.000
677.058,3189.000,3208.000,3199.000,3199.000,3194.000
678.777,3180.000,3197.000,3198.000,3192.000,3203.000
680.497,3191.000,3189.000,3187.000,3196.000,3191.000
682.216,3183.000,3187.000,3203.000,3180.000,3202.000
683.934,3189.000,3190.000,3203.000,3218.000,3221.000
685.653,3201.000,3210.000,3196.000,3195.000,3185.000
687.370,3204.000,3191.000,3206.000,3197.000,3199.000
689.087,3209.000,3192.000,3222.000,3206.000,3197.000
690.804,3206.000,3199.000,3214.000,3206.000,3199.000
692.520,3215.000,3197.000,3194.000,3198.000,3207.000
694.235,3212.000,3204.000,3205.000,3212.000,3189.000
695.951,3200.000,3194.000,3207.000,3208.000,3193.000
697.664,3228.000,3209.000,3209.000,3203.000,3200.000
699.379,3190.000,3196.000,3198.000,3188.000,3186.000
701.093,3192.000,3198.000,3206.000,3207.000,3196.000
702.805,3190.000,3199.000,3182.000,3182.000,3208.000
704.518,3177.000,3196.000,3179.000,3195.000,3186.000
706.230,3193.000,3186.000,3187.000,3197.000,3177.000
707.943,3208.000,3185.000,3178.000,3184.000,3185.000
709.653,3200.000,3179.000,3184.000,3176.000,3186.000
711.364,3186.000,3184.000,3186.000,3180.000,3194.000
713.074,3188.000,3183.000,3186.000,3188.000,3192.000
714.785,3199.000,3175.000,3183.000,3169.000,3178.000
716.493,3183.000,3166.000,3163.000,3181.000,3190.000
718.202,3182.000,3155.000,3194.000,3173.000,3193.000
719.910,3158.000,3179.000,3187.000,3183.000,3175.000
721.618,3174.000,3180.000,3189.000,3173.000,3172.000
723.326,3180.000,3176.000,3184.000,3169.000,3184.000
725.033,3156.000,3182.000,3167.000,3177.000,3180.000
726.738,3165.000,3174.000,3162.000,3186.000,3170.000
728.445,3175.000,3167.000,3169.000,3172.000,3174.000
730.150,3170.000,3163.000,3171.000,3191.000,3172.000
731.854,3159.000,3168.000,3183.000,3172.000,3168.000
733.559,3175.000,3179.000,3162.000,3184.000,3182.000
735.263,3175.000,3167.000,3187.000,3174.000,3179.000
736.966,3168.000,3175.000,3168.000,3183.000,3170.000
738.671,3183.000,3176.000,3172.000,3184.000,3160.000
740.373,3171.000,3176.000,3168.000,3175.000,3166.000
742.075,3174.000,3187.000,3181.000,3173.000,3165.000
743.777,3178.000,3178.000,3170.000,3175.000,3176.000
745.477,3179.000,3165.000,3169.000,3175.000,3170.000
747.177,3181.000,3178.000,3175.000,3191.000,3167.000
748.878,3167.000,3185.000,3169.000,3174.000,3172.000
750.578,3173.000,3175.000,3152.000,3179.000,3175.000
752.276,3184.000,3178.000,3190.000,3179.000,3176.000
753.975,3173.000,3192.000,3188.000,3179.000,3173.000
755.673,3185.000,3190.000,3182.000,3191.000,3168.000
757.370,3182.000,3178.000,3187.000,3187.000,3193.000
759.068,3189.000,3194.000,3174.000,3179.000,3176.000
760.765,3180.000,3175.000,3201.000,3186.000,3183.000
762.461,3183.000,3189.000,3189.000,3198.000,3188.000
764.156,3183.000,3198.000,3201.000,3175.000,3195.000
765.851,3210.000,3192.000,3200.000,3191.000,3187.000
767.546,3199.000,3194.000,3207.000,3189.000,3181.000
769.241,3191.000,3194.000,3183.000,3207.000,3180.000
770.935,3172.000,3197.000,3189.000,3197.000,3196.000
772.628,3188.000,3178.000,3182.000,3192.000,3191.000
774.320,3188.000,3184.000,3204.000,3196.000,3189.000
776.013,3202.000,3192.000,3195.000,3186.000,3184.000
777.705,3187.000,3192.000,3195.000,3193.000,3181.000
779.396,3187.000,3192.000,3206.000,3204.000,3194.000
781.088,3202.000,3197.000,3181.000,3182.000,3178.000
782.778,3188.000,3204.000,3184.000,3200.000,3194.000
784.467,3187.000,3191.000,3191.000,3189.000,3197.000
786.158,3212.000,3188.000,3204.000,3196.000,3191.000
787.847,3204.000,3185.000,3198.000,3202.000,3172.000
789.535,3187.000,3200.000,3195.000,3205.000,3199.000
791.223,3189.000,3202.000,3199.000,3198.000,3179.000
792.911,3200.000,3193.000,3190.000,3203.000,3187.000
794.598,3204.000,3202.000,3191.000,3190.000,3176.000
796.285,3189.000,3186.000,3174.000,3186.000,3173.000
797.970,3176.000,3180.000,3191.000,3183.000,3195.000
799.656,3200.000,3177.000,3203.000,3177.000,3194.000
801.343,3204.000,3191.000,3208.000,3195.000,3193.000
803.027,3188.000,3181.000,3195.000,3188.000,3199.000
804.712,3187.000,3180.000,3192.000,3187.000,3189.000
806.395,3172.000,3184.000,3191.000,3186.000,3180.000
808.079,3182.000,3205.000,3191.000,3185.000,3206.000
809.761,3179.000,3199.000,3190.000,3191.000,3193.000
811.444,3201.000,3187.000,3199.000,3189.000,3201.000
813.125,3197.000,3201.000,3211.000,3182.000,3186.000
814.807,3192.000,3209.000,3215.000,3195.000,3204.000
816.488,3201.000,3189.000,3202.000,3206.000,3204.000
818.168,3219.000,3209.000,3212.000,3208.000,3222.000
819.848,3233.000,3223.000,3215.000,3233.000,3217.000
821.528,3250.000,3226.000,3237.000,3228.000,3236.000
823.207,3232.000,3243.000,3243.000,3240.000,3235.000
824.885,3240.000,3226.000,3263.000,3231.000,3269.000
826.564,3241.000,3245.000,3242.000,3257.000,3244.000
828.242,3250.000,3247.000,3257.000,3241.000,3262.000
829.918,3245.000,3249.000,3248.000,3267.000,3253.000
831.596,3240.000,3239.000,3237.000,3228.000,3236.000
833.272,3227.000,3226.000,3217.000,3234.000,3226.000
834.947,3236.000,3237.000,3215.000,3244.000,3240.000
836.622,3222.000,3215.000,3211.000,3231.000,3222.000
838.298,3203.000,3222.000,3221.000,3229.000,3213.000
839.972,3239.000,3213.000,3209.000,3206.000,3222.000
841.646,3232.000,3217.000,3239.000,3222.000,3220.000
843.319,3218.000,3235.000,3223.000,3235.000,3229.000
844.992,3229.000,3231.000,3258.000,3235.000,3232.000
846.664,3238.000,3252.000,3267.000,3236.000,3223.000
848.336,3272.000,3245.000,3254.000,3261.000,3242.000
850.008,3250.000,3237.000,3268.000,3244.000,3248.000
851.678,3235.000,3250.000,3265.000,3251.000,3246.000
853.350,3254.000,3214.000,3250.000,3260.000,3239.000
855.020,3214.000,3221.000,3248.000,3224.000,3236.000
856.689,3208.000,3217.000,3222.000,3223.000,3212.000
858.358,3205.000,3218.000,3225.000,3220.000,3214.000
860.028,3186.000,3206.000,3205.000,3203.000,3213.000
861.696,3184.000,3173.000,3190.000,3202.000,3190.000
863.363,3175.000,3177.000,3182.000,3188.000,3195.000
865.030,3186.000,3195.000,3195.000,3191.000,3178.000
866.697,3172.000,3187.000,3180.000,3174.000,3181.000
868.364,3177.000,3189.000,3164.000,3180.000,3170.000
870.030,3176.000,3162.000,3174.000,3201.000,3178.000
871.696,3190.000,3179.000,3174.000,3186.000,3160.000
873.361,3186.000,3189.000,3179.000,3190.000,3174.000
875.026,3178.000,3189.000,3197.000,3196.000,3167.000
876.689,3171.000,3179.000,3185.000,3200.000,3182.000
878.353,3180.000,3180.000,3188.000,3169.000,3169.000
880.016,3172.000,3188.000,3182.000,3183.000,3185.000
881.679,3175.000,3179.000,3172.000,3155.000,3180.000
883.341,3186.000,3180.000,3165.000,3187.000,3173.000
885.002,3177.000,3165.000,3157.000,3179.000,3177.000
886.664,3167.000,3170.000,3175.000,3163.000,3167.000
888.325,3159.000,3174.000,3155.000,3153.000,3168.000
889.985,3164.000,3164.000,3160.000,3151.000,3174.000
891.645,3153.000,3155.000,3157.000,3160.000,3167.000
893.304,3167.000,3174.000,3166.000,3162.000,3157.000
894.963,3154.000,3166.000,3156.000,3161.000,3155.000
896.622,3151.000,3152.000,3165.000,3146.000,3151.000
898.280,3152.000,3175.000,3153.000,3157.000,3155.000
899.937,3155.000,3170.000,3152.000,3160.000,3158.000
901.594,3151.000,3156.000,3164.000,3175.000,3156.000
903.252,3154.000,3157.000,3167.000,3163.000,3152.000
904.907,3157.000,3175.000,3153.000,3164.000,3154.000
906.562,3170.000,3165.000,3158.000,3143.000,3151.000
908.218,3169.000,3169.000,3163.000,3156.000,3160.000
909.873,3168.000,3167.000,3162.000,3157.000,3154.000
911.528,3164.000,3157.000,3158.000,3168.000,3158.000
913.181,3160.000,3160.000,3155.000,3148.000,3153.000
914.835,3159.000,3166.000,3161.000,3158.000,3161.000
916.487,3147.000,3159.000,3156.000,3161.000,3148.000
918.140,3160.000,3152.000,3159.000,3171.000,3162.000
919.792,3149.000,3154.000,3167.000,3153.000,3162.000
921.443,3148.000,3167.000,3153.000,3165.000,3155.000
923.095,3170.000,3158.000,3155.000,3154.000,3159.000
924.745,3167.000,3149.000,3166.000,3153.000,3159.000
926.395,3164.000,3126.000,3143.000,3162.000,3145.000
928.045,3163.000,3156.000,3142.000,3155.000,3161.000
929.694,3163.000,3155.000,3152.000,3167.000,3158.000
931.343,3144.000,3151.000,3151.000,3166.000,3163.000
932.992,3155.000,3166.000,3157.000,3157.000,3164.000
934.640,3155.000,3161.000,3145.000,3166.000,3160.000
936.287,3151.000,3158.000,3157.000,3163.000,3144.000
937.934,3149.000,3144.000,3169.000,3154.000,3158.000
939.580,3169.000,3175.000,3169.000,3175.000,3157.000
941.226,3158.000,3157.000,3170.000,3156.000,3171.000
942.872,3167.000,3162.000,3170.000,3158.000,3169.000
944.517,3169.000,3173.000,3164.000,3161.000,3155.000
946.162,3169.000,3162.000,3160.000,3159.000,3163.000
947.806,3162.000,3172.000,3175.000,3163.000,3172.000
949.450,3157.000,3167.000,3165.000,3156.000,3162.000
951.092,3168.000,3178.000,3164.000,3183.000,3181.000
952.736,3169.000,3172.000,3166.000,3183.000,3177.000
954.378,3170.000,3174.000,3186.000,3179.000,3185.000
956.020,3186.000,3178.000,3166.000,3187.000,3181.000
957.662,3179.000,3174.000,3180.000,3169.000,3181.000
959.302,3190.000,3206.000,3196.000,3190.000,3207.000
960.942,3195.000,3204.000,3192.000,3192.000,3184.000
962.583,3200.000,3214.000,3193.000,3213.000,3210.000
964.223,3206.000,3224.000,3211.000,3209.000,3207.000
965.862,3216.000,3225.000,3231.000,3216.000,3222.000
967.500,3248.000,3238.000,3233.000,3227.000,3232.000
969.139,3253.000,3223.000,3230.000,3230.000,3231.000
970.776,3237.000,3240.000,3239.000,3243.000,3235.000
972.414,3249.000,3235.000,3243.000,3236.000,3242.000
974.051,3254.000,3238.000,3254.000,3249.000,3246.000
975.688,3231.000,3232.000,3234.000,3246.000,3241.000
977.323,3241.000,3228.000,3249.000,3224.000,3244.000
978.959,3254.000,3227.000,3223.000,3231.000,3251.000
980.593,3223.000,3245.000,3247.000,3247.000,3217.000
982.228,3237.000,3226.000,3233.000,3227.000,3229.000
983.862,3240.000,3235.000,3243.000,3242.000,3239.000
985.496,3231.000,3229.000,3224.000,3233.000,3241.000
987.129,3223.000,3226.000,3227.000,3226.000,3244.000
988.762,3219.000,3207.000,3237.000,3220.000,3232.000
990.394,3220.000,3211.000,3210.000,3218.000,3200.000
992.026,3215.000,3214.000,3232.000,3219.000,3224.000
993.657,3201.000,3201.000,3206.000,3204.000,3222.000
995.288,3200.000,3195.000,3206.000,3200.000,3201.000
996.919,3192.000,3194.000,3173.000,3193.000,3196.000
998.549,3183.000,3192.000,3197.000,3184.000,3192.000
1000.180,3184.000,3195.000,3182.000,3180.000,3188.000
1001.809,3175.000,3188.000,3184.000,3192.000,3168.000
1003.437,3166.000,3171.000,3185.000,3173.000,3171.000
1005.066,3196.000,3174.000,3174.000,3168.000,3176.000
1006.694,3176.000,3175.000,3187.000,3173.000,3165.000
1008.321,3164.000,3162.000,3169.000,3180.000,3170.000
1009.949,3188.000,3171.000,3159.000,3155.000,3166.000
1011.575,3175.000,3161.000,3163.000,3169.000,3171.000
1013.200,3148.000,3170.000,3170.000,3171.000,3172.000
1014.826,3160.000,3148.000,3170.000,3187.000,3176.000
1016.452,3158.000,3155.000,3174.000,3161.000,3180.000
1018.076,3167.000,3158.000,3157.000,3172.000,3167.000
1019.701,3160.000,3164.000,3175.000,3159.000,3187.000
1021.324,3172.000,3163.000,3184.000,3168.000,3166.000
1022.948,3177.000,3157.000,3180.000,3198.000,3188.000
1024.570,3172.000,3186.000,3172.000,3174.000,3166.000
1026.192,3179.000,3189.000,3176.000,3172.000,3176.000
1027.815,3185.000,3185.000,3178.000,3194.000,3182.000
1029.437,3186.000,3192.000,3192.000,3196.000,3181.000
1031.057,3190.000,3192.000,3200.000,3182.000,3193.000
1032.678,3207.000,3192.000,3191.000,3186.000,3198.000
1034.298,3202.000,3193.000,3191.000,3200.000,3196.000
1035.917,3189.000,3196.000,3203.000,3196.000,3191.000
1037.537,3192.000,3191.000,3196.000,3194.000,3194.000
1039.156,3213.000,3193.000,3198.000,3207.000,3197.000
1040.774,3191.000,3200.000,3204.000,3217.000,3182.000
1042.392,3179.000,3191.000,3189.000,3177.000,3209.000
1044.009,3187.000,3199.000,3189.000,3195.000,3206.000
1045.626,3194.000,3192.000,3208.000,3174.000,3173.000
1047.243,3181.000,3201.000,3191.000,3184.000,3188.000
1048.859,3174.000,3184.000,3178.000,3193.000,3194.000
1050.475,3184.000,3200.000,3187.000,3194.000,3197.000
1052.090,3179.000,3181.000,3193.000,3200.000,3179.000
1053.706,3191.000,3201.000,3203.000,3191.000,3194.000
1055.319,3215.000,3197.000,3208.000,3207.000,3211.000
1056.934,3199.000,3219.000,3205.000,3202.000,3192.000
1058.547,3201.000,3220.000,3210.000,3218.000,3198.000
1060.161,3216.000,3211.000,3211.000,3217.000,3218.000
1061.773,3220.000,3216.000,3228.000,3234.000,3237.000
1063.386,3232.000,3228.000,3241.000,3225.000,3254.000
1064.997,3234.000,3241.000,3236.000,3244.000,3234.000
1066.608,3234.000,3239.000,3240.000,3245.000,3229.000
1068.219,3248.000,3240.000,3243.000,3250.000,3234.000
1069.829,3251.000,3227.000,3257.000,3233.000,3249.000
1071.439,3222.000,3237.000,3200.000,3223.000,3227.000
1073.049,3229.000,3222.000,3225.000,3222.000,3220.000
1074.658,3222.000,3210.000,3213.000,3217.000,3207.000
1076.267,3216.000,3191.000,3201.000,3203.000,3204.000
1077.875,3186.000,3201.000,3205.000,3202.000,3189.000
1079.482,3167.000,3184.000,3187.000,3187.000,3191.000
1081.090,3174.000,3185.000,3169.000,3198.000,3178.000
1082.697,3168.000,3178.000,3187.000,3161.000,3170.000
1084.303,3176.000,3171.000,3163.000,3174.000,3163.000
1085.908,3183.000,3174.000,3174.000,3181.000,3180.000
1087.514,3186.000,3184.000,3163.000,3172.000,3178.000
1089.119,3158.000,3182.000,3175.000,3164.000,3176.000
1090.725,3187.000,3190.000,3184.000,3172.000,3163.000
1092.329,3182.000,3188.000,3176.000,3186.000,3169.000
1093.932,3183.000,3183.000,3169.000,3175.000,3172.000
1095.535,3171.000,3167.000,3166.000,3171.000,3188.000
1097.138,3175.000,3181.000,3182.000,3189.000,3170.000
1098.741,3169.000,3187.000,3184.000,3186.000,3189.000
1100.343,3175.000,3203.000,3177.000,3195.000,3184.000
1101.943,3169.000,3186.000,3180.000,3180.000,3168.000
1103.545,3183.000,3176.000,3175.000,3183.000,3164.000
1105.146,3167.000,3177.000,3183.000,3177.000,3175.000
1106.746,3179.000,3177.000,3161.000,3185.000,3186.000
1108.345,3191.000,3180.000,3180.000,3175.000,3175.000
1109.945,3158.000,3161.000,3178.000,3174.000,3156.000
1111.544,3182.000,3174.000,3156.000,3182.000,3179.000
1113.143,3171.000,3173.000,3163.000,3175.000,3163.000
1114.740,3164.000,3160.000,3176.000,3172.000,3169.000
1116.338,3172.000,3181.000,3167.000,3174.000,3166.000
1117.935,3179.000,3175.000,3172.000,3182.000,3170.000
1119.531,3174.000,3183.000,3176.000,3172.000,3173.000
1121.128,3171.000,3186.000,3189.000,3172.000,3168.000
1122.724,3188.000,3177.000,3179.000,3172.000,3172.000
1124.320,3172.000,3177.000,3173.000,3186.000,3173.000
1125.915,3179.000,3190.000,3177.000,3186.000,3176.000
1127.508,3189.000,3177.000,3166.000,3185.000,3180.000
1129.103,3171.000,3183.000,3174.000,3174.000,3177.000
1130.697,3174.000,3190.000,3171.000,3200.000,3178.000
1132.291,3195.000,3180.000,3189.000,3190.000,3191.000
1133.883,3196.000,3207.000,3192.000,3178.000,3199.000
1135.476,3198.000,3196.000,3195.000,3201.000,3201.000
1137.067,3218.000,3214.000,3210.000,3210.000,3197.000
1138.659,3202.000,3215.000,3201.000,3207.000,3191.000
1140.250,3194.000,3210.000,3212.000,3206.000,3201.000
1141.840,3209.000,3212.000,3209.000,3215.000,3201.000
1143.430,3215.000,3236.000,3223.000,3211.000,3201.000
1145.021,3217.000,3216.000,3230.000,3203.000,3202.000
1146.610,3218.000,3212.000,3215.000,3217.000,3209.000
1148.199,3219.000,3236.000,3226.000,3235.000,3210.000
1149.787,3223.000,3231.000,3217.000,3227.000,3235.000
1151.375,3227.000,3226.000,3237.000,3223.000,3248.000
1152.962,3239.000,3236.000,3237.000,3212.000,3242.000
1154.549,3229.000,3240.000,3229.000,3232.000,3244.000
1156.136,3249.000,3236.000,3242.000,3231.000,3232.000
1157.723,3263.000,3228.000,3220.000,3241.000,3249.000
1159.308,3236.000,3224.000,3235.000,3229.000,3243.000
1160.894,3250.000,3233.000,3223.000,3227.000,3229.000
1162.478,3230.000,3216.000,3228.000,3207.000,3239.000
1164.063,3231.000,3206.000,3226.000,3223.000,3233.000
1165.647,3221.000,3216.000,3214.000,3206.000,3224.000
1167.230,3206.000,3217.000,3202.000,3190.000,3205.000
1168.814,3216.000,3208.000,3198.000,3198.000,3209.000
1170.397,3196.000,3212.000,3208.000,3199.000,3206.000
1171.979,3207.000,3202.000,3196.000,3204.000,3210.000
1173.561,3201.000,3190.000,3188.000,3194.000,3186.000
1175.142,3191.000,3188.000,3202.000,3193.000,3205.000
1176.723,3211.000,3199.000,3201.000,3196.000,3180.000
1178.304,3193.000,3190.000,3204.000,3202.000,3175.000
1179.884,3181.000,3187.000,3199.000,3179.000,3186.000
1181.463,3191.000,3184.000,3193.000,3198.000,3174.000
1183.043,3197.000,3198.000,3190.000,3193.000,3189.000
1184.623,3216.000,3179.000,3204.000,3221.000,3181.000
1186.201,3192.000,3202.000,3205.000,3194.000,3199.000
1187.779,3189.000,3198.000,3192.000,3177.000,3192.000
1189.356,3207.000,3185.000,3208.000,3216.000,3193.000
1190.934,3179.000,3203.000,3206.000,3203.000,3195.000
1192.511,3186.000,3194.000,3199.000,3191.000,3195.000
1194.087,3188.000,3182.000,3183.000,3174.000,3185.000
1195.662,3193.000,3194.000,3194.000,3202.000,3195.000
1197.239,3206.000,3210.000,3191.000,3191.000,3207.000
1198.814,3197.000,3191.000,3193.000,3194.000,3196.000
1200.388,3203.000,3198.000,3193.000,3207.000,3213.000
1201.962,3199.000,3192.000,3198.000,3213.000,3177.000
1203.536,3206.000,3200.000,3207.000,3198.000,3205.000
1205.110,3202.000,3211.000,3206.000,3208.000,3204.000
1206.682,3208.000,3204.000,3200.000,3204.000,3194.000
1208.254,3203.000,3189.000,3204.000,3187.000,3201.000
1209.827,3208.000,3193.000,3196.000,3200.000,3198.000
1211.398,3195.000,3198.000,3186.000,3181.000,3198.000
1212.969,3185.000,3193.000,3191.000,3201.000,3183.000
1214.540,3196.000,3191.000,3187.000,3184.000,3185.000
1216.110,3191.000,3183.000,3185.000,3191.000,3164.000
1217.680,3188.000,3177.000,3187.000,3181.000,3164.000
1219.249,3161.000,3173.000,3199.000,3192.000,3180.000
1220.819,3175.000,3165.000,3178.000,3195.000,3174.000
1222.387,3167.000,3168.000,3182.000,3179.000,3196.000
1223.955,3186.000,3173.000,3182.000,3160.000,3185.000
1225.523,3186.000,3170.000,3173.000,3180.000,3161.000
1227.090,3181.000,3186.000,3186.000,3176.000,3177.000
1228.657,3175.000,3186.000,3199.000,3191.000,3188.000
1230.224,3196.000,3196.000,3197.000,3192.000,3190.000
1231.790,3189.000,3191.000,3212.000,3203.000,3203.000
1233.355,3204.000,3193.000,3217.000,3209.000,3198.000
1234.920,3218.000,3214.000,3218.000,3213.000,3201.000
1236.485,3221.000,3225.000,3220.000,3227.000,3214.000
1238.049,3239.000,3239.000,3221.000,3233.000,3241.000
1239.614,3222.000,3236.000,3250.000,3233.000,3242.000
1241.177,3239.000,3243.000,3253.000,3236.000,3242.000
1242.740,3229.000,3224.000,3235.000,3231.000,3237.000
1244.303,3252.000,3237.000,3277.000,3251.000,3240.000
1245.864,3245.000,3238.000,3244.000,3252.000,3242.000
1247.427,3233.000,3227.000,3239.000,3241.000,3238.000
1248.988,3236.000,3213.000,3239.000,3214.000,3220.000
1250.549,3201.000,3213.000,3208.000,3221.000,3206.000
1252.110,3215.000,3214.000,3206.000,3192.000,3201.000
1253.670,3208.000,3202.000,3201.000,3215.000,3193.000
1255.230,3186.000,3185.000,3195.000,3203.000,3198.000
1256.789,3203.000,3183.000,3195.000,3183.000,3211.000
1258.349,3186.000,3186.000,3177.000,3178.000,3185.000
1259.906,3176.000,3167.000,3172.000,3178.000,3180.000
1261.464,3175.000,3192.000,3196.000,3172.000,3178.000
1263.022,3164.000,3176.000,3168.000,3174.000,3172.000
1264.579,3154.000,3180.000,3185.000,3184.000,3173.000
1266.136,3178.000,3166.000,3178.000,3163.000,3175.000
1267.692,3183.000,3171.000,3175.000,3166.000,3175.000
1269.247,3168.000,3177.000,3178.000,3181.000,3185.000
1270.804,3177.000,3169.000,3174.000,3174.000,3181.000
1272.358,3167.000,3160.000,3169.000,3166.000,3175.000
1273.913,3170.000,3180.000,3184.000,3173.000,3183.000
1275.467,3183.000,3184.000,3177.000,3166.000,3177.000
1277.020,3193.000,3188.000,3182.000,3189.000,3175.000
1278.575,3182.000,3161.000,3178.000,3177.000,3179.000
1280.128,3186.000,3172.000,3171.000,3184.000,3175.000
1281.679,3185.000,3182.000,3189.000,3181.000,3184.000
1283.232,3192.000,3169.000,3197.000,3175.000,3192.000
1284.783,3188.000,3183.000,3196.000,3199.000,3188.000
1286.335,3183.000,3182.000,3185.000,3198.000,3181.000
1287.886,3191.000,3185.000,3191.000,3191.000,3190.000
1289.436,3190.000,3194.000,3202.000,3191.000,3183.000
1290.986,3200.000,3192.000,3182.000,3180.000,3186.000
1292.535,3188.000,3203.000,3190.000,3197.000,3180.000
1294.085,3182.000,3192.000,3194.000,3174.000,3180.000
1295.633,3190.000,3189.000,3183.000,3186.000,3193.000
1297.181,3192.000,3178.000,3194.000,3193.000,3187.000
1298.730,3203.000,3180.000,3182.000,3185.000,3180.000
1300.277,3167.000,3186.000,3211.000,3186.000,3178.000
1301.824,3183.000,3173.000,3193.000,3178.000,3183.000
1303.371,3191.000,3187.000,3165.000,3182.000,3211.000
1304.917,3188.000,3191.000,3178.000,3177.000,3182.000
1306.463,3180.000,3175.000,3178.000,3185.000,3200.000
1308.009,3171.000,3183.000,3177.000,3195.000,3174.000
1309.554,3187.000,3177.000,3179.000,3180.000,3184.000
1311.099,3173.000,3194.000,3185.000,3174.000,3180.000
1312.642,3178.000,3189.000,3182.000,3182.000,3176.000
1314.186,3195.000,3186.000,3190.000,3182.000,3194.000
1315.730,3188.000,3179.000,3199.000,3185.000,3184.000
1317.272,3190.000,3183.000,3195.000,3192.000,3179.000
1318.815,3186.000,3187.000,3171.000,3174.000,3208.000
1320.357,3178.000,3186.000,3180.000,3181.000,3179.000
1321.899,3192.000,3177.000,3192.000,3197.000,3166.000
1323.440,3191.000,3195.000,3188.000,3194.000,3194.000
1324.980,3181.000,3182.000,3180.000,3191.000,3196.000
1326.521,3200.000,3201.000,3194.000,3195.000,3194.000
1328.062,3206.000,3190.000,3195.000,3197.000,3197.000
1329.601,3190.000,3200.000,3183.000,3195.000,3195.000
1331.140,3175.000,3198.000,3203.000,3197.000,3202.000
1332.679,3204.000,3206.000,3222.000,3216.000,3215.000
1334.216,3208.000,3201.000,3204.000,3191.000,3197.000
1335.754,3218.000,3207.000,3196.000,3204.000,3213.000
1337.292,3212.000,3204.000,3190.000,3196.000,3208.000
1338.829,3196.000,3203.000,3212.000,3200.000,3220.000
1340.366,3201.000,3216.000,3197.000,3205.000,3211.000
1341.902,3223.000,3205.000,3213.000,3219.000,3216.000
1343.438,3214.000,3229.000,3228.000,3229.000,3208.000
1344.973,3214.000,3247.000,3214.000,3212.000,3221.000
1346.509,3197.000,3206.000,3236.000,3219.000,3220.000
1348.043,3221.000,3226.000,3231.000,3235.000,3219.000
1349.577,3215.000,3222.000,3224.000,3228.000,3234.000
1351.111,3225.000,3238.000,3219.000,3232.000,3252.000
1352.644,3231.000,3233.000,3230.000,3232.000,3234.000
1354.177,3242.000,3241.000,3239.000,3230.000,3232.000
1355.710,3259.000,3243.000,3262.000,3245.000,3234.000
1357.242,3258.000,3248.000,3246.000,3272.000,3257.000
1358.773,3267.000,3269.000,3248.000,3262.000,3254.000
1360.305,3282.000,3276.000,3270.000,3284.000,3264.000
1361.836,3279.000,3303.000,3281.000,3280.000,3274.000
1363.366,3308.000,3302.000,3307.000,3312.000,3284.000
1364.897,3312.000,3321.000,3306.000,3337.000,3301.000
1366.426,3330.000,3351.000,3318.000,3342.000,3323.000
1367.955,3347.000,3325.000,3347.000,3346.000,3341.000
1369.484,3329.000,3331.000,3360.000,3343.000,3339.000
1371.012,3329.000,3340.000,3326.000,3341.000,3343.000
1372.540,3291.000,3321.000,3307.000,3312.000,3299.000
1374.068,3300.000,3297.000,3315.000,3291.000,3282.000
1375.596,3295.000,3292.000,3298.000,3293.000,3308.000
1377.123,3275.000,3251.000,3283.000,3276.000,3286.000
1378.649,3269.000,3258.000,3245.000,3262.000,3270.000
1380.175,3248.000,3230.000,3252.000,3251.000,3241.000
1381.701,3252.000,3231.000,3254.000,3250.000,3238.000
1383.226,3231.000,3226.000,3244.000,3240.000,3241.000
1384.750,3230.000,3224.000,3221.000,3235.000,3232.000
1386.275,3235.000,3233.000,3220.000,3220.000,3223.000
1387.799,3227.000,3218.000,3221.000,3217.000,3239.000
1389.323,3215.000,3227.000,3221.000,3218.000,3220.000
1390.846,3223.000,3236.000,3229.000,3216.000,3210.000
1392.368,3215.000,3223.000,5061.000,3223.000,3219.000
1393.890,3206.000,3227.000,3919.000,3226.000,3227.000
1395.413,3219.000,3220.000,3240.000,3230.000,3232.000
1396.934,3223.000,3233.000,12425.000,3223.000,3240.000
1398.454,3216.000,3231.000,3468.000,3232.000,3225.000
1399.975,3212.000,3220.000,3226.000,3228.000,3223.000
1401.495,3225.000,3235.000,3234.000,3224.000,3229.000
1403.016,3223.000,3223.000,3243.000,3233.000,3227.000
1404.535,3242.000,3240.000,3244.000,3225.000,3218.000
1406.054,3219.000,3222.000,3231.000,3236.000,3230.000
1407.572,3232.000,3224.000,3235.000,3232.000,3226.000
1409.090,3227.000,3230.000,3232.000,3219.000,3209.000
1410.608,3229.000,3223.000,3231.000,3215.000,3225.000
1412.126,3211.000,3220.000,3230.000,3230.000,3218.000
1413.643,3250.000,3231.000,3220.000,3236.000,3215.000
1415.160,3223.000,3224.000,3214.000,3207.000,3207.000
1416.676,3215.000,3234.000,3213.000,3220.000,3222.000
1418.192,3216.000,3209.000,3209.000,3204.000,3205.000
1419.707,3206.000,3226.000,3225.000,3223.000,3205.000
1421.222,3192.000,3215.000,3237.000,3199.000,3218.000
1422.736,3222.000,3222.000,3207.000,3210.000,3216.000
1424.251,3202.000,3201.000,3221.000,3209.000,3215.000
1425.764,3198.000,3211.000,3192.000,3215.000,3215.000
1427.279,3206.000,3200.000,3222.000,3232.000,3204.000
1428.791,3208.000,3207.000,3230.000,3209.000,3219.000
1430.303,3210.000,3214.000,3231.000,3219.000,3207.000
1431.816,3207.000,3216.000,3227.000,3228.000,3218.000
1433.328,3226.000,3225.000,3219.000,3214.000,3229.000
1434.839,3240.000,3218.000,3231.000,3214.000,3231.000
1436.350,3203.000,3218.000,3223.000,3233.000,3224.000
1437.861,3220.000,3228.000,3236.000,3233.000,3235.000
1439.371,3230.000,3217.000,3228.000,3231.000,3238.000
1440.881,3231.000,3243.000,3224.000,3220.000,3222.000
1442.390,3230.000,3215.000,3232.000,3217.000,3221.000
1443.898,3235.000,3242.000,3230.000,3232.000,3224.000
1445.407,3239.000,3233.000,3228.000,3237.000,5092.000
1446.915,3225.000,3224.000,3228.000,3227.000,3245.000
1448.423,3225.000,3220.000,3227.000,3244.000,3237.000
1449.930,3212.000,3214.000,3207.000,3218.000,5886.000
1451.437,3230.000,3238.000,3197.000,3210.000,3237.000
1452.944,3222.000,3200.000,3218.000,3219.000,3202.000
1454.450,3227.000,3214.000,3216.000,3221.000,3215.000
1455.955,3220.000,3204.000,3229.000,3241.000,3219.000
1457.461,3207.000,3235.000,3228.000,3207.000,3209.000
1458.966,3216.000,3213.000,3209.000,3209.000,3220.000
1460.470,3223.000,3208.000,3229.000,3229.000,3215.000
1461.974,3194.000,3201.000,3212.000,3212.000,3214.000
1463.478,3221.000,3216.000,3217.000,3212.000,3205.000
1464.981,3227.000,3214.000,3212.000,3222.000,3229.000
1466.484,3216.000,3214.000,3214.000,3202.000,3228.000
1467.987,3216.000,3208.000,3195.000,3224.000,3226.000
1469.489,3206.000,3210.000,3201.000,3201.000,3223.000
1470.991,3221.000,3209.000,3215.000,3223.000,3207.000
1472.491,3219.000,3216.000,3219.000,3211.000,3204.000
1473.993,3201.000,3215.000,3207.000,3190.000,3198.000
1475.493,3202.000,3213.000,3215.000,3212.000,3204.000
1476.993,3209.000,3208.000,3218.000,3208.000,3222.000
1478.492,3224.000,3225.000,3226.000,3220.000,3204.000
1479.992,3217.000,3197.000,3208.000,3206.000,3213.000
1481.491,3211.000,3216.000,3213.000,3219.000,3208.000
1482.989,3211.000,3212.000,3203.000,3220.000,3206.000
1484.488,3191.000,3211.000,3215.000,3215.000,3206.000
1485.985,3194.000,3218.000,3227.000,3214.000,3220.000
1487.482,3200.000,3227.000,3219.000,3216.000,3218.000
1488.979,3217.000,3210.000,3219.000,3203.000,3216.000
1490.476,3205.000,3209.000,3219.000,3206.000,3213.000
1491.972,3227.000,3204.000,3247.000,3229.000,3201.000
1493.468,3205.000,3204.000,3229.000,3208.000,3218.000
1494.964,3200.000,3198.000,3218.000,3210.000,3213.000
1496.459,3231.000,3209.000,3212.000,3221.000,3206.000
1497.953,3226.000,3225.000,3228.000,3212.000,3221.000
1499.447,3222.000,3227.000,3230.000,3227.000,3232.000
1500.941,3233.000,3217.000,3229.000,3241.000,3229.000
1502.434,3235.000,3247.000,3254.000,3248.000,3251.000
1503.928,3240.000,3231.000,3245.000,3248.000,3259.000
1505.420,3264.000,3250.000,3247.000,3273.000,3256.000
1506.912,3257.000,3252.000,3271.000,3263.000,3276.000
1508.404,3262.000,3275.000,3277.000,3260.000,3257.000
1509.895,3287.000,3267.000,3290.000,3271.000,3285.000
1511.387,3283.000,3279.000,3253.000,3294.000,3288.000
1512.877,3295.000,3283.000,3290.000,3273.000,3306.000
1514.367,3293.000,3296.000,3300.000,3291.000,3264.000
1515.857,3286.000,3299.000,3296.000,3270.000,3281.000
1517.346,3274.000,3274.000,3272.000,3276.000,3279.000
1518.835,3268.000,3275.000,3265.000,3264.000,3273.000
1520.324,3261.000,3260.000,3263.000,3261.000,3271.000
1521.812,3251.000,3255.000,3251.000,3247.000,3243.000
1523.299,3232.000,3230.000,3233.000,3232.000,3229.000
1524.787,3234.000,3216.000,3234.000,3216.000,3219.000
1526.274,3214.000,3211.000,3223.000,3209.000,3203.000
1527.760,3206.000,3234.000,3204.000,3212.000,3217.000
1529.247,3207.000,3209.000,3193.000,3212.000,3209.000
1530.733,3194.000,3232.000,3207.000,3186.000,3182.000
1532.218,3203.000,3189.000,3202.000,3188.000,3189.000
1533.703,3193.000,3194.000,3198.000,3170.000,3196.000
1535.188,3187.000,3186.000,3174.000,3195.000,3179.000
1536.672,3191.000,3184.000,3198.000,3200.000,3196.000
1538.156,3190.000,3196.000,3202.000,3195.000,3201.000
1539.639,3213.000,3191.000,3198.000,3192.000,3180.000
1541.123,3190.000,3206.000,3191.000,3195.000,3179.000
1542.605,3184.000,3211.000,3197.000,3193.000,3178.000
1544.088,3187.000,3214.000,3191.000,3184.000,3195.000
1545.570,3197.000,3200.000,3211.000,3187.000,3195.000
1547.052,3194.000,3200.000,3196.000,3200.000,3198.000
1548.532,3191.000,3198.000,3199.000,3192.000,3209.000
1550.013,3189.000,3196.000,3193.000,3203.000,3198.000
1551.494,3187.000,3214.000,3188.000,3192.000,3201.000
1552.974,3209.000,3214.000,3187.000,3202.000,3213.000
1554.453,3201.000,3198.000,3205.000,3203.000,3190.000
1555.932,3191.000,3188.000,3181.000,3193.000,3204.000
1557.411,3192.000,3200.000,3211.000,3198.000,3192.000
1558.890,3200.000,3176.000,3179.000,3198.000,3189.000
1560.367,3196.000,3186.000,3198.000,3176.000,3198.000
1561.846,3195.000,3182.000,3209.000,3991.000,3183.000
1563.322,3194.000,3191.000,3182.000,3596.000,3179.000
1564.799,3177.000,3174.000,3190.000,3200.000,3193.000
1566.275,3186.000,3193.000,3179.000,3178.000,3168.000
1567.751,3188.000,3178.000,3185.000,3184.000,3188.000
1569.228,3185.000,3175.000,3178.000,3189.000,3190.000
1570.703,3176.000,3178.000,3159.000,3183.000,3184.000
1572.178,3192.000,3186.000,3167.000,3182.000,3165.000
1573.651,3165.000,3180.000,3184.000,3176.000,3192.000
1575.126,3176.000,3175.000,3171.000,3161.000,3183.000
1576.600,3175.000,3180.000,3209.000,3181.000,3189.000
1578.073,3192.000,3178.000,3196.000,3202.000,3179.000
1579.545,3192.000,3180.000,3170.000,3195.000,3182.000
1581.018,3179.000,3182.000,3187.000,3185.000,3187.000
1582.491,3176.000,3193.000,3191.000,3182.000,3187.000
1583.962,3197.000,3197.000,3203.000,3195.000,3184.000
1585.434,3202.000,3208.000,3203.000,3184.000,3173.000
1586.905,3210.000,3201.000,3191.000,3209.000,3202.000
1588.376,3214.000,3191.000,3199.000,3184.000,3190.000
1589.846,3205.000,3204.000,3211.000,3195.000,3186.000
1591.315,3201.000,3201.000,3207.000,3231.000,3203.000
1592.785,3213.000,3228.000,3223.000,3211.000,3218.000
1594.253,3225.000,3216.000,3202.000,3209.000,3211.000
1595.723,3217.000,3207.000,3214.000,3223.000,3207.000
1597.191,3217.000,3220.000,3215.000,3201.000,3229.000
1598.659,3223.000,3214.000,3212.000,3218.000,3209.000
1600.127,3193.000,3204.000,3200.000,3204.000,3195.000
1601.593,3208.000,3211.000,3192.000,3216.000,3187.000
1603.060,3206.000,3212.000,3212.000,3188.000,3202.000
1604.527,3199.000,3197.000,3200.000,3181.000,3209.000
1605.993,3187.000,3204.000,3199.000,3196.000,3191.000
1607.458,3209.000,3205.000,3204.000,3177.000,3184.000
1608.923,3209.000,3205.000,3202.000,3207.000,3184.000
1610.389,3202.000,3201.000,3205.000,3194.000,3187.000
1611.853,3217.000,3202.000,3201.000,3189.000,3214.000
1613.318,3200.000,3208.000,3198.000,3205.000,3204.000
1614.781,3217.000,3219.000,3207.000,3216.000,3200.000
1616.244,3206.000,3202.000,3215.000,3234.000,3213.000
1617.708,3221.000,3209.000,3212.000,3216.000,3206.000
1619.170,3213.000,3242.000,3222.000,3222.000,3218.000
1620.632,3227.000,3237.000,3241.000,3231.000,3242.000
1622.093,3218.000,3241.000,3223.000,3232.000,3221.000
1623.555,3238.000,3217.000,3236.000,3218.000,3231.000
1625.016,3236.000,3229.000,3238.000,3234.000,3254.000
1626.476,3239.000,3236.000,3234.000,3241.000,3237.000
1627.937,3232.000,3230.000,3242.000,3231.000,3245.000
1629.397,3234.000,3242.000,3240.000,3242.000,3243.000
1630.856,3242.000,3240.000,3247.000,3259.000,3232.000
1632.315,3241.000,3247.000,3227.000,3243.000,3231.000
1633.774,3239.000,3250.000,3244.000,3241.000,3241.000
1635.232,3228.000,3232.000,3232.000,3229.000,3240.000
1636.690,3252.000,3264.000,3227.000,3243.000,3261.000
1638.148,3241.000,3230.000,3236.000,3230.000,3248.000
1639.604,3239.000,3249.000,3257.000,3247.000,3239.000
1641.062,3235.000,3237.000,3242.000,3230.000,3234.000
1642.518,3237.000,3238.000,3225.000,3235.000,3252.000
1643.973,3230.000,3235.000,3256.000,3241.000,3263.000
1645.430,3238.000,3242.000,3238.000,3215.000,3242.000
1646.885,3233.000,3241.000,3242.000,3249.000,3239.000
1648.339,3227.000,3236.000,3236.000,3256.000,3228.000
1649.794,3223.000,3236.000,3236.000,3223.000,3227.000
1651.248,3225.000,3230.000,3230.000,3215.000,3240.000
1652.702,3232.000,3238.000,3207.000,3220.000,3204.000
1654.155,3207.000,3200.000,3224.000,3230.000,3237.000
1655.608,3232.000,3218.000,3235.000,3223.000,3199.000
1657.061,3229.000,3212.000,3239.000,3220.000,3215.000
1658.512,3214.000,3228.000,3212.000,3218.000,3223.000
1659.964,3230.000,3214.000,3240.000,3231.000,3207.000
1661.417,3231.000,3231.000,3232.000,3253.000,3223.000
1662.867,3236.000,3219.000,3236.000,3225.000,3217.000
1664.318,3239.000,3219.000,3248.000,3235.000,3224.000
1665.768,3211.000,3249.000,3234.000,3246.000,3220.000
1667.219,3246.000,3234.000,3239.000,3260.000,3234.000
1668.668,3253.000,3229.000,3246.000,3240.000,3253.000
1670.118,3242.000,3235.000,3243.000,3254.000,3241.000
1671.566,3240.000,3253.000,3254.000,3236.000,3247.000
1673.014,3226.000,3235.000,3265.000,3245.000,3222.000
1674.462,3223.000,3237.000,3238.000,3225.000,3252.000
1675.911,3230.000,3239.000,3230.000,3233.000,3230.000
1677.358,3223.000,3223.000,3215.000,3225.000,3233.000
1678.805,3214.000,3229.000,3210.000,3219.000,3234.000
1680.251,3227.000,3229.000,3228.000,3220.000,3219.000
1681.696,3197.000,3224.000,3229.000,3207.000,3214.000
1683.142,3195.000,3204.000,3190.000,3214.000,3208.000
1684.588,3204.000,3192.000,3200.000,3198.000,3215.000
1686.033,3192.000,3197.000,3194.000,3182.000,3209.000
1687.478,3188.000,3214.000,3195.000,3202.000,3192.000
1688.922,3191.000,3187.000,3196.000,3206.000,3190.000
1690.366,3195.000,3205.000,3207.000,3182.000,3180.000
1691.809,3184.000,3196.000,3185.000,3182.000,3190.000
1693.252,3204.000,3182.000,3183.000,3201.000,3201.000
1694.695,3203.000,3200.000,3198.000,3194.000,3180.000
1696.138,3198.000,3188.000,3212.000,3196.000,3185.000
1697.579,3181.000,3208.000,3184.000,3198.000,3183.000
1699.021,3192.000,3187.000,3196.000,3198.000,3209.000
1700.463,3199.000,3197.000,3195.000,3212.000,3199.000
1701.903,3191.000,3201.000,3194.000,3206.000,3196.000
1703.344,3206.000,3215.000,3203.000,3187.000,3220.000
1704.784,3205.000,3204.000,3200.000,3205.000,3198.000
1706.223,3205.000,3208.000,3197.000,3206.000,3200.000
1707.663,3191.000,3200.000,3189.000,3184.000,3222.000
1709.102,3218.000,3199.000,3205.000,3182.000,3215.000
1710.541,3194.000,3211.000,3201.000,3200.000,3198.000
1711.978,3201.000,3196.000,3201.000,3190.000,3218.000
1713.416,3179.000,3169.000,3186.000,3177.000,3192.000
1714.854,3194.000,3196.000,3192.000,3189.000,3186.000
1716.290,3185.000,3195.000,3198.000,3176.000,3192.000
1717.728,3182.000,3181.000,3202.000,3196.000,3196.000
1719.164,3188.000,3183.000,3198.000,3184.000,3201.000
1720.600,3199.000,3168.000,3182.000,3184.000,3182.000
1722.035,3181.000,3201.000,3182.000,3195.000,3169.000
1723.471,3186.000,3194.000,3176.000,3185.000,3176.000
1724.906,3176.000,3184.000,3181.000,3191.000,3172.000
1726.341,3194.000,3180.000,3188.000,3194.000,3189.000
1727.775,3188.000,3202.000,3182.000,3188.000,3185.000
1729.209,3181.000,3184.000,3191.000,3202.000,3176.000
1730.642,3204.000,3205.000,3196.000,3197.000,3184.000
1732.075,3193.000,3191.000,3208.000,3206.000,3193.000
1733.508,3186.000,3193.000,3189.000,3198.000,3187.000
1734.940,3186.000,3199.000,3204.000,3177.000,3191.000
1736.372,3201.000,3208.000,3184.000,3204.000,3174.000
1737.804,3199.000,3189.000,3191.000,3176.000,3181.000
1739.235,3193.000,3196.000,3227.000,3199.000,3198.000
1740.665,3200.000,3188.000,3196.000,3204.000,3198.000
1742.096,3190.000,3196.000,3185.000,3218.000,3198.000
1743.526,3196.000,3190.000,3205.000,3203.000,3192.000
1744.955,3207.000,3211.000,3191.000,3194.000,3195.000
1746.385,3200.000,3203.000,3196.000,3202.000,3206.000
1747.813,3201.000,3207.000,3203.000,3211.000,3207.000
