282.050,1181.000,1175.000,1203.000,1154.000,1185.000,1191.000,1162.000,1175.000,1178.000,1181.000
283.933,1207.000,1174.000,1172.000,1170.000,1206.000,1210.000,1190.000,1194.000,1210.000,1192.000
285.818,1199.000,1198.000,1214.000,1188.000,1198.000,1210.000,1191.000,1188.000,1186.000,1195.000
287.700,1187.000,1194.000,1209.000,1206.000,1240.000,1226.000,1163.000,1197.000,1195.000,1207.000
289.584,1218.000,1180.000,1217.000,1214.000,1231.000,1228.000,1225.000,1224.000,1229.000,1221.000
291.465,1241.000,1255.000,1243.000,1235.000,1264.000,1238.000,1221.000,1216.000,1265.000,1221.000
293.346,1236.000,1239.000,1272.000,1247.000,1257.000,1235.000,1228.000,1226.000,1245.000,1273.000
295.229,1236.000,1245.000,1235.000,1227.000,1236.000,1222.000,1223.000,1249.000,1201.000,1228.000
297.109,1195.000,1209.000,1208.000,1184.000,1173.000,1171.000,1196.000,1203.000,1177.000,1214.000
298.991,1192.000,1184.000,1195.000,1196.000,1168.000,1189.000,1186.000,1184.000,1211.000,1193.000
300.870,1181.000,1190.000,1176.000,1207.000,1180.000,1205.000,1141.000,1187.000,1182.000,1172.000
302.749,1186.000,1183.000,1169.000,1163.000,1194.000,1192.000,1160.000,1135.000,1170.000,1184.000
304.630,1201.000,1177.000,1162.000,1146.000,1164.000,1187.000,1154.000,1186.000,1165.000,1167.000
306.508,1148.000,1141.000,1154.000,1155.000,1160.000,1135.000,1152.000,1146.000,1137.000,1131.000
308.388,1122.000,1123.000,1131.000,1117.000,1151.000,1162.000,1115.000,1154.000,1158.000,1130.000
310.266,1122.000,1114.000,1140.000,1118.000,1118.000,1120.000,1127.000,1099.000,1129.000,1112.000
312.143,1102.000,1130.000,1098.000,1141.000,1135.000,1122.000,1114.000,1114.000,1090.000,1131.000
314.022,1135.000,1127.000,1114.000,1155.000,1147.000,1105.000,1124.000,1109.000,1095.000,1111.000
315.898,1114.000,1085.000,1111.000,1120.000,1137.000,1124.000,1111.000,1085.000,1104.000,1113.000
317.776,1094.000,1104.000,1099.000,1101.000,1088.000,1085.000,1091.000,1077.000,1125.000,1096.000
319.652,1106.000,1083.000,1070.000,1092.000,1059.000,1092.000,1090.000,1079.000,1076.000,1093.000
321.527,1084.000,1070.000,1055.000,1084.000,1070.000,1077.000,1088.000,1080.000,1086.000,1061.000
323.404,1064.000,1090.000,1085.000,1067.000,1074.000,1092.000,1095.000,1073.000,1075.000,1099.000
325.279,1079.000,1079.000,1074.000,1083.000,1073.000,1072.000,1074.000,1082.000,1054.000,1044.000
327.155,1063.000,1066.000,1080.000,1064.000,1062.000,1055.000,1071.000,1065.000,1075.000,1052.000
329.029,1047.000,1045.000,1047.000,1053.000,1058.000,1053.000,1049.000,1079.000,1036.000,1046.000
330.902,1061.000,1085.000,1055.000,1065.000,1039.000,1056.000,1057.000,1055.000,1034.000,1040.000
332.777,1047.000,1054.000,1042.000,1050.000,1057.000,1048.000,1064.000,1062.000,1019.000,1043.000
334.650,1047.000,1092.000,1043.000,1030.000,1066.000,1041.000,1033.000,1043.000,1021.000,1062.000
336.524,1028.000,1058.000,1053.000,1061.000,1030.000,1040.000,1055.000,1032.000,1035.000,1030.000
338.396,1037.000,1027.000,1059.000,1069.000,1032.000,1023.000,1060.000,1025.000,1056.000,1021.000
340.267,1034.000,1030.000,1034.000,1020.000,1015.000,1023.000,1027.000,1016.000,1017.000,1026.000
342.140,1025.000,1020.000,1005.000,1029.000,1027.000,1012.000,1008.000,1006.000,1027.000,1017.000
344.011,1051.000,1014.000,1025.000,1007.000,1030.000,1016.000,1005.000,1001.000,1013.000,1014.000
345.883,1021.000,998.000,1011.000,1005.000,992.000,1008.000,1003.000,1014.000,1014.000,982.000
347.753,989.000,1019.000,994.000,1003.000,999.000,981.000,1008.000,989.000,1013.000,991.000
349.623,1011.000,982.000,996.000,1003.000,992.000,1001.000,1009.000,986.000,1007.000,1002.000
351.494,977.000,975.000,995.000,968.000,993.000,990.000,987.000,991.000,987.000,979.000
353.363,981.000,969.000,960.000,970.000,955.000,985.000,958.000,975.000,983.000,976.000
355.233,963.000,966.000,987.000,967.000,973.000,983.000,962.000,966.000,962.000,972.000
357.101,978.000,961.000,956.000,962.000,969.000,945.000,978.000,970.000,963.000,949.000
358.969,994.000,960.000,969.000,976.000,969.000,973.000,957.000,978.000,952.000,990.000
360.838,1005.000,998.000,978.000,976.000,976.000,984.000,966.000,981.000,952.000,972.000
362.705,976.000,960.000,993.000,993.000,962.000,983.000,985.000,980.000,962.000,970.000
364.574,995.000,993.000,996.000,992.000,965.000,972.000,998.000,996.000,1003.000,999.000
366.440,980.000,1000.000,998.000,1008.000,1003.000,1007.000,1007.000,988.000,986.000,996.000
368.306,1007.000,1008.000,1020.000,987.000,1016.000,1009.000,987.000,1003.000,1007.000,1002.000
370.173,993.000,1008.000,1002.000,1001.000,996.000,975.000,1015.000,1007.000,990.000,997.000
372.038,1002.000,985.000,985.000,974.000,1000.000,1023.000,974.000,980.000,972.000,991.000
373.905,952.000,937.000,988.000,945.000,961.000,956.000,966.000,956.000,967.000,971.000
375.769,952.000,956.000,946.000,1039.000,920.000,936.000,933.000,945.000,947.000,938.000
377.633,921.000,929.000,918.000,4707.000,924.000,928.000,917.000,935.000,921.000,939.000
379.499,891.000,915.000,915.000,2822.000,905.000,898.000,898.000,917.000,918.000,910.000
381.362,906.000,907.000,880.000,935.000,903.000,907.000,909.000,909.000,906.000,899.000
383.226,915.000,902.000,899.000,910.000,886.000,907.000,909.000,915.000,895.000,913.000
385.089,908.000,894.000,908.000,905.000,893.000,883.000,899.000,887.000,914.000,893.000
386.951,888.000,883.000,898.000,885.000,877.000,891.000,877.000,892.000,900.000,873.000
388.815,878.000,891.000,871.000,886.000,902.000,873.000,890.000,896.000,878.000,897.000
390.676,873.000,889.000,891.000,900.000,880.000,885.000,887.000,893.000,883.000,899.000
392.539,897.000,889.000,895.000,884.000,884.000,893.000,909.000,893.000,888.000,897.000
394.399,908.000,914.000,909.000,906.000,896.000,890.000,899.000,903.000,890.000,892.000
396.261,902.000,897.000,919.000,907.000,891.000,886.000,896.000,903.000,896.000,923.000
398.121,888.000,888.000,875.000,905.000,879.000,884.000,872.000,882.000,894.000,889.000
399.980,876.000,890.000,880.000,886.000,881.000,871.000,884.000,866.000,881.000,861.000
401.841,880.000,893.000,889.000,881.000,869.000,877.000,860.000,882.000,892.000,865.000
403.700,868.000,880.000,878.000,884.000,882.000,873.000,882.000,880.000,885.000,891.000
405.560,877.000,861.000,859.000,886.000,865.000,877.000,879.000,873.000,864.000,866.000
407.418,868.000,874.000,860.000,856.000,862.000,873.000,859.000,838.000,861.000,860.000
409.276,852.000,848.000,859.000,848.000,876.000,847.000,844.000,855.000,860.000,864.000
411.135,871.000,863.000,844.000,854.000,869.000,875.000,855.000,859.000,867.000,865.000
412.991,873.000,862.000,857.000,851.000,858.000,855.000,880.000,855.000,851.000,853.000
414.850,861.000,870.000,864.000,852.000,868.000,868.000,873.000,862.000,847.000,845.000
416.706,879.000,865.000,848.000,856.000,867.000,863.000,859.000,870.000,865.000,867.000
418.561,872.000,874.000,872.000,879.000,869.000,858.000,862.000,871.000,852.000,869.000
420.419,870.000,866.000,858.000,873.000,872.000,861.000,867.000,863.000,865.000,870.000
422.274,861.000,861.000,862.000,867.000,858.000,873.000,849.000,875.000,860.000,867.000
424.130,868.000,864.000,877.000,884.000,874.000,884.000,884.000,883.000,862.000,868.000
425.984,884.000,899.000,864.000,888.000,880.000,876.000,878.000,872.000,861.000,896.000
427.838,899.000,882.000,895.000,899.000,907.000,891.000,885.000,889.000,899.000,869.000
429.693,892.000,921.000,910.000,908.000,901.000,891.000,912.000,902.000,888.000,884.000
431.546,907.000,887.000,883.000,895.000,916.000,874.000,883.000,892.000,897.000,888.000
433.401,902.000,887.000,885.000,892.000,875.000,879.000,881.000,895.000,897.000,882.000
435.253,879.000,899.000,865.000,881.000,877.000,878.000,873.000,873.000,883.000,873.000
437.105,890.000,875.000,864.000,886.000,868.000,884.000,880.000,879.000,868.000,868.000
438.959,867.000,852.000,868.000,875.000,869.000,870.000,868.000,869.000,863.000,871.000
440.810,863.000,871.000,866.000,844.000,865.000,874.000,857.000,864.000,866.000,842.000
442.662,885.000,866.000,857.000,867.000,860.000,858.000,864.000,858.000,854.000,856.000
444.513,855.000,867.000,867.000,868.000,859.000,866.000,866.000,861.000,874.000,871.000
446.363,867.000,887.000,878.000,870.000,878.000,859.000,847.000,874.000,881.000,860.000
448.215,869.000,867.000,867.000,857.000,838.000,848.000,875.000,862.000,851.000,862.000
450.064,852.000,868.000,856.000,857.000,848.000,855.000,866.000,859.000,855.000,858.000
451.915,851.000,861.000,845.000,851.000,858.000,846.000,840.000,839.000,855.000,833.000
453.763,843.000,853.000,836.000,824.000,836.000,841.000,829.000,831.000,846.000,839.000
455.611,838.000,833.000,817.000,836.000,837.000,817.000,818.000,848.000,832.000,849.000
457.461,842.000,833.000,825.000,838.000,837.000,822.000,832.000,831.000,815.000,822.000
459.308,825.000,832.000,841.000,837.000,848.000,831.000,837.000,815.000,834.000,843.000
461.158,841.000,833.000,834.000,842.000,832.000,827.000,848.000,832.000,839.000,807.000
463.004,819.000,841.000,838.000,822.000,837.000,833.000,845.000,837.000,838.000,850.000
464.850,825.000,828.000,845.000,839.000,852.000,849.000,838.000,821.000,848.000,823.000
466.698,832.000,838.000,851.000,842.000,838.000,841.000,833.000,820.000,829.000,830.000
468.544,835.000,833.000,831.000,831.000,848.000,838.000,819.000,822.000,827.000,827.000
470.391,833.000,835.000,843.000,854.000,816.000,833.000,833.000,832.000,830.000,821.000
472.236,839.000,843.000,830.000,834.000,832.000,821.000,836.000,837.000,831.000,826.000
474.080,829.000,832.000,831.000,828.000,804.000,827.000,823.000,832.000,832.000,834.000
475.926,828.000,837.000,818.000,820.000,823.000,839.000,835.000,812.000,822.000,825.000
477.770,825.000,834.000,827.000,831.000,816.000,832.000,834.000,808.000,819.000,815.000
479.615,822.000,827.000,822.000,823.000,811.000,821.000,819.000,819.000,820.000,841.000
481.458,843.000,818.000,823.000,821.000,837.000,838.000,817.000,834.000,836.000,822.000
483.301,825.000,843.000,834.000,834.000,827.000,835.000,827.000,824.000,840.000,839.000
485.145,827.000,834.000,835.000,816.000,826.000,839.000,821.000,838.000,835.000,839.000
486.987,836.000,868.000,831.000,831.000,850.000,830.000,832.000,832.000,833.000,824.000
488.830,847.000,856.000,834.000,854.000,833.000,863.000,833.000,828.000,837.000,834.000
490.671,856.000,857.000,844.000,859.000,851.000,850.000,843.000,865.000,837.000,828.000
492.512,862.000,851.000,866.000,851.000,842.000,839.000,855.000,862.000,853.000,845.000
494.354,844.000,872.000,852.000,856.000,871.000,867.000,876.000,845.000,875.000,860.000
496.194,885.000,866.000,869.000,857.000,861.000,839.000,862.000,867.000,871.000,861.000
498.036,865.000,861.000,860.000,871.000,877.000,876.000,870.000,859.000,861.000,840.000
499.875,869.000,853.000,866.000,866.000,883.000,853.000,889.000,878.000,871.000,867.000
501.714,880.000,881.000,873.000,886.000,880.000,871.000,864.000,875.000,875.000,861.000
503.555,888.000,875.000,875.000,875.000,865.000,871.000,878.000,888.000,868.000,858.000
505.393,896.000,890.000,875.000,887.000,876.000,887.000,873.000,882.000,868.000,867.000
507.232,897.000,894.000,905.000,890.000,879.000,871.000,879.000,885.000,887.000,876.000
509.070,891.000,875.000,897.000,879.000,897.000,882.000,894.000,884.000,875.000,867.000
510.907,894.000,894.000,903.000,884.000,895.000,875.000,896.000,887.000,892.000,876.000
512.745,889.000,895.000,880.000,896.000,888.000,881.000,875.000,895.000,889.000,893.000
514.582,904.000,867.000,895.000,887.000,896.000,883.000,871.000,876.000,894.000,874.000
516.420,908.000,917.000,905.000,910.000,897.000,909.000,904.000,898.000,881.000,907.000
518.255,913.000,935.000,906.000,891.000,914.000,901.000,898.000,925.000,914.000,912.000
520.090,931.000,929.000,903.000,929.000,912.000,915.000,912.000,908.000,899.000,915.000
521.927,918.000,926.000,923.000,912.000,928.000,924.000,915.000,910.000,923.000,924.000
523.762,927.000,913.000,915.000,898.000,906.000,903.000,910.000,906.000,918.000,890.000
525.598,895.000,911.000,905.000,915.000,898.000,910.000,921.000,895.000,902.000,914.000
527.431,925.000,931.000,915.000,899.000,914.000,912.000,922.000,919.000,929.000,905.000
529.265,935.000,952.000,944.000,918.000,911.000,918.000,910.000,932.000,913.000,937.000
531.100,924.000,924.000,943.000,927.000,938.000,945.000,931.000,933.000,940.000,919.000
532.932,934.000,955.000,921.000,948.000,954.000,922.000,947.000,931.000,932.000,939.000
534.766,960.000,971.000,961.000,942.000,928.000,964.000,951.000,948.000,946.000,943.000
536.598,965.000,968.000,961.000,976.000,969.000,993.000,954.000,961.000,955.000,967.000
538.430,983.000,963.000,984.000,984.000,972.000,955.000,964.000,966.000,968.000,973.000
540.263,958.000,950.000,969.000,946.000,953.000,972.000,963.000,964.000,953.000,954.000
542.094,940.000,910.000,933.000,922.000,929.000,932.000,909.000,922.000,929.000,924.000
543.926,891.000,888.000,903.000,902.000,914.000,896.000,895.000,892.000,913.000,888.000
545.756,879.000,877.000,885.000,887.000,882.000,875.000,866.000,863.000,862.000,857.000
547.586,858.000,869.000,862.000,856.000,865.000,853.000,872.000,845.000,844.000,827.000
549.417,866.000,836.000,842.000,835.000,829.000,846.000,859.000,842.000,841.000,838.000
551.246,841.000,858.000,846.000,858.000,839.000,838.000,850.000,832.000,836.000,828.000
553.076,840.000,848.000,820.000,838.000,841.000,824.000,830.000,853.000,828.000,831.000
554.904,827.000,836.000,835.000,823.000,834.000,844.000,838.000,847.000,829.000,838.000
556.732,838.000,832.000,846.000,843.000,824.000,842.000,852.000,844.000,834.000,825.000
558.562,835.000,841.000,830.000,854.000,843.000,839.000,833.000,833.000,833.000,829.000
560.389,827.000,831.000,846.000,854.000,848.000,830.000,837.000,839.000,832.000,836.000
562.218,845.000,860.000,846.000,864.000,851.000,857.000,859.000,864.000,848.000,834.000
564.044,850.000,863.000,878.000,887.000,862.000,878.000,870.000,917.000,881.000,856.000
565.870,886.000,878.000,878.000,860.000,877.000,884.000,883.000,877.000,879.000,878.000
567.697,897.000,886.000,902.000,882.000,888.000,883.000,889.000,887.000,901.000,904.000
569.523,928.000,911.000,910.000,910.000,913.000,903.000,896.000,908.000,918.000,913.000
571.350,943.000,942.000,963.000,950.000,938.000,948.000,948.000,958.000,961.000,945.000
573.174,989.000,984.000,1007.000,982.000,977.000,1019.000,997.000,985.000,970.000,1002.000
574.998,1050.000,1036.000,1059.000,1040.000,1037.000,1014.000,1059.000,1027.000,1028.000,1034.000
576.824,1068.000,1058.000,1059.000,1073.000,1072.000,1047.000,1061.000,1044.000,1031.000,1063.000
578.647,1077.000,1092.000,1093.000,1086.000,1076.000,1064.000,1041.000,1077.000,1090.000,1074.000
580.473,1101.000,1107.000,1105.000,1094.000,1093.000,1103.000,1112.000,1082.000,1102.000,1067.000
582.295,1114.000,1082.000,1115.000,1105.000,1121.000,1094.000,1104.000,1103.000,1096.000,1101.000
584.117,1122.000,1135.000,1121.000,1119.000,1113.000,1129.000,1111.000,1127.000,1101.000,1126.000
585.941,1128.000,1111.000,1115.000,1140.000,1119.000,1134.000,1116.000,1118.000,1102.000,1116.000
587.763,1145.000,1146.000,1131.000,1141.000,1131.000,1119.000,1117.000,1112.000,1142.000,1117.000
589.586,1153.000,1158.000,1118.000,1133.000,1130.000,1123.000,1136.000,1154.000,1131.000,1140.000
591.407,1140.000,1135.000,1139.000,1121.000,1164.000,1115.000,1117.000,1115.000,1123.000,1134.000
593.228,1151.000,1173.000,1147.000,1167.000,1159.000,1134.000,1130.000,1148.000,1168.000,1112.000
595.050,1195.000,1159.000,1155.000,1167.000,1167.000,1180.000,1155.000,1173.000,1180.000,1163.000
596.870,1204.000,1195.000,1174.000,1179.000,1198.000,1173.000,1147.000,1170.000,1155.000,1140.000
598.691,1212.000,1172.000,1192.000,1191.000,1181.000,1189.000,1172.000,1218.000,1195.000,1183.000
600.510,1171.000,1155.000,1188.000,1177.000,1183.000,1188.000,1175.000,1168.000,1195.000,1156.000
602.329,1153.000,1151.000,1171.000,1157.000,1210.000,1156.000,1176.000,1176.000,1165.000,1177.000
604.149,1153.000,1162.000,1148.000,1173.000,1166.000,1158.000,1147.000,1154.000,1167.000,1184.000
605.967,1171.000,1160.000,1156.000,1172.000,1161.000,1173.000,1129.000,1151.000,1140.000,1144.000
607.787,1170.000,1154.000,1128.000,1171.000,1155.000,1157.000,1151.000,1159.000,1127.000,1155.000
609.604,1149.000,1150.000,1141.000,1177.000,1149.000,1129.000,1147.000,1137.000,1151.000,1145.000
611.423,1138.000,1135.000,1136.000,3238.000,1164.000,1125.000,1125.000,1139.000,1135.000,1155.000
613.239,1097.000,1097.000,1104.000,1156.000,1105.000,1114.000,1102.000,1130.000,1124.000,1100.000
615.055,1127.000,1124.000,1111.000,1103.000,1115.000,1123.000,1116.000,1115.000,1087.000,1103.000
616.873,1099.000,1115.000,1096.000,1111.000,1116.000,1095.000,1139.000,1124.000,1654.000,1099.000
618.688,1112.000,1134.000,1120.000,1094.000,1124.000,1108.000,1119.000,1111.000,1171.000,1103.000
620.505,1137.000,1108.000,1123.000,1110.000,1112.000,1107.000,1077.000,1109.000,1097.000,1103.000
622.320,1099.000,1125.000,1082.000,1105.000,1085.000,1124.000,1109.000,1097.000,1069.000,1086.000
624.134,1099.000,1095.000,1083.000,1096.000,1084.000,1066.000,1063.000,1080.000,1067.000,1057.000
625.950,1092.000,1078.000,1087.000,1979.000,1072.000,1094.000,1076.000,1084.000,1073.000,1076.000
627.764,1092.000,1084.000,1071.000,3316.000,1064.000,1077.000,1067.000,1098.000,1065.000,1090.000
629.579,1074.000,1077.000,1085.000,1158.000,1085.000,1076.000,1066.000,1084.000,1082.000,1085.000
631.392,1081.000,1062.000,1083.000,1079.000,1077.000,1062.000,1077.000,1086.000,1089.000,1082.000
633.205,1088.000,1075.000,1077.000,1081.000,1096.000,1068.000,1093.000,1073.000,1078.000,1043.000
635.019,1074.000,1073.000,1054.000,1074.000,1059.000,1074.000,1052.000,1071.000,1061.000,1029.000
636.831,1059.000,1042.000,1036.000,1033.000,1046.000,1040.000,1052.000,1055.000,1068.000,1041.000
638.644,1053.000,1029.000,1062.000,1028.000,1029.000,1024.000,1038.000,1025.000,1030.000,1210.000
640.455,1035.000,1018.000,1027.000,1045.000,1031.000,1029.000,1030.000,1012.000,1027.000,2136.000
642.266,998.000,1012.000,1042.000,1023.000,1003.000,1026.000,1009.000,1027.000,1015.000,1163.000
644.078,1035.000,992.000,1007.000,1024.000,1010.000,991.000,988.000,1006.000,998.000,1005.000
645.888,997.000,991.000,1001.000,995.000,1001.000,977.000,992.000,1010.000,973.000,970.000
647.700,966.000,979.000,968.000,987.000,967.000,968.000,979.000,975.000,978.000,956.000
649.509,976.000,979.000,974.000,960.000,972.000,950.000,961.000,973.000,950.000,960.000
651.318,991.000,966.000,959.000,956.000,953.000,947.000,917.000,953.000,951.000,956.000
653.128,934.000,962.000,946.000,930.000,927.000,936.000,970.000,957.000,955.000,957.000
654.937,938.000,955.000,947.000,952.000,916.000,940.000,946.000,936.000,948.000,941.000
656.746,945.000,920.000,928.000,945.000,931.000,921.000,930.000,943.000,950.000,933.000
658.554,931.000,927.000,932.000,926.000,931.000,930.000,946.000,927.000,951.000,940.000
660.361,931.000,932.000,926.000,934.000,923.000,933.000,926.000,925.000,923.000,924.000
662.170,920.000,914.000,929.000,945.000,932.000,924.000,910.000,924.000,913.000,919.000
663.976,916.000,931.000,916.000,912.000,934.000,933.000,923.000,915.000,918.000,940.000
665.784,927.000,944.000,926.000,932.000,927.000,923.000,946.000,933.000,933.000,920.000
667.590,941.000,940.000,945.000,923.000,925.000,926.000,912.000,918.000,932.000,920.000
669.395,931.000,929.000,935.000,927.000,930.000,940.000,926.000,920.000,914.000,920.000
671.202,912.000,919.000,929.000,914.000,921.000,899.000,908.000,907.000,915.000,904.000
673.006,916.000,921.000,942.000,929.000,937.000,909.000,904.000,919.000,917.000,916.000
674.813,911.000,909.000,909.000,922.000,907.000,923.000,900.000,918.000,916.000,897.000
676.617,912.000,938.000,935.000,923.000,931.000,920.000,912.000,931.000,921.000,915.000
678.420,920.000,918.000,915.000,915.000,909.000,915.000,921.000,928.000,918.000,911.000
680.225,938.000,918.000,910.000,937.000,904.000,902.000,910.000,931.000,903.000,916.000
682.028,929.000,931.000,906.000,931.000,936.000,921.000,895.000,908.000,904.000,918.000
683.832,932.000,918.000,925.000,924.000,932.000,924.000,900.000,924.000,916.000,910.000
685.634,917.000,944.000,955.000,937.000,930.000,930.000,932.000,929.000,940.000,937.000
687.436,945.000,933.000,929.000,947.000,912.000,933.000,929.000,936.000,916.000,936.000
689.239,939.000,940.000,934.000,943.000,941.000,947.000,946.000,936.000,951.000,932.000
691.040,928.000,939.000,946.000,942.000,961.000,942.000,939.000,968.000,937.000,950.000
692.843,955.000,942.000,949.000,932.000,935.000,937.000,944.000,946.000,945.000,962.000
694.643,975.000,941.000,953.000,948.000,981.000,956.000,950.000,944.000,936.000,948.000
696.443,994.000,966.000,945.000,963.000,957.000,973.000,951.000,962.000,941.000,964.000
698.245,978.000,989.000,986.000,972.000,975.000,965.000,976.000,965.000,982.000,972.000
700.044,995.000,1004.000,973.000,1002.000,985.000,966.000,974.000,987.000,977.000,964.000
701.845,998.000,1018.000,969.000,1002.000,991.000,979.000,991.000,1010.000,968.000,976.000
703.643,1024.000,995.000,1002.000,992.000,1008.000,985.000,1008.000,994.000,973.000,1004.000
705.441,1022.000,1029.000,1021.000,1028.000,1024.000,1041.000,1018.000,1027.000,1008.000,998.000
707.241,1049.000,1064.000,1037.000,1026.000,1041.000,1017.000,1031.000,1025.000,1010.000,1065.000
709.038,1066.000,1062.000,1051.000,1067.000,1042.000,1080.000,1055.000,1068.000,1048.000,1069.000
710.838,1080.000,1080.000,1082.000,1073.000,1072.000,1055.000,1055.000,1083.000,1063.000,1079.000
712.634,1083.000,1065.000,1102.000,1062.000,1084.000,1078.000,1110.000,1070.000,1089.000,1059.000
714.431,1086.000,1074.000,1056.000,1045.000,1064.000,1082.000,1078.000,1070.000,1063.000,1078.000
716.228,1078.000,1044.000,1062.000,1060.000,1049.000,1026.000,1068.000,1046.000,1041.000,1057.000
718.024,1031.000,1046.000,1051.000,1071.000,1032.000,1034.000,1044.000,1057.000,1027.000,1022.000
719.821,1023.000,1011.000,1032.000,1025.000,1044.000,1039.000,1010.000,1033.000,1020.000,1023.000
721.616,1044.000,1040.000,1040.000,1058.000,1040.000,1033.000,1033.000,1029.000,1009.000,1013.000
723.411,1035.000,1035.000,1048.000,1029.000,1063.000,1062.000,1038.000,1030.000,1023.000,1032.000
725.207,1023.000,1053.000,1016.000,1046.000,1040.000,1045.000,1035.000,1049.000,1041.000,1022.000
727.001,1060.000,1008.000,1047.000,1050.000,1060.000,1039.000,1052.000,1058.000,1047.000,1050.000
728.796,1062.000,1061.000,1061.000,1055.000,1041.000,1056.000,1051.000,1066.000,1052.000,1045.000
730.589,1069.000,1047.000,1051.000,1078.000,1063.000,1086.000,1078.000,1065.000,1073.000,1056.000
732.382,1090.000,1100.000,1091.000,1104.000,1083.000,1124.000,1079.000,1066.000,1063.000,1071.000
734.177,1097.000,1117.000,1095.000,1124.000,1118.000,1101.000,1097.000,1088.000,1097.000,1095.000
735.969,1106.000,1119.000,1106.000,1117.000,1102.000,1111.000,1098.000,1117.000,1077.000,1120.000
737.762,1099.000,1091.000,1102.000,1104.000,1109.000,1096.000,1111.000,1108.000,1111.000,1091.000
739.554,1096.000,1121.000,1113.000,1111.000,1114.000,1132.000,1086.000,1096.000,1094.000,1091.000
741.345,1137.000,1126.000,1119.000,1141.000,1117.000,1107.000,1123.000,1090.000,1131.000,1101.000
743.137,1144.000,1140.000,1116.000,1131.000,1121.000,1136.000,1107.000,1127.000,1095.000,1112.000
744.928,1126.000,1108.000,1104.000,1106.000,1117.000,1111.000,1122.000,1111.000,1120.000,1124.000
746.719,1094.000,1066.000,1102.000,1110.000,1102.000,1117.000,1079.000,1110.000,1099.000,1095.000
748.509,1083.000,1075.000,1075.000,1081.000,1089.000,1080.000,1069.000,1086.000,1054.000,1090.000
750.298,1072.000,1098.000,1083.000,1087.000,1060.000,1082.000,1067.000,1076.000,1080.000,1049.000
752.089,1052.000,1074.000,1062.000,1067.000,1059.000,1056.000,1068.000,1052.000,1095.000,1061.000
753.878,1082.000,1060.000,1067.000,1064.000,1056.000,1076.000,1068.000,1056.000,1084.000,1078.000
755.668,1101.000,1076.000,1071.000,1060.000,1051.000,1080.000,1066.000,1074.000,1050.000,1051.000
757.455,1077.000,1047.000,1047.000,1097.000,1064.000,1064.000,1071.000,1069.000,1075.000,1054.000
759.243,1094.000,1079.000,1091.000,1083.000,1070.000,1066.000,1102.000,1077.000,1067.000,1063.000
761.032,1070.000,1088.000,1083.000,1081.000,1076.000,1081.000,1077.000,1089.000,1063.000,1071.000
762.819,1094.000,1107.000,1101.000,1097.000,1103.000,1095.000,1075.000,1081.000,1101.000,1111.000
764.607,1102.000,1118.000,1104.000,1116.000,1123.000,1117.000,1129.000,1115.000,1103.000,1101.000
766.393,1132.000,1114.000,1148.000,1113.000,1138.000,1146.000,1143.000,1113.000,1129.000,1132.000
768.179,1137.000,1173.000,1151.000,1123.000,1145.000,1155.000,1134.000,1161.000,1155.000,1147.000
769.966,1185.000,1203.000,1170.000,1158.000,1167.000,1158.000,1150.000,1173.000,1139.000,1163.000
771.751,1134.000,1127.000,1110.000,1152.000,1111.000,1122.000,1138.000,1130.000,1117.000,1122.000
773.538,1096.000,1099.000,1101.000,1080.000,1065.000,1108.000,1057.000,1062.000,1061.000,1092.000
775.322,1073.000,1083.000,1058.000,1073.000,1069.000,1055.000,1035.000,1049.000,1054.000,1035.000
777.106,1043.000,1029.000,1048.000,1038.000,1052.000,1053.000,1063.000,1014.000,1046.000,1025.000
778.891,1035.000,1056.000,1056.000,1060.000,1027.000,1069.000,1053.000,1051.000,1051.000,1046.000
780.674,1028.000,1027.000,1041.000,1043.000,1078.000,1053.000,1031.000,1050.000,1050.000,1025.000
782.459,1051.000,1041.000,1026.000,1035.000,1022.000,1042.000,1046.000,1032.000,1036.000,1038.000
784.242,1030.000,1030.000,1069.000,1063.000,1036.000,1034.000,1031.000,1009.000,1041.000,1028.000
786.024,1054.000,1041.000,1029.000,1022.000,1037.000,1013.000,1020.000,1027.000,1042.000,1032.000
787.808,1049.000,1046.000,1044.000,1029.000,1054.000,1051.000,1028.000,1045.000,1013.000,1016.000
789.589,1043.000,1052.000,1065.000,1061.000,1049.000,1048.000,1048.000,1048.000,1055.000,1043.000
791.372,1060.000,1051.000,1039.000,1072.000,1059.000,1041.000,1039.000,1044.000,1053.000,1048.000
793.153,1039.000,1063.000,1085.000,1035.000,1052.000,1041.000,1050.000,1058.000,1058.000,1051.000
794.933,1075.000,1054.000,1053.000,1062.000,1061.000,1053.000,1035.000,1031.000,1058.000,1052.000
796.715,1070.000,1057.000,1069.000,1074.000,1074.000,1090.000,1046.000,1095.000,1086.000,1086.000
798.495,1079.000,1083.000,1101.000,1087.000,1067.000,1062.000,1065.000,1084.000,1083.000,1081.000
800.276,1099.000,1084.000,1096.000,1091.000,1079.000,1095.000,1058.000,1083.000,1098.000,1097.000
802.055,1119.000,1099.000,1100.000,1088.000,1113.000,1094.000,1109.000,1091.000,1080.000,1063.000
803.836,1109.000,1116.000,1141.000,1112.000,1089.000,1108.000,1133.000,1129.000,1106.000,1104.000
805.614,1129.000,1140.000,1131.000,1111.000,1118.000,1123.000,1084.000,1112.000,1136.000,1100.000
807.392,1143.000,1130.000,1136.000,1126.000,1118.000,1121.000,1119.000,1133.000,1102.000,1115.000
809.171,1135.000,1145.000,1126.000,1148.000,1129.000,1116.000,1128.000,1119.000,1122.000,1131.000
810.949,1143.000,1180.000,1188.000,1147.000,1120.000,1154.000,1167.000,1172.000,1154.000,1157.000
812.727,1182.000,1168.000,1208.000,1177.000,1213.000,1184.000,1168.000,1201.000,1167.000,1189.000
814.504,1224.000,1177.000,1185.000,1206.000,1181.000,1214.000,1196.000,1217.000,1195.000,1201.000
816.280,1229.000,1204.000,1203.000,1228.000,1239.000,1203.000,1206.000,1210.000,1223.000,1221.000
818.058,1254.000,1257.000,1251.000,1254.000,1258.000,1251.000,1234.000,1276.000,1238.000,1253.000
819.833,1303.000,1276.000,1260.000,1276.000,1271.000,1294.000,1302.000,1271.000,1291.000,1285.000
821.610,1333.000,1315.000,1311.000,1316.000,1319.000,1292.000,1300.000,1291.000,1805.000,1311.000
823.385,1335.000,1378.000,1343.000,1339.000,1376.000,1321.000,1362.000,1341.000,1388.000,2542.000
825.159,1385.000,1404.000,1404.000,1398.000,1424.000,1392.000,1355.000,1376.000,1366.000,1764.000
826.935,1434.000,1454.000,1434.000,1411.000,1413.000,1419.000,1397.000,1404.000,1407.000,1406.000
828.709,1450.000,1460.000,1418.000,1404.000,1453.000,1446.000,1465.000,1434.000,1421.000,1415.000
830.484,1448.000,1479.000,1477.000,1446.000,1441.000,1436.000,1429.000,1439.000,1430.000,1468.000
832.257,1481.000,1496.000,1475.000,1488.000,1509.000,1521.000,1453.000,1454.000,1456.000,1478.000
834.030,1522.000,1503.000,1514.000,1539.000,1506.000,1525.000,1511.000,1514.000,1525.000,1511.000
835.804,1565.000,1572.000,1575.000,1550.000,1595.000,1553.000,1543.000,1559.000,1564.000,1542.000
837.576,1574.000,1573.000,1606.000,1610.000,1578.000,1574.000,1527.000,1598.000,1593.000,1566.000
839.350,1592.000,1542.000,1585.000,1586.000,1593.000,1562.000,1588.000,1623.000,1544.000,1567.000
841.121,1533.000,1594.000,1567.000,1511.000,1534.000,1545.000,1540.000,1561.000,1576.000,1586.000
842.892,1605.000,1561.000,1519.000,1562.000,1544.000,1548.000,1606.000,1550.000,1538.000,1553.000
844.665,1577.000,1574.000,1541.000,1549.000,1546.000,1557.000,1515.000,1541.000,1571.000,1532.000
846.435,1559.000,1528.000,1572.000,1551.000,1541.000,1549.000,1529.000,1562.000,1533.000,1522.000
848.207,1532.000,1546.000,1547.000,1506.000,1547.000,1514.000,1526.000,1511.000,1504.000,1543.000
849.976,1523.000,1510.000,1500.000,1503.000,1491.000,1492.000,1483.000,1515.000,1504.000,1492.000
851.745,1466.000,1507.000,1474.000,1454.000,1464.000,1493.000,1459.000,1478.000,1468.000,1460.000
853.516,1494.000,1475.000,1443.000,1447.000,1469.000,1463.000,1473.000,1473.000,1469.000,1464.000
855.284,1458.000,1472.000,1440.000,1461.000,1449.000,1478.000,1495.000,1447.000,1420.000,1443.000
857.054,1513.000,1470.000,1472.000,1445.000,1462.000,1487.000,1467.000,1448.000,1463.000,1451.000
858.822,1485.000,1513.000,1496.000,1471.000,1500.000,1482.000,1483.000,1468.000,1473.000,1488.000
860.590,1494.000,1503.000,1483.000,1506.000,1515.000,1539.000,1530.000,1499.000,1528.000,1503.000
862.359,1532.000,1546.000,1567.000,1567.000,1515.000,1511.000,1542.000,1488.000,1548.000,1551.000
864.125,1567.000,1564.000,1559.000,1538.000,1532.000,1536.000,1560.000,1515.000,1536.000,1566.000
865.894,1604.000,1598.000,1603.000,1560.000,1556.000,1545.000,1570.000,1579.000,1597.000,1576.000
867.660,1602.000,1636.000,1625.000,1582.000,1599.000,1590.000,1588.000,1607.000,1599.000,1580.000
869.425,1649.000,1677.000,1620.000,1680.000,1663.000,1643.000,1676.000,1645.000,1685.000,1644.000
871.193,1735.000,1713.000,1719.000,1736.000,1683.000,1713.000,1673.000,1691.000,1650.000,1646.000
872.958,1739.000,1725.000,1688.000,1710.000,1692.000,1710.000,1672.000,1740.000,1706.000,1679.000
874.724,1754.000,1719.000,1727.000,1715.000,1718.000,1718.000,1709.000,1721.000,1752.000,1717.000
876.488,1752.000,1788.000,1742.000,1772.000,1800.000,1759.000,1728.000,1737.000,1745.000,1751.000
878.252,1757.000,2129.000,1753.000,1772.000,1793.000,1777.000,1800.000,1749.000,1812.000,1769.000
880.018,1841.000,2185.000,1791.000,1822.000,1854.000,1789.000,1818.000,1837.000,1786.000,1784.000
881.781,1818.000,1845.000,1819.000,1812.000,1761.000,1816.000,1793.000,1832.000,1802.000,1858.000
883.546,1874.000,1822.000,1833.000,1795.000,1878.000,1867.000,1824.000,1811.000,1817.000,1818.000
885.309,1797.000,1769.000,1855.000,1817.000,1828.000,1763.000,1781.000,1814.000,1798.000,1781.000
887.071,1809.000,1749.000,1814.000,1807.000,1786.000,1794.000,1805.000,1844.000,1813.000,1756.000
888.835,1799.000,1817.000,1793.000,1851.000,1832.000,1824.000,1778.000,1779.000,1794.000,1785.000
890.596,1817.000,1851.000,1799.000,1793.000,1882.000,1781.000,1828.000,1856.000,1796.000,1755.000
892.359,1837.000,1833.000,1843.000,1869.000,1844.000,1818.000,1865.000,1842.000,1839.000,1846.000
894.120,1822.000,1861.000,1851.000,1851.000,1824.000,1875.000,1806.000,1852.000,1797.000,1870.000
895.880,1837.000,1851.000,1868.000,1849.000,1829.000,1854.000,1845.000,1829.000,1822.000,1834.000
897.642,1818.000,1839.000,1845.000,1838.000,1863.000,1855.000,1835.000,1828.000,1809.000,1845.000
899.402,1842.000,1833.000,1810.000,1819.000,1857.000,1831.000,1862.000,1842.000,1832.000,1888.000
901.164,1864.000,1851.000,1833.000,1899.000,1856.000,1868.000,1856.000,1840.000,1839.000,1882.000
902.923,1953.000,1899.000,1899.000,1902.000,1881.000,1918.000,1851.000,1896.000,1887.000,1915.000
904.681,1952.000,1918.000,1986.000,1957.000,1951.000,1951.000,1975.000,1957.000,1939.000,1898.000
906.442,1969.000,1991.000,1992.000,1968.000,2018.000,2012.000,2043.000,2015.000,2015.000,2011.000
908.200,2066.000,2096.000,2073.000,2061.000,2051.000,2048.000,2040.000,2032.000,2065.000,2019.000
909.959,2081.000,2115.000,2115.000,2127.000,2146.000,2105.000,2074.000,2109.000,2126.000,2098.000
911.717,2148.000,2156.000,2208.000,2212.000,2155.000,2187.000,2127.000,2143.000,2168.000,2180.000
913.474,2263.000,2299.000,2244.000,2310.000,2270.000,2290.000,2257.000,2269.000,2260.000,2220.000
915.232,2376.000,2397.000,2399.000,2376.000,2360.000,2394.000,2372.000,2367.000,2396.000,2363.000
916.989,2437.000,2491.000,2472.000,2453.000,2451.000,2480.000,2436.000,2441.000,2417.000,2438.000
918.747,2556.000,2591.000,2510.000,2602.000,2536.000,2521.000,2557.000,2496.000,2539.000,2497.000
920.502,2709.000,2630.000,2675.000,2651.000,2658.000,2613.000,2645.000,2687.000,2642.000,2675.000
922.257,2903.000,2879.000,2883.000,2910.000,2872.000,2835.000,2886.000,2876.000,2957.000,2881.000
924.014,3282.000,3256.000,3208.000,3222.000,3291.000,3259.000,3231.000,3211.000,3265.000,3242.000
925.769,3683.000,3755.000,3722.000,3678.000,3667.000,3767.000,3712.000,3714.000,3700.000,3711.000
927.525,4191.000,4151.000,4210.000,4144.000,4208.000,4185.000,4123.000,4064.000,4157.000,4185.000
929.279,4227.000,4251.000,4256.000,4227.000,4277.000,4216.000,4173.000,4236.000,4258.000,4247.000
931.033,3846.000,3926.000,3864.000,3875.000,3861.000,3945.000,3909.000,3827.000,3936.000,3854.000
932.788,3246.000,3271.000,3290.000,3296.000,3296.000,3247.000,3267.000,3198.000,3284.000,3274.000
934.541,2771.000,2713.000,2768.000,2694.000,2806.000,2699.000,2762.000,2774.000,2784.000,2749.000
936.295,2456.000,2449.000,2460.000,2434.000,2429.000,2499.000,2424.000,2426.000,2424.000,2471.000
938.047,2262.000,2286.000,2236.000,2240.000,2217.000,2222.000,2239.000,2222.000,2209.000,2237.000
939.799,2097.000,2135.000,2089.000,2105.000,2135.000,2112.000,2141.000,2079.000,2106.000,2058.000
941.552,2069.000,2075.000,2068.000,2058.000,2052.000,2020.000,2059.000,2042.000,2029.000,2035.000
943.304,2009.000,2011.000,1997.000,2006.000,2013.000,1962.000,1989.000,1970.000,1961.000,1982.000
945.056,2020.000,1995.000,1974.000,1945.000,1987.000,1978.000,1969.000,1975.000,2022.000,1986.000
946.807,2010.000,2036.000,1999.000,2058.000,2014.000,2059.000,2010.000,2014.000,1995.000,1988.000
948.557,2130.000,2112.000,2085.000,2097.000,2070.000,2088.000,2070.000,2087.000,2085.000,2087.000
950.309,2149.000,2129.000,2139.000,2147.000,2090.000,2098.000,2092.000,2100.000,2114.000,2145.000
952.058,2074.000,2090.000,2064.000,2078.000,2088.000,2084.000,2096.000,2033.000,2089.000,2059.000
953.809,2075.000,2082.000,2022.000,1983.000,2006.000,2029.000,1990.000,2002.000,2048.000,2071.000
955.558,1958.000,2014.000,1973.000,1997.000,1984.000,1979.000,2004.000,1965.000,1957.000,1947.000
957.306,1957.000,1975.000,1961.000,2003.000,1980.000,1941.000,1947.000,1961.000,1964.000,1956.000
959.056,1953.000,1979.000,1981.000,1961.000,2012.000,1962.000,1936.000,1933.000,1944.000,1974.000
960.804,1983.000,1959.000,1995.000,1994.000,1942.000,1995.000,1959.000,1998.000,1969.000,1943.000
962.553,1992.000,1998.000,1975.000,1980.000,1959.000,2016.000,1975.000,1963.000,1935.000,1961.000
964.300,2006.000,1977.000,1966.000,1970.000,2003.000,2012.000,1999.000,2038.000,1996.000,1938.000
966.047,2004.000,1998.000,2015.000,2009.000,2010.000,2006.000,2018.000,2010.000,1975.000,1967.000
967.795,2068.000,2017.000,2004.000,2010.000,2030.000,2024.000,2048.000,2002.000,2003.000,1997.000
969.541,2016.000,2013.000,2038.000,2009.000,2048.000,2033.000,1977.000,2019.000,1992.000,1993.000
971.289,2079.000,2020.000,2038.000,2011.000,2135.000,2029.000,2025.000,2033.000,2057.000,2067.000
973.034,1994.000,2021.000,1996.000,2023.000,2040.000,2043.000,2071.000,2053.000,1999.000,1991.000
974.779,1996.000,2008.000,1950.000,1993.000,1994.000,2043.000,2016.000,1996.000,1979.000,2006.000
976.526,1973.000,1955.000,1919.000,1981.000,1952.000,1931.000,1945.000,1970.000,1988.000,1978.000
978.270,1895.000,1900.000,1932.000,1929.000,1982.000,1920.000,1912.000,1894.000,1927.000,1908.000
980.016,1903.000,1884.000,1855.000,1896.000,1936.000,1857.000,1947.000,1875.000,1858.000,1910.000
981.759,1850.000,1847.000,1835.000,1811.000,1838.000,1832.000,1808.000,1816.000,1799.000,1796.000
983.503,1804.000,1773.000,1810.000,1788.000,1802.000,1787.000,1781.000,1798.000,1798.000,1747.000
985.248,1715.000,1709.000,1714.000,1754.000,1727.000,1725.000,1645.000,1698.000,1757.000,1685.000
986.990,1660.000,1611.000,1651.000,1626.000,1646.000,1628.000,1620.000,1638.000,1614.000,1641.000
988.734,1567.000,1568.000,1574.000,1604.000,1540.000,1555.000,1569.000,1565.000,1557.000,1554.000
990.476,1533.000,1510.000,1537.000,1530.000,1501.000,1533.000,1503.000,1510.000,1518.000,1518.000
992.218,1547.000,1545.000,1515.000,1536.000,1517.000,1547.000,1522.000,1488.000,1499.000,1522.000
993.961,1608.000,1575.000,1586.000,1592.000,1579.000,1554.000,1563.000,1564.000,1556.000,1539.000
995.702,1674.000,1690.000,1635.000,1666.000,1691.000,1664.000,1642.000,1648.000,1653.000,1645.000
997.444,1703.000,1675.000,1699.000,1678.000,1667.000,1695.000,1742.000,1703.000,1709.000,1689.000
999.184,1635.000,1654.000,1633.000,1614.000,1617.000,1647.000,1616.000,1595.000,1617.000,1590.000
1000.924,1496.000,1490.000,1524.000,1537.000,1514.000,1514.000,1516.000,1502.000,1504.000,1507.000
1002.666,1440.000,1455.000,1414.000,1444.000,1434.000,1445.000,1435.000,1459.000,1440.000,1402.000
1004.405,1405.000,1393.000,1392.000,1379.000,1395.000,1400.000,1392.000,1400.000,1385.000,1393.000
1006.146,1376.000,1401.000,1379.000,1414.000,1392.000,1404.000,1382.000,1369.000,1386.000,1386.000
1007.884,1374.000,1401.000,1348.000,1371.000,1363.000,1346.000,1384.000,1394.000,1393.000,1359.000
1009.622,1384.000,1405.000,1391.000,1387.000,1368.000,1375.000,1358.000,1367.000,1362.000,1390.000
1011.362,1374.000,1386.000,1368.000,1383.000,1372.000,1358.000,1346.000,1360.000,1367.000,1396.000
1013.100,1389.000,1393.000,1407.000,1391.000,1375.000,1402.000,1395.000,1341.000,1368.000,1366.000
1014.839,1371.000,1392.000,1408.000,1398.000,1393.000,1368.000,1379.000,1376.000,1404.000,1339.000
1016.575,1393.000,1413.000,1385.000,1381.000,1425.000,1402.000,1382.000,1352.000,1390.000,1363.000
1018.312,1401.000,1378.000,1410.000,1415.000,1419.000,1366.000,1403.000,1396.000,1369.000,1361.000
1020.050,1402.000,1401.000,1404.000,1422.000,1401.000,1403.000,1416.000,1386.000,1417.000,1390.000
1021.786,1409.000,1436.000,1401.000,1423.000,1429.000,1413.000,1406.000,1390.000,1416.000,1380.000
1023.523,1448.000,1458.000,1434.000,1430.000,1439.000,1442.000,1458.000,1431.000,1444.000,1431.000
1025.258,1452.000,1470.000,1453.000,1451.000,1479.000,1473.000,1447.000,1457.000,1463.000,1480.000
1026.993,1542.000,1534.000,1525.000,1489.000,1539.000,1500.000,1540.000,1533.000,1483.000,1529.000
1028.729,1594.000,1581.000,1561.000,1582.000,1594.000,1576.000,1566.000,1610.000,1581.000,1585.000
1030.463,1672.000,1693.000,1722.000,1715.000,1672.000,1697.000,1693.000,1716.000,1658.000,1663.000
1032.199,1790.000,1837.000,1800.000,1785.000,1804.000,1768.000,1791.000,1803.000,1759.000,1782.000
1033.932,1885.000,1885.000,1866.000,1918.000,1914.000,1868.000,1880.000,1883.000,1926.000,1897.000
1035.667,1987.000,1984.000,1975.000,1990.000,2011.000,1986.000,1980.000,1969.000,1954.000,1988.000
1037.400,1962.000,2033.000,1993.000,2029.000,1969.000,2007.000,1952.000,1961.000,1957.000,1965.000
1039.133,1930.000,1926.000,1902.000,1887.000,1904.000,1907.000,1929.000,1899.000,1909.000,1907.000
1040.867,1780.000,1798.000,1797.000,1806.000,1797.000,1804.000,1822.000,1808.000,1812.000,1818.000
1042.598,1722.000,1760.000,1745.000,1729.000,1756.000,1730.000,1690.000,1730.000,1734.000,1702.000
1044.332,1728.000,1740.000,1734.000,1763.000,1726.000,1728.000,1739.000,1736.000,1722.000,1734.000
1046.063,1801.000,1744.000,1784.000,1827.000,1773.000,1791.000,1774.000,1764.000,1801.000,1784.000
1047.793,1896.000,1912.000,1900.000,1919.000,1868.000,1898.000,1910.000,1903.000,1911.000,1891.000
1049.526,2067.000,2067.000,2114.000,2100.000,2049.000,2091.000,2015.000,2067.000,2079.000,2099.000
1051.256,2299.000,2290.000,2315.000,2283.000,2316.000,2334.000,2316.000,2301.000,2322.000,2303.000
1052.987,2546.000,2541.000,2614.000,2652.000,2598.000,2570.000,2590.000,2570.000,2608.000,2589.000
1054.717,2878.000,2864.000,2928.000,2894.000,2935.000,2886.000,2904.000,2931.000,2877.000,2882.000
1056.446,3116.000,3111.000,3112.000,3118.000,3118.000,3108.000,3069.000,3104.000,3075.000,3090.000
1058.176,3214.000,3195.000,3180.000,3218.000,3164.000,3260.000,3151.000,3145.000,3138.000,3239.000
1059.905,3188.000,3156.000,3226.000,3182.000,3139.000,3207.000,3182.000,3135.000,3176.000,3139.000
1061.634,3163.000,3088.000,3125.000,3123.000,3141.000,3058.000,3121.000,3089.000,3152.000,3150.000
1063.362,3228.000,3129.000,3160.000,3177.000,3180.000,3142.000,3186.000,3111.000,3189.000,3158.000
1065.089,3298.000,3264.000,3287.000,3304.000,3288.000,3367.000,3309.000,3315.000,3304.000,3324.000
1066.818,3506.000,3508.000,3567.000,3514.000,3487.000,3505.000,3576.000,3494.000,3500.000,3508.000
1068.545,3826.000,3709.000,3837.000,3769.000,3790.000,3739.000,3686.000,3768.000,3797.000,3735.000
1070.273,3938.000,3972.000,3891.000,3905.000,3902.000,3900.000,3881.000,3870.000,3905.000,4436.000
1071.999,3965.000,3948.000,4004.000,3879.000,3951.000,3921.000,3866.000,4000.000,3915.000,3932.000
1073.725,3806.000,3820.000,3839.000,3810.000,3842.000,3841.000,3809.000,3817.000,3815.000,3799.000
1075.452,3692.000,3700.000,3627.000,3648.000,3632.000,3715.000,3667.000,3631.000,3664.000,3707.000
1077.177,3459.000,3424.000,3438.000,3417.000,3436.000,3450.000,3443.000,3406.000,3403.000,3376.000
1078.904,3186.000,3201.000,3192.000,3242.000,3191.000,3194.000,3146.000,3244.000,3182.000,3173.000
1080.628,3013.000,2946.000,2998.000,2979.000,2984.000,2922.000,2951.000,2991.000,2989.000,2972.000
1082.352,2831.000,2840.000,2809.000,2840.000,2805.000,2867.000,2840.000,2793.000,2810.000,2823.000
1084.077,2700.000,2715.000,2736.000,2741.000,2720.000,2730.000,2692.000,2680.000,2687.000,2645.000
1085.801,2623.000,2659.000,2645.000,2615.000,2646.000,2664.000,2634.000,2616.000,2584.000,2614.000
1087.526,2531.000,2546.000,2567.000,2531.000,2579.000,2538.000,2518.000,2497.000,2501.000,2516.000
1089.248,2451.000,2454.000,2505.000,2436.000,2434.000,2495.000,2470.000,2434.000,2439.000,2437.000
1090.971,2433.000,2345.000,2375.000,2380.000,2353.000,2376.000,2394.000,2367.000,2372.000,2426.000
1092.694,2326.000,2303.000,2341.000,2314.000,2313.000,2282.000,2337.000,2361.000,2354.000,2348.000
1094.416,2340.000,2319.000,2341.000,2346.000,2316.000,2304.000,2342.000,2263.000,2311.000,2298.000
1096.139,2363.000,2417.000,2406.000,2349.000,2419.000,2404.000,2313.000,2376.000,2378.000,2314.000
1097.860,2418.000,2388.000,2421.000,2436.000,2391.000,2451.000,2437.000,2430.000,2427.000,2461.000
1099.581,2549.000,2522.000,2514.000,2537.000,2544.000,2591.000,2553.000,2537.000,2504.000,2527.000
1101.303,2612.000,2637.000,2572.000,2598.000,2609.000,2601.000,2604.000,2621.000,2523.000,2616.000
1103.023,2557.000,2550.000,2580.000,2612.000,2598.000,2569.000,2556.000,2553.000,2526.000,2519.000
1104.745,2487.000,2509.000,2508.000,2488.000,2534.000,2501.000,2472.000,2517.000,2471.000,2457.000
1106.464,2526.000,2525.000,2583.000,2577.000,2510.000,2568.000,2503.000,2537.000,2530.000,2561.000
1108.183,2669.000,2659.000,2630.000,2608.000,2601.000,2616.000,2634.000,2660.000,2677.000,2647.000
1109.903,2852.000,2847.000,2847.000,2822.000,2822.000,2854.000,2811.000,2775.000,2826.000,2782.000
1111.622,3088.000,3033.000,3034.000,3059.000,3107.000,3051.000,3068.000,3058.000,3052.000,3035.000
1113.341,3402.000,3464.000,3342.000,3393.000,3483.000,3378.000,3418.000,3429.000,3406.000,3446.000
1115.059,3931.000,4003.000,3999.000,3998.000,4004.000,3885.000,3936.000,3935.000,3913.000,3964.000
1116.776,4807.000,4800.000,4782.000,4779.000,4765.000,4767.000,4759.000,4755.000,4796.000,4780.000
1118.495,5890.000,5932.000,5842.000,5856.000,5874.000,5818.000,5880.000,5841.000,5900.000,5890.000
1120.212,7152.000,7043.000,7092.000,7004.000,6998.000,7010.000,7019.000,7002.000,6970.000,6990.000
1121.930,7717.000,7782.000,7641.000,7723.000,7718.000,7676.000,7758.000,7715.000,7744.000,7605.000
1123.646,7320.000,7399.000,7310.000,7263.000,7241.000,7299.000,7312.000,7354.000,7227.000,7288.000
1125.361,5824.000,5912.000,5893.000,5830.000,5951.000,5870.000,5853.000,5797.000,5849.000,5856.000
1127.079,4273.000,4238.000,4208.000,4269.000,4191.000,4282.000,4232.000,4192.000,4198.000,4249.000
1128.794,3040.000,3047.000,3029.000,3038.000,3068.000,2986.000,2970.000,2993.000,2979.000,2993.000
1130.510,2271.000,2257.000,2276.000,2276.000,2253.000,2280.000,2325.000,2232.000,2200.000,2266.000
1132.224,1892.000,1866.000,1881.000,1838.000,1848.000,1875.000,1869.000,1843.000,1815.000,1854.000
1133.938,1621.000,1594.000,1641.000,1621.000,1599.000,1607.000,1619.000,1613.000,1652.000,1605.000
1135.654,1467.000,1488.000,1448.000,1474.000,1434.000,1463.000,1452.000,1425.000,1422.000,1430.000
1137.367,1385.000,1382.000,1364.000,1375.000,1367.000,1386.000,1374.000,1337.000,1363.000,1373.000
1139.082,1311.000,1317.000,1299.000,1321.000,1316.000,1311.000,1307.000,1322.000,1314.000,1289.000
1140.795,1305.000,1290.000,1298.000,1316.000,1305.000,1336.000,1285.000,1322.000,1278.000,1285.000
1142.507,1320.000,1325.000,1304.000,1290.000,1289.000,1291.000,1275.000,1274.000,1312.000,1303.000
1144.221,1303.000,1331.000,1312.000,1321.000,1321.000,1324.000,1300.000,1339.000,1294.000,1287.000
1145.932,1339.000,1312.000,1322.000,1313.000,1350.000,1322.000,1350.000,1355.000,1350.000,1335.000
1147.645,1333.000,1340.000,1368.000,1331.000,1361.000,1363.000,1347.000,1375.000,1371.000,1362.000
1149.356,1431.000,1422.000,1437.000,1416.000,1416.000,1456.000,1440.000,1430.000,1420.000,1423.000
1151.067,1505.000,1522.000,1515.000,1496.000,1491.000,1497.000,1484.000,1481.000,1495.000,1488.000
1152.779,1629.000,1593.000,1612.000,1622.000,1601.000,1604.000,1596.000,1591.000,1603.000,1561.000
1154.489,1744.000,1718.000,1752.000,1715.000,1696.000,1685.000,1754.000,1686.000,1717.000,1708.000
1156.201,1866.000,1864.000,1857.000,1832.000,1832.000,1822.000,1849.000,1839.000,1843.000,1833.000
1157.910,2001.000,1985.000,1972.000,1990.000,2019.000,1983.000,1993.000,1922.000,2033.000,1934.000
1159.619,2113.000,2133.000,2116.000,2105.000,2111.000,2158.000,2129.000,2104.000,2103.000,2154.000
1161.330,2200.000,2245.000,2275.000,2227.000,2201.000,2247.000,2222.000,2233.000,2186.000,2231.000
1163.038,2303.000,2308.000,2311.000,2325.000,2314.000,2303.000,2317.000,2293.000,2266.000,2269.000
1164.748,2265.000,2287.000,2288.000,2265.000,2289.000,2246.000,2287.000,2236.000,2258.000,2237.000
1166.455,2168.000,2150.000,2172.000,2178.000,2172.000,2131.000,2180.000,2151.000,2148.000,2184.000
1168.163,2017.000,2014.000,1990.000,2008.000,2033.000,1994.000,1981.000,2003.000,2037.000,1997.000
1169.872,1842.000,1845.000,1832.000,1816.000,1846.000,1816.000,1858.000,1839.000,1835.000,1818.000
1171.578,1689.000,1678.000,1701.000,1680.000,1680.000,1712.000,1709.000,1720.000,1666.000,1692.000
1173.286,1578.000,1581.000,1608.000,1577.000,1568.000,1566.000,1597.000,1599.000,1574.000,1585.000
1174.992,1493.000,1510.000,1522.000,1519.000,1530.000,1498.000,1489.000,1484.000,1515.000,1497.000
1176.698,1474.000,1493.000,1458.000,1487.000,1471.000,1451.000,1469.000,1480.000,1449.000,1451.000
1178.405,1477.000,1474.000,1394.000,1416.000,1444.000,1455.000,1439.000,1431.000,1470.000,1431.000
1180.110,1442.000,1440.000,1447.000,1470.000,1447.000,1443.000,1475.000,1456.000,1440.000,1438.000
1181.817,1464.000,1475.000,1508.000,1477.000,1489.000,1458.000,1438.000,1424.000,1449.000,1471.000
1183.521,1542.000,1518.000,1564.000,1501.000,1514.000,1494.000,1536.000,1506.000,1509.000,1481.000
1185.225,1606.000,1568.000,1577.000,1613.000,1593.000,1571.000,1603.000,1568.000,1578.000,1581.000
1186.931,1689.000,1688.000,1723.000,1704.000,1703.000,1706.000,1725.000,1660.000,1713.000,1667.000
1188.634,1844.000,1824.000,1838.000,1845.000,1809.000,1778.000,1840.000,1820.000,1793.000,1804.000
1190.339,1996.000,1996.000,2015.000,1971.000,2014.000,1939.000,1992.000,2005.000,1933.000,1935.000
1192.042,2191.000,2185.000,2184.000,2191.000,2197.000,2132.000,2153.000,2196.000,2197.000,2221.000
1193.744,2434.000,2437.000,2422.000,2420.000,2483.000,2431.000,2455.000,2468.000,2428.000,2463.000
1195.448,2677.000,2681.000,2728.000,2675.000,2696.000,2650.000,2661.000,2658.000,2650.000,2660.000
1197.150,2813.000,2762.000,2858.000,2807.000,2794.000,2755.000,2793.000,2761.000,2811.000,2768.000
1198.853,2632.000,2637.000,2647.000,2639.000,2617.000,2641.000,2596.000,2622.000,2626.000,2655.000
1200.554,2384.000,2418.000,2432.000,2350.000,2364.000,2392.000,2358.000,2384.000,2380.000,2330.000
1202.256,2164.000,2160.000,2167.000,2165.000,2205.000,2155.000,2166.000,2147.000,2092.000,2104.000
1203.957,2019.000,2019.000,2016.000,1983.000,2017.000,1981.000,1979.000,1983.000,1968.000,1960.000
1205.657,1915.000,1887.000,1887.000,1905.000,1872.000,1859.000,1887.000,1882.000,1877.000,1878.000
1207.359,1804.000,1779.000,1804.000,1811.000,1783.000,1778.000,1808.000,1754.000,1753.000,1772.000
1209.058,1762.000,1728.000,1733.000,1760.000,1775.000,1722.000,1709.000,1724.000,1708.000,1765.000
1210.759,1694.000,1695.000,1683.000,1702.000,1670.000,1716.000,1651.000,1664.000,1695.000,1652.000
1212.458,1692.000,1631.000,1607.000,1637.000,1646.000,1601.000,1624.000,1635.000,1618.000,1643.000
1214.156,1580.000,1568.000,1598.000,1574.000,1553.000,1564.000,1554.000,1568.000,1597.000,1543.000
1215.856,1539.000,1531.000,1520.000,1511.000,1508.000,1504.000,1543.000,1521.000,1569.000,1537.000
1217.554,1550.000,1529.000,1525.000,1512.000,1526.000,1494.000,1517.000,1554.000,1550.000,1529.000
1219.253,1536.000,1567.000,1561.000,1562.000,1571.000,1521.000,1556.000,1569.000,1523.000,1565.000
1220.950,1643.000,1640.000,1612.000,1618.000,1629.000,1621.000,1615.000,1624.000,1620.000,1621.000
1222.647,1722.000,1753.000,1730.000,1784.000,1738.000,1712.000,1761.000,1707.000,1736.000,1711.000
1224.345,1842.000,1855.000,1863.000,1803.000,1851.000,1844.000,1848.000,1815.000,1810.000,1856.000
1226.041,1904.000,1903.000,1897.000,1933.000,1934.000,1954.000,1918.000,1924.000,1944.000,1925.000
1227.739,2030.000,1983.000,2014.000,1988.000,2014.000,2017.000,1986.000,1994.000,2059.000,2037.000
1229.434,2084.000,2110.000,2075.000,2117.000,2128.000,2121.000,2064.000,2084.000,2079.000,2130.000
1231.130,2126.000,2204.000,2166.000,2127.000,2175.000,2122.000,2132.000,2147.000,2084.000,2111.000
1232.826,2216.000,2198.000,2166.000,2191.000,2200.000,2168.000,2201.000,2067.000,2155.000,2164.000
1234.521,2185.000,2157.000,2119.000,2116.000,2141.000,2109.000,2185.000,2194.000,2148.000,2145.000
1236.217,2139.000,2133.000,2124.000,2146.000,2112.000,2162.000,2150.000,2108.000,2081.000,2109.000
1237.911,2130.000,2126.000,2091.000,2093.000,2090.000,2074.000,2099.000,2092.000,2086.000,2043.000
1239.604,2098.000,2108.000,2106.000,2081.000,2054.000,2079.000,2088.000,2050.000,2073.000,2051.000
1241.299,2040.000,2050.000,2093.000,2113.000,2076.000,2096.000,2063.000,2080.000,2059.000,2075.000
1242.992,2119.000,2119.000,2068.000,2075.000,2134.000,2059.000,2076.000,2096.000,2071.000,2086.000
1244.686,2188.000,2149.000,2161.000,2128.000,2135.000,2175.000,2187.000,2123.000,2166.000,2119.000
1246.379,2204.000,2210.000,2217.000,2195.000,2208.000,2182.000,2186.000,2215.000,2211.000,2231.000
1248.070,2328.000,2280.000,2300.000,2286.000,2251.000,2283.000,2297.000,2293.000,2291.000,2267.000
1249.764,2356.000,2375.000,2474.000,2381.000,2400.000,2358.000,2410.000,2373.000,2336.000,2376.000
1251.455,2560.000,2503.000,2512.000,2484.000,2478.000,2548.000,2540.000,2466.000,2502.000,2516.000
1253.148,2626.000,2673.000,2667.000,2649.000,2572.000,2690.000,2607.000,2599.000,2588.000,2643.000
1254.838,2775.000,2773.000,2781.000,2737.000,2717.000,2750.000,2750.000,2756.000,2730.000,2749.000
1256.529,2856.000,2919.000,2855.000,2789.000,2863.000,2856.000,2902.000,2873.000,2825.000,2871.000
1258.220,2887.000,2960.000,2850.000,2863.000,2910.000,2882.000,2833.000,2960.000,2903.000,2934.000
1259.910,2893.000,2900.000,2911.000,2919.000,2898.000,2896.000,2896.000,2838.000,2865.000,2886.000
1261.601,2935.000,2924.000,2864.000,2890.000,2896.000,2888.000,2857.000,2901.000,2860.000,2865.000
1263.290,2883.000,2925.000,2893.000,2879.000,2886.000,2889.000,2875.000,2846.000,2910.000,2900.000
1264.979,2955.000,2983.000,2963.000,3032.000,2969.000,2959.000,2926.000,2935.000,2933.000,2870.000
1266.669,3106.000,3050.000,3055.000,3074.000,3077.000,3093.000,3073.000,3103.000,3038.000,3018.000
1268.357,3293.000,3258.000,3324.000,3264.000,3309.000,3284.000,3243.000,3263.000,3278.000,3223.000
1270.046,3546.000,3591.000,3596.000,3537.000,3542.000,3589.000,3538.000,3560.000,3570.000,3529.000
1271.734,3926.000,3918.000,3830.000,3862.000,3899.000,3856.000,3902.000,3826.000,3823.000,3827.000
1273.421,4027.000,4070.000,4006.000,4005.000,4087.000,3997.000,4074.000,4055.000,4039.000,3988.000
1275.109,4027.000,4025.000,4048.000,3984.000,4062.000,4031.000,3986.000,4023.000,4034.000,4027.000
1276.795,3877.000,3923.000,3816.000,3868.000,3863.000,3909.000,3872.000,3812.000,3838.000,3895.000
1278.483,3624.000,3641.000,3582.000,3559.000,3635.000,3600.000,3623.000,3623.000,3613.000,3660.000
1280.169,3439.000,3397.000,3405.000,3396.000,3336.000,3406.000,3336.000,3352.000,3339.000,3349.000
1281.854,3212.000,3213.000,3236.000,3182.000,3180.000,3183.000,3201.000,3144.000,3195.000,3203.000
1283.541,3026.000,3038.000,3085.000,3045.000,3065.000,3039.000,3033.000,3089.000,3040.000,2991.000
1285.226,3091.000,3064.000,3031.000,3034.000,2969.000,3011.000,3077.000,3009.000,3192.000,2998.000
1286.912,3007.000,3087.000,3073.000,3040.000,3097.000,3049.000,3120.000,3069.000,4400.000,3023.000
1288.596,3107.000,3099.000,3157.000,3223.000,3222.000,3159.000,3129.000,3151.000,3213.000,3177.000
1290.280,3309.000,3289.000,3265.000,3244.000,3321.000,3215.000,3253.000,3238.000,3267.000,3329.000
1291.965,3366.000,3336.000,3397.000,3423.000,3372.000,3380.000,3374.000,3369.000,3334.000,3367.000
1293.648,3463.000,3447.000,3491.000,3458.000,3426.000,3449.000,3446.000,3435.000,3442.000,3433.000
1295.333,3469.000,3547.000,3500.000,3549.000,3531.000,3552.000,3519.000,3458.000,3537.000,3565.000
1297.015,3605.000,3613.000,3572.000,3603.000,3643.000,3591.000,3584.000,3613.000,3639.000,3587.000
1298.698,3683.000,3701.000,3690.000,3774.000,3656.000,3715.000,3751.000,3671.000,3677.000,3681.000
1300.381,3874.000,3849.000,3907.000,3821.000,3810.000,3896.000,3774.000,3869.000,3850.000,3834.000
1302.063,3931.000,3930.000,3902.000,3839.000,3877.000,3834.000,3817.000,3815.000,3888.000,3803.000
1303.746,3665.000,3623.000,3616.000,3638.000,3588.000,3622.000,3613.000,3591.000,3598.000,3575.000
1305.427,3212.000,3203.000,3215.000,3229.000,3222.000,3202.000,3238.000,3183.000,3233.000,3215.000
1307.107,2840.000,2868.000,2844.000,2815.000,2850.000,2854.000,2850.000,2850.000,2850.000,2882.000
1308.789,2584.000,2649.000,2608.000,2623.000,2574.000,2604.000,2550.000,2584.000,2590.000,2553.000
1310.469,2460.000,2445.000,2458.000,2431.000,2486.000,2402.000,2431.000,2397.000,2441.000,2387.000
1312.150,2353.000,2323.000,2330.000,2354.000,2310.000,2323.000,2321.000,2319.000,2307.000,2290.000
1313.830,2259.000,2250.000,2211.000,2211.000,2166.000,2192.000,2208.000,2195.000,2182.000,2196.000
1315.508,2116.000,2087.000,2086.000,2098.000,2131.000,2123.000,2122.000,2104.000,2100.000,2105.000
1317.189,1983.000,1953.000,2010.000,1993.000,2008.000,1995.000,1947.000,1981.000,1941.000,1984.000
1318.867,1930.000,1884.000,1898.000,1872.000,1874.000,1904.000,1922.000,1900.000,1864.000,1855.000
1320.547,1831.000,1884.000,1846.000,1854.000,1841.000,1820.000,1853.000,1869.000,1834.000,1820.000
1322.224,1802.000,1810.000,1799.000,1805.000,1802.000,1802.000,1832.000,1839.000,1784.000,1824.000
1323.902,1799.000,1792.000,1779.000,1789.000,1844.000,1752.000,1792.000,1785.000,1757.000,1785.000
1325.581,1832.000,1754.000,1769.000,1771.000,1791.000,1787.000,1740.000,1765.000,1762.000,1794.000
1327.257,1752.000,1795.000,1750.000,1742.000,1733.000,1729.000,1732.000,1750.000,1766.000,1760.000
1328.935,1737.000,1734.000,1744.000,1721.000,1698.000,1714.000,1718.000,1693.000,1722.000,1726.000
1330.611,1691.000,1665.000,1657.000,1688.000,1666.000,1688.000,1672.000,1672.000,1668.000,1675.000
1332.287,1661.000,1659.000,1640.000,1653.000,1642.000,2511.000,1663.000,1665.000,1647.000,1649.000
1333.964,1649.000,1644.000,1630.000,1620.000,1644.000,2382.000,1624.000,1658.000,1648.000,1662.000
1335.639,1631.000,1667.000,1651.000,1640.000,1651.000,1860.000,1637.000,1627.000,1637.000,1590.000
1337.316,1633.000,1646.000,1676.000,1668.000,1624.000,1673.000,1613.000,1643.000,1650.000,1670.000
1338.990,1647.000,1672.000,1658.000,1662.000,1678.000,1627.000,1656.000,1664.000,1631.000,1656.000
1340.664,1636.000,1684.000,1678.000,1689.000,1679.000,1659.000,1685.000,1658.000,1645.000,1663.000
1342.340,1689.000,1699.000,1676.000,1694.000,1691.000,1655.000,1656.000,1671.000,1661.000,1682.000
1344.013,1731.000,1716.000,1717.000,1698.000,1723.000,1704.000,1723.000,1698.000,1724.000,1684.000
1345.688,1773.000,1746.000,1736.000,1770.000,1772.000,1751.000,1774.000,1756.000,1754.000,1768.000
1347.361,1794.000,1836.000,1817.000,1791.000,1844.000,1839.000,1810.000,1825.000,1803.000,1813.000
1349.033,1921.000,1885.000,1903.000,1885.000,1892.000,1855.000,1940.000,1849.000,1867.000,1850.000
1350.707,1970.000,1927.000,1936.000,1919.000,1949.000,1967.000,1956.000,1883.000,1954.000,1954.000
1352.379,2030.000,2030.000,2007.000,2004.000,2051.000,2027.000,1987.000,2019.000,2049.000,2027.000
1354.053,2096.000,2106.000,2111.000,2103.000,2104.000,2091.000,2085.000,2087.000,2092.000,2055.000
1355.724,2207.000,2193.000,2187.000,2153.000,2183.000,2149.000,2158.000,2203.000,2173.000,2158.000
1357.395,2266.000,2284.000,2223.000,2245.000,2251.000,2245.000,2263.000,2216.000,2280.000,2236.000
1359.067,2358.000,2355.000,2351.000,2323.000,2367.000,2365.000,2323.000,2364.000,2344.000,2301.000
1360.737,2406.000,2422.000,2476.000,2385.000,2450.000,2423.000,2423.000,2424.000,2407.000,2410.000
1362.409,2467.000,2489.000,2483.000,2472.000,2490.000,2526.000,2438.000,2511.000,2469.000,2481.000
1364.078,2459.000,2500.000,2499.000,2550.000,2567.000,2498.000,2564.000,2531.000,2497.000,2485.000
1365.748,2530.000,2581.000,2534.000,2516.000,2481.000,2504.000,2520.000,2516.000,2476.000,2530.000
1367.418,2471.000,2541.000,2488.000,2521.000,2514.000,2522.000,2494.000,2497.000,2481.000,2515.000
1369.087,2481.000,2481.000,2530.000,2510.000,2513.000,2490.000,2547.000,2545.000,2518.000,2491.000
1370.757,2522.000,2491.000,2451.000,2534.000,2441.000,2452.000,2444.000,2449.000,2494.000,2416.000
1372.425,2446.000,2435.000,2462.000,2510.000,2454.000,2437.000,2433.000,2447.000,2461.000,2413.000
1374.093,2403.000,2438.000,2420.000,2456.000,2469.000,2443.000,2411.000,2413.000,2429.000,2435.000
1375.762,2440.000,2445.000,2434.000,2432.000,2463.000,2422.000,2382.000,2419.000,2437.000,2403.000
1377.429,2501.000,2466.000,2459.000,2441.000,2494.000,2416.000,2463.000,2447.000,2418.000,2436.000
1379.098,2421.000,2438.000,2451.000,2444.000,2415.000,2403.000,2410.000,2424.000,2414.000,2401.000
1380.764,2306.000,2374.000,2328.000,2359.000,2367.000,2324.000,2342.000,2316.000,2363.000,2383.000
1382.430,2217.000,2222.000,2244.000,2191.000,2189.000,2187.000,2230.000,2215.000,2218.000,2184.000
1384.098,1993.000,2036.000,2040.000,2022.000,2022.000,2071.000,2026.000,2072.000,2055.000,1993.000
1385.763,1891.000,1874.000,1875.000,1876.000,1894.000,1892.000,1885.000,1828.000,1865.000,1828.000
1387.430,1701.000,1736.000,1734.000,1708.000,1718.000,1718.000,1759.000,1710.000,1707.000,1688.000
1389.095,1636.000,1600.000,1637.000,1582.000,1553.000,1604.000,1574.000,1555.000,1598.000,1594.000
1390.759,1504.000,1550.000,1509.000,1538.000,1478.000,1489.000,1504.000,1506.000,1478.000,1503.000
1392.425,1471.000,1440.000,1443.000,1432.000,1452.000,1411.000,1432.000,1442.000,1409.000,1434.000
1394.089,1411.000,1382.000,1406.000,1431.000,1378.000,1382.000,1385.000,1401.000,1385.000,1395.000
1395.754,1375.000,1382.000,1393.000,1388.000,1331.000,1347.000,1368.000,1367.000,1360.000,1344.000
1397.418,1384.000,1385.000,1364.000,1383.000,1347.000,1360.000,1368.000,1371.000,1397.000,1356.000
1399.080,1387.000,1403.000,1397.000,1402.000,1358.000,1397.000,1353.000,1356.000,1383.000,1354.000
1400.745,1431.000,1443.000,1452.000,1447.000,1448.000,1456.000,1397.000,1398.000,1436.000,1416.000
1402.407,1518.000,1536.000,1536.000,1537.000,1537.000,1527.000,1530.000,1485.000,1527.000,1509.000
1404.071,1625.000,1659.000,1624.000,1664.000,1630.000,1675.000,1621.000,1614.000,1609.000,1623.000
1405.732,1802.000,1785.000,1794.000,1781.000,1761.000,1766.000,1786.000,1812.000,1806.000,1795.000
1407.394,1975.000,1919.000,1908.000,1960.000,1927.000,1952.000,1931.000,1947.000,1906.000,1929.000
1409.057,2098.000,2103.000,2081.000,2122.000,2085.000,2048.000,2060.000,2068.000,2088.000,2111.000
1410.717,2198.000,2221.000,2175.000,2186.000,2173.000,2160.000,2195.000,2167.000,2179.000,2166.000
1412.379,2229.000,2225.000,2260.000,2204.000,2237.000,2221.000,2247.000,2264.000,2260.000,2243.000
1414.039,2287.000,2289.000,2278.000,2307.000,2299.000,2272.000,2265.000,2263.000,2319.000,2272.000
1415.699,2367.000,2363.000,2337.000,2350.000,2367.000,2341.000,2328.000,2368.000,2361.000,2344.000
1417.360,2400.000,2431.000,2411.000,2416.000,2453.000,2389.000,2392.000,2365.000,2393.000,2435.000
1419.019,2457.000,2453.000,2462.000,2481.000,2427.000,2437.000,2459.000,2451.000,2471.000,2441.000
1420.680,2562.000,2597.000,2514.000,2589.000,2556.000,2565.000,2606.000,2578.000,2662.000,2568.000
1422.338,2808.000,2761.000,2849.000,2747.000,2824.000,2766.000,2803.000,2742.000,4439.000,2764.000
1423.996,3094.000,3105.000,3139.000,3070.000,3091.000,3140.000,3065.000,3058.000,3717.000,3160.000
1425.656,3523.000,3526.000,3427.000,3441.000,3492.000,3468.000,3381.000,3425.000,3461.000,3461.000
1427.314,3885.000,3897.000,3924.000,3867.000,3840.000,3905.000,3882.000,3905.000,3912.000,3912.000
1428.973,4309.000,4295.000,4216.000,4294.000,4237.000,4244.000,4250.000,4249.000,4218.000,4247.000
1430.629,4716.000,4764.000,4588.000,4697.000,4691.000,4565.000,4642.000,4671.000,4631.000,4703.000
1432.286,5025.000,5029.000,5056.000,5026.000,5076.000,5079.000,5046.000,5006.000,4973.000,4981.000
1433.944,5394.000,5412.000,5486.000,5456.000,5369.000,5431.000,5458.000,5375.000,5398.000,5444.000
1435.600,5916.000,5886.000,5748.000,5831.000,5876.000,5735.000,5783.000,5863.000,5825.000,5843.000
1437.257,6118.000,6227.000,6182.000,6155.000,6132.000,6190.000,6090.000,6106.000,6302.000,6059.000
1438.913,6075.000,6013.000,6026.000,6059.000,6075.000,6055.000,6150.000,6044.000,6087.000,5988.000
1440.569,5467.000,5474.000,5586.000,5576.000,5483.000,5509.000,5566.000,5578.000,5552.000,5514.000
1442.224,4862.000,4860.000,4870.000,4809.000,4807.000,4818.000,4807.000,4793.000,4812.000,4779.000
1443.878,4098.000,4179.000,4091.000,4056.000,4174.000,4105.000,4161.000,4127.000,4120.000,4081.000
1445.534,3483.000,3528.000,3584.000,3495.000,3532.000,3475.000,3529.000,3486.000,3566.000,3464.000
1447.188,3112.000,3089.000,3034.000,3061.000,3071.000,3050.000,3088.000,3043.000,3094.000,3135.000
1448.843,2806.000,2844.000,2814.000,2800.000,2771.000,2827.000,2766.000,2871.000,2811.000,2753.000
1450.496,2648.000,2650.000,2632.000,2627.000,2621.000,2609.000,2682.000,2605.000,2643.000,2594.000
1452.149,2490.000,2533.000,2498.000,2555.000,2488.000,2513.000,2472.000,2518.000,2523.000,2491.000
1453.803,2535.000,2448.000,2479.000,2508.000,2530.000,2493.000,2463.000,2540.000,2459.000,2443.000
1455.455,2554.000,2548.000,2496.000,2552.000,2570.000,2589.000,2567.000,2548.000,2569.000,2537.000
1457.109,2680.000,2660.000,2749.000,2586.000,2633.000,2693.000,2661.000,2685.000,2706.000,2685.000
1458.760,2811.000,2786.000,2835.000,2822.000,2836.000,2833.000,2860.000,2810.000,2818.000,2810.000
1460.412,2929.000,2948.000,2921.000,2922.000,2997.000,2931.000,2871.000,2914.000,2906.000,2959.000
1462.064,2912.000,2927.000,2918.000,2881.000,2902.000,2859.000,2871.000,2861.000,2880.000,2802.000
1463.715,2729.000,2688.000,2706.000,2699.000,2637.000,2683.000,2729.000,2683.000,2723.000,2682.000
1465.367,2470.000,2452.000,2484.000,2457.000,2450.000,2490.000,2501.000,2495.000,2456.000,2455.000
1467.017,2371.000,2373.000,2347.000,2379.000,2381.000,2362.000,2374.000,2334.000,2338.000,2329.000
1468.666,2378.000,2323.000,2349.000,2285.000,2370.000,2350.000,2308.000,2321.000,2335.000,2332.000
1470.317,2389.000,2425.000,2403.000,2364.000,2361.000,2365.000,2429.000,2367.000,2388.000,2418.000
1471.966,2515.000,2445.000,2507.000,2461.000,2452.000,2456.000,2487.000,2447.000,2453.000,2462.000
1473.617,2443.000,2459.000,2473.000,2527.000,2475.000,2473.000,2522.000,2435.000,2494.000,2479.000
1475.265,2382.000,2332.000,2376.000,2369.000,2376.000,2327.000,2324.000,2358.000,2319.000,2353.000
1476.913,2065.000,2021.000,2057.000,2015.000,2013.000,2068.000,2068.000,2068.000,2020.000,2049.000
1478.563,1760.000,1704.000,1742.000,1774.000,1739.000,1754.000,1734.000,1740.000,1752.000,1755.000
1480.210,1520.000,1553.000,1516.000,1542.000,1541.000,1490.000,1515.000,1499.000,1501.000,1522.000
1481.859,1390.000,1394.000,1389.000,1368.000,1377.000,1389.000,1356.000,1398.000,1382.000,1365.000
1483.506,1328.000,1276.000,1291.000,1357.000,1292.000,1322.000,1291.000,1278.000,1335.000,1275.000
1485.152,1244.000,1214.000,1188.000,2735.000,1209.000,1231.000,1213.000,1217.000,1232.000,1212.000
1486.800,1164.000,1170.000,1179.000,1227.000,1157.000,1189.000,1145.000,1189.000,1168.000,1181.000
1488.446,1156.000,1130.000,1135.000,1123.000,1121.000,1127.000,1116.000,1144.000,1134.000,1144.000
1490.093,1125.000,1126.000,1106.000,1112.000,1106.000,1102.000,1083.000,1104.000,1099.000,1118.000
1491.739,1101.000,1087.000,1077.000,1091.000,1073.000,1084.000,1103.000,1066.000,1083.000,1077.000
1493.384,1093.000,1049.000,1082.000,1075.000,1036.000,1073.000,1060.000,1044.000,1059.000,1069.000
1495.030,1065.000,1087.000,1070.000,1073.000,1048.000,1078.000,1052.000,1060.000,1073.000,1049.000
1496.674,1055.000,1056.000,1065.000,1053.000,1046.000,1032.000,1067.000,1053.000,1053.000,1041.000
1498.320,1047.000,1044.000,1033.000,1053.000,1029.000,1037.000,1017.000,1049.000,1047.000,1014.000
1499.964,1036.000,1045.000,1039.000,1048.000,1027.000,1045.000,1024.000,1030.000,1044.000,1012.000
1501.607,1026.000,1024.000,1031.000,1009.000,1037.000,1046.000,1005.000,1026.000,1015.000,1026.000
1503.252,1046.000,1035.000,1031.000,1018.000,1015.000,1047.000,1005.000,1023.000,1035.000,1010.000
1504.894,1037.000,1027.000,1030.000,1027.000,1022.000,1019.000,1019.000,1041.000,1027.000,1029.000
1506.539,1030.000,1026.000,1034.000,1028.000,1026.000,1023.000,1017.000,1015.000,1004.000,1032.000
1508.181,1021.000,991.000,1022.000,1026.000,1017.000,1031.000,1032.000,1005.000,1020.000,1019.000
1509.823,1020.000,1009.000,1009.000,1003.000,1008.000,1021.000,1030.000,1028.000,1014.000,1017.000
1511.466,1029.000,1035.000,1018.000,1034.000,1032.000,1012.000,1035.000,1023.000,1005.000,1008.000
1513.107,1035.000,1024.000,1038.000,1025.000,1033.000,1044.000,1028.000,1032.000,1027.000,1012.000
1514.750,1042.000,1053.000,1047.000,1033.000,1024.000,1027.000,1026.000,1020.000,1033.000,1034.000
1516.390,1038.000,1025.000,1051.000,1033.000,1050.000,1064.000,1052.000,1030.000,1036.000,1027.000
1518.030,1038.000,1096.000,1059.000,1077.000,1066.000,1042.000,1055.000,1063.000,1050.000,1050.000
1519.672,1074.000,1087.000,1058.000,1075.000,1052.000,1059.000,1047.000,1043.000,1067.000,1075.000
1521.312,1101.000,1096.000,1106.000,1085.000,1083.000,1122.000,1050.000,1076.000,1106.000,1086.000
1522.953,1097.000,1114.000,1093.000,1093.000,1111.000,1107.000,1102.000,1111.000,1096.000,1112.000
1524.592,1115.000,1110.000,1122.000,1085.000,1121.000,1123.000,1109.000,1120.000,1107.000,1088.000
1526.230,1128.000,1106.000,1132.000,1126.000,1116.000,1107.000,1133.000,1148.000,1119.000,1109.000
1527.871,1156.000,1134.000,1154.000,1139.000,1167.000,1192.000,1155.000,1152.000,1151.000,1159.000
1529.509,1191.000,1160.000,1187.000,1190.000,1198.000,1192.000,1176.000,1162.000,1174.000,1198.000
1531.148,1242.000,1204.000,1204.000,1203.000,1226.000,1197.000,1207.000,1187.000,1202.000,1210.000
1532.786,1207.000,1224.000,1242.000,1238.000,1229.000,1204.000,1217.000,1207.000,1231.000,1206.000
1534.423,1254.000,1225.000,1235.000,1237.000,1237.000,1231.000,1219.000,1252.000,1257.000,1255.000
1536.061,1263.000,1239.000,1244.000,1222.000,1258.000,1228.000,1222.000,1223.000,1245.000,1219.000
1537.698,1356.000,1213.000,1250.000,1240.000,1225.000,1215.000,1218.000,1247.000,1205.000,1208.000
1539.336,1387.000,1212.000,1227.000,1193.000,1205.000,1205.000,1202.000,1233.000,1215.000,1212.000
1540.972,1187.000,1191.000,1188.000,1194.000,1172.000,1204.000,1153.000,1182.000,1196.000,1192.000
1542.607,1194.000,1185.000,1163.000,1172.000,1174.000,1167.000,1172.000,1174.000,1173.000,1164.000
1544.244,1193.000,1186.000,1148.000,1175.000,1161.000,1158.000,1151.000,1148.000,1143.000,1153.000
1545.879,1135.000,1158.000,1125.000,1128.000,1142.000,1144.000,1126.000,1116.000,1110.000,1144.000
1547.515,1107.000,1134.000,1125.000,1136.000,1120.000,1134.000,1131.000,1125.000,1140.000,1110.000
1549.150,1116.000,1134.000,1127.000,1115.000,1110.000,1110.000,1091.000,1108.000,1083.000,1092.000
1550.784,1080.000,1107.000,1086.000,1080.000,1110.000,1081.000,1083.000,1099.000,1093.000,1078.000
1552.419,1085.000,1096.000,1112.000,1067.000,1080.000,1071.000,1083.000,1070.000,1096.000,1084.000
1554.053,1081.000,1121.000,1088.000,1094.000,1091.000,1059.000,1094.000,1101.000,1045.000,1045.000
1555.688,1077.000,1080.000,1043.000,1081.000,1082.000,1048.000,1062.000,1090.000,1067.000,1052.000
1557.320,1098.000,1087.000,1066.000,1054.000,1065.000,1078.000,1080.000,1049.000,1079.000,1056.000
1558.953,1064.000,1048.000,1051.000,1067.000,1069.000,1073.000,1047.000,1034.000,1042.000,1052.000
1560.587,1065.000,1050.000,1059.000,1050.000,1039.000,1068.000,1061.000,1038.000,1042.000,1009.000
1562.219,1043.000,1040.000,1054.000,1038.000,1062.000,1045.000,1036.000,1044.000,1023.000,1039.000
1563.852,1064.000,1025.000,1025.000,1035.000,1027.000,1043.000,1013.000,1012.000,1032.000,1028.000
1565.483,1041.000,1046.000,1002.000,1040.000,1025.000,1024.000,1018.000,1041.000,1021.000,1020.000
1567.116,1019.000,1023.000,1013.000,1045.000,1024.000,1014.000,1033.000,1030.000,1021.000,1022.000
1568.746,1043.000,1025.000,1023.000,1007.000,1029.000,1015.000,1030.000,1021.000,1018.000,1013.000
1570.377,1022.000,1005.000,1015.000,1014.000,1029.000,1018.000,1009.000,1000.000,1003.000,1016.000
1572.008,1034.000,1021.000,992.000,1006.000,1010.000,1015.000,1006.000,1013.000,1003.000,999.000
1573.638,1017.000,1014.000,995.000,1014.000,990.000,1006.000,1007.000,1014.000,984.000,986.000
1575.269,1021.000,1005.000,1010.000,1006.000,988.000,998.000,998.000,972.000,1010.000,1014.000
1576.898,991.000,1028.000,1006.000,985.000,993.000,1002.000,1000.000,1021.000,998.000,988.000
1578.527,993.000,993.000,1001.000,1004.000,975.000,995.000,990.000,996.000,971.000,994.000
1580.157,1002.000,1014.000,1004.000,996.000,998.000,990.000,1005.000,999.000,998.000,1004.000
1581.785,1003.000,1000.000,1014.000,1007.000,989.000,990.000,1014.000,990.000,1000.000,1010.000
1583.415,1043.000,1014.000,993.000,1017.000,996.000,1023.000,1018.000,1011.000,987.000,977.000
1585.043,1041.000,1033.000,1059.000,1023.000,1016.000,1043.000,1025.000,1039.000,1001.000,1005.000
1586.670,1049.000,1048.000,1031.000,1055.000,1012.000,1030.000,1018.000,1025.000,1040.000,1049.000
1588.299,1072.000,1068.000,1057.000,1084.000,1025.000,1041.000,1071.000,1054.000,1067.000,1049.000
1589.925,1110.000,1080.000,1059.000,1063.000,1058.000,1098.000,1093.000,1076.000,1096.000,1067.000
1591.553,1128.000,1110.000,1124.000,1131.000,1124.000,1115.000,1143.000,1104.000,1117.000,1095.000
1593.179,1171.000,1183.000,1148.000,1159.000,1162.000,1160.000,1162.000,1153.000,1158.000,1156.000
1594.805,1214.000,1224.000,1189.000,1204.000,1216.000,1232.000,1211.000,1203.000,1197.000,1203.000
1596.432,1256.000,1260.000,1246.000,1269.000,1263.000,1267.000,1256.000,1281.000,1229.000,1255.000
1598.057,1295.000,1280.000,1299.000,1299.000,1280.000,1309.000,1306.000,1301.000,1284.000,1280.000
1599.684,1351.000,1340.000,1356.000,1340.000,1335.000,1335.000,1341.000,1361.000,1298.000,1334.000
1601.308,1410.000,1384.000,1391.000,1370.000,1385.000,1376.000,1418.000,1350.000,1347.000,1355.000
1602.932,1436.000,1442.000,1390.000,1423.000,1426.000,1435.000,1427.000,1395.000,1440.000,1392.000
1604.558,1486.000,1461.000,1443.000,1469.000,1458.000,1436.000,1451.000,1418.000,1410.000,1424.000
1606.181,1515.000,1507.000,1475.000,1514.000,1506.000,1533.000,1489.000,1509.000,1499.000,1516.000
1607.806,1546.000,1579.000,1594.000,1592.000,1562.000,1575.000,1563.000,1523.000,1542.000,1566.000
1609.429,1679.000,1639.000,1641.000,1655.000,1650.000,1664.000,1669.000,1629.000,1642.000,1648.000
1611.052,1792.000,1799.000,1788.000,1779.000,1792.000,1783.000,1730.000,1768.000,1766.000,1786.000
1612.676,1976.000,1936.000,1900.000,1881.000,1917.000,1931.000,1948.000,1949.000,1970.000,1900.000
1614.298,2135.000,2101.000,2160.000,2139.000,2089.000,2092.000,2143.000,2080.000,2102.000,2104.000
1615.921,2400.000,2356.000,2379.000,2355.000,2339.000,2322.000,2378.000,2338.000,2351.000,2352.000
1617.543,2662.000,2643.000,2621.000,2666.000,2635.000,2680.000,2656.000,2644.000,2643.000,2646.000
1619.164,3039.000,3011.000,2974.000,2998.000,3005.000,3012.000,3012.000,3048.000,3014.000,2982.000
1620.786,3491.000,3568.000,3492.000,3499.000,3516.000,3524.000,3530.000,3562.000,3495.000,3531.000
1622.407,4312.000,4364.000,4342.000,4266.000,4285.000,4279.000,4323.000,4281.000,4237.000,4279.000
1624.029,5618.000,5563.000,5486.000,5583.000,5471.000,5546.000,5641.000,5605.000,5533.000,5610.000
1625.649,7199.000,7190.000,7157.000,7151.000,7112.000,7197.000,7050.000,7191.000,7191.000,7183.000
1627.268,8255.000,8283.000,8247.000,8346.000,8284.000,8278.000,8286.000,8221.000,8230.000,8262.000
1628.889,8206.000,8161.000,8162.000,8096.000,8149.000,8070.000,8144.000,8096.000,8092.000,8082.000
1630.508,7203.000,7160.000,7079.000,7142.000,7235.000,7083.000,7138.000,7126.000,7075.000,7093.000
1632.128,6020.000,6067.000,6096.000,6111.000,6044.000,6121.000,6147.000,6096.000,5990.000,6027.000
1633.747,5224.000,5192.000,5255.000,5183.000,5163.000,5197.000,5277.000,5166.000,5126.000,5231.000
1635.365,4503.000,4490.000,4557.000,4487.000,4571.000,4509.000,4547.000,4468.000,4452.000,4460.000
1636.984,3948.000,3921.000,3960.000,3984.000,3978.000,3969.000,3951.000,3964.000,3976.000,3939.000
1638.602,3564.000,3495.000,3500.000,3455.000,3527.000,3441.000,3498.000,3541.000,3518.000,3488.000
1640.221,3165.000,3163.000,3151.000,3190.000,3165.000,3158.000,3223.000,3151.000,3100.000,3147.000
1641.837,2916.000,2900.000,2896.000,2921.000,2860.000,2880.000,2894.000,2861.000,2857.000,2913.000
1643.454,2684.000,2674.000,2719.000,2732.000,2693.000,2708.000,2696.000,2630.000,2697.000,2681.000
1645.072,2488.000,2503.000,2537.000,2514.000,2474.000,2519.000,2541.000,2536.000,2458.000,2522.000
1646.688,2407.000,2429.000,2399.000,2404.000,2375.000,2349.000,2380.000,2374.000,2389.000,2351.000
1648.305,2282.000,2272.000,2313.000,2277.000,2237.000,2240.000,2292.000,2239.000,2280.000,2239.000
1649.920,2231.000,2200.000,2166.000,2226.000,2230.000,2239.000,2167.000,2164.000,2190.000,2208.000
1651.535,2170.000,2181.000,2159.000,2181.000,2180.000,2144.000,2128.000,2108.000,2104.000,2103.000
1653.152,2073.000,2071.000,2069.000,2069.000,2026.000,2054.000,2058.000,2026.000,2061.000,2022.000
1654.766,1974.000,1932.000,1993.000,1953.000,1981.000,1924.000,1972.000,1992.000,1943.000,1961.000
1656.382,1884.000,1884.000,1841.000,1867.000,1843.000,1861.000,1874.000,1857.000,1845.000,1859.000
1657.996,1796.000,1806.000,1772.000,1757.000,1773.000,1759.000,1767.000,1780.000,1789.000,1779.000
1659.609,1683.000,1655.000,1662.000,1633.000,1637.000,1675.000,1666.000,1661.000,1667.000,1643.000
1661.224,1567.000,1567.000,1571.000,1553.000,1585.000,1547.000,1564.000,1562.000,1548.000,1584.000
1662.837,1459.000,1465.000,1482.000,1470.000,1470.000,1452.000,1484.000,1462.000,1459.000,1451.000
1664.451,1391.000,1401.000,1416.000,1384.000,1374.000,1414.000,1409.000,1384.000,1392.000,1373.000
1666.063,1340.000,1342.000,1346.000,1322.000,1341.000,1326.000,1321.000,1364.000,1365.000,1340.000
1667.675,1283.000,1297.000,1294.000,1308.000,1317.000,1292.000,1279.000,1279.000,1286.000,1303.000
1669.289,1261.000,1274.000,1227.000,1247.000,1240.000,1253.000,1250.000,1247.000,1249.000,1247.000
1670.900,1223.000,1207.000,1186.000,1221.000,1221.000,1204.000,1191.000,1204.000,1208.000,1228.000
1672.513,1153.000,1145.000,1159.000,1150.000,1139.000,1148.000,1149.000,1171.000,1191.000,1157.000
1674.124,1126.000,1123.000,1112.000,1128.000,1102.000,1120.000,1096.000,1114.000,1119.000,1126.000
1675.734,1090.000,1086.000,1065.000,1095.000,1071.000,1052.000,1114.000,1085.000,1085.000,1078.000
1677.346,1064.000,1049.000,1060.000,1051.000,1034.000,1060.000,1047.000,2322.000,1068.000,1042.000
1678.956,1028.000,1033.000,1027.000,1028.000,1024.000,1017.000,1009.000,2284.000,1000.000,1024.000
1680.567,1001.000,999.000,1015.000,988.000,1007.000,983.000,997.000,1003.000,1010.000,991.000
1682.176,987.000,959.000,969.000,964.000,968.000,990.000,979.000,964.000,960.000,985.000
1683.785,968.000,955.000,928.000,938.000,951.000,943.000,953.000,946.000,947.000,960.000
1685.395,943.000,917.000,930.000,930.000,926.000,949.000,931.000,929.000,956.000,926.000
1687.004,910.000,931.000,931.000,912.000,909.000,916.000,929.000,925.000,919.000,904.000
1688.613,930.000,930.000,904.000,894.000,921.000,915.000,886.000,907.000,894.000,917.000
1690.221,903.000,899.000,920.000,884.000,894.000,904.000,873.000,893.000,908.000,902.000
1691.829,887.000,885.000,896.000,887.000,903.000,891.000,896.000,876.000,888.000,889.000
1693.437,892.000,891.000,888.000,880.000,869.000,899.000,876.000,869.000,869.000,874.000
1695.044,879.000,895.000,888.000,872.000,885.000,877.000,877.000,865.000,870.000,872.000
1696.652,878.000,864.000,860.000,863.000,867.000,860.000,847.000,860.000,858.000,865.000
1698.259,875.000,851.000,867.000,876.000,871.000,880.000,849.000,850.000,863.000,854.000
1699.864,880.000,874.000,866.000,857.000,867.000,848.000,866.000,860.000,879.000,842.000
1701.472,864.000,839.000,851.000,846.000,848.000,848.000,859.000,848.000,848.000,851.000
1703.077,858.000,842.000,852.000,858.000,859.000,848.000,861.000,842.000,832.000,864.000
1704.684,848.000,854.000,862.000,855.000,847.000,847.000,848.000,841.000,841.000,843.000
1706.288,831.000,850.000,855.000,861.000,838.000,841.000,845.000,842.000,851.000,854.000
1707.893,866.000,842.000,841.000,847.000,854.000,840.000,842.000,851.000,1093.000,840.000
1709.499,864.000,848.000,858.000,833.000,831.000,853.000,829.000,832.000,1080.000,860.000
1711.102,841.000,854.000,826.000,827.000,851.000,838.000,821.000,837.000,834.000,839.000
1712.708,849.000,851.000,838.000,852.000,851.000,853.000,848.000,836.000,856.000,824.000
1714.311,861.000,846.000,824.000,836.000,836.000,843.000,841.000,859.000,832.000,849.000
1715.914,856.000,840.000,841.000,830.000,846.000,822.000,826.000,825.000,830.000,827.000
1717.518,838.000,840.000,837.000,828.000,825.000,837.000,832.000,835.000,836.000,832.000
1719.120,827.000,827.000,824.000,836.000,836.000,836.000,846.000,839.000,829.000,840.000
1720.724,845.000,848.000,835.000,836.000,840.000,849.000,844.000,826.000,830.000,832.000
1722.326,850.000,851.000,836.000,828.000,839.000,837.000,809.000,816.000,825.000,824.000
1723.927,837.000,840.000,841.000,846.000,842.000,820.000,827.000,819.000,822.000,813.000
1725.530,845.000,842.000,845.000,840.000,838.000,838.000,839.000,820.000,821.000,821.000
1727.131,839.000,833.000,843.000,826.000,836.000,829.000,831.000,823.000,824.000,834.000
1728.733,838.000,843.000,844.000,829.000,822.000,827.000,836.000,817.000,824.000,827.000
1730.333,846.000,834.000,838.000,824.000,831.000,833.000,828.000,839.000,829.000,817.000
1731.933,833.000,831.000,857.000,816.000,821.000,830.000,836.000,844.000,831.000,837.000
1733.534,832.000,821.000,847.000,829.000,851.000,828.000,823.000,821.000,820.000,818.000
1735.133,832.000,834.000,826.000,834.000,831.000,832.000,826.000,839.000,834.000,821.000
1736.734,842.000,831.000,829.000,816.000,838.000,824.000,826.000,832.000,808.000,801.000
1738.333,832.000,825.000,843.000,825.000,819.000,809.000,825.000,844.000,826.000,816.000
1739.931,840.000,827.000,833.000,833.000,833.000,846.000,820.000,809.000,827.000,820.000
1741.531,811.000,828.000,827.000,809.000,827.000,814.000,829.000,819.000,823.000,816.000
1743.129,808.000,834.000,815.000,824.000,811.000,817.000,809.000,823.000,817.000,802.000
1744.728,815.000,835.000,818.000,804.000,818.000,820.000,817.000,814.000,812.000,809.000
1746.325,828.000,828.000,818.000,815.000,823.000,829.000,806.000,809.000,815.000,811.000
1747.922,823.000,819.000,830.000,818.000,814.000,814.000,812.000,805.000,808.000,798.000
1749.520,830.000,818.000,811.000,826.000,822.000,809.000,814.000,810.000,796.000,810.000
1751.116,824.000,820.000,811.000,817.000,810.000,817.000,808.000,807.000,801.000,792.000
1752.714,820.000,818.000,829.000,817.000,815.000,802.000,811.000,823.000,806.000,819.000
1754.310,828.000,816.000,824.000,813.000,816.000,808.000,818.000,806.000,808.000,807.000
1755.905,812.000,829.000,811.000,804.000,793.000,813.000,810.000,811.000,809.000,823.000
1757.502,817.000,810.000,822.000,827.000,811.000,824.000,796.000,816.000,807.000,806.000
1759.097,823.000,826.000,799.000,809.000,786.000,821.000,812.000,810.000,819.000,801.000
1760.693,806.000,825.000,810.000,814.000,810.000,822.000,797.000,810.000,809.000,805.000
1762.287,808.000,815.000,816.000,820.000,805.000,807.000,809.000,822.000,823.000,819.000
1763.881,808.000,812.000,805.000,818.000,801.000,816.000,796.000,798.000,805.000,819.000
1765.476,829.000,801.000,810.000,804.000,801.000,807.000,807.000,791.000,794.000,801.000
1767.070,818.000,820.000,807.000,821.000,815.000,820.000,801.000,793.000,806.000,801.000
1768.664,824.000,804.000,816.000,803.000,808.000,807.000,805.000,808.000,807.000,796.000
1770.257,809.000,817.000,809.000,813.000,805.000,804.000,806.000,816.000,812.000,796.000
1771.849,828.000,829.000,825.000,822.000,797.000,809.000,820.000,807.000,824.000,799.000
1773.443,819.000,808.000,814.000,823.000,806.000,809.000,815.000,820.000,808.000,814.000
1775.035,818.000,810.000,827.000,819.000,805.000,807.000,794.000,825.000,817.000,802.000
1776.628,820.000,814.000,810.000,822.000,810.000,807.000,823.000,800.000,812.000,791.000
1778.219,810.000,799.000,811.000,807.000,807.000,809.000,806.000,798.000,819.000,805.000
1779.810,821.000,823.000,798.000,825.000,813.000,806.000,805.000,821.000,804.000,808.000
1781.403,818.000,819.000,817.000,815.000,804.000,798.000,811.000,810.000,804.000,815.000
1782.993,823.000,836.000,816.000,812.000,817.000,817.000,801.000,802.000,803.000,817.000
1784.585,819.000,813.000,833.000,805.000,806.000,828.000,818.000,808.000,808.000,826.000
1786.174,828.000,809.000,816.000,815.000,823.000,819.000,814.000,799.000,806.000,795.000
1787.764,819.000,823.000,823.000,793.000,810.000,810.000,805.000,812.000,809.000,810.000
1789.355,816.000,806.000,830.000,806.000,811.000,825.000,814.000,824.000,821.000,810.000
1790.944,824.000,805.000,809.000,799.000,804.000,807.000,807.000,794.000,816.000,817.000
1792.534,803.000,829.000,806.000,832.000,815.000,794.000,818.000,811.000,811.000,810.000
1794.122,819.000,814.000,828.000,820.000,831.000,807.000,807.000,800.000,816.000,796.000
1795.710,814.000,819.000,812.000,829.000,820.000,812.000,805.000,795.000,809.000,814.000
1797.299,813.000,815.000,817.000,822.000,818.000,822.000,806.000,814.000,808.000,808.000
1798.887,792.000,825.000,830.000,802.000,820.000,812.000,804.000,814.000,802.000,803.000
1800.475,826.000,815.000,812.000,811.000,802.000,801.000,813.000,812.000,807.000,811.000
1802.062,827.000,814.000,803.000,826.000,818.000,797.000,807.000,809.000,809.000,806.000
1803.649,813.000,821.000,804.000,815.000,821.000,818.000,811.000,809.000,806.000,811.000
1805.236,810.000,819.000,813.000,827.000,820.000,814.000,806.000,813.000,808.000,823.000
1806.822,822.000,819.000,805.000,826.000,831.000,807.000,826.000,811.000,800.000,795.000
1808.410,824.000,817.000,814.000,812.000,830.000,813.000,814.000,808.000,817.000,834.000
1809.995,813.000,817.000,822.000,826.000,820.000,814.000,827.000,807.000,819.000,807.000
1811.582,819.000,826.000,816.000,814.000,824.000,805.000,811.000,810.000,810.000,822.000
1813.166,829.000,817.000,831.000,816.000,828.000,817.000,820.000,821.000,812.000,806.000
1814.751,830.000,799.000,824.000,813.000,815.000,826.000,821.000,812.000,824.000,805.000
1816.336,818.000,819.000,828.000,816.000,825.000,820.000,815.000,807.000,803.000,808.000
1817.920,822.000,817.000,822.000,813.000,822.000,826.000,816.000,810.000,814.000,814.000
1819.505,832.000,831.000,837.000,826.000,831.000,831.000,826.000,811.000,823.000,812.000
1821.089,832.000,823.000,821.000,817.000,826.000,821.000,824.000,821.000,798.000,822.000
1822.671,831.000,825.000,828.000,822.000,799.000,825.000,812.000,815.000,807.000,819.000
1824.256,823.000,830.000,826.000,822.000,818.000,805.000,823.000,828.000,814.000,822.000
1825.838,848.000,828.000,817.000,821.000,818.000,819.000,817.000,810.000,832.000,814.000
1827.422,830.000,831.000,835.000,833.000,823.000,830.000,827.000,818.000,829.000,806.000
1829.004,825.000,821.000,831.000,827.000,824.000,824.000,839.000,832.000,809.000,830.000
1830.585,831.000,831.000,827.000,832.000,834.000,818.000,830.000,827.000,827.000,826.000
1832.168,834.000,828.000,836.000,836.000,2625.000,819.000,822.000,831.000,806.000,815.000
1833.749,831.000,820.000,816.000,812.000,1657.000,807.000,820.000,816.000,811.000,803.000
1835.331,843.000,841.000,828.000,825.000,839.000,817.000,814.000,814.000,822.000,812.000
1836.911,861.000,830.000,827.000,826.000,831.000,820.000,819.000,822.000,823.000,820.000
1838.491,813.000,838.000,841.000,823.000,836.000,819.000,838.000,833.000,842.000,828.000
1840.072,835.000,833.000,834.000,831.000,836.000,817.000,838.000,840.000,826.000,823.000
1841.652,845.000,829.000,841.000,811.000,841.000,832.000,824.000,816.000,842.000,829.000
1843.233,828.000,823.000,823.000,844.000,829.000,828.000,831.000,824.000,820.000,823.000
1844.811,827.000,826.000,827.000,826.000,823.000,846.000,836.000,836.000,826.000,840.000
1846.390,855.000,829.000,834.000,844.000,823.000,840.000,830.000,821.000,833.000,837.000
1847.970,831.000,842.000,830.000,828.000,822.000,833.000,831.000,822.000,827.000,831.000
1849.548,844.000,836.000,829.000,826.000,824.000,835.000,831.000,835.000,832.000,819.000
1851.127,845.000,846.000,845.000,821.000,835.000,848.000,837.000,827.000,835.000,831.000
1852.704,840.000,854.000,845.000,830.000,819.000,820.000,828.000,847.000,849.000,839.000
1854.281,834.000,834.000,856.000,850.000,839.000,838.000,844.000,828.000,826.000,826.000
1855.860,827.000,843.000,840.000,845.000,856.000,842.000,816.000,835.000,824.000,825.000
1857.436,840.000,859.000,830.000,845.000,847.000,843.000,824.000,834.000,843.000,819.000
1859.014,846.000,856.000,836.000,839.000,859.000,839.000,821.000,838.000,827.000,829.000
1860.590,837.000,861.000,833.000,861.000,835.000,843.000,834.000,835.000,851.000,843.000
1862.165,846.000,864.000,837.000,831.000,849.000,837.000,839.000,839.000,831.000,842.000
1863.742,839.000,838.000,845.000,843.000,836.000,846.000,822.000,837.000,838.000,842.000
1865.317,864.000,851.000,861.000,841.000,856.000,845.000,848.000,833.000,822.000,833.000
1866.894,862.000,848.000,846.000,846.000,852.000,832.000,852.000,854.000,835.000,807.000
1868.468,855.000,851.000,846.000,842.000,852.000,839.000,833.000,836.000,843.000,854.000
1870.042,854.000,839.000,855.000,871.000,832.000,839.000,827.000,845.000,857.000,839.000
1871.617,852.000,851.000,842.000,841.000,850.000,829.000,848.000,848.000,832.000,829.000
1873.191,849.000,846.000,870.000,860.000,854.000,851.000,823.000,855.000,848.000,859.000
1874.766,867.000,855.000,851.000,844.000,858.000,864.000,839.000,843.000,837.000,842.000
1876.339,849.000,841.000,848.000,837.000,855.000,850.000,846.000,828.000,850.000,845.000
1877.911,845.000,840.000,854.000,856.000,845.000,869.000,830.000,850.000,837.000,854.000
1879.485,849.000,851.000,848.000,857.000,850.000,840.000,847.000,852.000,848.000,846.000
1881.057,854.000,845.000,840.000,858.000,853.000,841.000,837.000,853.000,846.000,850.000
1882.631,851.000,855.000,857.000,854.000,851.000,861.000,842.000,854.000,851.000,1089.000
1884.202,860.000,862.000,830.000,859.000,855.000,874.000,855.000,845.000,863.000,1708.000
1885.773,850.000,866.000,863.000,856.000,845.000,848.000,859.000,855.000,841.000,843.000
1887.346,837.000,866.000,850.000,871.000,857.000,845.000,864.000,859.000,851.000,847.000
1888.917,860.000,859.000,862.000,858.000,854.000,841.000,858.000,856.000,857.000,1000.000
1890.489,878.000,845.000,852.000,852.000,842.000,880.000,873.000,864.000,869.000,2115.000
1892.058,875.000,855.000,860.000,858.000,869.000,853.000,863.000,874.000,857.000,894.000
1893.628,864.000,882.000,862.000,854.000,833.000,862.000,862.000,848.000,874.000,875.000
1895.199,862.000,864.000,875.000,859.000,870.000,850.000,855.000,879.000,862.000,872.000
1896.768,880.000,876.000,873.000,883.000,863.000,863.000,851.000,881.000,864.000,889.000
1898.339,882.000,866.000,888.000,875.000,855.000,874.000,877.000,871.000,861.000,857.000
1899.907,878.000,883.000,874.000,869.000,892.000,882.000,872.000,880.000,878.000,855.000
1901.476,877.000,868.000,881.000,874.000,868.000,890.000,864.000,868.000,871.000,870.000
1903.045,869.000,884.000,895.000,875.000,888.000,863.000,883.000,866.000,874.000,890.000
1904.613,881.000,876.000,881.000,878.000,881.000,880.000,884.000,870.000,878.000,878.000
1906.182,900.000,871.000,880.000,871.000,872.000,875.000,865.000,879.000,858.000,875.000
1907.749,876.000,896.000,888.000,875.000,865.000,874.000,879.000,861.000,868.000,845.000
1909.316,875.000,862.000,876.000,873.000,884.000,872.000,877.000,885.000,872.000,873.000
1910.884,892.000,878.000,877.000,875.000,866.000,879.000,871.000,868.000,894.000,877.000
1912.450,885.000,887.000,878.000,880.000,875.000,862.000,884.000,870.000,867.000,859.000
1914.018,877.000,887.000,861.000,877.000,873.000,859.000,863.000,864.000,885.000,883.000
1915.583,871.000,885.000,877.000,874.000,860.000,884.000,871.000,866.000,879.000,872.000
1917.149,880.000,896.000,865.000,882.000,863.000,871.000,877.000,863.000,872.000,862.000
1918.716,889.000,893.000,886.000,878.000,868.000,888.000,873.000,870.000,861.000,899.000
1920.280,899.000,893.000,907.000,877.000,882.000,875.000,878.000,880.000,876.000,883.000
1921.846,909.000,878.000,890.000,885.000,883.000,884.000,886.000,875.000,873.000,868.000
1923.411,888.000,900.000,890.000,897.000,872.000,885.000,868.000,882.000,885.000,888.000
1924.974,885.000,901.000,888.000,871.000,870.000,878.000,876.000,896.000,873.000,883.000
1926.540,896.000,894.000,891.000,900.000,891.000,874.000,875.000,880.000,870.000,882.000
1928.103,892.000,891.000,900.000,894.000,893.000,883.000,871.000,875.000,885.000,888.000
1929.668,890.000,897.000,895.000,867.000,896.000,893.000,899.000,897.000,900.000,899.000
1931.230,891.000,884.000,876.000,903.000,896.000,900.000,893.000,892.000,885.000,900.000
1932.793,898.000,910.000,907.000,901.000,881.000,891.000,895.000,916.000,897.000,874.000
1934.357,917.000,900.000,900.000,904.000,904.000,906.000,898.000,912.000,886.000,893.000
1935.919,910.000,896.000,900.000,909.000,894.000,915.000,895.000,904.000,896.000,877.000
1937.482,905.000,890.000,908.000,897.000,902.000,893.000,907.000,896.000,889.000,911.000
1939.043,908.000,914.000,915.000,895.000,902.000,890.000,897.000,897.000,909.000,891.000
1940.606,917.000,910.000,905.000,897.000,899.000,899.000,907.000,920.000,905.000,899.000
1942.166,880.000,902.000,897.000,915.000,904.000,915.000,890.000,896.000,914.000,897.000
1943.727,911.000,915.000,914.000,914.000,908.000,896.000,912.000,918.000,916.000,895.000
1945.289,902.000,917.000,910.000,912.000,920.000,901.000,897.000,923.000,899.000,1027.000
1946.848,921.000,927.000,929.000,915.000,910.000,925.000,906.000,904.000,902.000,2048.000
1948.410,920.000,921.000,931.000,914.000,898.000,919.000,919.000,906.000,900.000,1097.000
1949.969,923.000,911.000,941.000,920.000,911.000,914.000,911.000,901.000,922.000,912.000
1951.528,913.000,914.000,923.000,924.000,916.000,922.000,922.000,905.000,915.000,926.000
1953.088,916.000,906.000,920.000,923.000,928.000,925.000,928.000,936.000,925.000,911.000
1954.647,935.000,930.000,927.000,936.000,907.000,949.000,918.000,919.000,919.000,891.000
1956.206,952.000,913.000,956.000,922.000,950.000,933.000,919.000,919.000,906.000,909.000
1957.764,919.000,927.000,924.000,936.000,906.000,931.000,931.000,937.000,928.000,937.000
1959.322,928.000,935.000,929.000,922.000,937.000,934.000,924.000,925.000,931.000,908.000
1960.881,923.000,932.000,949.000,915.000,935.000,933.000,945.000,938.000,932.000,918.000
1962.438,946.000,945.000,931.000,938.000,935.000,940.000,917.000,926.000,926.000,914.000
1963.996,937.000,924.000,945.000,943.000,926.000,935.000,924.000,910.000,952.000,924.000
1965.552,929.000,943.000,921.000,974.000,937.000,943.000,950.000,940.000,955.000,922.000
1967.108,935.000,949.000,944.000,937.000,929.000,947.000,937.000,950.000,946.000,940.000
1968.666,950.000,952.000,944.000,961.000,942.000,952.000,959.000,953.000,950.000,948.000
1970.221,951.000,963.000,947.000,961.000,963.000,937.000,964.000,946.000,964.000,949.000
1971.778,970.000,960.000,943.000,961.000,945.000,962.000,956.000,951.000,954.000,931.000
1973.333,959.000,971.000,951.000,955.000,938.000,954.000,952.000,981.000,946.000,959.000
1974.888,957.000,962.000,951.000,959.000,949.000,963.000,964.000,955.000,979.000,962.000
1976.444,972.000,988.000,988.000,963.000,980.000,972.000,967.000,953.000,968.000,965.000
1977.998,969.000,981.000,999.000,980.000,951.000,971.000,943.000,976.000,947.000,961.000
1979.553,969.000,984.000,986.000,977.000,969.000,963.000,986.000,973.000,985.000,974.000
1981.107,982.000,999.000,994.000,987.000,964.000,987.000,966.000,967.000,980.000,983.000
1982.660,1011.000,989.000,980.000,987.000,990.000,971.000,979.000,1005.000,987.000,998.000
1984.215,1008.000,978.000,992.000,987.000,1003.000,980.000,992.000,1426.000,986.000,976.000
1985.767,1009.000,1011.000,1011.000,992.000,1000.000,1013.000,1010.000,1181.000,1008.000,987.000
1987.321,1018.000,999.000,1008.000,1008.000,975.000,1011.000,1015.000,980.000,993.000,1016.000
1988.873,1023.000,1025.000,1007.000,1031.000,1022.000,1006.000,1008.000,995.000,1016.000,988.000
1990.425,1017.000,1018.000,1032.000,997.000,1027.000,1002.000,991.000,1006.000,1016.000,1033.000
1991.978,1031.000,1028.000,1017.000,1000.000,1024.000,992.000,1034.000,1018.000,1029.000,1017.000
1993.529,1025.000,1033.000,1033.000,1031.000,1031.000,1051.000,1015.000,1020.000,1014.000,1037.000
1995.082,1035.000,1065.000,1034.000,1016.000,1035.000,1053.000,1034.000,1020.000,1033.000,1033.000
1996.633,1046.000,1051.000,1024.000,1047.000,1029.000,1038.000,1024.000,1038.000,1044.000,1044.000
1998.183,1069.000,1076.000,1044.000,1070.000,1043.000,1041.000,1034.000,1031.000,1030.000,1040.000
1999.735,1068.000,1068.000,1073.000,1047.000,1055.000,1050.000,1057.000,1028.000,1048.000,1046.000
2001.284,1056.000,1077.000,1045.000,1069.000,1063.000,1062.000,1049.000,1065.000,1063.000,1079.000
2002.836,1065.000,1072.000,1044.000,1074.000,1070.000,1046.000,1079.000,1064.000,1061.000,1076.000
2004.385,1078.000,1076.000,1072.000,1072.000,1098.000,1070.000,1083.000,1089.000,1076.000,1093.000
2005.934,1087.000,1098.000,1088.000,1078.000,1079.000,1085.000,1098.000,1076.000,1093.000,1066.000
2007.484,1113.000,1100.000,1107.000,1119.000,1103.000,1090.000,1078.000,1099.000,1106.000,1095.000
2009.032,1103.000,1137.000,1111.000,1105.000,1135.000,1132.000,1115.000,1109.000,1120.000,1107.000
2010.582,1107.000,1145.000,1137.000,1116.000,1121.000,1123.000,1107.000,1130.000,1122.000,1110.000
2012.130,1130.000,1141.000,1121.000,1139.000,1134.000,1146.000,1126.000,1141.000,1139.000,1122.000
2013.677,1137.000,1142.000,1161.000,1164.000,1151.000,1161.000,1135.000,1126.000,1158.000,1140.000
2015.226,1144.000,1184.000,1171.000,1184.000,1167.000,1131.000,1157.000,1146.000,1162.000,1148.000
2016.773,1165.000,1205.000,1201.000,1167.000,1157.000,1182.000,1182.000,1188.000,1186.000,1164.000
2018.321,1209.000,1205.000,1210.000,1186.000,1189.000,1183.000,1169.000,1189.000,1181.000,1183.000
2019.868,1237.000,1218.000,1197.000,1214.000,1235.000,1209.000,1206.000,1219.000,1218.000,1678.000
2021.414,1222.000,1235.000,1221.000,1224.000,1243.000,1220.000,1229.000,1200.000,1221.000,1551.000
2022.961,1255.000,1261.000,1273.000,1243.000,1277.000,1264.000,1254.000,1267.000,1242.000,1249.000
2024.506,1284.000,1289.000,1292.000,1297.000,1299.000,1261.000,1282.000,1306.000,1254.000,1267.000
2026.053,1298.000,1311.000,1299.000,1308.000,1313.000,1302.000,1336.000,1293.000,1326.000,1284.000
2027.598,1349.000,1349.000,1311.000,1324.000,1363.000,1344.000,1347.000,1335.000,1352.000,1361.000
