-1054.088,657.000,656.000,664.000,655.000,657.000,660.000,662.000,655.000,664.000,663.000
-1051.916,658.000,659.000,661.000,664.000,666.000,661.000,652.000,657.000,663.000,661.000
-1049.746,660.000,659.000,657.000,661.000,656.000,666.000,659.000,655.000,666.000,651.000
-1047.576,670.000,662.000,664.000,666.000,662.000,661.000,664.000,658.000,654.000,667.000
-1045.406,662.000,670.000,659.000,659.000,656.000,664.000,665.000,658.000,660.000,661.000
-1043.236,655.000,653.000,660.000,645.000,666.000,667.000,659.000,651.000,661.000,660.000
-1041.068,653.000,657.000,662.000,665.000,663.000,662.000,651.000,662.000,665.000,665.000
-1038.899,666.000,661.000,662.000,654.000,658.000,663.000,670.000,661.000,664.000,662.000
-1036.731,662.000,664.000,658.000,663.000,661.000,657.000,662.000,660.000,665.000,652.000
-1034.563,657.000,664.000,659.000,654.000,660.000,667.000,669.000,661.000,651.000,670.000
-1032.397,660.000,663.000,660.000,665.000,652.000,663.000,659.000,659.000,657.000,663.000
-1030.230,663.000,659.000,656.000,661.000,660.000,665.000,669.000,672.000,656.000,661.000
-1028.063,660.000,663.000,664.000,661.000,657.000,667.000,668.000,657.000,659.000,662.000
-1025.897,660.000,663.000,655.000,662.000,667.000,661.000,662.000,667.000,657.000,661.000
-1023.733,670.000,667.000,669.000,659.000,664.000,665.000,663.000,662.000,654.000,660.000
-1021.568,663.000,661.000,657.000,654.000,654.000,659.000,661.000,659.000,658.000,657.000
-1019.403,656.000,669.000,663.000,657.000,668.000,656.000,663.000,663.000,658.000,664.000
-1017.239,653.000,654.000,653.000,664.000,661.000,661.000,652.000,661.000,662.000,666.000
-1015.077,664.000,664.000,658.000,654.000,662.000,661.000,656.000,657.000,658.000,667.000
-1012.914,657.000,665.000,659.000,663.000,660.000,663.000,658.000,658.000,662.000,667.000
-1010.751,662.000,661.000,662.000,667.000,663.000,647.000,657.000,671.000,658.000,663.000
-1008.589,669.000,664.000,670.000,664.000,663.000,659.000,659.000,662.000,659.000,664.000
-1006.429,664.000,661.000,657.000,668.000,653.000,664.000,655.000,658.000,653.000,663.000
-1004.267,658.000,664.000,654.000,652.000,668.000,660.000,663.000,663.000,657.000,662.000
-1002.107,657.000,662.000,663.000,661.000,672.000,671.000,664.000,662.000,661.000,662.000
-999.946,661.000,661.000,663.000,666.000,654.000,656.000,659.000,666.000,657.000,666.000
-997.788,664.000,659.000,666.000,666.000,653.000,664.000,664.000,666.000,662.000,658.000
-995.628,659.000,656.000,663.000,658.000,656.000,672.000,660.000,659.000,656.000,663.000
-993.469,667.000,662.000,657.000,662.000,655.000,666.000,660.000,662.000,661.000,660.000
-991.311,664.000,658.000,662.000,658.000,659.000,654.000,669.000,655.000,657.000,659.000
-989.154,660.000,659.000,663.000,666.000,661.000,661.000,659.000,661.000,667.000,665.000
-986.997,673.000,664.000,666.000,657.000,660.000,668.000,669.000,652.000,664.000,668.000
-984.840,661.000,658.000,673.000,665.000,659.000,658.000,661.000,668.000,664.000,662.000
-982.683,660.000,665.000,662.000,660.000,652.000,658.000,660.000,658.000,667.000,662.000
-980.529,655.000,668.000,656.000,666.000,664.000,657.000,665.000,660.000,661.000,651.000
-978.373,656.000,663.000,656.000,660.000,665.000,662.000,661.000,661.000,661.000,665.000
-976.218,656.000,662.000,656.000,662.000,666.000,660.000,670.000,665.000,661.000,659.000
-974.063,671.000,661.000,663.000,661.000,665.000,660.000,661.000,660.000,654.000,663.000
-971.910,666.000,664.000,660.000,658.000,664.000,665.000,657.000,657.000,663.000,659.000
-969.757,658.000,663.000,671.000,654.000,658.000,664.000,660.000,664.000,661.000,664.000
-967.603,661.000,656.000,665.000,653.000,659.000,655.000,661.000,654.000,658.000,662.000
-965.451,663.000,664.000,659.000,659.000,657.000,658.000,664.000,659.000,656.000,667.000
-963.299,656.000,665.000,662.000,660.000,652.000,667.000,660.000,668.000,657.000,659.000
-961.148,660.000,660.000,660.000,657.000,663.000,655.000,653.000,660.000,658.000,657.000
-958.996,657.000,661.000,663.000,652.000,657.000,663.000,669.000,652.000,665.000,659.000
-956.845,664.000,674.000,666.000,666.000,669.000,662.000,1817.000,676.000,652.000,656.000
-954.696,662.000,652.000,658.000,658.000,665.000,660.000,1507.000,661.000,669.000,661.000
-952.546,663.000,656.000,660.000,672.000,662.000,664.000,691.000,659.000,661.000,662.000
-950.397,663.000,663.000,659.000,663.000,666.000,656.000,664.000,659.000,668.000,663.000
-948.248,657.000,664.000,662.000,663.000,665.000,659.000,663.000,667.000,658.000,655.000
-946.100,655.000,657.000,659.000,657.000,665.000,667.000,662.000,663.000,658.000,666.000
-943.952,659.000,662.000,659.000,660.000,665.000,661.000,661.000,664.000,662.000,669.000
-941.805,660.000,660.000,663.000,659.000,667.000,660.000,653.000,669.000,661.000,667.000
-939.657,667.000,660.000,663.000,667.000,664.000,662.000,666.000,656.000,657.000,660.000
-937.512,662.000,663.000,663.000,668.000,665.000,661.000,655.000,656.000,657.000,666.000
-935.366,663.000,663.000,656.000,657.000,664.000,663.000,670.000,666.000,660.000,666.000
-933.220,662.000,671.000,670.000,661.000,663.000,656.000,660.000,662.000,662.000,672.000
-931.075,663.000,663.000,670.000,664.000,661.000,661.000,655.000,660.000,660.000,670.000
-928.931,656.000,667.000,659.000,664.000,666.000,658.000,663.000,657.000,669.000,660.000
-926.787,659.000,656.000,659.000,664.000,663.000,662.000,663.000,662.000,668.000,663.000
-924.643,666.000,656.000,659.000,667.000,662.000,663.000,663.000,665.000,666.000,661.000
-922.499,662.000,666.000,661.000,666.000,661.000,665.000,655.000,663.000,663.000,660.000
-920.358,660.000,656.000,668.000,659.000,658.000,669.000,657.000,661.000,661.000,660.000
-918.215,667.000,657.000,659.000,659.000,664.000,659.000,668.000,668.000,663.000,666.000
-916.073,662.000,659.000,657.000,671.000,664.000,661.000,653.000,664.000,665.000,658.000
-913.932,671.000,670.000,664.000,661.000,659.000,650.000,660.000,660.000,666.000,667.000
-911.792,652.000,664.000,663.000,665.000,736.000,672.000,662.000,665.000,665.000,667.000
-909.651,671.000,661.000,657.000,656.000,1359.000,661.000,667.000,651.000,663.000,662.000
-907.511,664.000,667.000,664.000,661.000,1240.000,668.000,665.000,656.000,662.000,660.000
-905.371,660.000,664.000,666.000,657.000,678.000,661.000,666.000,661.000,664.000,660.000
-903.233,672.000,662.000,657.000,664.000,654.000,661.000,662.000,658.000,667.000,661.000
-901.094,667.000,670.000,667.000,660.000,669.000,662.000,660.000,663.000,663.000,663.000
-898.956,664.000,663.000,663.000,662.000,665.000,669.000,657.000,664.000,667.000,663.000
-896.818,663.000,671.000,660.000,664.000,1137.000,662.000,660.000,664.000,666.000,659.000
-894.682,659.000,668.000,664.000,669.000,802.000,670.000,659.000,662.000,663.000,663.000
-892.545,663.000,664.000,666.000,655.000,672.000,666.000,664.000,667.000,661.000,665.000
-890.409,667.000,659.000,666.000,666.000,671.000,663.000,669.000,659.000,667.000,659.000
-888.273,664.000,661.000,661.000,659.000,669.000,667.000,667.000,662.000,660.000,667.000
-886.138,662.000,667.000,658.000,667.000,656.000,668.000,658.000,660.000,662.000,659.000
-884.003,667.000,661.000,663.000,671.000,667.000,664.000,664.000,662.000,660.000,669.000
-881.869,668.000,665.000,658.000,660.000,659.000,664.000,665.000,669.000,671.000,666.000
-879.735,658.000,665.000,664.000,665.000,660.000,663.000,660.000,665.000,663.000,663.000
-877.602,660.000,663.000,665.000,660.000,657.000,656.000,665.000,675.000,659.000,657.000
-875.469,660.000,656.000,666.000,663.000,663.000,662.000,663.000,669.000,663.000,665.000
-873.336,662.000,671.000,669.000,669.000,671.000,665.000,661.000,663.000,661.000,658.000
-871.204,665.000,667.000,664.000,663.000,664.000,674.000,663.000,659.000,661.000,667.000
-869.073,660.000,660.000,662.000,660.000,664.000,663.000,665.000,668.000,660.000,666.000
-866.942,670.000,664.000,662.000,667.000,664.000,661.000,662.000,661.000,670.000,665.000
-864.811,670.000,668.000,667.000,659.000,672.000,662.000,672.000,661.000,666.000,661.000
-862.681,663.000,666.000,657.000,667.000,658.000,661.000,658.000,672.000,661.000,660.000
-860.552,667.000,666.000,671.000,657.000,667.000,662.000,663.000,658.000,659.000,663.000
-858.422,652.000,659.000,660.000,667.000,664.000,664.000,665.000,664.000,671.000,658.000
-856.293,659.000,664.000,670.000,660.000,663.000,659.000,662.000,671.000,661.000,661.000
-854.165,658.000,666.000,655.000,657.000,657.000,665.000,673.000,659.000,662.000,660.000
-852.038,666.000,666.000,664.000,656.000,669.000,664.000,670.000,652.000,663.000,667.000
-849.910,663.000,659.000,661.000,658.000,660.000,664.000,661.000,660.000,661.000,674.000
-847.783,659.000,659.000,656.000,660.000,662.000,660.000,667.000,659.000,669.000,664.000
-845.656,661.000,661.000,658.000,659.000,662.000,658.000,659.000,657.000,668.000,667.000
-843.531,661.000,658.000,665.000,655.000,667.000,667.000,665.000,668.000,664.000,662.000
-841.405,667.000,661.000,670.000,661.000,666.000,669.000,666.000,666.000,658.000,668.000
-839.280,662.000,671.000,661.000,659.000,666.000,665.000,661.000,670.000,667.000,665.000
-837.155,666.000,666.000,671.000,668.000,664.000,666.000,655.000,667.000,667.000,657.000
-835.032,662.000,659.000,662.000,663.000,667.000,662.000,667.000,665.000,662.000,663.000
-832.908,657.000,663.000,665.000,659.000,663.000,654.000,661.000,661.000,668.000,670.000
-830.784,657.000,664.000,663.000,673.000,671.000,661.000,667.000,668.000,675.000,670.000
-828.661,658.000,660.000,664.000,662.000,669.000,667.000,659.000,665.000,666.000,663.000
-826.540,658.000,662.000,660.000,658.000,674.000,665.000,674.000,668.000,663.000,667.000
-824.418,666.000,656.000,666.000,664.000,665.000,662.000,670.000,666.000,655.000,672.000
-822.296,665.000,665.000,665.000,661.000,665.000,666.000,668.000,658.000,668.000,662.000
-820.175,665.000,666.000,657.000,663.000,663.000,669.000,671.000,670.000,667.000,671.000
-818.055,659.000,662.000,673.000,665.000,661.000,668.000,666.000,669.000,658.000,665.000
-815.935,669.000,663.000,667.000,671.000,667.000,663.000,667.000,668.000,660.000,669.000
-813.815,661.000,658.000,662.000,662.000,660.000,665.000,663.000,665.000,666.000,665.000
-811.695,668.000,671.000,673.000,660.000,662.000,667.000,658.000,664.000,666.000,659.000
-809.578,660.000,663.000,652.000,664.000,665.000,662.000,660.000,667.000,664.000,666.000
-807.459,663.000,656.000,664.000,671.000,661.000,658.000,664.000,656.000,662.000,662.000
-805.341,665.000,663.000,663.000,671.000,668.000,665.000,666.000,664.000,670.000,669.000
-803.224,663.000,667.000,662.000,665.000,657.000,667.000,659.000,665.000,671.000,659.000
-801.108,661.000,666.000,658.000,657.000,663.000,664.000,669.000,664.000,661.000,667.000
-798.991,666.000,662.000,661.000,663.000,672.000,661.000,660.000,662.000,669.000,662.000
-796.875,660.000,664.000,661.000,669.000,665.000,667.000,662.000,673.000,674.000,670.000
-794.759,665.000,661.000,667.000,668.000,665.000,663.000,660.000,667.000,666.000,672.000
-792.645,656.000,665.000,668.000,661.000,664.000,661.000,654.000,667.000,673.000,665.000
-790.530,661.000,659.000,657.000,664.000,659.000,661.000,662.000,663.000,659.000,666.000
-788.416,657.000,671.000,661.000,661.000,663.000,657.000,665.000,668.000,667.000,670.000
-786.302,669.000,661.000,663.000,659.000,664.000,671.000,662.000,663.000,666.000,666.000
-784.190,667.000,659.000,665.000,659.000,664.000,657.000,660.000,663.000,659.000,659.000
-782.077,664.000,663.000,669.000,664.000,655.000,667.000,663.000,664.000,660.000,665.000
-779.964,656.000,657.000,667.000,664.000,655.000,660.000,669.000,664.000,655.000,656.000
-777.852,665.000,667.000,669.000,662.000,660.000,663.000,664.000,659.000,663.000,663.000
-775.742,664.000,654.000,661.000,661.000,671.000,664.000,668.000,665.000,659.000,663.000
-773.630,669.000,664.000,667.000,667.000,661.000,670.000,650.000,660.000,668.000,667.000
-771.520,664.000,672.000,665.000,665.000,661.000,667.000,671.000,666.000,661.000,666.000
-769.409,665.000,667.000,656.000,658.000,674.000,665.000,668.000,663.000,669.000,661.000
-767.301,665.000,669.000,668.000,668.000,666.000,671.000,663.000,658.000,662.000,667.000
-765.191,672.000,666.000,669.000,667.000,665.000,656.000,664.000,668.000,664.000,674.000
-763.083,668.000,659.000,663.000,657.000,664.000,670.000,659.000,668.000,672.000,667.000
-760.974,664.000,667.000,666.000,665.000,660.000,663.000,671.000,667.000,664.000,663.000
-758.867,668.000,666.000,666.000,669.000,671.000,665.000,670.000,665.000,663.000,661.000
-756.760,668.000,667.000,666.000,668.000,659.000,663.000,657.000,670.000,668.000,663.000
-754.653,669.000,662.000,667.000,658.000,660.000,667.000,670.000,657.000,670.000,663.000
-752.546,670.000,665.000,672.000,669.000,667.000,666.000,668.000,664.000,667.000,662.000
-750.441,659.000,667.000,660.000,665.000,665.000,670.000,667.000,665.000,660.000,653.000
-748.335,665.000,668.000,668.000,670.000,662.000,668.000,661.000,671.000,661.000,665.000
-746.230,672.000,661.000,666.000,665.000,662.000,665.000,662.000,655.000,662.000,660.000
-744.125,663.000,669.000,662.000,670.000,663.000,664.000,663.000,665.000,659.000,667.000
-742.022,671.000,670.000,675.000,657.000,662.000,668.000,663.000,668.000,664.000,651.000
-739.918,665.000,663.000,661.000,665.000,672.000,664.000,669.000,667.000,665.000,674.000
-737.815,657.000,666.000,665.000,673.000,662.000,666.000,667.000,672.000,663.000,668.000
-735.712,671.000,669.000,669.000,659.000,665.000,663.000,670.000,667.000,672.000,665.000
-733.610,663.000,666.000,660.000,668.000,668.000,661.000,669.000,669.000,677.000,663.000
-731.508,667.000,672.000,666.000,662.000,672.000,670.000,666.000,676.000,673.000,656.000
-729.407,670.000,668.000,674.000,678.000,671.000,671.000,678.000,668.000,676.000,674.000
-727.305,662.000,675.000,661.000,673.000,674.000,675.000,671.000,673.000,673.000,675.000
-725.205,671.000,661.000,661.000,658.000,657.000,668.000,666.000,665.000,660.000,668.000
-723.104,663.000,659.000,664.000,668.000,670.000,672.000,671.000,670.000,666.000,671.000
-721.007,667.000,671.000,663.000,669.000,660.000,665.000,661.000,666.000,665.000,672.000
-718.907,667.000,661.000,670.000,664.000,659.000,667.000,660.000,660.000,662.000,661.000
-716.808,677.000,658.000,660.000,670.000,659.000,671.000,664.000,666.000,668.000,664.000
-714.710,665.000,666.000,666.000,656.000,658.000,662.000,669.000,667.000,659.000,660.000
-712.612,658.000,664.000,662.000,664.000,672.000,666.000,659.000,660.000,667.000,660.000
-710.514,675.000,664.000,661.000,667.000,667.000,671.000,668.000,664.000,659.000,671.000
-708.417,658.000,669.000,666.000,666.000,658.000,665.000,669.000,667.000,672.000,670.000
-706.321,671.000,666.000,670.000,663.000,669.000,654.000,665.000,662.000,675.000,668.000
-704.227,666.000,661.000,675.000,668.000,659.000,664.000,661.000,663.000,671.000,668.000
-702.131,662.000,662.000,666.000,670.000,660.000,664.000,661.000,665.000,665.000,663.000
-700.036,659.000,665.000,664.000,656.000,666.000,664.000,667.000,664.000,663.000,659.000
-697.941,665.000,663.000,666.000,668.000,665.000,665.000,661.000,663.000,657.000,669.000
-695.846,662.000,665.000,675.000,660.000,666.000,669.000,666.000,663.000,659.000,667.000
-693.752,667.000,670.000,670.000,667.000,669.000,656.000,669.000,667.000,667.000,667.000
-691.659,663.000,667.000,664.000,664.000,668.000,669.000,664.000,662.000,663.000,659.000
-689.566,665.000,667.000,654.000,668.000,665.000,672.000,671.000,664.000,667.000,672.000
-687.475,676.000,665.000,667.000,666.000,669.000,663.000,658.000,663.000,657.000,660.000
-685.383,669.000,664.000,670.000,674.000,666.000,667.000,671.000,668.000,665.000,663.000
-683.292,677.000,663.000,659.000,664.000,663.000,663.000,659.000,661.000,670.000,664.000
-681.200,667.000,658.000,667.000,666.000,667.000,664.000,664.000,667.000,665.000,675.000
-679.109,663.000,672.000,664.000,665.000,660.000,663.000,669.000,659.000,666.000,663.000
-677.019,669.000,660.000,669.000,664.000,667.000,1001.000,667.000,665.000,662.000,666.000
-674.929,660.000,660.000,666.000,666.000,668.000,1100.000,670.000,669.000,656.000,665.000
-672.840,671.000,663.000,668.000,679.000,669.000,680.000,675.000,668.000,662.000,672.000
-670.753,666.000,662.000,663.000,668.000,673.000,664.000,667.000,662.000,668.000,667.000
-668.664,665.000,674.000,674.000,664.000,674.000,660.000,669.000,668.000,665.000,673.000
-666.576,660.000,664.000,663.000,663.000,662.000,665.000,655.000,672.000,664.000,668.000
-664.488,663.000,661.000,665.000,665.000,674.000,661.000,672.000,670.000,672.000,665.000
-662.401,665.000,670.000,665.000,665.000,661.000,673.000,662.000,666.000,667.000,672.000
-660.314,674.000,662.000,669.000,663.000,669.000,668.000,663.000,669.000,663.000,664.000
-658.228,665.000,675.000,673.000,662.000,665.000,672.000,666.000,666.000,665.000,668.000
-656.142,671.000,669.000,664.000,673.000,661.000,659.000,665.000,667.000,667.000,666.000
-654.059,659.000,663.000,675.000,675.000,664.000,672.000,675.000,668.000,664.000,665.000
-651.974,663.000,673.000,662.000,668.000,662.000,660.000,665.000,668.000,669.000,654.000
-649.889,671.000,665.000,674.000,665.000,668.000,675.000,664.000,671.000,660.000,658.000
-647.805,669.000,663.000,656.000,670.000,660.000,669.000,667.000,670.000,674.000,672.000
-645.722,669.000,669.000,675.000,662.000,667.000,659.000,671.000,665.000,673.000,655.000
-643.638,670.000,678.000,668.000,665.000,669.000,667.000,676.000,664.000,663.000,672.000
-641.556,661.000,669.000,662.000,664.000,676.000,671.000,669.000,665.000,664.000,669.000
-639.473,662.000,672.000,669.000,670.000,669.000,665.000,671.000,680.000,669.000,661.000
-637.394,669.000,667.000,663.000,664.000,663.000,671.000,663.000,663.000,666.000,674.000
-635.312,672.000,673.000,673.000,675.000,664.000,666.000,676.000,673.000,668.000,668.000
-633.231,664.000,666.000,675.000,669.000,675.000,665.000,662.000,668.000,670.000,664.000
-631.151,667.000,675.000,664.000,668.000,669.000,674.000,665.000,670.000,658.000,670.000
-629.071,661.000,671.000,674.000,674.000,667.000,658.000,668.000,666.000,662.000,675.000
-626.991,665.000,664.000,672.000,660.000,666.000,667.000,666.000,666.000,665.000,661.000
-624.912,673.000,670.000,665.000,659.000,669.000,667.000,673.000,672.000,666.000,678.000
-622.833,671.000,662.000,664.000,666.000,673.000,667.000,662.000,659.000,669.000,666.000
-620.757,663.000,667.000,664.000,660.000,663.000,670.000,673.000,664.000,667.000,668.000
-618.679,669.000,661.000,663.000,666.000,661.000,677.000,668.000,672.000,669.000,665.000
-616.602,668.000,672.000,668.000,660.000,675.000,667.000,1151.000,671.000,663.000,671.000
-614.525,672.000,675.000,669.000,673.000,665.000,671.000,1747.000,670.000,677.000,667.000
-612.448,673.000,665.000,669.000,669.000,677.000,674.000,691.000,683.000,662.000,664.000
-610.372,663.000,669.000,667.000,670.000,671.000,671.000,671.000,665.000,672.000,671.000
-608.297,665.000,674.000,665.000,662.000,665.000,671.000,667.000,670.000,667.000,668.000
-606.221,664.000,663.000,675.000,665.000,664.000,665.000,667.000,668.000,667.000,671.000
-604.149,667.000,665.000,671.000,674.000,666.000,665.000,667.000,661.000,665.000,669.000
-602.075,665.000,672.000,674.000,667.000,669.000,670.000,668.000,660.000,666.000,671.000
-600.001,662.000,672.000,668.000,664.000,668.000,670.000,667.000,667.000,665.000,668.000
-597.927,665.000,667.000,666.000,672.000,668.000,670.000,661.000,667.000,667.000,674.000
-595.854,675.000,663.000,666.000,667.000,671.000,675.000,668.000,667.000,672.000,665.000
-593.782,663.000,665.000,673.000,666.000,668.000,666.000,670.000,671.000,667.000,676.000
-591.710,670.000,661.000,665.000,668.000,667.000,678.000,661.000,662.000,662.000,665.000
-589.638,668.000,666.000,670.000,675.000,669.000,669.000,669.000,653.000,670.000,674.000
-587.569,673.000,675.000,676.000,658.000,665.000,664.000,668.000,664.000,662.000,664.000
-585.498,669.000,666.000,667.000,667.000,674.000,666.000,662.000,669.000,670.000,664.000
-583.428,668.000,674.000,672.000,658.000,672.000,662.000,663.000,670.000,665.000,673.000
-581.358,667.000,661.000,661.000,672.000,674.000,669.000,667.000,662.000,669.000,668.000
-579.289,667.000,672.000,662.000,661.000,668.000,669.000,664.000,671.000,669.000,662.000
-577.220,660.000,670.000,673.000,664.000,658.000,668.000,664.000,672.000,671.000,660.000
-575.151,675.000,657.000,673.000,671.000,663.000,662.000,667.000,665.000,671.000,670.000
-573.083,674.000,667.000,672.000,672.000,671.000,669.000,662.000,662.000,660.000,673.000
-571.017,671.000,667.000,666.000,677.000,674.000,674.000,665.000,663.000,664.000,667.000
-568.950,667.000,665.000,668.000,665.000,659.000,673.000,667.000,668.000,667.000,665.000
-566.883,675.000,661.000,668.000,667.000,670.000,680.000,659.000,666.000,661.000,665.000
-564.817,666.000,662.000,675.000,666.000,670.000,675.000,670.000,666.000,665.000,664.000
-562.751,669.000,665.000,669.000,666.000,671.000,661.000,672.000,670.000,670.000,673.000
-560.686,666.000,668.000,670.000,675.000,668.000,664.000,667.000,667.000,665.000,672.000
-558.621,668.000,665.000,671.000,666.000,667.000,671.000,667.000,675.000,668.000,671.000
-556.556,669.000,667.000,666.000,663.000,661.000,672.000,673.000,665.000,666.000,671.000
-554.494,659.000,672.000,662.000,661.000,673.000,670.000,668.000,670.000,668.000,674.000
-552.430,673.000,678.000,673.000,672.000,671.000,663.000,671.000,674.000,671.000,671.000
-550.367,672.000,672.000,676.000,669.000,663.000,674.000,665.000,678.000,667.000,664.000
-548.304,676.000,668.000,671.000,671.000,667.000,671.000,674.000,667.000,662.000,667.000
-546.242,671.000,670.000,678.000,677.000,673.000,680.000,669.000,675.000,677.000,673.000
-544.180,668.000,672.000,666.000,668.000,672.000,659.000,671.000,664.000,667.000,671.000
-542.118,673.000,666.000,673.000,674.000,666.000,664.000,679.000,665.000,669.000,670.000
-540.057,667.000,665.000,662.000,661.000,669.000,671.000,676.000,666.000,668.000,671.000
-537.999,664.000,666.000,668.000,666.000,666.000,677.000,670.000,668.000,665.000,676.000
-535.939,672.000,673.000,667.000,668.000,671.000,665.000,659.000,670.000,676.000,670.000
-533.879,670.000,664.000,665.000,670.000,669.000,673.000,671.000,670.000,667.000,668.000
-531.820,677.000,670.000,681.000,675.000,670.000,674.000,672.000,675.000,670.000,667.000
-529.761,669.000,676.000,667.000,662.000,674.000,666.000,677.000,659.000,665.000,672.000
-527.702,684.000,667.000,669.000,666.000,671.000,665.000,670.000,667.000,663.000,664.000
-525.644,668.000,671.000,675.000,672.000,675.000,665.000,680.000,676.000,671.000,681.000
-523.587,681.000,675.000,676.000,667.000,679.000,674.000,671.000,668.000,676.000,668.000
-521.532,672.000,675.000,665.000,668.000,680.000,671.000,676.000,675.000,667.000,670.000
-519.475,665.000,666.000,666.000,665.000,675.000,670.000,681.000,675.000,679.000,675.000
-517.419,675.000,672.000,677.000,667.000,673.000,672.000,674.000,676.000,675.000,670.000
-515.363,676.000,667.000,666.000,667.000,668.000,671.000,676.000,678.000,663.000,673.000
-513.308,669.000,671.000,681.000,673.000,677.000,668.000,669.000,679.000,669.000,677.000
-511.253,672.000,674.000,673.000,670.000,672.000,679.000,661.000,670.000,674.000,673.000
-509.198,674.000,674.000,678.000,678.000,684.000,671.000,663.000,666.000,678.000,675.000
-507.144,676.000,674.000,678.000,673.000,660.000,675.000,671.000,670.000,676.000,680.000
-505.093,669.000,675.000,677.000,677.000,673.000,682.000,681.000,668.000,673.000,672.000
-503.040,666.000,677.000,668.000,682.000,668.000,679.000,673.000,679.000,676.000,678.000
-500.987,673.000,664.000,665.000,672.000,671.000,670.000,680.000,675.000,674.000,680.000
-498.935,675.000,675.000,669.000,664.000,669.000,672.000,663.000,673.000,671.000,681.000
-496.883,670.000,673.000,681.000,669.000,677.000,675.000,676.000,664.000,670.000,672.000
-494.831,671.000,684.000,674.000,677.000,670.000,666.000,670.000,673.000,672.000,671.000
-492.780,676.000,667.000,675.000,675.000,672.000,671.000,676.000,669.000,675.000,672.000
-490.730,682.000,670.000,669.000,666.000,663.000,670.000,671.000,677.000,669.000,671.000
-488.682,677.000,677.000,682.000,673.000,684.000,678.000,670.000,678.000,668.000,667.000
-486.632,675.000,667.000,670.000,678.000,671.000,673.000,677.000,674.000,670.000,678.000
-484.583,675.000,672.000,667.000,675.000,672.000,678.000,676.000,677.000,676.000,681.000
-482.534,666.000,675.000,667.000,671.000,671.000,681.000,679.000,672.000,670.000,679.000
-480.486,671.000,669.000,679.000,673.000,674.000,666.000,670.000,668.000,674.000,672.000
-478.438,672.000,671.000,664.000,681.000,678.000,673.000,676.000,746.000,678.000,670.000
-476.390,675.000,671.000,682.000,671.000,679.000,671.000,679.000,1913.000,680.000,667.000
-474.343,674.000,687.000,672.000,674.000,673.000,682.000,672.000,719.000,672.000,675.000
-472.299,677.000,674.000,669.000,676.000,682.000,670.000,671.000,677.000,677.000,681.000
-470.252,672.000,673.000,670.000,679.000,682.000,682.000,676.000,673.000,674.000,672.000
-468.207,670.000,674.000,680.000,678.000,678.000,672.000,676.000,679.000,681.000,678.000
-466.161,686.000,671.000,677.000,673.000,678.000,676.000,687.000,676.000,674.000,675.000
-464.116,680.000,668.000,667.000,684.000,677.000,668.000,675.000,671.000,667.000,667.000
-462.072,681.000,673.000,674.000,674.000,675.000,671.000,677.000,671.000,677.000,683.000
-460.028,686.000,679.000,685.000,684.000,685.000,677.000,682.000,679.000,676.000,674.000
-457.984,677.000,672.000,678.000,688.000,687.000,679.000,671.000,676.000,677.000,676.000
-455.943,682.000,679.000,667.000,673.000,670.000,675.000,680.000,672.000,679.000,672.000
-453.901,681.000,675.000,675.000,677.000,679.000,682.000,681.000,677.000,669.000,672.000
-451.858,669.000,670.000,674.000,676.000,673.000,677.000,675.000,678.000,680.000,670.000
-449.816,675.000,677.000,676.000,674.000,684.000,673.000,673.000,682.000,678.000,680.000
-447.775,676.000,674.000,686.000,681.000,678.000,665.000,678.000,668.000,685.000,674.000
-445.734,670.000,667.000,673.000,676.000,675.000,676.000,689.000,675.000,667.000,673.000
-443.693,675.000,676.000,673.000,671.000,677.000,684.000,669.000,678.000,679.000,680.000
-441.653,680.000,679.000,680.000,678.000,673.000,676.000,684.000,681.000,668.000,676.000
-439.616,673.000,681.000,678.000,671.000,684.000,669.000,675.000,680.000,678.000,679.000
-437.576,683.000,682.000,675.000,674.000,668.000,672.000,671.000,669.000,676.000,675.000
-435.538,674.000,672.000,673.000,675.000,671.000,681.000,671.000,678.000,673.000,685.000
-433.499,670.000,682.000,681.000,675.000,683.000,676.000,677.000,675.000,672.000,672.000
-431.461,683.000,678.000,672.000,678.000,670.000,667.000,674.000,679.000,676.000,670.000
-429.424,672.000,675.000,666.000,679.000,667.000,676.000,679.000,680.000,666.000,673.000
-427.386,680.000,679.000,678.000,678.000,683.000,669.000,679.000,670.000,683.000,668.000
-425.350,677.000,684.000,674.000,672.000,678.000,676.000,674.000,672.000,687.000,664.000
-423.316,672.000,671.000,688.000,676.000,679.000,683.000,668.000,679.000,671.000,676.000
-421.280,682.000,674.000,672.000,672.000,672.000,668.000,682.000,678.000,677.000,672.000
-419.244,690.000,690.000,677.000,681.000,681.000,675.000,674.000,666.000,682.000,679.000
-417.210,679.000,673.000,675.000,680.000,675.000,676.000,679.000,682.000,675.000,665.000
-415.175,673.000,672.000,683.000,678.000,676.000,680.000,678.000,672.000,672.000,676.000
-413.141,675.000,675.000,680.000,676.000,679.000,671.000,683.000,684.000,683.000,674.000
-411.107,675.000,678.000,677.000,678.000,679.000,673.000,676.000,677.000,671.000,678.000
-409.074,681.000,679.000,680.000,683.000,682.000,681.000,684.000,668.000,677.000,684.000
-407.043,680.000,685.000,677.000,679.000,676.000,677.000,675.000,688.000,676.000,690.000
-405.011,677.000,676.000,679.000,679.000,678.000,679.000,677.000,686.000,682.000,682.000
-402.979,690.000,681.000,677.000,674.000,686.000,677.000,684.000,673.000,676.000,681.000
-400.947,677.000,677.000,688.000,678.000,686.000,686.000,686.000,683.000,671.000,676.000
-398.916,671.000,685.000,686.000,680.000,675.000,681.000,674.000,678.000,675.000,682.000
-396.886,673.000,675.000,690.000,679.000,684.000,680.000,681.000,684.000,682.000,676.000
-394.855,689.000,671.000,672.000,675.000,671.000,677.000,674.000,677.000,672.000,674.000
-392.826,686.000,679.000,677.000,682.000,675.000,685.000,684.000,691.000,682.000,678.000
-390.799,681.000,679.000,691.000,687.000,684.000,687.000,678.000,684.000,685.000,682.000
-388.770,680.000,677.000,685.000,682.000,685.000,684.000,685.000,668.000,674.000,681.000
-386.741,676.000,674.000,683.000,686.000,667.000,679.000,676.000,679.000,689.000,674.000
-384.713,677.000,682.000,678.000,682.000,686.000,689.000,673.000,688.000,681.000,686.000
-382.685,688.000,680.000,674.000,659.000,677.000,675.000,677.000,676.000,682.000,685.000
-380.658,683.000,677.000,680.000,675.000,681.000,685.000,679.000,672.000,681.000,678.000
-378.631,675.000,686.000,681.000,683.000,683.000,679.000,673.000,675.000,688.000,683.000
-376.605,680.000,676.000,681.000,678.000,689.000,676.000,683.000,678.000,685.000,675.000
-374.581,677.000,673.000,681.000,675.000,678.000,684.000,678.000,683.000,680.000,676.000
-372.556,683.000,679.000,677.000,681.000,671.000,676.000,679.000,677.000,679.000,689.000
-370.531,682.000,679.000,688.000,681.000,673.000,678.000,679.000,689.000,689.000,678.000
-368.506,678.000,682.000,692.000,677.000,685.000,678.000,685.000,669.000,678.000,676.000
-366.482,675.000,684.000,685.000,689.000,675.000,691.000,684.000,670.000,669.000,683.000
-364.458,683.000,679.000,675.000,671.000,678.000,675.000,683.000,680.000,677.000,679.000
-362.434,684.000,685.000,685.000,682.000,691.000,678.000,683.000,687.000,683.000,681.000
-360.411,684.000,690.000,674.000,675.000,680.000,682.000,684.000,684.000,671.000,681.000
-358.391,683.000,687.000,677.000,691.000,674.000,686.000,690.000,679.000,693.000,678.000
-356.369,683.000,692.000,682.000,689.000,683.000,685.000,687.000,680.000,679.000,671.000
-354.347,680.000,685.000,695.000,691.000,689.000,685.000,679.000,679.000,688.000,677.000
-352.326,688.000,680.000,691.000,681.000,688.000,687.000,688.000,690.000,681.000,681.000
-350.305,684.000,680.000,686.000,679.000,692.000,677.000,692.000,679.000,684.000,678.000
-348.285,690.000,688.000,683.000,691.000,690.000,689.000,678.000,682.000,683.000,686.000
-346.265,690.000,685.000,674.000,679.000,686.000,680.000,691.000,697.000,675.000,691.000
-344.245,679.000,685.000,695.000,684.000,676.000,691.000,688.000,690.000,678.000,703.000
-342.229,686.000,692.000,687.000,693.000,683.000,686.000,694.000,688.000,690.000,681.000
-340.210,690.000,685.000,693.000,686.000,690.000,681.000,714.000,698.000,691.000,688.000
-338.192,691.000,688.000,696.000,691.000,695.000,694.000,1196.000,675.000,693.000,684.000
-336.174,692.000,698.000,691.000,691.000,693.000,699.000,698.000,684.000,694.000,685.000
-334.156,691.000,683.000,708.000,684.000,697.000,698.000,695.000,692.000,693.000,686.000
-332.139,691.000,695.000,700.000,695.000,684.000,681.000,691.000,693.000,696.000,685.000
-330.123,684.000,696.000,691.000,695.000,690.000,694.000,687.000,685.000,692.000,680.000
-328.107,691.000,684.000,691.000,689.000,698.000,689.000,692.000,690.000,694.000,705.000
-326.093,688.000,693.000,695.000,702.000,688.000,692.000,695.000,705.000,688.000,693.000
-324.078,699.000,685.000,695.000,695.000,690.000,703.000,694.000,692.000,683.000,695.000
-322.063,701.000,701.000,689.000,695.000,698.000,691.000,691.000,687.000,688.000,693.000
-320.049,692.000,695.000,696.000,690.000,690.000,701.000,696.000,702.000,696.000,699.000
-318.035,696.000,695.000,685.000,689.000,708.000,698.000,700.000,695.000,691.000,691.000
-316.021,699.000,694.000,700.000,689.000,687.000,698.000,696.000,701.000,683.000,694.000
-314.008,700.000,698.000,701.000,690.000,694.000,698.000,705.000,693.000,703.000,691.000
-311.995,694.000,700.000,692.000,685.000,696.000,695.000,697.000,694.000,695.000,687.000
-309.985,699.000,695.000,707.000,699.000,688.000,691.000,692.000,693.000,699.000,695.000
-307.973,691.000,690.000,694.000,700.000,699.000,695.000,683.000,699.000,703.000,687.000
-305.962,697.000,706.000,697.000,695.000,707.000,688.000,698.000,689.000,697.000,690.000
-303.950,699.000,694.000,699.000,691.000,704.000,695.000,688.000,692.000,703.000,692.000
-301.940,698.000,693.000,695.000,691.000,696.000,696.000,701.000,698.000,699.000,701.000
-299.930,695.000,706.000,694.000,695.000,703.000,715.000,700.000,702.000,695.000,703.000
-297.920,694.000,698.000,697.000,702.000,690.000,706.000,692.000,705.000,700.000,694.000
-295.911,700.000,701.000,699.000,699.000,707.000,704.000,691.000,691.000,698.000,698.000
-293.904,703.000,711.000,701.000,699.000,703.000,707.000,701.000,702.000,703.000,697.000
-291.895,703.000,705.000,696.000,704.000,697.000,692.000,695.000,704.000,703.000,699.000
-289.887,695.000,707.000,697.000,698.000,699.000,696.000,698.000,700.000,700.000,701.000
-287.880,710.000,710.000,705.000,709.000,707.000,704.000,701.000,701.000,706.000,702.000
-285.872,708.000,705.000,705.000,702.000,693.000,700.000,703.000,693.000,697.000,702.000
-283.865,707.000,703.000,714.000,706.000,708.000,703.000,718.000,704.000,699.000,706.000
-281.859,705.000,715.000,707.000,696.000,712.000,707.000,699.000,701.000,706.000,702.000
-279.853,696.000,708.000,704.000,709.000,702.000,708.000,715.000,703.000,712.000,702.000
-277.850,702.000,708.000,714.000,716.000,706.000,707.000,704.000,705.000,705.000,702.000
-275.845,712.000,710.000,707.000,711.000,721.000,725.000,710.000,701.000,705.000,704.000
-273.840,705.000,724.000,712.000,713.000,707.000,709.000,711.000,711.000,707.000,695.000
-271.836,711.000,715.000,716.000,717.000,703.000,698.000,709.000,709.000,699.000,711.000
-269.832,720.000,710.000,715.000,722.000,714.000,707.000,720.000,712.000,715.000,701.000
-267.828,714.000,719.000,726.000,725.000,707.000,710.000,705.000,727.000,719.000,714.000
-265.825,727.000,714.000,712.000,729.000,716.000,725.000,713.000,711.000,723.000,710.000
-263.823,721.000,722.000,728.000,723.000,708.000,708.000,717.000,716.000,719.000,712.000
-261.823,715.000,724.000,721.000,723.000,710.000,716.000,724.000,720.000,719.000,722.000
-259.821,715.000,724.000,713.000,1414.000,722.000,724.000,727.000,724.000,717.000,716.000
-257.820,729.000,733.000,725.000,819.000,735.000,731.000,724.000,728.000,712.000,732.000
-255.819,724.000,719.000,729.000,739.000,727.000,731.000,727.000,722.000,734.000,724.000
-253.818,734.000,731.000,733.000,731.000,735.000,717.000,716.000,733.000,729.000,732.000
-251.818,731.000,733.000,727.000,739.000,734.000,738.000,731.000,737.000,729.000,735.000
-249.818,732.000,732.000,730.000,755.000,736.000,735.000,738.000,733.000,750.000,740.000
-247.819,742.000,733.000,739.000,752.000,740.000,744.000,736.000,747.000,749.000,739.000
-245.822,754.000,732.000,738.000,752.000,745.000,760.000,738.000,736.000,737.000,741.000
-243.824,748.000,743.000,745.000,766.000,744.000,737.000,752.000,753.000,759.000,749.000
-241.826,755.000,760.000,750.000,753.000,760.000,756.000,756.000,769.000,749.000,753.000
-239.828,755.000,754.000,751.000,755.000,765.000,761.000,743.000,757.000,752.000,750.000
-237.831,767.000,761.000,767.000,766.000,760.000,760.000,763.000,756.000,761.000,764.000
-235.835,759.000,781.000,769.000,768.000,765.000,771.000,764.000,773.000,765.000,752.000
-233.838,765.000,778.000,776.000,775.000,769.000,784.000,2689.000,773.000,766.000,775.000
-231.842,783.000,791.000,791.000,798.000,781.000,778.000,800.000,790.000,771.000,769.000
-229.849,795.000,774.000,771.000,787.000,782.000,794.000,788.000,792.000,786.000,789.000
-227.854,800.000,798.000,805.000,812.000,796.000,804.000,782.000,804.000,796.000,778.000
-225.859,806.000,823.000,799.000,796.000,791.000,805.000,796.000,799.000,787.000,813.000
-223.865,804.000,813.000,803.000,816.000,815.000,817.000,800.000,815.000,794.000,794.000
-221.871,824.000,834.000,820.000,818.000,814.000,804.000,814.000,831.000,817.000,802.000
-219.878,838.000,835.000,849.000,842.000,832.000,830.000,833.000,833.000,826.000,834.000
-217.885,836.000,843.000,844.000,843.000,857.000,843.000,839.000,826.000,819.000,856.000
-215.893,840.000,855.000,851.000,851.000,852.000,836.000,843.000,848.000,829.000,835.000
-213.903,846.000,859.000,846.000,826.000,829.000,850.000,828.000,842.000,840.000,840.000
-211.911,842.000,852.000,839.000,836.000,850.000,832.000,848.000,857.000,841.000,836.000
-209.920,848.000,835.000,857.000,857.000,849.000,861.000,843.000,840.000,861.000,845.000
-207.929,849.000,843.000,852.000,866.000,848.000,850.000,867.000,856.000,835.000,849.000
-205.938,846.000,846.000,849.000,845.000,859.000,859.000,834.000,842.000,835.000,845.000
-203.948,845.000,847.000,833.000,838.000,837.000,835.000,843.000,845.000,822.000,851.000
-201.959,833.000,824.000,821.000,811.000,818.000,837.000,834.000,847.000,827.000,835.000
-199.969,839.000,824.000,840.000,827.000,839.000,830.000,829.000,827.000,825.000,819.000
-197.983,839.000,830.000,838.000,833.000,834.000,845.000,828.000,828.000,824.000,845.000
-195.994,833.000,822.000,815.000,851.000,818.000,821.000,818.000,837.000,837.000,825.000
-194.006,816.000,829.000,815.000,832.000,816.000,837.000,817.000,815.000,797.000,831.000
-192.019,822.000,805.000,807.000,826.000,804.000,822.000,832.000,823.000,810.000,812.000
-190.032,826.000,818.000,831.000,808.000,820.000,810.000,838.000,806.000,831.000,819.000
-188.045,814.000,814.000,830.000,819.000,828.000,820.000,798.000,822.000,1743.000,810.000
-186.059,835.000,822.000,826.000,824.000,829.000,823.000,819.000,819.000,852.000,801.000
-184.073,816.000,825.000,817.000,828.000,836.000,824.000,823.000,812.000,826.000,834.000
-182.090,823.000,815.000,820.000,833.000,831.000,823.000,832.000,813.000,825.000,811.000
-180.104,824.000,814.000,824.000,828.000,806.000,807.000,822.000,810.000,811.000,805.000
-178.120,820.000,830.000,826.000,830.000,835.000,823.000,826.000,819.000,805.000,834.000
-176.136,835.000,807.000,820.000,836.000,820.000,826.000,821.000,823.000,814.000,822.000
-174.152,834.000,818.000,833.000,856.000,843.000,838.000,812.000,827.000,829.000,826.000
-172.168,820.000,819.000,845.000,835.000,832.000,817.000,817.000,835.000,835.000,837.000
-170.185,827.000,811.000,827.000,828.000,844.000,838.000,839.000,828.000,823.000,827.000
-168.203,828.000,832.000,834.000,830.000,830.000,816.000,828.000,827.000,838.000,820.000
-166.223,854.000,840.000,845.000,832.000,850.000,845.000,847.000,823.000,849.000,830.000
-164.241,839.000,854.000,850.000,839.000,847.000,857.000,840.000,839.000,850.000,840.000
-162.260,867.000,850.000,857.000,864.000,834.000,842.000,850.000,848.000,838.000,839.000
-160.279,857.000,856.000,854.000,863.000,866.000,857.000,849.000,859.000,853.000,844.000
-158.298,866.000,875.000,849.000,862.000,858.000,864.000,856.000,854.000,859.000,871.000
-156.318,852.000,873.000,853.000,857.000,872.000,847.000,881.000,861.000,858.000,856.000
-154.339,878.000,868.000,885.000,863.000,858.000,884.000,872.000,881.000,868.000,855.000
-152.359,896.000,907.000,899.000,886.000,900.000,912.000,883.000,901.000,887.000,883.000
-150.383,897.000,922.000,892.000,898.000,892.000,903.000,918.000,882.000,1739.000,898.000
-148.404,916.000,903.000,900.000,891.000,918.000,918.000,901.000,902.000,1802.000,888.000
-146.426,904.000,928.000,905.000,923.000,911.000,909.000,896.000,919.000,910.000,891.000
-144.449,907.000,932.000,921.000,929.000,931.000,916.000,915.000,913.000,897.000,891.000
-142.472,931.000,934.000,925.000,916.000,922.000,917.000,928.000,948.000,927.000,915.000
-140.495,956.000,941.000,952.000,958.000,948.000,944.000,930.000,913.000,938.000,947.000
-138.518,972.000,953.000,972.000,971.000,955.000,966.000,943.000,953.000,954.000,935.000
-136.542,984.000,963.000,986.000,954.000,949.000,990.000,976.000,947.000,960.000,939.000
-134.569,974.000,954.000,997.000,969.000,992.000,985.000,977.000,978.000,971.000,991.000
-132.594,1014.000,1015.000,990.000,995.000,1000.000,1003.000,1005.000,998.000,998.000,964.000
-130.619,1036.000,1012.000,1003.000,1033.000,1028.000,1008.000,1032.000,1017.000,1009.000,1023.000
-128.645,1046.000,1019.000,1044.000,1039.000,1047.000,1064.000,1036.000,1040.000,1029.000,1056.000
-126.671,1054.000,1086.000,1040.000,1052.000,1048.000,1041.000,1043.000,1032.000,1050.000,1030.000
-124.698,1054.000,1082.000,1075.000,1098.000,1075.000,1060.000,1053.000,1060.000,1067.000,1046.000
-122.724,1093.000,1111.000,1094.000,1087.000,1080.000,1082.000,1060.000,1063.000,1079.000,1065.000
-120.752,1127.000,1107.000,1110.000,1112.000,1115.000,1100.000,1110.000,1101.000,1099.000,1087.000
-118.782,1173.000,1132.000,1163.000,1159.000,1147.000,1152.000,1153.000,1136.000,1131.000,1139.000
-116.810,1178.000,1158.000,1172.000,1167.000,1211.000,1165.000,1198.000,1168.000,1178.000,1155.000
-114.838,1184.000,1203.000,1184.000,1194.000,1163.000,1181.000,1198.000,1183.000,1154.000,1167.000
-112.867,1206.000,1185.000,1202.000,1196.000,1196.000,1206.000,1178.000,1218.000,1165.000,1173.000
-110.897,1254.000,1221.000,1228.000,1220.000,1222.000,1215.000,1216.000,1199.000,1204.000,1205.000
-108.927,1280.000,1262.000,1265.000,1286.000,1302.000,1262.000,1227.000,1266.000,1259.000,1219.000
-106.957,1306.000,1316.000,1327.000,1272.000,1288.000,1295.000,1297.000,1295.000,1303.000,1276.000
-104.988,1337.000,1351.000,1335.000,1357.000,1337.000,1319.000,1339.000,1315.000,1317.000,1307.000
-103.021,1349.000,1343.000,1349.000,1376.000,1352.000,1338.000,1354.000,1372.000,1355.000,1308.000
-101.052,1394.000,1378.000,1361.000,1391.000,1386.000,1370.000,1352.000,1364.000,1362.000,1360.000
-99.084,1407.000,1405.000,1357.000,1406.000,1414.000,1389.000,1404.000,1395.000,1355.000,1395.000
-97.116,1439.000,1447.000,1464.000,1423.000,1439.000,1434.000,1447.000,1436.000,1390.000,1432.000
-95.149,1492.000,1495.000,1484.000,1451.000,1516.000,1513.000,1495.000,1503.000,1477.000,1441.000
-93.182,1521.000,1550.000,1508.000,1488.000,1523.000,1519.000,1529.000,1488.000,1482.000,1515.000
-91.216,1561.000,1516.000,1547.000,1512.000,1515.000,1534.000,1492.000,1493.000,1499.000,1505.000
-89.249,1540.000,1565.000,1561.000,1523.000,1525.000,1567.000,1529.000,1530.000,1541.000,1506.000
-87.286,1581.000,1591.000,1561.000,1599.000,1590.000,1595.000,1572.000,1530.000,1554.000,1565.000
-85.321,1652.000,1675.000,1632.000,1646.000,1634.000,1627.000,1634.000,1582.000,1632.000,1602.000
-83.356,1681.000,1683.000,1653.000,1692.000,1662.000,1661.000,1683.000,1646.000,1621.000,1664.000
-81.391,1668.000,1683.000,1690.000,1659.000,1644.000,1637.000,1660.000,1677.000,1619.000,1651.000
-79.427,1734.000,1695.000,1675.000,1644.000,1680.000,1698.000,1674.000,1691.000,1681.000,1699.000
-77.464,1707.000,1726.000,1728.000,1726.000,1739.000,1725.000,1704.000,1718.000,1675.000,1690.000
-75.500,1749.000,1733.000,1737.000,1699.000,1722.000,1695.000,1700.000,1717.000,1699.000,1685.000
-73.538,1787.000,1795.000,1776.000,1806.000,1782.000,1780.000,1790.000,1766.000,1761.000,1768.000
-71.577,1859.000,1818.000,1848.000,1804.000,1799.000,1815.000,1831.000,1828.000,1763.000,1799.000
-69.615,1842.000,1835.000,1866.000,1840.000,1817.000,1861.000,1838.000,1801.000,1804.000,1817.000
-67.654,1837.000,1844.000,1855.000,1866.000,1856.000,1818.000,1816.000,1820.000,1807.000,1854.000
-65.693,1849.000,1863.000,1902.000,1836.000,1795.000,1851.000,1857.000,1855.000,1815.000,1831.000
-63.732,1893.000,1901.000,1892.000,1923.000,1876.000,1880.000,1868.000,1899.000,1832.000,1894.000
-61.771,2006.000,1955.000,1956.000,1919.000,1945.000,1934.000,1915.000,1929.000,1906.000,1930.000
-59.811,2003.000,2004.000,1998.000,1948.000,1951.000,1939.000,1958.000,1985.000,1957.000,1946.000
-57.852,1983.000,1994.000,1968.000,1999.000,1922.000,1998.000,1990.000,1955.000,1944.000,1897.000
-55.895,1991.000,2056.000,2019.000,1970.000,1993.000,1960.000,1997.000,1983.000,1990.000,2000.000
-53.936,2029.000,2011.000,2017.000,2032.000,2008.000,2026.000,2033.000,2006.000,1984.000,1986.000
-51.978,2100.000,2070.000,2076.000,2099.000,2031.000,2102.000,2042.000,2130.000,2051.000,1991.000
-50.020,2133.000,2111.000,2080.000,2106.000,2106.000,2123.000,2112.000,2084.000,2035.000,2090.000
-48.062,2150.000,2171.000,2144.000,2128.000,2119.000,2112.000,2117.000,2144.000,2084.000,2104.000
-46.105,2160.000,2185.000,2194.000,2150.000,2130.000,2148.000,2163.000,2085.000,2137.000,2098.000
-44.149,2201.000,2172.000,2183.000,2148.000,2199.000,2158.000,2137.000,2152.000,2135.000,2136.000
-42.192,2175.000,2204.000,2160.000,2181.000,2170.000,2153.000,2156.000,2165.000,2153.000,2130.000
-40.239,2265.000,2277.000,2272.000,2207.000,2275.000,2247.000,2277.000,2171.000,2220.000,2179.000
-38.283,2381.000,2333.000,2318.000,2329.000,2344.000,2324.000,2309.000,2268.000,2281.000,2291.000
-36.328,2376.000,2359.000,2355.000,2331.000,2328.000,2342.000,2343.000,2336.000,2324.000,2303.000
-34.373,2403.000,2361.000,2386.000,2361.000,2324.000,2324.000,2329.000,2311.000,2315.000,2326.000
-32.419,2420.000,2407.000,2356.000,2357.000,2380.000,2367.000,2355.000,2348.000,2351.000,2350.000
-30.465,2433.000,2469.000,2486.000,2426.000,2440.000,2418.000,2403.000,2431.000,2455.000,2446.000
-28.512,2535.000,2571.000,2528.000,2551.000,2532.000,2526.000,2488.000,2531.000,2466.000,2513.000
-26.559,2643.000,2593.000,2567.000,2582.000,2597.000,2571.000,2639.000,2586.000,2587.000,2587.000
-24.608,2650.000,2608.000,2635.000,2609.000,2595.000,2637.000,2613.000,2572.000,2519.000,2528.000
-22.656,2660.000,2670.000,2688.000,2687.000,2677.000,2630.000,2603.000,2564.000,2614.000,2601.000
-20.704,2661.000,2732.000,2591.000,2707.000,2613.000,2669.000,2629.000,2633.000,2591.000,2576.000
-18.753,2733.000,2674.000,2702.000,2659.000,2659.000,2674.000,2679.000,2673.000,2615.000,2598.000
-16.801,2740.000,2747.000,2754.000,2726.000,2741.000,2750.000,2742.000,2751.000,2691.000,2671.000
-14.851,2784.000,2732.000,2749.000,2805.000,2744.000,2770.000,2787.000,2716.000,2683.000,2725.000
-12.901,2719.000,2738.000,2725.000,2740.000,2748.000,2682.000,2755.000,2719.000,2680.000,2689.000
-10.951,2696.000,2664.000,2653.000,2676.000,2660.000,2680.000,2627.000,2595.000,2595.000,2609.000
-9.004,2602.000,2563.000,2610.000,2531.000,2596.000,2571.000,2560.000,2525.000,2542.000,2526.000
-7.055,2530.000,2538.000,2500.000,2518.000,2539.000,2528.000,2527.000,2506.000,2517.000,2491.000
-5.106,2463.000,2494.000,2440.000,2394.000,2439.000,2447.000,2383.000,2430.000,2384.000,2409.000
-3.158,2117.000,2188.000,2195.000,2146.000,2144.000,2152.000,2176.000,2184.000,2157.000,2132.000
-1.210,1574.000,1600.000,1551.000,1572.000,1628.000,1595.000,1574.000,1575.000,1557.000,1496.000
0.738,1050.000,1076.000,1079.000,1073.000,1095.000,1081.000,1067.000,1083.000,1062.000,1068.000
2.685,1073.000,1087.000,1081.000,1096.000,1087.000,1083.000,1055.000,1082.000,1067.000,1065.000
4.631,1210.000,1222.000,1203.000,1240.000,1186.000,1199.000,1209.000,1169.000,1171.000,1171.000
6.575,1214.000,1191.000,1211.000,1215.000,1246.000,1212.000,1235.000,1213.000,1215.000,1223.000
8.521,1370.000,1371.000,1358.000,1371.000,1384.000,1384.000,1371.000,1383.000,1394.000,1404.000
10.466,1843.000,1836.000,1832.000,1829.000,1840.000,1856.000,1770.000,1809.000,1818.000,1823.000
12.411,2259.000,2290.000,2234.000,2876.000,2245.000,2214.000,2216.000,2234.000,2230.000,2202.000
14.356,2414.000,2400.000,2435.000,4213.000,2439.000,2390.000,2394.000,2402.000,2420.000,2314.000
16.300,2611.000,2571.000,2595.000,3434.000,2551.000,2545.000,2576.000,2520.000,2555.000,2504.000
18.244,2708.000,2780.000,2721.000,4023.000,2687.000,2700.000,2712.000,3096.000,2672.000,2627.000
20.187,2836.000,2866.000,2827.000,3009.000,2791.000,2754.000,2818.000,2927.000,2756.000,2784.000
22.128,2919.000,2917.000,2872.000,2907.000,2866.000,2793.000,2860.000,2846.000,2826.000,2826.000
24.071,2878.000,2896.000,2918.000,2864.000,2952.000,2819.000,2864.000,2871.000,2844.000,2814.000
26.013,2944.000,2955.000,2965.000,2936.000,2935.000,2926.000,2943.000,2926.000,2904.000,2876.000
27.955,3070.000,3069.000,3026.000,3024.000,3043.000,2998.000,2973.000,2952.000,2904.000,2954.000
29.896,3004.000,3058.000,3011.000,3009.000,3060.000,3064.000,3028.000,3024.000,2971.000,2965.000
31.837,3060.000,3009.000,3027.000,2973.000,3019.000,3033.000,3011.000,2951.000,2954.000,2906.000
33.777,3009.000,2952.000,2983.000,2952.000,2945.000,2920.000,2916.000,2917.000,2874.000,2857.000
35.718,2881.000,2882.000,2943.000,2927.000,2883.000,2829.000,2870.000,2848.000,2857.000,2862.000
37.655,2847.000,2842.000,2851.000,2827.000,2900.000,2851.000,2819.000,2800.000,2801.000,2764.000
39.595,2869.000,2855.000,2889.000,2861.000,2872.000,2846.000,2852.000,2843.000,2825.000,2848.000
41.533,2894.000,2899.000,2833.000,2895.000,2831.000,2848.000,2892.000,2848.000,2786.000,2854.000
43.472,2799.000,2882.000,2866.000,2770.000,2827.000,2821.000,2800.000,2809.000,2780.000,2733.000
45.410,2710.000,2721.000,2748.000,2739.000,2746.000,2751.000,2706.000,2708.000,2658.000,2622.000
47.348,2637.000,2717.000,2669.000,2654.000,2676.000,2644.000,2661.000,2639.000,2618.000,2612.000
49.285,2721.000,2678.000,2725.000,2648.000,2697.000,2672.000,2742.000,2671.000,2621.000,2611.000
51.222,2686.000,2737.000,2670.000,2636.000,2666.000,2692.000,2687.000,2651.000,2674.000,2594.000
53.157,2659.000,2669.000,2639.000,2662.000,2592.000,2651.000,2636.000,2610.000,2616.000,2595.000
55.093,2638.000,2605.000,2605.000,2572.000,2596.000,2586.000,2567.000,2580.000,2573.000,2555.000
57.029,2578.000,2587.000,2591.000,2546.000,2517.000,2529.000,2567.000,2509.000,2498.000,2504.000
58.964,2516.000,2503.000,2511.000,2473.000,2496.000,2487.000,2476.000,2481.000,2435.000,2461.000
60.899,2520.000,2517.000,2499.000,2501.000,2492.000,2485.000,2473.000,2444.000,2477.000,2466.000
62.833,2514.000,2566.000,2545.000,2511.000,2500.000,2514.000,2473.000,2488.000,2504.000,2429.000
64.768,2554.000,2530.000,2508.000,2467.000,2544.000,2534.000,2546.000,2512.000,2428.000,2472.000
66.701,2499.000,2479.000,2443.000,2451.000,2497.000,2452.000,2465.000,2491.000,2410.000,2430.000
68.633,2424.000,2441.000,2477.000,2425.000,2455.000,2424.000,2374.000,2398.000,2378.000,2373.000
70.566,2486.000,2346.000,2409.000,2427.000,2359.000,2338.000,2417.000,2364.000,2309.000,2355.000
72.498,2340.000,2411.000,2358.000,2396.000,2395.000,2414.000,2419.000,2410.000,2375.000,2389.000
74.430,2416.000,2500.000,2402.000,2423.000,2440.000,2418.000,2449.000,2416.000,2368.000,2380.000
76.362,2439.000,2423.000,2418.000,2414.000,2436.000,2384.000,2352.000,2407.000,2350.000,2359.000
78.293,2406.000,2447.000,2373.000,2319.000,2419.000,2345.000,2358.000,2273.000,2303.000,2326.000
80.224,2390.000,2341.000,2349.000,2377.000,2332.000,2259.000,2297.000,2282.000,2276.000,2292.000
82.155,2267.000,2309.000,2296.000,2256.000,2303.000,2279.000,2280.000,2231.000,2295.000,2216.000
84.083,2331.000,2339.000,2284.000,2278.000,5740.000,2273.000,2234.000,2269.000,2266.000,2225.000
86.013,2322.000,2309.000,2285.000,2260.000,2413.000,2291.000,2286.000,2271.000,2248.000,2247.000
87.942,2288.000,2294.000,2254.000,2229.000,2287.000,2270.000,2254.000,2250.000,2217.000,2249.000
89.871,2289.000,2254.000,2223.000,2233.000,2224.000,2239.000,2272.000,2220.000,2200.000,2192.000
91.800,2211.000,2207.000,2188.000,2187.000,2202.000,2171.000,2104.000,2198.000,2132.000,2067.000
93.728,2096.000,2140.000,2181.000,2084.000,2162.000,2113.000,2113.000,2146.000,2145.000,2110.000
95.656,2168.000,2201.000,2140.000,2173.000,2130.000,2139.000,2107.000,2142.000,2090.000,2080.000
97.583,2130.000,2135.000,2168.000,2165.000,2159.000,2167.000,2152.000,2151.000,2098.000,2109.000
99.508,2104.000,2109.000,2094.000,2099.000,2080.000,2145.000,2076.000,2040.000,2056.000,2085.000
101.434,2077.000,2049.000,2107.000,1999.000,2064.000,2058.000,2030.000,2008.000,2005.000,2011.000
103.361,1995.000,2002.000,1985.000,2002.000,1981.000,1972.000,1984.000,1979.000,1969.000,1953.000
105.286,1960.000,1965.000,1986.000,1956.000,1954.000,1945.000,1920.000,1951.000,1951.000,1954.000
107.212,1982.000,1947.000,1934.000,1922.000,1968.000,1942.000,1908.000,1976.000,1910.000,1931.000
109.137,1920.000,1940.000,1923.000,1892.000,1935.000,1896.000,1895.000,1894.000,1904.000,1933.000
111.061,1906.000,1855.000,1901.000,1918.000,1886.000,1841.000,1901.000,1878.000,1918.000,1868.000
112.986,1857.000,1855.000,1822.000,1832.000,1818.000,1866.000,1823.000,1839.000,1832.000,1833.000
114.907,1786.000,1770.000,1811.000,1803.000,1786.000,1761.000,1740.000,1772.000,1771.000,1757.000
116.831,1757.000,1714.000,1782.000,1764.000,1712.000,1714.000,1778.000,1720.000,1697.000,1660.000
118.754,1698.000,1723.000,1728.000,1728.000,1711.000,1727.000,1727.000,1690.000,1680.000,1725.000
120.676,1712.000,1729.000,1712.000,1728.000,1707.000,1695.000,1683.000,1674.000,1678.000,1666.000
122.599,1651.000,1640.000,1672.000,1645.000,1636.000,1664.000,1647.000,1627.000,1654.000,1625.000
124.520,1641.000,1613.000,1605.000,1642.000,1582.000,1599.000,1608.000,1611.000,1563.000,1578.000
126.442,1607.000,1577.000,1576.000,1578.000,1542.000,1539.000,1590.000,1544.000,1572.000,1502.000
128.363,1530.000,1537.000,1514.000,1566.000,1543.000,1546.000,1540.000,1507.000,1515.000,1507.000
130.281,1538.000,1501.000,1511.000,1492.000,1515.000,1499.000,1502.000,1495.000,1480.000,1473.000
132.202,1506.000,1491.000,1484.000,1503.000,1496.000,1480.000,1464.000,1463.000,1482.000,1488.000
134.122,1446.000,1460.000,1448.000,1459.000,1453.000,1459.000,1434.000,1450.000,1426.000,1448.000
136.041,1396.000,1418.000,1439.000,1439.000,1411.000,1415.000,1376.000,1399.000,1392.000,1395.000
137.960,1379.000,1359.000,1350.000,1355.000,1357.000,1379.000,1395.000,1350.000,1354.000,1372.000
139.879,1361.000,1349.000,1339.000,1380.000,1357.000,1345.000,1352.000,1343.000,1316.000,1291.000
141.797,1362.000,1340.000,1317.000,1369.000,1324.000,1326.000,1356.000,1337.000,1325.000,1319.000
143.715,1339.000,1317.000,1327.000,1334.000,1307.000,1310.000,1325.000,1307.000,1299.000,1328.000
145.630,1301.000,1306.000,1266.000,1274.000,1300.000,1261.000,1257.000,1270.000,1271.000,1274.000
147.547,1269.000,1263.000,1226.000,1267.000,1273.000,1242.000,1279.000,1245.000,1267.000,1229.000
149.464,1243.000,1209.000,1247.000,1222.000,1235.000,1219.000,1223.000,1230.000,1215.000,1216.000
151.380,1233.000,1220.000,1199.000,1248.000,1223.000,1213.000,1197.000,1203.000,1210.000,1189.000
153.296,1203.000,1187.000,1206.000,1189.000,1225.000,1200.000,1216.000,1195.000,1187.000,1227.000
155.212,1187.000,1198.000,1184.000,1183.000,1222.000,1221.000,1191.000,1168.000,1200.000,1181.000
157.127,1188.000,1168.000,1175.000,1178.000,1190.000,1184.000,1544.000,1171.000,1161.000,1187.000
159.042,1157.000,1158.000,1169.000,1170.000,1139.000,1138.000,1158.000,1134.000,1118.000,1136.000
160.954,1130.000,1149.000,1142.000,1167.000,1118.000,1146.000,1120.000,1141.000,1142.000,1138.000
162.868,1125.000,1139.000,1101.000,1125.000,1114.000,1125.000,1147.000,1129.000,1137.000,1105.000
164.781,1145.000,1117.000,1136.000,1144.000,1132.000,1126.000,1087.000,1129.000,1094.000,1084.000
166.695,1115.000,1134.000,1123.000,1095.000,1102.000,1124.000,1113.000,1135.000,1111.000,1112.000
168.607,1103.000,1095.000,1136.000,1105.000,1089.000,1100.000,1100.000,1087.000,1100.000,1090.000
170.520,1104.000,1077.000,1125.000,1099.000,1085.000,1086.000,1063.000,1092.000,1070.000,1070.000
172.432,1063.000,1069.000,1079.000,1065.000,1076.000,1086.000,1060.000,1069.000,1075.000,1069.000
174.343,1077.000,1074.000,1082.000,1055.000,1109.000,1072.000,1049.000,1058.000,1061.000,1045.000
176.252,1070.000,1075.000,1098.000,1079.000,1052.000,1071.000,1057.000,1061.000,1079.000,1031.000
178.163,1075.000,1059.000,1072.000,1058.000,1065.000,1056.000,1048.000,1053.000,1066.000,1040.000
180.074,1078.000,1098.000,1070.000,1056.000,1065.000,1066.000,1044.000,1051.000,1045.000,1057.000
181.984,1048.000,1075.000,1047.000,1042.000,1070.000,1045.000,1030.000,1044.000,1025.000,1037.000
183.893,1057.000,1065.000,1062.000,1048.000,1028.000,1027.000,1035.000,1051.000,1010.000,1065.000
185.803,1025.000,1040.000,1037.000,1059.000,1033.000,1069.000,1056.000,1026.000,1027.000,1009.000
187.711,1048.000,1064.000,1042.000,1054.000,1019.000,1059.000,1026.000,1023.000,1030.000,1039.000
189.620,1054.000,1067.000,1044.000,1043.000,1038.000,1060.000,1036.000,1045.000,1056.000,1034.000
191.526,1047.000,1039.000,1054.000,1044.000,1042.000,1054.000,1047.000,1043.000,1032.000,1033.000
193.433,1052.000,1066.000,1049.000,1051.000,1041.000,1052.000,1035.000,1017.000,1031.000,1008.000
195.341,1061.000,1047.000,1054.000,1055.000,1046.000,1023.000,1044.000,1031.000,1033.000,1036.000
197.248,1061.000,1033.000,1048.000,1048.000,1049.000,1044.000,1050.000,1046.000,1051.000,1041.000
199.154,1058.000,1066.000,1052.000,1073.000,1046.000,1092.000,1049.000,1056.000,1049.000,1060.000
201.060,1066.000,1080.000,1067.000,1071.000,1073.000,1078.000,1047.000,1054.000,1057.000,1068.000
202.966,1067.000,1072.000,1082.000,1057.000,1076.000,1064.000,1082.000,1073.000,1056.000,1062.000
204.871,1100.000,1067.000,1070.000,1066.000,1078.000,1058.000,1067.000,1064.000,1065.000,1069.000
206.774,1067.000,1062.000,1082.000,1082.000,1087.000,1087.000,1084.000,1066.000,1074.000,1064.000
208.679,1098.000,1123.000,1096.000,1095.000,1097.000,1076.000,1072.000,1073.000,1068.000,1096.000
210.583,1126.000,1121.000,1111.000,1109.000,1130.000,1103.000,1106.000,1102.000,1093.000,1101.000
212.487,1129.000,1121.000,1136.000,1111.000,1134.000,1142.000,1145.000,1116.000,1083.000,1122.000
214.390,1149.000,1159.000,1141.000,1132.000,1125.000,1137.000,1124.000,1135.000,1120.000,1124.000
216.293,1144.000,1141.000,1139.000,1176.000,1169.000,1134.000,1143.000,1138.000,1146.000,1149.000
218.196,1182.000,1161.000,1152.000,1162.000,1166.000,1174.000,1142.000,1135.000,1162.000,1136.000
220.098,1216.000,1173.000,1174.000,1144.000,1160.000,1166.000,1147.000,1151.000,1169.000,1152.000
221.998,1203.000,1207.000,1199.000,1172.000,1177.000,1172.000,1159.000,1158.000,1175.000,1179.000
223.899,1204.000,1175.000,1192.000,1193.000,1197.000,1190.000,1181.000,1174.000,1168.000,1175.000
225.800,1179.000,1177.000,1174.000,1160.000,1192.000,1143.000,1185.000,1162.000,1182.000,1179.000
227.701,1198.000,1179.000,1178.000,1181.000,1158.000,1188.000,1168.000,1173.000,1160.000,1143.000
229.601,1159.000,1144.000,1139.000,1173.000,1149.000,1123.000,1165.000,1152.000,1141.000,1146.000
231.501,1151.000,1146.000,1150.000,1146.000,1149.000,1134.000,1115.000,1158.000,1135.000,1106.000
233.400,1141.000,1129.000,1127.000,1143.000,1137.000,1132.000,1107.000,1141.000,1139.000,1094.000
235.299,1121.000,1142.000,1132.000,1133.000,1108.000,1121.000,1114.000,1083.000,1117.000,1111.000
237.196,1073.000,1081.000,1086.000,1101.000,1089.000,1095.000,1090.000,1078.000,1092.000,1067.000
239.094,1059.000,1064.000,1076.000,1066.000,1059.000,1056.000,1064.000,1040.000,1054.000,1059.000
240.992,1047.000,1068.000,1043.000,1029.000,1058.000,1425.000,1025.000,1047.000,1022.000,1040.000
242.890,1015.000,1030.000,1022.000,1044.000,1026.000,3680.000,1014.000,1036.000,1010.000,1022.000
244.787,1044.000,1010.000,1022.000,1038.000,1042.000,2918.000,1000.000,1025.000,979.000,1025.000
246.684,1000.000,1028.000,988.000,1018.000,1003.000,1042.000,992.000,977.000,1010.000,997.000
248.580,969.000,991.000,980.000,982.000,977.000,969.000,974.000,978.000,990.000,974.000
250.476,953.000,976.000,968.000,962.000,961.000,953.000,990.000,957.000,969.000,950.000
252.370,946.000,956.000,955.000,955.000,951.000,952.000,961.000,956.000,955.000,949.000
254.265,948.000,953.000,936.000,956.000,936.000,933.000,928.000,943.000,951.000,915.000
256.160,932.000,946.000,958.000,947.000,951.000,948.000,939.000,935.000,920.000,919.000
258.054,917.000,945.000,929.000,949.000,958.000,932.000,922.000,928.000,917.000,923.000
259.948,915.000,929.000,915.000,922.000,937.000,932.000,906.000,932.000,913.000,918.000
261.842,925.000,910.000,902.000,901.000,887.000,897.000,909.000,909.000,915.000,897.000
263.735,926.000,916.000,905.000,910.000,890.000,905.000,898.000,904.000,907.000,889.000
265.628,893.000,881.000,891.000,907.000,909.000,895.000,887.000,896.000,905.000,899.000
267.518,914.000,887.000,909.000,893.000,888.000,911.000,899.000,873.000,893.000,904.000
269.411,907.000,893.000,906.000,888.000,897.000,923.000,905.000,887.000,880.000,886.000
271.302,889.000,911.000,894.000,858.000,888.000,880.000,886.000,890.000,888.000,878.000
273.194,884.000,872.000,879.000,883.000,880.000,876.000,874.000,907.000,870.000,888.000
275.085,890.000,886.000,868.000,895.000,897.000,878.000,887.000,869.000,880.000,856.000
276.975,868.000,880.000,875.000,876.000,863.000,873.000,880.000,870.000,868.000,867.000
278.865,855.000,864.000,872.000,888.000,884.000,882.000,867.000,869.000,863.000,859.000
280.755,861.000,864.000,851.000,863.000,869.000,867.000,858.000,847.000,857.000,859.000
282.643,868.000,852.000,856.000,866.000,859.000,852.000,850.000,854.000,859.000,851.000
284.532,858.000,848.000,859.000,856.000,854.000,851.000,865.000,833.000,841.000,846.000
286.420,832.000,858.000,847.000,843.000,838.000,851.000,840.000,847.000,838.000,851.000
288.308,827.000,830.000,824.000,841.000,823.000,833.000,838.000,833.000,841.000,827.000
290.196,851.000,848.000,842.000,843.000,840.000,819.000,842.000,828.000,843.000,824.000
292.084,829.000,828.000,845.000,841.000,819.000,834.000,842.000,842.000,840.000,823.000
293.971,841.000,838.000,823.000,845.000,830.000,826.000,838.000,824.000,829.000,819.000
295.858,832.000,822.000,839.000,828.000,837.000,829.000,821.000,820.000,824.000,828.000
297.742,829.000,814.000,835.000,826.000,825.000,814.000,818.000,831.000,817.000,834.000
299.628,828.000,815.000,824.000,814.000,821.000,829.000,831.000,822.000,819.000,821.000
301.513,822.000,824.000,810.000,815.000,840.000,821.000,811.000,813.000,827.000,820.000
303.399,823.000,818.000,818.000,808.000,835.000,833.000,809.000,823.000,828.000,822.000
305.283,823.000,830.000,835.000,835.000,829.000,836.000,830.000,829.000,812.000,808.000
307.168,821.000,812.000,810.000,805.000,826.000,816.000,837.000,835.000,812.000,816.000
309.052,814.000,819.000,824.000,829.000,808.000,828.000,822.000,808.000,805.000,828.000
310.936,817.000,823.000,806.000,814.000,812.000,807.000,824.000,812.000,803.000,805.000
312.817,826.000,822.000,802.000,834.000,829.000,818.000,821.000,823.000,818.000,820.000
314.700,809.000,821.000,835.000,828.000,819.000,810.000,827.000,811.000,817.000,812.000
316.582,823.000,820.000,819.000,817.000,822.000,816.000,820.000,810.000,820.000,822.000
318.464,817.000,812.000,825.000,804.000,817.000,817.000,799.000,812.000,818.000,823.000
320.346,814.000,810.000,813.000,812.000,820.000,802.000,831.000,816.000,819.000,809.000
322.227,809.000,818.000,795.000,821.000,813.000,816.000,810.000,834.000,813.000,812.000
324.108,811.000,824.000,825.000,813.000,803.000,809.000,813.000,819.000,809.000,814.000
325.989,821.000,816.000,822.000,810.000,813.000,819.000,828.000,814.000,811.000,825.000
327.867,813.000,824.000,813.000,800.000,811.000,827.000,809.000,810.000,815.000,805.000
329.747,818.000,814.000,806.000,813.000,806.000,808.000,827.000,805.000,804.000,800.000
331.626,810.000,814.000,822.000,807.000,819.000,820.000,818.000,804.000,816.000,826.000
333.505,800.000,823.000,831.000,821.000,813.000,822.000,807.000,815.000,814.000,814.000
335.384,834.000,822.000,822.000,823.000,803.000,824.000,812.000,794.000,813.000,809.000
337.262,832.000,826.000,820.000,823.000,815.000,812.000,820.000,817.000,820.000,820.000
339.140,809.000,811.000,832.000,826.000,810.000,807.000,821.000,809.000,807.000,801.000
341.018,809.000,809.000,814.000,815.000,805.000,808.000,823.000,797.000,803.000,804.000
342.893,807.000,803.000,805.000,801.000,799.000,809.000,803.000,799.000,802.000,799.000
344.770,801.000,798.000,803.000,792.000,803.000,791.000,802.000,800.000,803.000,805.000
346.646,795.000,793.000,801.000,791.000,796.000,804.000,796.000,799.000,805.000,803.000
348.522,789.000,807.000,800.000,802.000,804.000,795.000,813.000,797.000,806.000,783.000
350.398,797.000,792.000,791.000,792.000,794.000,792.000,798.000,803.000,775.000,794.000
352.273,795.000,796.000,802.000,795.000,788.000,783.000,797.000,785.000,795.000,778.000
354.148,783.000,793.000,770.000,800.000,775.000,798.000,780.000,805.000,795.000,783.000
356.022,784.000,779.000,784.000,785.000,793.000,791.000,786.000,787.000,776.000,792.000
357.894,791.000,785.000,798.000,786.000,783.000,783.000,779.000,788.000,787.000,802.000
359.768,782.000,784.000,791.000,770.000,767.000,803.000,783.000,790.000,794.000,787.000
361.641,793.000,792.000,790.000,780.000,799.000,795.000,789.000,775.000,778.000,784.000
363.514,794.000,768.000,786.000,783.000,789.000,799.000,793.000,778.000,777.000,784.000
365.387,785.000,779.000,768.000,777.000,776.000,794.000,789.000,790.000,787.000,776.000
367.259,790.000,788.000,775.000,763.000,772.000,772.000,780.000,775.000,777.000,772.000
369.131,775.000,785.000,803.000,774.000,789.000,787.000,772.000,784.000,786.000,788.000
371.002,780.000,790.000,780.000,798.000,772.000,785.000,772.000,771.000,787.000,785.000
372.871,791.000,784.000,791.000,789.000,791.000,769.000,788.000,783.000,779.000,785.000
374.742,788.000,778.000,789.000,791.000,767.000,792.000,784.000,771.000,775.000,770.000
376.612,766.000,769.000,780.000,775.000,777.000,777.000,778.000,781.000,781.000,791.000
378.482,777.000,774.000,772.000,788.000,767.000,775.000,767.000,790.000,785.000,774.000
380.351,780.000,774.000,775.000,779.000,766.000,789.000,771.000,785.000,794.000,776.000
382.221,783.000,771.000,779.000,778.000,787.000,782.000,783.000,770.000,785.000,781.000
384.089,774.000,779.000,793.000,777.000,776.000,783.000,793.000,771.000,779.000,767.000
385.958,790.000,796.000,777.000,771.000,787.000,783.000,769.000,766.000,771.000,767.000
387.824,775.000,781.000,776.000,774.000,775.000,773.000,783.000,767.000,778.000,761.000
389.691,767.000,779.000,767.000,781.000,767.000,766.000,764.000,775.000,778.000,773.000
391.559,771.000,771.000,775.000,774.000,780.000,774.000,780.000,768.000,772.000,766.000
393.426,793.000,790.000,786.000,779.000,767.000,771.000,783.000,774.000,779.000,761.000
395.292,783.000,780.000,785.000,792.000,769.000,779.000,785.000,780.000,764.000,773.000
397.158,767.000,784.000,769.000,780.000,1460.000,771.000,790.000,775.000,776.000,766.000
399.024,772.000,760.000,778.000,786.000,905.000,779.000,779.000,790.000,775.000,792.000
400.889,784.000,777.000,799.000,775.000,794.000,783.000,781.000,763.000,783.000,755.000
402.752,779.000,780.000,788.000,783.000,781.000,783.000,771.000,768.000,783.000,776.000
404.617,783.000,781.000,781.000,788.000,786.000,778.000,775.000,782.000,787.000,803.000
406.481,790.000,796.000,781.000,784.000,791.000,788.000,777.000,774.000,785.000,771.000
408.345,788.000,774.000,791.000,771.000,788.000,786.000,795.000,784.000,766.000,782.000
410.208,792.000,797.000,776.000,778.000,787.000,793.000,798.000,789.000,782.000,780.000
412.071,798.000,790.000,789.000,794.000,771.000,779.000,791.000,800.000,794.000,775.000
413.934,796.000,789.000,788.000,788.000,785.000,790.000,773.000,780.000,779.000,785.000
415.796,795.000,784.000,790.000,778.000,799.000,792.000,781.000,795.000,776.000,771.000
417.656,787.000,786.000,781.000,783.000,784.000,807.000,798.000,788.000,783.000,799.000
419.518,778.000,789.000,778.000,791.000,784.000,774.000,778.000,793.000,792.000,785.000
421.379,775.000,791.000,791.000,777.000,783.000,788.000,784.000,775.000,775.000,779.000
423.240,790.000,773.000,782.000,786.000,784.000,774.000,759.000,783.000,790.000,782.000
425.100,774.000,785.000,780.000,782.000,777.000,782.000,769.000,763.000,770.000,789.000
426.961,766.000,779.000,789.000,790.000,782.000,793.000,787.000,792.000,785.000,784.000
428.820,784.000,781.000,785.000,767.000,792.000,782.000,786.000,776.000,784.000,786.000
430.680,783.000,776.000,781.000,773.000,778.000,780.000,795.000,773.000,774.000,781.000
432.536,773.000,778.000,779.000,774.000,771.000,765.000,790.000,1305.000,781.000,779.000
434.395,782.000,773.000,767.000,770.000,797.000,782.000,782.000,1984.000,775.000,786.000
436.253,767.000,772.000,773.000,787.000,792.000,785.000,779.000,813.000,782.000,775.000
438.111,771.000,766.000,777.000,782.000,782.000,797.000,762.000,769.000,778.000,777.000
439.969,789.000,770.000,797.000,776.000,772.000,778.000,767.000,784.000,797.000,770.000
441.826,773.000,775.000,790.000,777.000,757.000,781.000,777.000,772.000,773.000,783.000
443.682,770.000,778.000,779.000,774.000,797.000,768.000,794.000,769.000,768.000,773.000
445.539,786.000,782.000,798.000,781.000,767.000,775.000,773.000,772.000,782.000,773.000
447.393,781.000,779.000,799.000,783.000,773.000,771.000,776.000,785.000,777.000,773.000
449.248,773.000,779.000,782.000,781.000,776.000,774.000,785.000,775.000,769.000,774.000
451.103,793.000,783.000,790.000,783.000,796.000,779.000,789.000,776.000,779.000,778.000
452.958,778.000,771.000,772.000,795.000,789.000,777.000,777.000,782.000,770.000,785.000
454.813,778.000,793.000,785.000,782.000,779.000,788.000,784.000,785.000,773.000,791.000
456.667,785.000,783.000,770.000,779.000,785.000,775.000,775.000,771.000,796.000,776.000
458.520,790.000,768.000,780.000,786.000,775.000,777.000,782.000,776.000,776.000,767.000
460.374,776.000,796.000,796.000,791.000,780.000,785.000,770.000,778.000,773.000,786.000
462.225,779.000,795.000,778.000,771.000,781.000,779.000,779.000,782.000,783.000,780.000
464.077,774.000,767.000,794.000,783.000,771.000,767.000,782.000,780.000,780.000,782.000
465.929,788.000,792.000,788.000,778.000,776.000,784.000,768.000,773.000,777.000,771.000
467.781,758.000,773.000,789.000,773.000,778.000,789.000,775.000,779.000,781.000,780.000
469.633,769.000,770.000,773.000,770.000,779.000,772.000,785.000,768.000,779.000,777.000
471.484,771.000,790.000,776.000,775.000,767.000,770.000,775.000,778.000,771.000,767.000
473.334,760.000,781.000,779.000,790.000,786.000,783.000,778.000,782.000,787.000,771.000
475.185,780.000,795.000,767.000,774.000,767.000,779.000,781.000,778.000,776.000,773.000
477.033,763.000,764.000,760.000,783.000,779.000,788.000,767.000,771.000,782.000,770.000
478.882,767.000,760.000,774.000,777.000,776.000,765.000,776.000,783.000,770.000,758.000
480.731,771.000,758.000,763.000,765.000,782.000,774.000,773.000,777.000,791.000,779.000
482.580,777.000,777.000,770.000,765.000,777.000,801.000,775.000,783.000,2253.000,763.000
484.429,775.000,789.000,773.000,782.000,769.000,778.000,772.000,780.000,1157.000,775.000
486.277,787.000,797.000,781.000,793.000,775.000,775.000,777.000,778.000,784.000,770.000
488.124,781.000,779.000,779.000,775.000,776.000,775.000,775.000,788.000,769.000,782.000
489.972,794.000,786.000,782.000,794.000,768.000,783.000,771.000,771.000,792.000,774.000
491.817,782.000,767.000,791.000,766.000,792.000,768.000,774.000,781.000,765.000,767.000
493.663,799.000,788.000,789.000,766.000,792.000,792.000,775.000,785.000,787.000,786.000
495.510,782.000,789.000,784.000,782.000,789.000,784.000,781.000,776.000,786.000,776.000
497.355,780.000,791.000,786.000,773.000,792.000,787.000,779.000,785.000,793.000,797.000
499.201,778.000,779.000,772.000,795.000,796.000,791.000,779.000,772.000,794.000,775.000
501.046,799.000,785.000,778.000,782.000,795.000,784.000,782.000,774.000,789.000,769.000
502.891,785.000,781.000,787.000,790.000,783.000,779.000,784.000,781.000,783.000,777.000
504.733,790.000,788.000,796.000,784.000,777.000,784.000,790.000,792.000,769.000,779.000
506.577,786.000,788.000,783.000,793.000,799.000,794.000,791.000,790.000,785.000,791.000
508.421,798.000,795.000,787.000,809.000,773.000,778.000,789.000,774.000,793.000,793.000
510.264,781.000,790.000,794.000,778.000,790.000,792.000,788.000,790.000,793.000,785.000
512.107,807.000,776.000,786.000,799.000,793.000,782.000,790.000,804.000,791.000,787.000
513.949,782.000,792.000,788.000,776.000,786.000,793.000,790.000,789.000,790.000,773.000
515.791,793.000,788.000,799.000,777.000,797.000,776.000,788.000,792.000,795.000,793.000
517.633,802.000,800.000,796.000,782.000,801.000,790.000,780.000,799.000,783.000,794.000
519.475,796.000,795.000,793.000,795.000,781.000,791.000,773.000,784.000,789.000,791.000
521.314,775.000,795.000,797.000,782.000,777.000,790.000,802.000,800.000,768.000,787.000
523.154,792.000,797.000,794.000,797.000,791.000,791.000,785.000,794.000,787.000,797.000
524.994,800.000,795.000,793.000,790.000,792.000,794.000,789.000,796.000,794.000,817.000
526.834,782.000,784.000,785.000,783.000,800.000,792.000,791.000,793.000,772.000,783.000
528.674,793.000,799.000,789.000,795.000,796.000,792.000,807.000,767.000,791.000,774.000
530.513,788.000,788.000,796.000,797.000,792.000,783.000,799.000,805.000,798.000,782.000
532.352,780.000,796.000,788.000,786.000,781.000,804.000,798.000,798.000,790.000,780.000
534.188,782.000,784.000,784.000,784.000,793.000,780.000,786.000,801.000,792.000,795.000
536.026,780.000,787.000,787.000,792.000,790.000,790.000,797.000,786.000,779.000,782.000
537.864,787.000,809.000,795.000,791.000,789.000,803.000,789.000,781.000,801.000,784.000
539.701,795.000,790.000,785.000,784.000,793.000,781.000,778.000,804.000,796.000,792.000
541.538,779.000,801.000,774.000,781.000,776.000,768.000,789.000,789.000,795.000,793.000
543.375,792.000,789.000,785.000,795.000,786.000,784.000,780.000,780.000,774.000,787.000
545.211,793.000,807.000,786.000,780.000,792.000,791.000,789.000,779.000,779.000,788.000
547.047,770.000,790.000,791.000,798.000,775.000,790.000,788.000,789.000,783.000,795.000
548.882,793.000,788.000,786.000,787.000,783.000,777.000,804.000,769.000,772.000,763.000
550.715,790.000,799.000,795.000,774.000,780.000,790.000,790.000,788.000,791.000,779.000
552.550,773.000,800.000,773.000,787.000,788.000,790.000,772.000,773.000,799.000,793.000
554.385,784.000,793.000,787.000,785.000,784.000,799.000,779.000,801.000,783.000,774.000
556.218,803.000,787.000,784.000,789.000,778.000,792.000,787.000,784.000,781.000,783.000
558.052,791.000,780.000,788.000,793.000,804.000,790.000,786.000,790.000,791.000,795.000
559.885,802.000,783.000,771.000,794.000,798.000,786.000,781.000,791.000,788.000,790.000
561.718,773.000,774.000,778.000,786.000,794.000,788.000,769.000,794.000,767.000,774.000
563.549,797.000,786.000,784.000,804.000,786.000,789.000,785.000,784.000,793.000,790.000
565.381,790.000,791.000,795.000,792.000,788.000,785.000,791.000,777.000,783.000,778.000
567.213,817.000,795.000,789.000,797.000,786.000,794.000,787.000,777.000,792.000,788.000
569.044,797.000,775.000,790.000,778.000,807.000,794.000,783.000,804.000,774.000,779.000
570.875,808.000,786.000,780.000,780.000,779.000,787.000,782.000,775.000,789.000,776.000
572.706,782.000,797.000,789.000,793.000,790.000,785.000,778.000,788.000,779.000,793.000
574.536,784.000,789.000,793.000,790.000,783.000,778.000,775.000,784.000,773.000,776.000
576.366,801.000,798.000,796.000,793.000,792.000,794.000,794.000,784.000,793.000,788.000
578.196,788.000,791.000,788.000,785.000,784.000,782.000,784.000,801.000,767.000,778.000
580.023,790.000,784.000,790.000,792.000,776.000,795.000,787.000,786.000,783.000,780.000
581.852,801.000,794.000,783.000,778.000,799.000,786.000,778.000,785.000,788.000,795.000
583.680,779.000,776.000,763.000,775.000,782.000,780.000,785.000,790.000,779.000,790.000
585.508,787.000,786.000,783.000,795.000,798.000,779.000,791.000,775.000,785.000,787.000
587.336,793.000,790.000,785.000,782.000,777.000,782.000,799.000,801.000,793.000,787.000
589.163,796.000,797.000,788.000,781.000,780.000,782.000,784.000,786.000,788.000,769.000
590.990,782.000,799.000,790.000,787.000,779.000,772.000,787.000,801.000,774.000,799.000
592.815,782.000,784.000,783.000,779.000,768.000,790.000,784.000,766.000,782.000,773.000
594.641,785.000,777.000,778.000,791.000,781.000,771.000,771.000,779.000,791.000,779.000
596.467,789.000,787.000,779.000,789.000,807.000,798.000,804.000,777.000,795.000,778.000
598.293,790.000,784.000,787.000,783.000,787.000,794.000,799.000,780.000,785.000,788.000
600.118,785.000,795.000,797.000,803.000,779.000,784.000,796.000,793.000,786.000,774.000
601.943,788.000,789.000,807.000,780.000,787.000,793.000,783.000,786.000,785.000,792.000
603.767,790.000,786.000,794.000,794.000,784.000,789.000,783.000,795.000,788.000,783.000
605.591,792.000,794.000,790.000,791.000,782.000,792.000,783.000,790.000,779.000,777.000
607.415,788.000,789.000,786.000,795.000,795.000,781.000,785.000,788.000,796.000,788.000
609.236,806.000,786.000,785.000,783.000,775.000,790.000,784.000,791.000,776.000,788.000
611.059,783.000,787.000,792.000,798.000,797.000,783.000,776.000,786.000,787.000,795.000
612.882,790.000,798.000,803.000,782.000,799.000,792.000,800.000,776.000,793.000,777.000
614.704,799.000,798.000,787.000,799.000,802.000,793.000,786.000,799.000,799.000,785.000
616.526,798.000,788.000,798.000,798.000,794.000,789.000,785.000,798.000,801.000,801.000
618.348,796.000,794.000,792.000,812.000,803.000,804.000,797.000,818.000,807.000,812.000
620.169,829.000,833.000,829.000,828.000,827.000,843.000,831.000,828.000,833.000,838.000
621.988,856.000,858.000,858.000,866.000,879.000,864.000,851.000,840.000,842.000,845.000
623.808,848.000,830.000,849.000,844.000,842.000,833.000,857.000,842.000,850.000,849.000
625.628,807.000,825.000,837.000,830.000,824.000,829.000,809.000,824.000,846.000,835.000
627.448,800.000,797.000,820.000,800.000,800.000,814.000,814.000,805.000,806.000,799.000
629.267,821.000,807.000,816.000,808.000,803.000,800.000,796.000,799.000,813.000,814.000
631.086,806.000,809.000,817.000,817.000,817.000,827.000,831.000,813.000,1149.000,824.000
632.905,808.000,810.000,814.000,818.000,829.000,809.000,811.000,797.000,830.000,810.000
634.723,823.000,814.000,814.000,829.000,831.000,822.000,826.000,821.000,798.000,819.000
636.541,824.000,819.000,830.000,819.000,822.000,819.000,822.000,834.000,809.000,811.000
638.356,812.000,836.000,809.000,818.000,820.000,824.000,811.000,817.000,815.000,820.000
640.173,821.000,832.000,830.000,823.000,820.000,828.000,823.000,816.000,821.000,825.000
641.990,830.000,819.000,831.000,863.000,842.000,824.000,813.000,851.000,835.000,834.000
643.807,835.000,843.000,834.000,844.000,831.000,851.000,823.000,837.000,840.000,827.000
645.623,824.000,835.000,839.000,833.000,834.000,835.000,831.000,821.000,828.000,827.000
647.438,828.000,832.000,828.000,809.000,826.000,830.000,818.000,827.000,827.000,824.000
649.254,816.000,818.000,822.000,823.000,813.000,818.000,823.000,828.000,824.000,810.000
651.067,823.000,811.000,817.000,825.000,816.000,804.000,799.000,783.000,805.000,819.000
652.881,832.000,808.000,827.000,813.000,814.000,801.000,818.000,798.000,798.000,792.000
654.695,816.000,825.000,810.000,813.000,814.000,819.000,816.000,805.000,807.000,800.000
656.509,814.000,807.000,814.000,825.000,814.000,816.000,807.000,808.000,793.000,804.000
658.323,805.000,812.000,809.000,818.000,815.000,822.000,798.000,813.000,808.000,817.000
660.136,815.000,825.000,811.000,816.000,812.000,806.000,804.000,800.000,814.000,814.000
661.949,805.000,804.000,817.000,816.000,807.000,819.000,813.000,807.000,799.000,789.000
663.761,791.000,797.000,798.000,819.000,814.000,815.000,819.000,817.000,826.000,820.000
665.573,813.000,808.000,811.000,807.000,791.000,801.000,795.000,812.000,1836.000,809.000
667.383,801.000,814.000,809.000,827.000,824.000,807.000,810.000,811.000,875.000,805.000
669.194,807.000,814.000,800.000,813.000,812.000,803.000,801.000,807.000,806.000,809.000
671.005,807.000,811.000,816.000,816.000,806.000,812.000,815.000,811.000,809.000,808.000
672.816,816.000,818.000,811.000,807.000,810.000,809.000,807.000,819.000,804.000,813.000
674.626,811.000,810.000,826.000,817.000,805.000,810.000,804.000,794.000,807.000,809.000
676.436,804.000,810.000,808.000,791.000,799.000,819.000,801.000,800.000,813.000,812.000
678.246,804.000,818.000,808.000,804.000,822.000,791.000,810.000,804.000,812.000,807.000
680.053,807.000,797.000,811.000,806.000,812.000,804.000,821.000,808.000,803.000,808.000
681.862,809.000,818.000,811.000,803.000,818.000,812.000,794.000,819.000,807.000,821.000
683.670,805.000,801.000,809.000,816.000,811.000,809.000,815.000,808.000,805.000,807.000
685.478,809.000,821.000,810.000,798.000,816.000,817.000,805.000,805.000,807.000,813.000
687.286,804.000,812.000,794.000,817.000,809.000,821.000,825.000,811.000,809.000,814.000
689.093,808.000,816.000,819.000,818.000,810.000,801.000,815.000,817.000,817.000,806.000
690.900,799.000,812.000,796.000,822.000,811.000,817.000,805.000,822.000,818.000,815.000
692.707,790.000,819.000,823.000,813.000,825.000,816.000,830.000,821.000,821.000,807.000
694.513,819.000,817.000,818.000,830.000,806.000,828.000,807.000,829.000,823.000,814.000
696.317,808.000,817.000,813.000,819.000,796.000,828.000,829.000,819.000,819.000,810.000
698.123,832.000,827.000,826.000,794.000,817.000,821.000,824.000,814.000,813.000,828.000
699.928,822.000,806.000,838.000,822.000,826.000,822.000,803.000,823.000,811.000,826.000
701.733,826.000,831.000,811.000,825.000,816.000,827.000,829.000,813.000,832.000,803.000
703.537,825.000,845.000,829.000,823.000,834.000,839.000,831.000,838.000,817.000,823.000
705.341,828.000,814.000,827.000,823.000,818.000,815.000,818.000,818.000,806.000,825.000
707.145,813.000,829.000,823.000,803.000,827.000,828.000,821.000,829.000,828.000,805.000
708.947,819.000,827.000,815.000,835.000,824.000,816.000,843.000,834.000,825.000,821.000
710.750,829.000,822.000,828.000,837.000,831.000,826.000,843.000,832.000,823.000,837.000
712.552,832.000,817.000,823.000,819.000,824.000,828.000,848.000,819.000,825.000,805.000
714.355,831.000,846.000,819.000,818.000,823.000,835.000,826.000,831.000,811.000,831.000
716.157,832.000,840.000,824.000,841.000,811.000,827.000,821.000,836.000,821.000,832.000
717.958,828.000,834.000,825.000,830.000,832.000,828.000,832.000,828.000,831.000,837.000
719.760,830.000,830.000,825.000,832.000,826.000,834.000,837.000,824.000,822.000,834.000
721.560,851.000,825.000,830.000,848.000,835.000,839.000,836.000,816.000,831.000,821.000
723.361,836.000,840.000,822.000,841.000,826.000,830.000,829.000,827.000,843.000,836.000
725.159,831.000,843.000,854.000,854.000,845.000,836.000,816.000,816.000,837.000,832.000
726.959,821.000,851.000,832.000,851.000,838.000,819.000,847.000,818.000,830.000,833.000
728.758,843.000,829.000,834.000,838.000,845.000,860.000,804.000,842.000,822.000,825.000
730.558,842.000,849.000,853.000,839.000,842.000,831.000,846.000,839.000,845.000,835.000
732.356,843.000,843.000,860.000,841.000,839.000,828.000,830.000,850.000,851.000,831.000
734.155,841.000,832.000,853.000,849.000,858.000,831.000,845.000,840.000,847.000,850.000
735.953,855.000,854.000,833.000,841.000,849.000,858.000,864.000,832.000,846.000,858.000
737.748,859.000,857.000,887.000,858.000,862.000,853.000,859.000,835.000,863.000,871.000
739.546,851.000,865.000,860.000,868.000,870.000,866.000,854.000,851.000,855.000,871.000
741.343,860.000,857.000,876.000,863.000,857.000,850.000,853.000,843.000,856.000,861.000
743.139,876.000,876.000,887.000,871.000,871.000,862.000,873.000,868.000,872.000,870.000
744.935,892.000,885.000,871.000,873.000,873.000,881.000,887.000,888.000,886.000,878.000
746.731,884.000,893.000,893.000,877.000,905.000,874.000,882.000,892.000,884.000,881.000
748.527,883.000,896.000,915.000,895.000,873.000,907.000,890.000,879.000,875.000,898.000
750.322,900.000,896.000,876.000,889.000,892.000,876.000,894.000,871.000,857.000,891.000
752.117,893.000,889.000,897.000,891.000,905.000,887.000,902.000,857.000,893.000,890.000
753.909,887.000,900.000,890.000,893.000,905.000,891.000,889.000,885.000,885.000,869.000
755.703,907.000,895.000,883.000,906.000,891.000,884.000,881.000,902.000,895.000,885.000
757.497,895.000,897.000,919.000,888.000,891.000,917.000,883.000,893.000,888.000,881.000
759.291,909.000,896.000,917.000,898.000,904.000,902.000,902.000,903.000,885.000,912.000
761.084,917.000,893.000,892.000,908.000,909.000,902.000,900.000,906.000,883.000,904.000
762.876,908.000,912.000,898.000,905.000,898.000,921.000,893.000,923.000,892.000,910.000
764.669,890.000,895.000,909.000,896.000,896.000,899.000,900.000,918.000,896.000,910.000
766.459,920.000,899.000,922.000,928.000,892.000,926.000,907.000,900.000,902.000,905.000
768.250,904.000,904.000,905.000,890.000,902.000,887.000,909.000,894.000,908.000,903.000
770.041,910.000,903.000,902.000,920.000,896.000,903.000,895.000,903.000,903.000,905.000
771.832,907.000,916.000,930.000,912.000,895.000,901.000,902.000,896.000,892.000,914.000
773.623,901.000,907.000,916.000,918.000,889.000,909.000,911.000,885.000,892.000,883.000
775.413,889.000,883.000,906.000,910.000,896.000,897.000,895.000,890.000,919.000,908.000
777.203,901.000,887.000,900.000,889.000,895.000,869.000,884.000,857.000,883.000,897.000
778.992,882.000,882.000,890.000,873.000,878.000,889.000,867.000,882.000,913.000,895.000
780.781,914.000,867.000,879.000,891.000,879.000,897.000,873.000,885.000,877.000,886.000
782.568,885.000,891.000,888.000,886.000,884.000,882.000,876.000,891.000,882.000,872.000
784.357,884.000,864.000,902.000,879.000,873.000,878.000,886.000,860.000,870.000,878.000
786.145,886.000,867.000,869.000,867.000,883.000,862.000,883.000,884.000,867.000,892.000
787.932,874.000,883.000,861.000,856.000,872.000,872.000,866.000,887.000,882.000,868.000
789.720,881.000,887.000,875.000,881.000,858.000,870.000,899.000,878.000,856.000,870.000
791.507,878.000,895.000,870.000,863.000,882.000,870.000,864.000,874.000,872.000,892.000
793.293,878.000,885.000,879.000,867.000,876.000,867.000,872.000,874.000,875.000,872.000
795.078,875.000,873.000,872.000,900.000,878.000,874.000,886.000,888.000,882.000,881.000
796.864,866.000,885.000,872.000,895.000,875.000,877.000,873.000,883.000,882.000,878.000
798.649,868.000,900.000,873.000,880.000,881.000,881.000,871.000,892.000,886.000,869.000
800.434,879.000,869.000,893.000,880.000,886.000,889.000,878.000,886.000,882.000,877.000
802.219,892.000,891.000,892.000,883.000,883.000,888.000,884.000,872.000,891.000,881.000
804.004,898.000,895.000,911.000,900.000,900.000,898.000,886.000,886.000,890.000,893.000
805.788,901.000,891.000,921.000,908.000,895.000,908.000,925.000,904.000,887.000,921.000
807.572,895.000,907.000,904.000,907.000,924.000,900.000,893.000,922.000,894.000,889.000
809.355,908.000,895.000,904.000,926.000,909.000,902.000,891.000,885.000,914.000,895.000
811.136,918.000,902.000,918.000,907.000,914.000,907.000,914.000,914.000,890.000,912.000
812.919,909.000,937.000,921.000,924.000,934.000,908.000,908.000,906.000,904.000,908.000
814.701,935.000,909.000,920.000,924.000,910.000,935.000,896.000,926.000,916.000,922.000
816.483,923.000,945.000,904.000,927.000,940.000,934.000,910.000,915.000,909.000,919.000
818.265,927.000,930.000,937.000,936.000,946.000,907.000,929.000,933.000,929.000,931.000
820.046,913.000,947.000,926.000,1879.000,938.000,915.000,913.000,947.000,927.000,946.000
821.827,944.000,925.000,940.000,2028.000,930.000,924.000,959.000,954.000,958.000,930.000
823.606,940.000,957.000,951.000,2963.000,948.000,954.000,938.000,948.000,931.000,941.000
825.386,959.000,951.000,979.000,2340.000,976.000,964.000,983.000,972.000,933.000,945.000
827.166,984.000,956.000,961.000,982.000,947.000,982.000,943.000,967.000,975.000,991.000
828.946,991.000,993.000,957.000,987.000,985.000,970.000,960.000,958.000,964.000,966.000
830.725,984.000,960.000,991.000,971.000,966.000,955.000,967.000,969.000,958.000,968.000
832.504,969.000,962.000,971.000,965.000,960.000,963.000,957.000,927.000,941.000,942.000
834.282,959.000,973.000,939.000,940.000,953.000,960.000,963.000,945.000,938.000,933.000
836.060,956.000,946.000,936.000,970.000,946.000,935.000,938.000,926.000,951.000,967.000
837.838,953.000,925.000,963.000,947.000,960.000,942.000,955.000,951.000,938.000,940.000
839.614,977.000,944.000,934.000,945.000,974.000,943.000,956.000,939.000,956.000,948.000
841.391,926.000,952.000,959.000,951.000,944.000,943.000,943.000,949.000,929.000,941.000
843.167,942.000,930.000,937.000,944.000,947.000,953.000,935.000,940.000,929.000,944.000
844.944,945.000,945.000,945.000,933.000,941.000,962.000,943.000,959.000,925.000,953.000
846.720,955.000,959.000,939.000,961.000,954.000,959.000,938.000,963.000,950.000,952.000
848.496,955.000,981.000,958.000,957.000,965.000,981.000,951.000,940.000,969.000,971.000
850.271,967.000,992.000,966.000,972.000,978.000,997.000,995.000,959.000,984.000,959.000
852.044,996.000,995.000,985.000,1002.000,1006.000,991.000,980.000,1002.000,1014.000,976.000
853.819,1010.000,983.000,1012.000,997.000,978.000,989.000,988.000,1005.000,994.000,991.000
855.593,982.000,1007.000,980.000,987.000,979.000,959.000,973.000,992.000,994.000,958.000
857.367,988.000,985.000,975.000,990.000,995.000,973.000,988.000,983.000,977.000,989.000
859.140,993.000,984.000,986.000,990.000,987.000,993.000,969.000,980.000,979.000,1004.000
860.914,974.000,994.000,983.000,978.000,977.000,995.000,993.000,973.000,977.000,985.000
862.687,980.000,985.000,967.000,987.000,983.000,978.000,997.000,998.000,991.000,998.000
864.459,963.000,982.000,1015.000,982.000,989.000,996.000,979.000,987.000,1014.000,990.000
866.231,948.000,951.000,967.000,996.000,988.000,979.000,987.000,983.000,962.000,974.000
868.001,992.000,987.000,991.000,972.000,1007.000,996.000,981.000,997.000,998.000,986.000
869.773,1011.000,984.000,1000.000,990.000,1007.000,984.000,996.000,995.000,974.000,984.000
871.544,1026.000,1004.000,1009.000,988.000,1003.000,985.000,987.000,1006.000,981.000,1010.000
873.314,1017.000,1002.000,1028.000,1029.000,993.000,995.000,1018.000,1023.000,1019.000,1018.000
875.085,1023.000,1019.000,1019.000,1026.000,1024.000,1021.000,1011.000,1027.000,1024.000,1030.000
876.855,1004.000,1039.000,1023.000,1007.000,1028.000,1045.000,1000.000,1032.000,1018.000,1016.000
878.625,1033.000,1025.000,1015.000,1032.000,1056.000,1043.000,1043.000,1038.000,1029.000,1019.000
880.392,1057.000,1051.000,1038.000,1038.000,1062.000,1068.000,1023.000,1050.000,1035.000,1024.000
882.161,1046.000,1070.000,1044.000,1047.000,1067.000,1045.000,1056.000,1073.000,1068.000,1023.000
883.930,1072.000,1071.000,1055.000,1066.000,1064.000,1065.000,1078.000,1066.000,1052.000,1064.000
885.698,1087.000,1075.000,1076.000,1077.000,1061.000,1071.000,1077.000,1079.000,1073.000,1054.000
887.466,1076.000,1110.000,1515.000,1091.000,1086.000,1075.000,1084.000,1067.000,1074.000,1084.000
889.234,1112.000,1091.000,1578.000,1095.000,1095.000,1124.000,1080.000,1081.000,1079.000,1105.000
891.001,1096.000,1114.000,1110.000,1127.000,1119.000,1114.000,1114.000,1105.000,1108.000,1082.000
892.768,1118.000,1113.000,1131.000,1131.000,1131.000,1126.000,1114.000,1115.000,1144.000,1127.000
894.535,1161.000,1168.000,1149.000,1123.000,1146.000,1151.000,1127.000,1145.000,1143.000,1159.000
896.299,1173.000,1170.000,1173.000,1155.000,1123.000,1177.000,1184.000,1179.000,1131.000,1162.000
898.065,1201.000,1198.000,1194.000,1183.000,1205.000,1165.000,1184.000,1182.000,1178.000,1166.000
899.830,1235.000,1204.000,1202.000,1191.000,1218.000,1204.000,1159.000,1196.000,1197.000,1184.000
901.596,1231.000,1197.000,1195.000,1192.000,1202.000,1202.000,1203.000,1188.000,1206.000,1188.000
903.360,1226.000,1210.000,1209.000,1225.000,1198.000,1209.000,1227.000,1180.000,1183.000,1207.000
905.125,1204.000,1256.000,1236.000,1199.000,1214.000,1241.000,1216.000,1241.000,1219.000,1191.000
906.889,1206.000,1193.000,1252.000,1215.000,1199.000,1246.000,1194.000,1209.000,1199.000,1242.000
908.651,1208.000,1208.000,1180.000,1226.000,1209.000,1206.000,1210.000,1205.000,1214.000,1203.000
910.414,1204.000,1177.000,1229.000,1181.000,1192.000,1195.000,1209.000,1187.000,1185.000,1206.000
912.178,1184.000,1202.000,1175.000,1203.000,1182.000,1220.000,1200.000,1196.000,1193.000,1184.000
913.940,1231.000,1183.000,1187.000,1201.000,1174.000,1181.000,1202.000,1174.000,1193.000,1192.000
915.703,1198.000,1205.000,1187.000,1203.000,1218.000,1195.000,1186.000,1195.000,1168.000,1186.000
917.465,1182.000,1206.000,1215.000,1195.000,1186.000,1202.000,1191.000,1219.000,1186.000,1181.000
919.226,1236.000,1198.000,1212.000,1171.000,1175.000,1181.000,1193.000,1195.000,1216.000,1201.000
920.988,1200.000,1209.000,1199.000,1202.000,1200.000,1204.000,1206.000,1210.000,1203.000,1224.000
922.749,1204.000,1193.000,1227.000,1224.000,1194.000,1185.000,1249.000,1187.000,1195.000,1230.000
924.508,1225.000,1222.000,1222.000,1241.000,1229.000,1207.000,1227.000,1194.000,1186.000,1184.000
926.268,1196.000,1233.000,1243.000,1221.000,1216.000,1211.000,1220.000,1213.000,1239.000,1229.000
928.028,1249.000,1264.000,1218.000,1250.000,1274.000,1265.000,1254.000,1226.000,1237.000,1218.000
929.788,1303.000,1257.000,1236.000,1259.000,1262.000,1251.000,1258.000,1239.000,1276.000,1254.000
931.547,1287.000,1270.000,1261.000,1249.000,1255.000,1232.000,1255.000,1265.000,1289.000,1261.000
933.306,1284.000,1278.000,1288.000,1281.000,1269.000,1315.000,1294.000,1306.000,1280.000,1275.000
935.064,1275.000,1303.000,1308.000,1278.000,1286.000,1280.000,1306.000,1316.000,1302.000,1287.000
936.821,1332.000,1340.000,1312.000,1326.000,1311.000,1304.000,1294.000,1306.000,1309.000,1318.000
938.579,1370.000,1350.000,1339.000,1349.000,1355.000,1367.000,1346.000,1362.000,1339.000,1346.000
940.336,1366.000,1362.000,1384.000,1358.000,1359.000,1407.000,1404.000,1372.000,1356.000,1412.000
942.093,1391.000,1419.000,1407.000,1409.000,1386.000,1403.000,1396.000,1383.000,1408.000,1411.000
943.850,1469.000,1403.000,1485.000,1426.000,1445.000,1401.000,1452.000,1438.000,1455.000,1431.000
