0.753,764.000,755.000,779.000
2.696,740.000,746.000,741.000
4.638,727.000,717.000,736.000
6.577,713.000,717.000,724.000
8.519,703.000,694.000,705.000
10.459,697.000,693.000,696.000
12.400,706.000,703.000,703.000
14.341,694.000,703.000,691.000
16.280,713.000,710.000,694.000
18.219,721.000,723.000,720.000
20.157,739.000,726.000,747.000
22.096,761.000,764.000,759.000
24.033,790.000,783.000,781.000
25.972,847.000,849.000,858.000
27.909,891.000,864.000,891.000
29.844,848.000,863.000,841.000
31.781,829.000,814.000,812.000
33.717,795.000,803.000,799.000
35.653,813.000,787.000,807.000
37.589,812.000,799.000,793.000
39.524,822.000,811.000,823.000
41.456,836.000,831.000,835.000
43.391,849.000,834.000,838.000
45.325,871.000,839.000,861.000
47.258,849.000,827.000,835.000
49.191,834.000,851.000,838.000
51.121,836.000,864.000,844.000
53.053,872.000,869.000,872.000
54.986,890.000,870.000,875.000
56.917,876.000,872.000,868.000
58.849,851.000,824.000,851.000
60.779,830.000,837.000,842.000
62.707,832.000,833.000,839.000
64.637,827.000,813.000,824.000
66.567,816.000,804.000,807.000
68.496,807.000,819.000,808.000
70.424,809.000,800.000,804.000
72.353,799.000,795.000,788.000
74.278,796.000,779.000,766.000
76.206,792.000,759.000,774.000
78.133,771.000,778.000,767.000
80.060,763.000,755.000,747.000
81.986,754.000,743.000,759.000
83.909,748.000,749.000,738.000
85.835,731.000,741.000,744.000
87.760,729.000,728.000,744.000
89.685,733.000,730.000,733.000
91.609,735.000,737.000,725.000
93.533,730.000,734.000,739.000
95.455,747.000,732.000,758.000
97.379,752.000,762.000,739.000
99.301,743.000,748.000,758.000
101.223,775.000,770.000,764.000
103.145,761.000,762.000,771.000
105.067,765.000,758.000,774.000
106.986,757.000,764.000,767.000
108.906,756.000,752.000,765.000
110.827,756.000,749.000,748.000
112.747,738.000,739.000,738.000
114.666,734.000,729.000,730.000
116.584,721.000,730.000,727.000
118.502,722.000,723.000,725.000
120.421,726.000,717.000,713.000
122.339,720.000,729.000,729.000
124.257,723.000,711.000,721.000
126.174,723.000,701.000,719.000
128.089,704.000,713.000,726.000
130.005,732.000,703.000,712.000
131.921,704.000,722.000,720.000
133.836,710.000,705.000,710.000
135.751,715.000,713.000,713.000
137.666,706.000,714.000,710.000
139.579,700.000,699.000,705.000
141.493,699.000,693.000,707.000
143.407,699.000,699.000,698.000
145.321,690.000,688.000,699.000
147.233,695.000,693.000,689.000
149.146,695.000,695.000,693.000
151.055,685.000,689.000,680.000
152.967,696.000,692.000,697.000
154.878,683.000,686.000,688.000
156.790,690.000,692.000,686.000
158.700,696.000,691.000,685.000
160.608,685.000,691.000,693.000
162.518,698.000,695.000,691.000
164.428,701.000,698.000,703.000
166.336,709.000,712.000,702.000
168.245,721.000,703.000,707.000
170.153,730.000,723.000,722.000
172.059,718.000,705.000,707.000
173.967,710.000,716.000,700.000
175.874,702.000,687.000,703.000
177.780,702.000,692.000,700.000
179.687,696.000,692.000,694.000
181.592,695.000,683.000,703.000
183.496,696.000,696.000,682.000
185.401,693.000,687.000,694.000
187.306,689.000,691.000,683.000
189.209,690.000,683.000,693.000
191.114,688.000,677.000,699.000
193.017,691.000,684.000,694.000
194.918,694.000,682.000,684.000
196.821,692.000,693.000,690.000
198.724,691.000,690.000,698.000
200.625,699.000,691.000,687.000
202.527,691.000,690.000,695.000
204.426,693.000,698.000,698.000
206.327,700.000,695.000,699.000
208.227,707.000,690.000,696.000
210.127,693.000,693.000,685.000
212.027,701.000,688.000,693.000
213.927,679.000,688.000,683.000
215.823,696.000,684.000,678.000
217.722,687.000,690.000,697.000
219.619,689.000,691.000,686.000
221.517,683.000,694.000,690.000
223.414,696.000,692.000,694.000
225.312,696.000,688.000,689.000
227.206,684.000,684.000,686.000
229.103,687.000,691.000,688.000
230.998,693.000,680.000,695.000
232.893,685.000,688.000,687.000
234.788,686.000,684.000,686.000
236.681,692.000,695.000,684.000
238.575,689.000,691.000,683.000
240.469,678.000,676.000,682.000
242.362,677.000,688.000,693.000
244.255,680.000,689.000,674.000
246.148,684.000,688.000,681.000
248.039,683.000,682.000,686.000
249.930,679.000,677.000,681.000
251.822,678.000,681.000,685.000
253.713,674.000,687.000,682.000
255.603,686.000,693.000,694.000
257.494,692.000,672.000,681.000
259.382,689.000,685.000,673.000
261.272,692.000,677.000,682.000
263.161,684.000,688.000,690.000
265.049,682.000,681.000,682.000
266.938,683.000,684.000,681.000
268.823,681.000,681.000,680.000
270.712,680.000,684.000,688.000
272.599,687.000,697.000,684.000
274.486,680.000,696.000,685.000
276.372,698.000,681.000,688.000
278.259,694.000,674.000,686.000
280.143,699.000,689.000,697.000
282.027,691.000,683.000,697.000
283.912,686.000,684.000,693.000
285.797,690.000,680.000,692.000
287.682,689.000,687.000,690.000
289.565,688.000,693.000,687.000
291.446,693.000,679.000,691.000
293.329,697.000,687.000,695.000
295.212,690.000,684.000,693.000
297.095,688.000,689.000,692.000
298.976,694.000,684.000,687.000
300.857,684.000,694.000,686.000
302.736,689.000,698.000,693.000
304.618,701.000,690.000,690.000
306.498,695.000,698.000,690.000
308.378,705.000,680.000,705.000
310.258,698.000,701.000,691.000
312.135,710.000,694.000,708.000
314.014,706.000,704.000,714.000
315.893,707.000,702.000,703.000
317.770,701.000,702.000,694.000
319.648,705.000,708.000,704.000
321.525,707.000,707.000,690.000
323.400,704.000,701.000,700.000
325.277,708.000,703.000,709.000
327.153,702.000,701.000,701.000
329.029,710.000,696.000,699.000
330.904,712.000,693.000,704.000
332.779,695.000,689.000,695.000
334.652,697.000,689.000,695.000
336.526,697.000,690.000,690.000
338.400,693.000,688.000,694.000
340.273,687.000,697.000,694.000
342.146,681.000,692.000,691.000
344.020,698.000,683.000,681.000
345.889,705.000,684.000,690.000
347.761,694.000,692.000,685.000
349.633,696.000,688.000,700.000
351.504,689.000,681.000,682.000
353.375,696.000,679.000,694.000
355.243,698.000,686.000,698.000
357.114,695.000,692.000,692.000
358.984,685.000,696.000,680.000
360.853,702.000,691.000,699.000
362.722,697.000,683.000,689.000
364.590,686.000,692.000,693.000
366.456,701.000,685.000,688.000
368.325,689.000,685.000,685.000
370.192,707.000,689.000,681.000
372.059,703.000,692.000,695.000
373.926,697.000,689.000,703.000
375.792,694.000,693.000,682.000
377.655,704.000,691.000,703.000
379.522,697.000,675.000,692.000
381.387,684.000,684.000,685.000
383.252,703.000,692.000,692.000
385.115,690.000,690.000,682.000
386.978,691.000,683.000,674.000
388.842,686.000,690.000,680.000
390.704,695.000,684.000,690.000
392.567,693.000,692.000,685.000
394.430,687.000,675.000,690.000
396.292,691.000,683.000,692.000
398.152,702.000,683.000,693.000
400.013,690.000,687.000,689.000
401.875,696.000,685.000,687.000
403.735,695.000,681.000,683.000
405.595,691.000,673.000,690.000
407.455,690.000,686.000,671.000
409.312,678.000,684.000,677.000
411.171,695.000,688.000,682.000
413.031,693.000,683.000,687.000
414.889,683.000,679.000,684.000
416.747,678.000,693.000,688.000
418.602,691.000,676.000,686.000
420.460,689.000,698.000,694.000
422.317,689.000,687.000,680.000
424.174,692.000,689.000,699.000
426.030,694.000,685.000,682.000
427.885,690.000,671.000,684.000
429.739,693.000,683.000,684.000
431.594,684.000,677.000,692.000
433.449,702.000,686.000,689.000
435.302,683.000,690.000,686.000
437.157,694.000,679.000,691.000
439.010,690.000,674.000,688.000
440.861,689.000,683.000,687.000
442.714,680.000,687.000,692.000
444.566,691.000,690.000,668.000
446.419,692.000,688.000,684.000
448.270,686.000,690.000,687.000
450.122,677.000,681.000,682.000
451.970,691.000,685.000,691.000
453.820,691.000,684.000,686.000
455.671,699.000,699.000,690.000
457.521,694.000,693.000,692.000
459.370,699.000,689.000,683.000
461.217,687.000,681.000,702.000
463.066,694.000,691.000,694.000
464.913,699.000,690.000,689.000
466.762,697.000,698.000,689.000
468.610,701.000,697.000,699.000
470.457,713.000,707.000,713.000
472.301,712.000,732.000,711.000
474.147,729.000,721.000,720.000
475.994,711.000,709.000,702.000
477.840,704.000,696.000,694.000
479.685,699.000,693.000,696.000
481.529,696.000,686.000,688.000
483.372,694.000,694.000,694.000
485.216,694.000,696.000,694.000
487.060,697.000,704.000,696.000
488.904,697.000,694.000,691.000
490.747,696.000,684.000,692.000
492.590,684.000,687.000,686.000
494.431,694.000,674.000,687.000
496.272,688.000,677.000,685.000
498.114,682.000,685.000,674.000
499.954,682.000,688.000,689.000
501.796,694.000,679.000,685.000
503.634,682.000,682.000,692.000
505.475,689.000,684.000,691.000
507.314,691.000,685.000,691.000
509.154,696.000,679.000,696.000
510.993,685.000,700.000,684.000
512.831,687.000,691.000,679.000
514.667,683.000,681.000,691.000
516.505,690.000,692.000,686.000
518.342,684.000,678.000,688.000
520.180,693.000,679.000,682.000
522.016,699.000,682.000,695.000
523.853,690.000,682.000,692.000
525.687,689.000,690.000,681.000
527.523,691.000,695.000,686.000
529.359,683.000,672.000,690.000
531.193,679.000,692.000,684.000
533.028,686.000,678.000,685.000
534.860,686.000,688.000,682.000
536.694,690.000,696.000,698.000
538.527,685.000,681.000,688.000
540.360,692.000,687.000,688.000
542.193,682.000,682.000,683.000
544.026,690.000,686.000,692.000
545.856,691.000,700.000,690.000
547.687,682.000,693.000,692.000
549.518,692.000,690.000,697.000
551.349,696.000,691.000,696.000
553.180,691.000,680.000,687.000
555.010,693.000,693.000,699.000
556.837,694.000,686.000,679.000
558.667,689.000,693.000,695.000
560.496,686.000,685.000,697.000
562.325,692.000,685.000,692.000
564.154,706.000,692.000,688.000
565.979,691.000,689.000,691.000
567.807,682.000,697.000,681.000
569.634,686.000,690.000,687.000
571.461,699.000,697.000,688.000
573.288,692.000,689.000,687.000
575.113,697.000,688.000,688.000
576.938,695.000,689.000,689.000
578.763,699.000,696.000,683.000
580.588,687.000,689.000,689.000
582.413,680.000,692.000,691.000
584.237,695.000,688.000,698.000
586.061,690.000,683.000,697.000
587.883,703.000,703.000,705.000
589.706,688.000,689.000,706.000
591.529,711.000,703.000,716.000
593.351,727.000,729.000,722.000
595.173,724.000,727.000,724.000
596.995,741.000,725.000,715.000
598.814,722.000,712.000,709.000
600.635,711.000,702.000,702.000
602.456,701.000,700.000,699.000
604.277,705.000,703.000,699.000
606.096,703.000,687.000,687.000
607.913,703.000,699.000,687.000
609.733,692.000,698.000,691.000
611.551,700.000,693.000,699.000
613.370,693.000,694.000,688.000
615.188,697.000,704.000,694.000
617.007,701.000,688.000,690.000
618.821,693.000,689.000,696.000
620.639,691.000,688.000,700.000
622.455,685.000,685.000,690.000
624.272,682.000,690.000,683.000
626.087,686.000,693.000,688.000
627.903,683.000,692.000,698.000
629.717,683.000,692.000,685.000
631.532,690.000,692.000,691.000
633.345,696.000,678.000,688.000
635.159,691.000,680.000,689.000
636.973,692.000,685.000,692.000
638.787,682.000,683.000,683.000
640.598,691.000,683.000,680.000
642.411,691.000,683.000,688.000
644.223,695.000,681.000,694.000
646.035,694.000,695.000,684.000
647.846,702.000,684.000,691.000
649.655,692.000,689.000,688.000
651.467,685.000,685.000,698.000
653.277,690.000,681.000,686.000
655.087,686.000,689.000,698.000
656.897,678.000,695.000,694.000
658.707,699.000,686.000,689.000
660.513,688.000,682.000,687.000
662.322,684.000,687.000,689.000
664.130,687.000,696.000,687.000
665.938,704.000,680.000,694.000
667.746,685.000,688.000,684.000
669.553,691.000,679.000,687.000
671.359,694.000,681.000,695.000
673.165,682.000,689.000,697.000
674.971,685.000,687.000,699.000
676.777,689.000,689.000,688.000
678.582,683.000,686.000,674.000
680.385,691.000,686.000,696.000
682.190,689.000,684.000,685.000
683.994,697.000,674.000,683.000
685.799,684.000,695.000,687.000
687.602,691.000,693.000,688.000
689.405,689.000,688.000,691.000
691.206,690.000,693.000,684.000
693.009,691.000,695.000,699.000
694.812,688.000,693.000,693.000
696.614,690.000,683.000,690.000
698.415,692.000,686.000,692.000
700.216,697.000,699.000,694.000
702.014,695.000,689.000,686.000
703.815,682.000,692.000,687.000
705.615,675.000,687.000,684.000
707.415,696.000,688.000,686.000
709.214,684.000,691.000,695.000
711.011,692.000,690.000,687.000
712.809,685.000,687.000,695.000
714.608,699.000,680.000,698.000
716.407,695.000,685.000,688.000
718.204,697.000,688.000,692.000
720.000,691.000,690.000,686.000
721.795,702.000,679.000,686.000
723.592,688.000,684.000,695.000
725.388,684.000,691.000,697.000
727.184,702.000,701.000,686.000
728.979,703.000,689.000,698.000
730.775,694.000,687.000,688.000
732.567,686.000,690.000,688.000
734.361,701.000,693.000,688.000
736.155,689.000,695.000,696.000
737.949,695.000,696.000,692.000
739.743,692.000,695.000,691.000
741.536,703.000,687.000,703.000
743.326,696.000,689.000,692.000
745.118,705.000,705.000,706.000
746.910,703.000,689.000,712.000
748.701,702.000,691.000,696.000
750.493,689.000,696.000,687.000
752.282,695.000,687.000,684.000
754.073,691.000,692.000,695.000
755.862,696.000,696.000,687.000
757.653,692.000,688.000,693.000
759.442,704.000,683.000,685.000
761.230,690.000,678.000,689.000
763.017,686.000,693.000,697.000
764.805,691.000,691.000,695.000
766.593,710.000,697.000,685.000
768.381,696.000,680.000,691.000
770.168,687.000,687.000,684.000
771.955,702.000,708.000,695.000
773.740,699.000,695.000,691.000
775.526,691.000,692.000,693.000
777.312,688.000,691.000,701.000
779.097,702.000,698.000,696.000
780.882,704.000,704.000,693.000
782.667,699.000,694.000,701.000
784.450,691.000,709.000,695.000
786.234,706.000,708.000,708.000
788.017,718.000,699.000,716.000
789.801,704.000,694.000,707.000
791.584,700.000,707.000,700.000
793.364,702.000,696.000,696.000
795.146,701.000,688.000,700.000
796.929,694.000,690.000,693.000
798.710,693.000,699.000,698.000
800.491,708.000,697.000,696.000
802.272,701.000,702.000,707.000
804.051,705.000,706.000,697.000
805.831,705.000,705.000,701.000
807.611,706.000,697.000,699.000
809.391,696.000,694.000,690.000
811.170,706.000,691.000,692.000
812.949,697.000,691.000,684.000
814.725,703.000,695.000,700.000
816.503,702.000,688.000,705.000
818.280,702.000,696.000,696.000
820.058,693.000,691.000,698.000
821.835,713.000,699.000,701.000
823.610,707.000,710.000,703.000
825.386,710.000,691.000,707.000
827.162,706.000,704.000,710.000
828.938,695.000,694.000,693.000
830.712,701.000,697.000,693.000
832.488,700.000,694.000,700.000
834.261,701.000,688.000,689.000
836.035,700.000,698.000,698.000
837.809,700.000,681.000,691.000
839.582,693.000,682.000,689.000
841.355,708.000,692.000,686.000
843.128,691.000,676.000,691.000
844.899,699.000,690.000,689.000
846.671,694.000,697.000,685.000
848.443,692.000,694.000,692.000
850.214,691.000,687.000,699.000
851.985,691.000,692.000,680.000
853.753,693.000,691.000,704.000
855.524,689.000,687.000,695.000
857.294,703.000,689.000,685.000
859.064,694.000,690.000,701.000
860.833,685.000,688.000,685.000
862.602,700.000,694.000,695.000
864.369,702.000,694.000,693.000
866.137,703.000,686.000,690.000
867.905,678.000,692.000,694.000
869.672,693.000,694.000,690.000
871.439,687.000,694.000,694.000
873.206,702.000,691.000,698.000
874.971,686.000,686.000,698.000
876.737,704.000,687.000,694.000
878.503,707.000,703.000,706.000
880.268,701.000,697.000,693.000
882.034,698.000,700.000,692.000
883.799,690.000,699.000,702.000
885.562,695.000,692.000,693.000
887.325,698.000,687.000,686.000
889.089,684.000,691.000,690.000
890.853,693.000,697.000,689.000
892.615,680.000,683.000,690.000
894.377,695.000,686.000,693.000
896.139,694.000,688.000,686.000
897.900,695.000,684.000,689.000
899.662,692.000,689.000,695.000
901.423,690.000,690.000,698.000
903.185,695.000,676.000,688.000
904.944,693.000,682.000,698.000
906.704,696.000,693.000,695.000
908.464,685.000,691.000,686.000
910.223,698.000,686.000,692.000
911.982,698.000,695.000,684.000
913.741,696.000,694.000,689.000
915.498,688.000,683.000,688.000
917.256,705.000,692.000,695.000
919.014,690.000,692.000,703.000
920.771,702.000,698.000,695.000
922.528,688.000,697.000,699.000
924.285,698.000,697.000,708.000
926.040,697.000,690.000,688.000
927.796,694.000,696.000,697.000
929.551,689.000,695.000,698.000
931.307,696.000,683.000,693.000
933.063,697.000,702.000,691.000
934.815,685.000,696.000,700.000
936.570,691.000,693.000,686.000
938.323,701.000,700.000,703.000
940.078,699.000,694.000,691.000
941.831,693.000,687.000,685.000
943.584,698.000,690.000,695.000
945.335,702.000,702.000,684.000
947.087,701.000,691.000,701.000
948.839,706.000,701.000,700.000
950.590,719.000,715.000,714.000
952.342,722.000,723.000,713.000
954.093,718.000,721.000,720.000
955.841,710.000,715.000,726.000
957.591,716.000,719.000,718.000
959.342,715.000,723.000,717.000
961.092,712.000,711.000,710.000
962.840,706.000,701.000,715.000
964.588,698.000,693.000,710.000
966.336,700.000,688.000,704.000
968.084,711.000,701.000,720.000
969.832,704.000,701.000,714.000
971.580,727.000,722.000,710.000
973.327,721.000,706.000,715.000
975.072,728.000,720.000,718.000
976.818,719.000,723.000,706.000
978.565,716.000,723.000,704.000
980.311,712.000,716.000,713.000
982.056,703.000,707.000,710.000
983.801,707.000,706.000,704.000
985.544,704.000,717.000,703.000
987.289,704.000,689.000,700.000
989.033,699.000,692.000,697.000
990.777,700.000,699.000,702.000
992.519,706.000,690.000,688.000
994.261,701.000,704.000,687.000
996.004,710.000,688.000,697.000
997.746,693.000,704.000,702.000
999.488,698.000,692.000,709.000
1001.230,701.000,689.000,695.000
1002.971,697.000,700.000,705.000
1004.710,690.000,693.000,697.000
1006.451,710.000,693.000,698.000
1008.191,695.000,697.000,703.000
1009.932,704.000,682.000,705.000
1011.671,701.000,695.000,710.000
1013.410,699.000,685.000,707.000
1015.147,702.000,711.000,702.000
1016.886,776.000,702.000,687.000
1018.624,1278.000,703.000,699.000
1020.362,707.000,700.000,703.000
1022.100,700.000,702.000,695.000
1023.837,703.000,693.000,703.000
1025.572,703.000,692.000,711.000
1027.309,703.000,698.000,698.000
1029.046,694.000,696.000,699.000
1030.782,691.000,694.000,693.000
1032.517,693.000,702.000,693.000
1034.251,695.000,700.000,702.000
1035.985,704.000,696.000,703.000
1037.720,703.000,706.000,702.000
1039.454,702.000,691.000,707.000
1041.188,711.000,701.000,694.000
1042.921,697.000,705.000,696.000
1044.652,710.000,698.000,703.000
1046.386,688.000,686.000,700.000
1048.118,697.000,686.000,682.000
1049.850,701.000,699.000,699.000
1051.583,690.000,689.000,689.000
1053.314,705.000,698.000,687.000
1055.044,703.000,699.000,696.000
1056.774,698.000,700.000,689.000
1058.505,697.000,695.000,690.000
1060.235,694.000,702.000,692.000
1061.965,699.000,685.000,701.000
1063.694,695.000,696.000,701.000
1065.421,699.000,689.000,701.000
1067.151,699.000,692.000,695.000
1068.878,697.000,687.000,701.000
1070.607,694.000,696.000,689.000
1072.335,696.000,700.000,697.000
1074.060,697.000,689.000,699.000
1075.788,704.000,712.000,693.000
1077.514,702.000,699.000,699.000
1079.241,700.000,695.000,695.000
1080.967,703.000,702.000,696.000
1082.692,699.000,688.000,701.000
1084.416,697.000,706.000,705.000
1086.142,706.000,698.000,699.000
1087.867,695.000,705.000,693.000
1089.591,702.000,707.000,703.000
1091.315,711.000,698.000,709.000
1093.039,703.000,706.000,708.000
1094.760,711.000,714.000,711.000
1096.484,721.000,703.000,714.000
1098.206,709.000,712.000,719.000
1099.929,711.000,709.000,716.000
1101.651,714.000,698.000,703.000
1103.371,711.000,700.000,710.000
1105.092,705.000,698.000,707.000
1106.814,710.000,703.000,705.000
1108.534,721.000,710.000,711.000
1110.255,714.000,705.000,708.000
1111.974,729.000,713.000,723.000
1113.693,707.000,717.000,705.000
1115.412,704.000,716.000,707.000
1117.131,713.000,709.000,715.000
1118.850,708.000,714.000,700.000
1120.568,707.000,690.000,704.000
1122.286,700.000,700.000,704.000
1124.002,708.000,703.000,702.000
1125.719,706.000,703.000,707.000
1127.437,710.000,700.000,697.000
1129.154,712.000,704.000,703.000
1130.870,711.000,687.000,699.000
1132.584,708.000,700.000,703.000
1134.300,698.000,700.000,704.000
1136.015,703.000,694.000,695.000
1137.731,693.000,698.000,701.000
1139.446,703.000,705.000,695.000
1141.160,701.000,692.000,705.000
1142.872,700.000,699.000,693.000
1144.586,698.000,691.000,700.000
1146.299,707.000,706.000,705.000
1148.013,710.000,696.000,703.000
1149.725,715.000,723.000,706.000
1151.438,725.000,718.000,713.000
1153.148,708.000,707.000,712.000
1154.859,708.000,707.000,709.000
1156.571,705.000,707.000,707.000
1158.282,716.000,705.000,708.000
1159.993,707.000,698.000,705.000
1161.703,705.000,700.000,702.000
1163.411,720.000,696.000,704.000
1165.121,699.000,703.000,705.000
1166.831,720.000,708.000,702.000
1168.540,721.000,714.000,708.000
1170.249,709.000,703.000,713.000
1171.957,714.000,706.000,710.000
1173.664,715.000,713.000,707.000
1175.372,708.000,703.000,700.000
1177.078,718.000,712.000,717.000
1178.786,705.000,714.000,715.000
1180.493,717.000,705.000,716.000
1182.197,713.000,713.000,707.000
1183.904,722.000,713.000,716.000
1185.609,714.000,711.000,712.000
1187.315,705.000,713.000,722.000
1189.020,715.000,712.000,708.000
1190.725,713.000,708.000,709.000
1192.428,704.000,711.000,715.000
1194.132,727.000,718.000,723.000
1195.835,723.000,713.000,718.000
1197.539,725.000,722.000,723.000
1199.243,732.000,719.000,739.000
1200.945,737.000,719.000,732.000
1202.645,750.000,733.000,716.000
1204.347,726.000,722.000,734.000
1206.049,733.000,712.000,723.000
1207.751,727.000,719.000,697.000
1209.452,712.000,711.000,710.000
1211.152,712.000,709.000,702.000
1212.852,708.000,711.000,704.000
1214.552,709.000,703.000,705.000
1216.252,711.000,697.000,697.000
1217.952,699.000,705.000,713.000
1219.651,707.000,702.000,695.000
1221.348,705.000,703.000,709.000
1223.046,702.000,1002.000,701.000
1224.745,712.000,1106.000,704.000
1226.443,704.000,711.000,696.000
1228.140,695.000,690.000,704.000
1229.838,713.000,701.000,704.000
1231.533,716.000,693.000,707.000
1233.229,705.000,687.000,703.000
1234.925,698.000,699.000,698.000
1236.621,699.000,698.000,694.000
1238.317,705.000,702.000,695.000
1240.010,693.000,699.000,710.000
1241.705,695.000,712.000,702.000
1243.400,708.000,701.000,707.000
1245.094,707.000,711.000,706.000
1246.789,712.000,695.000,713.000
1248.482,700.000,694.000,701.000
1250.173,711.000,700.000,695.000
1251.867,712.000,698.000,703.000
1253.560,707.000,691.000,706.000
1255.251,694.000,698.000,703.000
1256.944,699.000,699.000,707.000
1258.635,695.000,696.000,694.000
1260.325,712.000,692.000,695.000
1262.016,697.000,699.000,692.000
1263.706,716.000,712.000,705.000
1265.397,708.000,698.000,706.000
1267.087,709.000,710.000,711.000
1268.775,708.000,711.000,711.000
1270.464,709.000,704.000,708.000
1272.154,724.000,713.000,709.000
1273.843,714.000,715.000,709.000
1275.531,722.000,716.000,723.000
1277.219,735.000,712.000,728.000
1278.904,728.000,715.000,707.000
1280.593,715.000,704.000,707.000
1282.279,726.000,712.000,702.000
1283.966,711.000,713.000,719.000
1285.653,707.000,711.000,715.000
1287.339,704.000,707.000,711.000
1289.023,699.000,694.000,719.000
1290.708,699.000,705.000,705.000
1292.394,714.000,718.000,707.000
1294.078,704.000,705.000,708.000
1295.763,708.000,703.000,713.000
1297.447,711.000,692.000,716.000
1299.129,717.000,711.000,705.000
1300.813,718.000,707.000,715.000
1302.496,717.000,709.000,707.000
1304.179,707.000,711.000,710.000
1305.862,714.000,712.000,699.000
1307.544,707.000,723.000,715.000
1309.224,710.000,695.000,712.000
1310.906,708.000,697.000,710.000
1312.587,716.000,717.000,708.000
1314.268,703.000,699.000,698.000
1315.949,701.000,708.000,701.000
1317.627,706.000,703.000,707.000
1319.308,706.000,704.000,702.000
1320.986,698.000,694.000,703.000
1322.666,705.000,694.000,695.000
1324.345,699.000,705.000,697.000
1326.024,706.000,702.000,703.000
1327.700,709.000,702.000,708.000
1329.379,704.000,694.000,708.000
1331.056,696.000,703.000,688.000
1332.734,705.000,694.000,698.000
1334.411,704.000,695.000,708.000
1336.088,703.000,688.000,706.000
1337.762,710.000,692.000,707.000
1339.438,710.000,700.000,703.000
1341.115,705.000,701.000,705.000
1342.790,701.000,694.000,700.000
1344.465,702.000,697.000,705.000
1346.138,706.000,707.000,698.000
1347.813,700.000,704.000,699.000
1349.487,707.000,704.000,699.000
1351.161,695.000,697.000,700.000
1352.834,715.000,702.000,704.000
1354.507,695.000,695.000,712.000
1356.179,704.000,716.000,704.000
1357.852,711.000,699.000,701.000
1359.523,708.000,708.000,695.000
1361.195,708.000,709.000,704.000
1362.867,693.000,701.000,701.000
1364.538,714.000,707.000,710.000
1366.208,697.000,697.000,714.000
1367.878,693.000,699.000,703.000
1369.549,704.000,704.000,709.000
1371.218,697.000,707.000,705.000
1372.889,714.000,695.000,713.000
1374.556,712.000,712.000,701.000
1376.225,699.000,701.000,701.000
1377.894,715.000,702.000,703.000
1379.562,703.000,693.000,709.000
1381.230,695.000,700.000,699.000
1382.898,705.000,697.000,711.000
1384.564,690.000,708.000,707.000
1386.231,691.000,699.000,701.000
1387.898,713.000,695.000,713.000
1389.564,710.000,699.000,711.000
1391.231,709.000,704.000,711.000
1392.897,712.000,693.000,706.000
1394.561,710.000,700.000,725.000
1396.226,703.000,695.000,708.000
1397.890,706.000,703.000,705.000
1399.555,702.000,699.000,711.000
1401.220,704.000,700.000,709.000
1402.882,693.000,704.000,711.000
1404.546,710.000,704.000,697.000
1406.208,709.000,704.000,728.000
1407.872,709.000,701.000,700.000
1409.534,713.000,703.000,706.000
1411.197,705.000,712.000,712.000
1412.857,710.000,697.000,696.000
1414.519,708.000,712.000,710.000
1416.180,722.000,701.000,697.000
1417.842,720.000,701.000,709.000
1419.503,712.000,714.000,709.000
1421.163,702.000,707.000,708.000
1422.821,722.000,707.000,709.000
1424.481,722.000,709.000,711.000
1426.141,716.000,715.000,711.000
1427.800,730.000,711.000,707.000
1429.459,731.000,715.000,730.000
1431.118,718.000,716.000,704.000
1432.774,717.000,713.000,717.000
1434.432,709.000,715.000,709.000
1436.090,729.000,712.000,719.000
1437.746,719.000,701.000,713.000
1439.404,714.000,722.000,715.000
1441.061,713.000,712.000,715.000
1442.715,714.000,705.000,720.000
1444.371,709.000,713.000,713.000
1446.027,717.000,710.000,725.000
1447.682,728.000,715.000,715.000
1449.338,724.000,704.000,728.000
1450.990,722.000,716.000,715.000
1452.645,727.000,718.000,709.000
1454.299,719.000,727.000,722.000
1455.952,728.000,715.000,707.000
1457.607,720.000,722.000,718.000
1459.260,725.000,725.000,722.000
1460.911,727.000,719.000,717.000
1462.562,724.000,720.000,723.000
1464.216,715.000,725.000,718.000
1465.867,738.000,716.000,720.000
1467.519,736.000,714.000,731.000
1469.170,732.000,724.000,730.000
1470.820,742.000,724.000,740.000
1472.471,735.000,726.000,728.000
1474.120,742.000,741.000,733.000
1475.771,747.000,754.000,746.000
1477.421,748.000,757.000,762.000
1479.068,766.000,754.000,756.000
1480.717,765.000,746.000,759.000
1482.366,756.000,753.000,746.000
1484.014,756.000,752.000,763.000
1485.663,748.000,739.000,741.000
1487.310,755.000,743.000,734.000
1488.956,745.000,735.000,721.000
1490.603,725.000,736.000,728.000
1492.251,717.000,719.000,716.000
1493.897,723.000,721.000,709.000
1495.543,730.000,714.000,728.000
1497.189,717.000,710.000,723.000
1498.833,716.000,713.000,717.000
1500.479,713.000,712.000,711.000
1502.124,707.000,722.000,707.000
1503.769,716.000,694.000,707.000
1505.413,1207.000,715.000,718.000
1507.055,754.000,698.000,710.000
1508.699,711.000,713.000,709.000
1510.343,712.000,708.000,717.000
1511.985,705.000,706.000,703.000
1513.628,706.000,692.000,712.000
1515.271,717.000,711.000,704.000
1516.911,711.000,711.000,706.000
1518.554,712.000,703.000,718.000
1520.195,710.000,705.000,711.000
1521.836,703.000,701.000,709.000
1523.477,717.000,708.000,710.000
1525.118,709.000,707.000,708.000
1526.756,711.000,707.000,695.000
1528.396,701.000,703.000,712.000
1530.037,704.000,701.000,717.000
1531.676,704.000,706.000,707.000
1533.315,710.000,703.000,715.000
1534.952,715.000,701.000,703.000
1536.590,697.000,717.000,713.000
1538.229,701.000,702.000,706.000
1539.867,711.000,696.000,716.000
1541.504,705.000,695.000,700.000
1543.142,717.000,704.000,720.000
1544.776,704.000,702.000,715.000
1546.413,712.000,717.000,697.000
1548.050,701.000,700.000,710.000
1549.685,719.000,707.000,708.000
1551.321,723.000,709.000,708.000
1552.957,725.000,706.000,721.000
1554.590,715.000,723.000,700.000
1556.224,715.000,709.000,708.000
1557.859,717.000,712.000,723.000
1559.493,721.000,717.000,711.000
1561.127,725.000,711.000,705.000
1562.761,714.000,704.000,705.000
1564.392,722.000,707.000,709.000
1566.025,727.000,723.000,713.000
1567.658,721.000,714.000,711.000
1569.290,721.000,706.000,706.000
1570.922,717.000,710.000,722.000
1572.554,717.000,705.000,715.000
1574.183,736.000,714.000,715.000
1575.814,717.000,717.000,729.000
1577.445,715.000,719.000,734.000
1579.076,731.000,713.000,716.000
1580.705,727.000,729.000,717.000
1582.334,727.000,716.000,718.000
1583.963,723.000,721.000,717.000
1585.593,712.000,718.000,720.000
1587.221,737.000,713.000,717.000
1588.850,715.000,722.000,723.000
1590.478,736.000,720.000,717.000
1592.105,719.000,727.000,733.000
1593.732,739.000,730.000,728.000
1595.360,721.000,732.000,727.000
1596.986,735.000,734.000,729.000
1598.614,729.000,741.000,731.000
1600.240,740.000,742.000,736.000
1601.864,757.000,724.000,753.000
1603.490,743.000,734.000,744.000
1605.115,746.000,743.000,757.000
1606.741,759.000,764.000,766.000
1608.366,774.000,755.000,748.000
1609.989,764.000,744.000,772.000
1611.612,778.000,780.000,768.000
1613.236,772.000,772.000,778.000
1614.860,788.000,776.000,792.000
1616.483,785.000,783.000,769.000
1618.106,790.000,789.000,782.000
1619.728,770.000,767.000,772.000
1621.349,786.000,780.000,776.000
1622.972,773.000,788.000,769.000
1624.594,764.000,779.000,787.000
1626.216,784.000,796.000,779.000
1627.836,799.000,813.000,808.000
1629.455,815.000,827.000,823.000
1631.076,869.000,849.000,866.000
1632.696,903.000,897.000,895.000
1634.317,946.000,936.000,959.000
1635.936,1027.000,1009.000,993.000
1637.554,1065.000,1025.000,1041.000
1639.173,1037.000,1046.000,1040.000
1640.792,1028.000,1011.000,1004.000
1642.410,968.000,976.000,967.000
1644.028,962.000,950.000,967.000
1645.647,939.000,930.000,913.000
1647.262,905.000,916.000,927.000
1648.879,862.000,852.000,867.000
1650.496,830.000,832.000,828.000
1652.113,812.000,792.000,792.000
1653.729,790.000,763.000,767.000
1655.345,762.000,761.000,763.000
1656.960,762.000,754.000,752.000
1658.574,749.000,740.000,745.000
1660.190,743.000,742.000,733.000
1661.805,736.000,735.000,734.000
1663.420,729.000,743.000,728.000
1665.032,766.000,735.000,728.000
1666.646,2314.000,727.000,729.000
1668.259,764.000,729.000,733.000
1669.873,729.000,739.000,733.000
1671.485,731.000,738.000,729.000
1673.098,724.000,710.000,723.000
1674.708,732.000,717.000,742.000
1676.321,725.000,733.000,718.000
1677.933,732.000,723.000,734.000
1679.544,730.000,717.000,721.000
1681.156,730.000,719.000,720.000
1682.766,726.000,726.000,723.000
1684.374,732.000,724.000,727.000
1685.986,729.000,719.000,722.000
1687.596,727.000,715.000,733.000
1689.204,727.000,738.000,732.000
1690.814,739.000,738.000,741.000
1692.423,739.000,727.000,752.000
1694.030,747.000,754.000,747.000
1695.639,747.000,740.000,745.000
1697.246,747.000,735.000,754.000
1698.854,750.000,734.000,743.000
1700.462,732.000,733.000,741.000
1702.070,747.000,723.000,727.000
1703.675,723.000,729.000,736.000
1705.281,738.000,731.000,725.000
1706.888,722.000,718.000,725.000
1708.493,740.000,726.000,738.000
1710.099,734.000,722.000,728.000
1711.703,718.000,726.000,723.000
1713.308,717.000,722.000,728.000
1714.912,719.000,735.000,734.000
1716.518,728.000,712.000,707.000
1718.122,713.000,720.000,725.000
1719.725,724.000,711.000,718.000
1721.327,720.000,725.000,717.000
1722.931,730.000,723.000,738.000
1724.534,737.000,731.000,728.000
1726.136,725.000,726.000,727.000
1727.739,726.000,720.000,731.000
1729.341,725.000,719.000,727.000
1730.941,726.000,733.000,726.000
1732.542,718.000,733.000,722.000
1734.143,730.000,725.000,722.000
1735.745,717.000,717.000,730.000
1737.346,725.000,725.000,730.000
1738.944,739.000,719.000,722.000
1740.544,737.000,727.000,736.000
1742.143,722.000,721.000,728.000
1743.743,742.000,734.000,719.000
1745.342,723.000,720.000,720.000
1746.941,734.000,731.000,720.000
1748.538,735.000,723.000,733.000
1750.136,737.000,745.000,721.000
1751.733,742.000,740.000,720.000
1753.331,722.000,720.000,742.000
1754.929,748.000,718.000,742.000
1756.525,729.000,728.000,720.000
1758.120,731.000,720.000,734.000
1759.717,734.000,727.000,730.000
1761.313,730.000,727.000,737.000
1762.909,740.000,738.000,738.000
1764.504,744.000,734.000,725.000
1766.098,736.000,727.000,737.000
1767.693,738.000,732.000,732.000
1769.288,731.000,741.000,740.000
1770.881,730.000,746.000,723.000
1772.475,742.000,731.000,736.000
1774.069,737.000,743.000,744.000
1775.661,730.000,743.000,728.000
1777.254,754.000,734.000,743.000
1778.847,752.000,752.000,741.000
1780.439,757.000,740.000,738.000
1782.032,748.000,744.000,736.000
1783.624,747.000,753.000,756.000
1785.213,749.000,752.000,752.000
1786.805,758.000,745.000,750.000
1788.396,761.000,742.000,765.000
1789.986,767.000,755.000,756.000
1791.577,755.000,757.000,751.000
1793.166,766.000,766.000,769.000
1794.756,771.000,760.000,763.000
1796.345,776.000,772.000,777.000
1797.934,780.000,772.000,768.000
