Created as New Dataset,Sample 672 By YargerLab Date Tuesday, March 17 2026
cm-1,A
4000.00,0.0137
3999.00,0.0137
3998.00,0.0137
3997.00,0.0137
3996.00,0.0137
3995.00,0.0137
3994.00,0.0137
3993.00,0.0137
3992.00,0.0137
3991.00,0.0137
3990.00,0.0137
3989.00,0.0137
3988.00,0.0137
3987.00,0.0137
3986.00,0.0137
3985.00,0.0137
3984.00,0.0137
3983.00,0.0137
3982.00,0.0137
3981.00,0.0137
3980.00,0.0136
3979.00,0.0136
3978.00,0.0136
3977.00,0.0136
3976.00,0.0136
3975.00,0.0136
3974.00,0.0136
3973.00,0.0136
3972.00,0.0136
3971.00,0.0136
3970.00,0.0136
3969.00,0.0136
3968.00,0.0136
3967.00,0.0136
3966.00,0.0136
3965.00,0.0136
3964.00,0.0136
3963.00,0.0136
3962.00,0.0136
3961.00,0.0136
3960.00,0.0136
3959.00,0.0136
3958.00,0.0136
3957.00,0.0136
3956.00,0.0136
3955.00,0.0136
3954.00,0.0136
3953.00,0.0136
3952.00,0.0136
3951.00,0.0136
3950.00,0.0136
3949.00,0.0136
3948.00,0.0136
3947.00,0.0136
3946.00,0.0136
3945.00,0.0136
3944.00,0.0136
3943.00,0.0136
3942.00,0.0136
3941.00,0.0136
3940.00,0.0136
3939.00,0.0136
3938.00,0.0136
3937.00,0.0136
3936.00,0.0136
3935.00,0.0136
3934.00,0.0136
3933.00,0.0136
3932.00,0.0136
3931.00,0.0136
3930.00,0.0136
3929.00,0.0136
3928.00,0.0135
3927.00,0.0135
3926.00,0.0135
3925.00,0.0135
3924.00,0.0135
3923.00,0.0135
3922.00,0.0135
3921.00,0.0135
3920.00,0.0135
3919.00,0.0135
3918.00,0.0135
3917.00,0.0135
3916.00,0.0135
3915.00,0.0135
3914.00,0.0135
3913.00,0.0135
3912.00,0.0135
3911.00,0.0135
3910.00,0.0135
3909.00,0.0134
3908.00,0.0134
3907.00,0.0134
3906.00,0.0134
3905.00,0.0134
3904.00,0.0134
3903.00,0.0135
3902.00,0.0135
3901.00,0.0135
3900.00,0.0135
3899.00,0.0135
3898.00,0.0135
3897.00,0.0135
3896.00,0.0135
3895.00,0.0134
3894.00,0.0134
3893.00,0.0134
3892.00,0.0133
3891.00,0.0133
3890.00,0.0134
3889.00,0.0134
3888.00,0.0134
3887.00,0.0134
3886.00,0.0134
3885.00,0.0133
3884.00,0.0133
3883.00,0.0133
3882.00,0.0133
3881.00,0.0133
3880.00,0.0133
3879.00,0.0133
3878.00,0.0133
3877.00,0.0133
3876.00,0.0133
3875.00,0.0133
3874.00,0.0133
3873.00,0.0133
3872.00,0.0133
3871.00,0.0133
3870.00,0.0133
3869.00,0.0133
3868.00,0.0133
3867.00,0.0133
3866.00,0.0133
3865.00,0.0133
3864.00,0.0133
3863.00,0.0132
3862.00,0.0132
3861.00,0.0132
3860.00,0.0132
3859.00,0.0132
3858.00,0.0132
3857.00,0.0132
3856.00,0.0131
3855.00,0.0132
3854.00,0.0132
3853.00,0.0132
3852.00,0.0132
3851.00,0.0132
3850.00,0.0132
3849.00,0.0132
3848.00,0.0132
3847.00,0.0132
3846.00,0.0132
3845.00,0.0132
3844.00,0.0132
3843.00,0.0132
3842.00,0.0132
3841.00,0.0132
3840.00,0.0131
3839.00,0.0131
3838.00,0.0131
3837.00,0.0131
3836.00,0.0131
3835.00,0.0131
3834.00,0.0131
3833.00,0.0131
3832.00,0.0131
3831.00,0.0131
3830.00,0.0131
3829.00,0.0131
3828.00,0.0131
3827.00,0.0131
3826.00,0.0131
3825.00,0.0131
3824.00,0.0131
3823.00,0.0131
3822.00,0.0131
3821.00,0.0131
3820.00,0.0131
3819.00,0.0131
3818.00,0.0131
3817.00,0.0130
3816.00,0.0130
3815.00,0.0130
3814.00,0.0130
3813.00,0.0130
3812.00,0.0130
3811.00,0.0130
3810.00,0.0130
3809.00,0.0130
3808.00,0.0130
3807.00,0.0130
3806.00,0.0130
3805.00,0.0130
3804.00,0.0130
3803.00,0.0130
3802.00,0.0130
3801.00,0.0130
3800.00,0.0130
3799.00,0.0130
3798.00,0.0130
3797.00,0.0130
3796.00,0.0130
3795.00,0.0129
3794.00,0.0129
3793.00,0.0129
3792.00,0.0129
3791.00,0.0129
3790.00,0.0129
3789.00,0.0129
3788.00,0.0129
3787.00,0.0129
3786.00,0.0129
3785.00,0.0129
3784.00,0.0129
3783.00,0.0129
3782.00,0.0129
3781.00,0.0129
3780.00,0.0129
3779.00,0.0128
3778.00,0.0128
3777.00,0.0128
3776.00,0.0128
3775.00,0.0128
3774.00,0.0128
3773.00,0.0128
3772.00,0.0128
3771.00,0.0128
3770.00,0.0128
3769.00,0.0128
3768.00,0.0128
3767.00,0.0128
3766.00,0.0128
3765.00,0.0128
3764.00,0.0128
3763.00,0.0128
3762.00,0.0128
3761.00,0.0128
3760.00,0.0128
3759.00,0.0128
3758.00,0.0128
3757.00,0.0128
3756.00,0.0128
3755.00,0.0128
3754.00,0.0128
3753.00,0.0128
3752.00,0.0128
3751.00,0.0128
3750.00,0.0128
3749.00,0.0128
3748.00,0.0128
3747.00,0.0128
3746.00,0.0127
3745.00,0.0127
3744.00,0.0127
3743.00,0.0127
3742.00,0.0127
3741.00,0.0127
3740.00,0.0127
3739.00,0.0127
3738.00,0.0127
3737.00,0.0126
3736.00,0.0126
3735.00,0.0126
3734.00,0.0126
3733.00,0.0126
3732.00,0.0126
3731.00,0.0125
3730.00,0.0125
3729.00,0.0125
3728.00,0.0125
3727.00,0.0124
3726.00,0.0124
3725.00,0.0124
3724.00,0.0124
3723.00,0.0124
3722.00,0.0124
3721.00,0.0124
3720.00,0.0124
3719.00,0.0124
3718.00,0.0124
3717.00,0.0124
3716.00,0.0124
3715.00,0.0124
3714.00,0.0124
3713.00,0.0124
3712.00,0.0124
3711.00,0.0124
3710.00,0.0124
3709.00,0.0124
3708.00,0.0123
3707.00,0.0123
3706.00,0.0123
3705.00,0.0123
3704.00,0.0123
3703.00,0.0123
3702.00,0.0123
3701.00,0.0123
3700.00,0.0123
3699.00,0.0122
3698.00,0.0122
3697.00,0.0122
3696.00,0.0122
3695.00,0.0122
3694.00,0.0123
3693.00,0.0123
3692.00,0.0123
3691.00,0.0123
3690.00,0.0123
3689.00,0.0123
3688.00,0.0123
3687.00,0.0123
3686.00,0.0123
3685.00,0.0123
3684.00,0.0123
3683.00,0.0123
3682.00,0.0123
3681.00,0.0123
3680.00,0.0123
3679.00,0.0123
3678.00,0.0123
3677.00,0.0123
3676.00,0.0124
3675.00,0.0124
3674.00,0.0124
3673.00,0.0125
3672.00,0.0125
3671.00,0.0125
3670.00,0.0125
3669.00,0.0125
3668.00,0.0125
3667.00,0.0125
3666.00,0.0125
3665.00,0.0125
3664.00,0.0125
3663.00,0.0125
3662.00,0.0125
3661.00,0.0125
3660.00,0.0125
3659.00,0.0125
3658.00,0.0125
3657.00,0.0125
3656.00,0.0125
3655.00,0.0125
3654.00,0.0125
3653.00,0.0126
3652.00,0.0126
3651.00,0.0126
3650.00,0.0126
3649.00,0.0126
3648.00,0.0126
3647.00,0.0126
3646.00,0.0126
3645.00,0.0126
3644.00,0.0126
3643.00,0.0126
3642.00,0.0126
3641.00,0.0126
3640.00,0.0125
3639.00,0.0125
3638.00,0.0125
3637.00,0.0126
3636.00,0.0126
3635.00,0.0126
3634.00,0.0126
3633.00,0.0126
3632.00,0.0126
3631.00,0.0126
3630.00,0.0126
3629.00,0.0126
3628.00,0.0126
3627.00,0.0126
3626.00,0.0126
3625.00,0.0126
3624.00,0.0127
3623.00,0.0127
3622.00,0.0127
3621.00,0.0127
3620.00,0.0127
3619.00,0.0127
3618.00,0.0127
3617.00,0.0127
3616.00,0.0128
3615.00,0.0128
3614.00,0.0128
3613.00,0.0129
3612.00,0.0129
3611.00,0.0129
3610.00,0.0129
3609.00,0.0129
3608.00,0.0129
3607.00,0.0129
3606.00,0.0129
3605.00,0.0129
3604.00,0.0129
3603.00,0.0129
3602.00,0.0129
3601.00,0.0129
3600.00,0.0129
3599.00,0.0130
3598.00,0.0130
3597.00,0.0130
3596.00,0.0131
3595.00,0.0131
3594.00,0.0131
3593.00,0.0131
3592.00,0.0131
3591.00,0.0132
3590.00,0.0132
3589.00,0.0132
3588.00,0.0132
3587.00,0.0133
3586.00,0.0133
3585.00,0.0133
3584.00,0.0133
3583.00,0.0133
3582.00,0.0134
3581.00,0.0134
3580.00,0.0134
3579.00,0.0134
3578.00,0.0134
3577.00,0.0134
3576.00,0.0134
3575.00,0.0135
3574.00,0.0135
3573.00,0.0135
3572.00,0.0136
3571.00,0.0136
3570.00,0.0137
3569.00,0.0137
3568.00,0.0137
3567.00,0.0138
3566.00,0.0138
3565.00,0.0138
3564.00,0.0138
3563.00,0.0139
3562.00,0.0139
3561.00,0.0139
3560.00,0.0139
3559.00,0.0140
3558.00,0.0140
3557.00,0.0140
3556.00,0.0140
3555.00,0.0141
3554.00,0.0141
3553.00,0.0141
3552.00,0.0142
3551.00,0.0142
3550.00,0.0142
3549.00,0.0143
3548.00,0.0143
3547.00,0.0144
3546.00,0.0144
3545.00,0.0144
3544.00,0.0145
3543.00,0.0145
3542.00,0.0145
3541.00,0.0145
3540.00,0.0146
3539.00,0.0146
3538.00,0.0146
3537.00,0.0147
3536.00,0.0147
3535.00,0.0147
3534.00,0.0148
3533.00,0.0148
3532.00,0.0148
3531.00,0.0149
3530.00,0.0149
3529.00,0.0149
3528.00,0.0150
3527.00,0.0150
3526.00,0.0151
3525.00,0.0151
3524.00,0.0151
3523.00,0.0152
3522.00,0.0152
3521.00,0.0153
3520.00,0.0153
3519.00,0.0154
3518.00,0.0154
3517.00,0.0155
3516.00,0.0155
3515.00,0.0155
3514.00,0.0156
3513.00,0.0156
3512.00,0.0157
3511.00,0.0157
3510.00,0.0158
3509.00,0.0158
3508.00,0.0159
3507.00,0.0159
3506.00,0.0160
3505.00,0.0160
3504.00,0.0161
3503.00,0.0161
3502.00,0.0162
3501.00,0.0162
3500.00,0.0163
3499.00,0.0163
3498.00,0.0164
3497.00,0.0164
3496.00,0.0165
3495.00,0.0166
3494.00,0.0166
3493.00,0.0167
3492.00,0.0167
3491.00,0.0168
3490.00,0.0168
3489.00,0.0169
3488.00,0.0169
3487.00,0.0170
3486.00,0.0170
3485.00,0.0171
3484.00,0.0171
3483.00,0.0172
3482.00,0.0172
3481.00,0.0173
3480.00,0.0174
3479.00,0.0174
3478.00,0.0175
3477.00,0.0175
3476.00,0.0175
3475.00,0.0176
3474.00,0.0176
3473.00,0.0177
3472.00,0.0177
3471.00,0.0178
3470.00,0.0179
3469.00,0.0179
3468.00,0.0180
3467.00,0.0180
3466.00,0.0181
3465.00,0.0181
3464.00,0.0181
3463.00,0.0182
3462.00,0.0182
3461.00,0.0183
3460.00,0.0183
3459.00,0.0184
3458.00,0.0184
3457.00,0.0184
3456.00,0.0185
3455.00,0.0185
3454.00,0.0185
3453.00,0.0186
3452.00,0.0187
3451.00,0.0187
3450.00,0.0188
3449.00,0.0188
3448.00,0.0189
3447.00,0.0189
3446.00,0.0189
3445.00,0.0190
3444.00,0.0190
3443.00,0.0191
3442.00,0.0191
3441.00,0.0192
3440.00,0.0192
3439.00,0.0193
3438.00,0.0193
3437.00,0.0194
3436.00,0.0194
3435.00,0.0195
3434.00,0.0195
3433.00,0.0195
3432.00,0.0196
3431.00,0.0196
3430.00,0.0197
3429.00,0.0197
3428.00,0.0198
3427.00,0.0198
3426.00,0.0199
3425.00,0.0199
3424.00,0.0200
3423.00,0.0200
3422.00,0.0201
3421.00,0.0201
3420.00,0.0202
3419.00,0.0202
3418.00,0.0203
3417.00,0.0204
3416.00,0.0204
3415.00,0.0205
3414.00,0.0205
3413.00,0.0206
3412.00,0.0207
3411.00,0.0207
3410.00,0.0208
3409.00,0.0209
3408.00,0.0210
3407.00,0.0210
3406.00,0.0211
3405.00,0.0211
3404.00,0.0212
3403.00,0.0212
3402.00,0.0213
3401.00,0.0214
3400.00,0.0215
3399.00,0.0216
3398.00,0.0216
3397.00,0.0217
3396.00,0.0218
3395.00,0.0219
3394.00,0.0220
3393.00,0.0221
3392.00,0.0222
3391.00,0.0222
3390.00,0.0223
3389.00,0.0224
3388.00,0.0225
3387.00,0.0226
3386.00,0.0227
3385.00,0.0228
3384.00,0.0229
3383.00,0.0230
3382.00,0.0231
3381.00,0.0232
3380.00,0.0233
3379.00,0.0234
3378.00,0.0235
3377.00,0.0236
3376.00,0.0238
3375.00,0.0239
3374.00,0.0240
3373.00,0.0241
3372.00,0.0242
3371.00,0.0243
3370.00,0.0245
3369.00,0.0246
3368.00,0.0248
3367.00,0.0249
3366.00,0.0251
3365.00,0.0252
3364.00,0.0254
3363.00,0.0256
3362.00,0.0257
3361.00,0.0259
3360.00,0.0261
3359.00,0.0263
3358.00,0.0265
3357.00,0.0267
3356.00,0.0269
3355.00,0.0272
3354.00,0.0274
3353.00,0.0277
3352.00,0.0280
3351.00,0.0283
3350.00,0.0287
3349.00,0.0291
3348.00,0.0295
3347.00,0.0300
3346.00,0.0305
3345.00,0.0311
3344.00,0.0317
3343.00,0.0324
3342.00,0.0332
3341.00,0.0341
3340.00,0.0351
3339.00,0.0363
3338.00,0.0376
3337.00,0.0392
3336.00,0.0408
3335.00,0.0427
3334.00,0.0446
3333.00,0.0468
3332.00,0.0490
3331.00,0.0513
3330.00,0.0535
3329.00,0.0555
3328.00,0.0574
3327.00,0.0589
3326.00,0.0601
3325.00,0.0609
3324.00,0.0612
3323.00,0.0612
3322.00,0.0607
3321.00,0.0600
3320.00,0.0591
3319.00,0.0579
3318.00,0.0567
3317.00,0.0555
3316.00,0.0542
3315.00,0.0530
3314.00,0.0519
3313.00,0.0508
3312.00,0.0498
3311.00,0.0489
3310.00,0.0480
3309.00,0.0472
3308.00,0.0465
3307.00,0.0460
3306.00,0.0456
3305.00,0.0453
3304.00,0.0452
3303.00,0.0452
3302.00,0.0451
3301.00,0.0451
3300.00,0.0451
3299.00,0.0450
3298.00,0.0450
3297.00,0.0450
3296.00,0.0450
3295.00,0.0451
3294.00,0.0451
3293.00,0.0451
3292.00,0.0452
3291.00,0.0452
3290.00,0.0452
3289.00,0.0451
3288.00,0.0450
3287.00,0.0448
3286.00,0.0447
3285.00,0.0445
3284.00,0.0443
3283.00,0.0442
3282.00,0.0441
3281.00,0.0440
3280.00,0.0439
3279.00,0.0438
3278.00,0.0438
3277.00,0.0438
3276.00,0.0438
3275.00,0.0439
3274.00,0.0439
3273.00,0.0440
3272.00,0.0441
3271.00,0.0443
3270.00,0.0445
3269.00,0.0447
3268.00,0.0449
3267.00,0.0451
3266.00,0.0453
3265.00,0.0454
3264.00,0.0456
3263.00,0.0457
3262.00,0.0459
3261.00,0.0460
3260.00,0.0461
3259.00,0.0461
3258.00,0.0462
3257.00,0.0462
3256.00,0.0461
3255.00,0.0461
3254.00,0.0461
3253.00,0.0461
3252.00,0.0460
3251.00,0.0460
3250.00,0.0459
3249.00,0.0459
3248.00,0.0458
3247.00,0.0458
3246.00,0.0459
3245.00,0.0459
3244.00,0.0460
3243.00,0.0461
3242.00,0.0462
3241.00,0.0463
3240.00,0.0464
3239.00,0.0465
3238.00,0.0466
3237.00,0.0468
3236.00,0.0469
3235.00,0.0470
3234.00,0.0472
3233.00,0.0474
3232.00,0.0476
3231.00,0.0479
3230.00,0.0482
3229.00,0.0484
3228.00,0.0487
3227.00,0.0490
3226.00,0.0493
3225.00,0.0496
3224.00,0.0499
3223.00,0.0502
3222.00,0.0505
3221.00,0.0509
3220.00,0.0512
3219.00,0.0516
3218.00,0.0520
3217.00,0.0523
3216.00,0.0527
3215.00,0.0530
3214.00,0.0534
3213.00,0.0538
3212.00,0.0541
3211.00,0.0545
3210.00,0.0548
3209.00,0.0551
3208.00,0.0555
3207.00,0.0557
3206.00,0.0560
3205.00,0.0562
3204.00,0.0564
3203.00,0.0566
3202.00,0.0568
3201.00,0.0569
3200.00,0.0571
3199.00,0.0572
3198.00,0.0573
3197.00,0.0574
3196.00,0.0576
3195.00,0.0577
3194.00,0.0578
3193.00,0.0580
3192.00,0.0582
3191.00,0.0583
3190.00,0.0585
3189.00,0.0587
3188.00,0.0589
3187.00,0.0591
3186.00,0.0593
3185.00,0.0595
3184.00,0.0597
3183.00,0.0599
3182.00,0.0601
3181.00,0.0604
3180.00,0.0606
3179.00,0.0609
3178.00,0.0611
3177.00,0.0614
3176.00,0.0617
3175.00,0.0620
3174.00,0.0622
3173.00,0.0625
3172.00,0.0629
3171.00,0.0632
3170.00,0.0636
3169.00,0.0639
3168.00,0.0643
3167.00,0.0646
3166.00,0.0649
3165.00,0.0651
3164.00,0.0653
3163.00,0.0654
3162.00,0.0655
3161.00,0.0654
3160.00,0.0653
3159.00,0.0651
3158.00,0.0649
3157.00,0.0647
3156.00,0.0644
3155.00,0.0641
3154.00,0.0638
3153.00,0.0635
3152.00,0.0633
3151.00,0.0630
3150.00,0.0628
3149.00,0.0626
3148.00,0.0623
3147.00,0.0621
3146.00,0.0619
3145.00,0.0617
3144.00,0.0615
3143.00,0.0612
3142.00,0.0609
3141.00,0.0607
3140.00,0.0604
3139.00,0.0602
3138.00,0.0600
3137.00,0.0598
3136.00,0.0597
3135.00,0.0595
3134.00,0.0593
3133.00,0.0591
3132.00,0.0589
3131.00,0.0587
3130.00,0.0585
3129.00,0.0584
3128.00,0.0583
3127.00,0.0582
3126.00,0.0581
3125.00,0.0580
3124.00,0.0578
3123.00,0.0577
3122.00,0.0576
3121.00,0.0575
3120.00,0.0575
3119.00,0.0576
3118.00,0.0577
3117.00,0.0579
3116.00,0.0581
3115.00,0.0584
3114.00,0.0586
3113.00,0.0588
3112.00,0.0590
3111.00,0.0591
3110.00,0.0590
3109.00,0.0590
3108.00,0.0588
3107.00,0.0586
3106.00,0.0582
3105.00,0.0578
3104.00,0.0572
3103.00,0.0566
3102.00,0.0560
3101.00,0.0554
3100.00,0.0549
3099.00,0.0545
3098.00,0.0541
3097.00,0.0537
3096.00,0.0534
3095.00,0.0530
3094.00,0.0527
3093.00,0.0523
3092.00,0.0519
3091.00,0.0515
3090.00,0.0511
3089.00,0.0507
3088.00,0.0504
3087.00,0.0500
3086.00,0.0497
3085.00,0.0493
3084.00,0.0490
3083.00,0.0487
3082.00,0.0484
3081.00,0.0481
3080.00,0.0478
3079.00,0.0475
3078.00,0.0472
3077.00,0.0470
3076.00,0.0468
3075.00,0.0466
3074.00,0.0464
3073.00,0.0462
3072.00,0.0460
3071.00,0.0459
3070.00,0.0458
3069.00,0.0457
3068.00,0.0456
3067.00,0.0456
3066.00,0.0455
3065.00,0.0454
3064.00,0.0453
3063.00,0.0451
3062.00,0.0448
3061.00,0.0446
3060.00,0.0443
3059.00,0.0440
3058.00,0.0437
3057.00,0.0434
3056.00,0.0431
3055.00,0.0429
3054.00,0.0426
3053.00,0.0424
3052.00,0.0421
3051.00,0.0419
3050.00,0.0417
3049.00,0.0415
3048.00,0.0413
3047.00,0.0411
3046.00,0.0409
3045.00,0.0408
3044.00,0.0407
3043.00,0.0408
3042.00,0.0409
3041.00,0.0411
3040.00,0.0414
3039.00,0.0417
3038.00,0.0419
3037.00,0.0420
3036.00,0.0420
3035.00,0.0419
3034.00,0.0417
3033.00,0.0415
3032.00,0.0412
3031.00,0.0409
3030.00,0.0406
3029.00,0.0403
3028.00,0.0399
3027.00,0.0395
3026.00,0.0392
3025.00,0.0389
3024.00,0.0386
3023.00,0.0383
3022.00,0.0381
3021.00,0.0379
3020.00,0.0376
3019.00,0.0374
3018.00,0.0372
3017.00,0.0370
3016.00,0.0368
3015.00,0.0366
3014.00,0.0364
3013.00,0.0363
3012.00,0.0363
3011.00,0.0363
3010.00,0.0364
3009.00,0.0364
3008.00,0.0364
3007.00,0.0364
3006.00,0.0363
3005.00,0.0362
3004.00,0.0361
3003.00,0.0361
3002.00,0.0360
3001.00,0.0359
3000.00,0.0358
2999.00,0.0357
2998.00,0.0356
2997.00,0.0356
2996.00,0.0355
2995.00,0.0355
2994.00,0.0354
2993.00,0.0353
2992.00,0.0353
2991.00,0.0353
2990.00,0.0353
2989.00,0.0353
2988.00,0.0353
2987.00,0.0353
2986.00,0.0354
2985.00,0.0355
2984.00,0.0356
2983.00,0.0358
2982.00,0.0359
2981.00,0.0359
2980.00,0.0359
2979.00,0.0358
2978.00,0.0358
2977.00,0.0356
2976.00,0.0355
2975.00,0.0355
2974.00,0.0354
2973.00,0.0354
2972.00,0.0354
2971.00,0.0353
2970.00,0.0352
2969.00,0.0351
2968.00,0.0350
2967.00,0.0348
2966.00,0.0347
2965.00,0.0346
2964.00,0.0345
2963.00,0.0344
2962.00,0.0342
2961.00,0.0341
2960.00,0.0340
2959.00,0.0338
2958.00,0.0337
2957.00,0.0335
2956.00,0.0334
2955.00,0.0332
2954.00,0.0331
2953.00,0.0329
2952.00,0.0328
2951.00,0.0326
2950.00,0.0325
2949.00,0.0325
2948.00,0.0324
2947.00,0.0323
2946.00,0.0323
2945.00,0.0323
2944.00,0.0324
2943.00,0.0325
2942.00,0.0326
2941.00,0.0327
2940.00,0.0328
2939.00,0.0330
2938.00,0.0331
2937.00,0.0333
2936.00,0.0334
2935.00,0.0336
2934.00,0.0337
2933.00,0.0338
2932.00,0.0339
2931.00,0.0340
2930.00,0.0340
2929.00,0.0340
2928.00,0.0340
2927.00,0.0339
2926.00,0.0338
2925.00,0.0337
2924.00,0.0335
2923.00,0.0333
2922.00,0.0331
2921.00,0.0328
2920.00,0.0326
2919.00,0.0323
2918.00,0.0320
2917.00,0.0318
2916.00,0.0315
2915.00,0.0312
2914.00,0.0310
2913.00,0.0307
2912.00,0.0305
2911.00,0.0303
2910.00,0.0302
2909.00,0.0300
2908.00,0.0299
2907.00,0.0297
2906.00,0.0296
2905.00,0.0294
2904.00,0.0293
2903.00,0.0293
2902.00,0.0292
2901.00,0.0292
2900.00,0.0292
2899.00,0.0291
2898.00,0.0291
2897.00,0.0291
2896.00,0.0292
2895.00,0.0293
2894.00,0.0294
2893.00,0.0295
2892.00,0.0296
2891.00,0.0298
2890.00,0.0299
2889.00,0.0300
2888.00,0.0301
2887.00,0.0302
2886.00,0.0303
2885.00,0.0304
2884.00,0.0305
2883.00,0.0305
2882.00,0.0305
2881.00,0.0305
2880.00,0.0305
2879.00,0.0305
2878.00,0.0304
2877.00,0.0303
2876.00,0.0301
2875.00,0.0299
2874.00,0.0297
2873.00,0.0296
2872.00,0.0294
2871.00,0.0293
2870.00,0.0291
2869.00,0.0288
2868.00,0.0286
2867.00,0.0284
2866.00,0.0281
2865.00,0.0279
2864.00,0.0277
2863.00,0.0274
2862.00,0.0272
2861.00,0.0270
2860.00,0.0269
2859.00,0.0267
2858.00,0.0266
2857.00,0.0265
2856.00,0.0264
2855.00,0.0262
2854.00,0.0261
2853.00,0.0260
2852.00,0.0258
2851.00,0.0257
2850.00,0.0255
2849.00,0.0254
2848.00,0.0252
2847.00,0.0251
2846.00,0.0250
2845.00,0.0250
2844.00,0.0249
2843.00,0.0248
2842.00,0.0247
2841.00,0.0246
2840.00,0.0246
2839.00,0.0245
2838.00,0.0245
2837.00,0.0244
2836.00,0.0244
2835.00,0.0244
2834.00,0.0243
2833.00,0.0243
2832.00,0.0242
2831.00,0.0241
2830.00,0.0241
2829.00,0.0240
2828.00,0.0239
2827.00,0.0239
2826.00,0.0239
2825.00,0.0239
2824.00,0.0239
2823.00,0.0239
2822.00,0.0239
2821.00,0.0239
2820.00,0.0239
2819.00,0.0240
2818.00,0.0240
2817.00,0.0241
2816.00,0.0241
2815.00,0.0242
2814.00,0.0243
2813.00,0.0243
2812.00,0.0244
2811.00,0.0246
2810.00,0.0247
2809.00,0.0248
2808.00,0.0249
2807.00,0.0251
2806.00,0.0252
2805.00,0.0253
2804.00,0.0255
2803.00,0.0256
2802.00,0.0258
2801.00,0.0259
2800.00,0.0260
2799.00,0.0261
2798.00,0.0262
2797.00,0.0263
2796.00,0.0263
2795.00,0.0263
2794.00,0.0263
2793.00,0.0262
2792.00,0.0261
2791.00,0.0259
2790.00,0.0258
2789.00,0.0257
2788.00,0.0255
2787.00,0.0254
2786.00,0.0252
2785.00,0.0250
2784.00,0.0248
2783.00,0.0246
2782.00,0.0244
2781.00,0.0243
2780.00,0.0241
2779.00,0.0239
2778.00,0.0238
2777.00,0.0236
2776.00,0.0234
2775.00,0.0233
2774.00,0.0231
2773.00,0.0230
2772.00,0.0229
2771.00,0.0228
2770.00,0.0226
2769.00,0.0225
2768.00,0.0224
2767.00,0.0223
2766.00,0.0221
2765.00,0.0220
2764.00,0.0219
2763.00,0.0218
2762.00,0.0217
2761.00,0.0216
2760.00,0.0216
2759.00,0.0215
2758.00,0.0214
2757.00,0.0213
2756.00,0.0213
2755.00,0.0212
2754.00,0.0212
2753.00,0.0212
2752.00,0.0211
2751.00,0.0211
2750.00,0.0211
2749.00,0.0211
2748.00,0.0211
2747.00,0.0211
2746.00,0.0211
2745.00,0.0211
2744.00,0.0211
2743.00,0.0211
2742.00,0.0211
2741.00,0.0212
2740.00,0.0212
2739.00,0.0212
2738.00,0.0212
2737.00,0.0212
2736.00,0.0213
2735.00,0.0213
2734.00,0.0213
2733.00,0.0214
2732.00,0.0214
2731.00,0.0215
2730.00,0.0215
2729.00,0.0215
2728.00,0.0215
2727.00,0.0216
2726.00,0.0216
2725.00,0.0217
2724.00,0.0217
2723.00,0.0217
2722.00,0.0218
2721.00,0.0218
2720.00,0.0218
2719.00,0.0219
2718.00,0.0219
2717.00,0.0219
2716.00,0.0219
2715.00,0.0218
2714.00,0.0218
2713.00,0.0218
2712.00,0.0217
2711.00,0.0217
2710.00,0.0216
2709.00,0.0216
2708.00,0.0216
2707.00,0.0215
2706.00,0.0215
2705.00,0.0214
2704.00,0.0214
2703.00,0.0213
2702.00,0.0213
2701.00,0.0212
2700.00,0.0212
2699.00,0.0211
2698.00,0.0211
2697.00,0.0210
2696.00,0.0210
2695.00,0.0209
2694.00,0.0209
2693.00,0.0208
2692.00,0.0208
2691.00,0.0207
2690.00,0.0207
2689.00,0.0207
2688.00,0.0207
2687.00,0.0207
2686.00,0.0207
2685.00,0.0207
2684.00,0.0207
2683.00,0.0207
2682.00,0.0207
2681.00,0.0208
2680.00,0.0208
2679.00,0.0208
2678.00,0.0209
2677.00,0.0209
2676.00,0.0210
2675.00,0.0210
2674.00,0.0211
2673.00,0.0211
2672.00,0.0211
2671.00,0.0212
2670.00,0.0212
2669.00,0.0212
2668.00,0.0212
2667.00,0.0213
2666.00,0.0213
2665.00,0.0213
2664.00,0.0213
2663.00,0.0213
2662.00,0.0212
2661.00,0.0211
2660.00,0.0211
2659.00,0.0210
2658.00,0.0209
2657.00,0.0208
2656.00,0.0207
2655.00,0.0205
2654.00,0.0204
2653.00,0.0203
2652.00,0.0202
2651.00,0.0201
2650.00,0.0200
2649.00,0.0199
2648.00,0.0199
2647.00,0.0198
2646.00,0.0197
2645.00,0.0196
2644.00,0.0195
2643.00,0.0194
2642.00,0.0193
2641.00,0.0193
2640.00,0.0192
2639.00,0.0191
2638.00,0.0191
2637.00,0.0190
2636.00,0.0190
2635.00,0.0189
2634.00,0.0189
2633.00,0.0189
2632.00,0.0188
2631.00,0.0188
2630.00,0.0188
2629.00,0.0188
2628.00,0.0188
2627.00,0.0188
2626.00,0.0188
2625.00,0.0188
2624.00,0.0189
2623.00,0.0189
2622.00,0.0189
2621.00,0.0189
2620.00,0.0190
2619.00,0.0190
2618.00,0.0190
2617.00,0.0190
2616.00,0.0191
2615.00,0.0191
2614.00,0.0191
2613.00,0.0191
2612.00,0.0191
2611.00,0.0191
2610.00,0.0192
2609.00,0.0192
2608.00,0.0192
2607.00,0.0193
2606.00,0.0193
2605.00,0.0194
2604.00,0.0195
2603.00,0.0195
2602.00,0.0196
2601.00,0.0196
2600.00,0.0197
2599.00,0.0198
2598.00,0.0198
2597.00,0.0199
2596.00,0.0199
2595.00,0.0200
2594.00,0.0200
2593.00,0.0200
2592.00,0.0200
2591.00,0.0200
2590.00,0.0200
2589.00,0.0200
2588.00,0.0200
2587.00,0.0200
2586.00,0.0200
2585.00,0.0199
2584.00,0.0199
2583.00,0.0198
2582.00,0.0197
2581.00,0.0196
2580.00,0.0196
2579.00,0.0195
2578.00,0.0194
2577.00,0.0193
2576.00,0.0192
2575.00,0.0191
2574.00,0.0190
2573.00,0.0189
2572.00,0.0188
2571.00,0.0187
2570.00,0.0187
2569.00,0.0186
2568.00,0.0185
2567.00,0.0184
2566.00,0.0183
2565.00,0.0182
2564.00,0.0181
2563.00,0.0180
2562.00,0.0179
2561.00,0.0178
2560.00,0.0177
2559.00,0.0176
2558.00,0.0175
2557.00,0.0175
2556.00,0.0174
2555.00,0.0173
2554.00,0.0172
2553.00,0.0172
2552.00,0.0171
2551.00,0.0170
2550.00,0.0169
2549.00,0.0168
2548.00,0.0168
2547.00,0.0167
2546.00,0.0166
2545.00,0.0166
2544.00,0.0165
2543.00,0.0165
2542.00,0.0164
2541.00,0.0164
2540.00,0.0164
2539.00,0.0163
2538.00,0.0163
2537.00,0.0163
2536.00,0.0163
2535.00,0.0162
2534.00,0.0162
2533.00,0.0162
2532.00,0.0162
2531.00,0.0161
2530.00,0.0161
2529.00,0.0160
2528.00,0.0160
2527.00,0.0160
2526.00,0.0160
2525.00,0.0159
2524.00,0.0159
2523.00,0.0159
2522.00,0.0159
2521.00,0.0160
2520.00,0.0160
2519.00,0.0160
2518.00,0.0160
2517.00,0.0161
2516.00,0.0161
2515.00,0.0161
2514.00,0.0160
2513.00,0.0160
2512.00,0.0160
2511.00,0.0160
2510.00,0.0160
2509.00,0.0160
2508.00,0.0160
2507.00,0.0161
2506.00,0.0161
2505.00,0.0161
2504.00,0.0162
2503.00,0.0162
2502.00,0.0163
2501.00,0.0164
2500.00,0.0164
2499.00,0.0165
2498.00,0.0166
2497.00,0.0167
2496.00,0.0167
2495.00,0.0167
2494.00,0.0167
2493.00,0.0167
2492.00,0.0167
2491.00,0.0167
2490.00,0.0167
2489.00,0.0167
2488.00,0.0166
2487.00,0.0166
2486.00,0.0166
2485.00,0.0165
2484.00,0.0165
2483.00,0.0165
2482.00,0.0165
2481.00,0.0165
2480.00,0.0165
2479.00,0.0164
2478.00,0.0164
2477.00,0.0164
2476.00,0.0163
2475.00,0.0163
2474.00,0.0162
2473.00,0.0162
2472.00,0.0162
2471.00,0.0161
2470.00,0.0161
2469.00,0.0161
2468.00,0.0161
2467.00,0.0160
2466.00,0.0160
2465.00,0.0160
2464.00,0.0160
2463.00,0.0159
2462.00,0.0159
2461.00,0.0159
2460.00,0.0159
2459.00,0.0159
2458.00,0.0158
2457.00,0.0158
2456.00,0.0158
2455.00,0.0157
2454.00,0.0157
2453.00,0.0157
2452.00,0.0156
2451.00,0.0156
2450.00,0.0155
2449.00,0.0155
2448.00,0.0154
2447.00,0.0153
2446.00,0.0152
2445.00,0.0152
2444.00,0.0151
2443.00,0.0150
2442.00,0.0149
2441.00,0.0148
2440.00,0.0147
2439.00,0.0147
2438.00,0.0146
2437.00,0.0146
2436.00,0.0145
2435.00,0.0145
2434.00,0.0144
2433.00,0.0144
2432.00,0.0144
2431.00,0.0143
2430.00,0.0143
2429.00,0.0143
2428.00,0.0142
2427.00,0.0142
2426.00,0.0142
2425.00,0.0142
2424.00,0.0142
2423.00,0.0141
2422.00,0.0141
2421.00,0.0141
2420.00,0.0141
2419.00,0.0141
2418.00,0.0141
2417.00,0.0141
2416.00,0.0141
2415.00,0.0141
2414.00,0.0141
2413.00,0.0141
2412.00,0.0141
2411.00,0.0140
2410.00,0.0140
2409.00,0.0139
2408.00,0.0138
2407.00,0.0138
2406.00,0.0137
2405.00,0.0137
2404.00,0.0137
2403.00,0.0136
2402.00,0.0136
2401.00,0.0136
2400.00,0.0135
2399.00,0.0135
2398.00,0.0135
2397.00,0.0135
2396.00,0.0135
2395.00,0.0134
2394.00,0.0134
2393.00,0.0134
2392.00,0.0133
2391.00,0.0133
2390.00,0.0132
2389.00,0.0132
2388.00,0.0132
2387.00,0.0132
2386.00,0.0131
2385.00,0.0131
2384.00,0.0131
2383.00,0.0131
2382.00,0.0130
2381.00,0.0129
2380.00,0.0129
2379.00,0.0128
2378.00,0.0128
2377.00,0.0128
2376.00,0.0128
2375.00,0.0128
2374.00,0.0128
2373.00,0.0128
2372.00,0.0128
2371.00,0.0128
2370.00,0.0128
2369.00,0.0127
2368.00,0.0127
2367.00,0.0127
2366.00,0.0127
2365.00,0.0127
2364.00,0.0127
2363.00,0.0127
2362.00,0.0127
2361.00,0.0127
2360.00,0.0127
2359.00,0.0127
2358.00,0.0127
2357.00,0.0127
2356.00,0.0127
2355.00,0.0127
2354.00,0.0127
2353.00,0.0127
2352.00,0.0127
2351.00,0.0127
2350.00,0.0127
2349.00,0.0127
2348.00,0.0128
2347.00,0.0128
2346.00,0.0127
2345.00,0.0127
2344.00,0.0127
2343.00,0.0127
2342.00,0.0128
2341.00,0.0129
2340.00,0.0129
2339.00,0.0130
2338.00,0.0130
2337.00,0.0130
2336.00,0.0130
2335.00,0.0130
2334.00,0.0129
2333.00,0.0129
2332.00,0.0129
2331.00,0.0129
2330.00,0.0129
2329.00,0.0131
2328.00,0.0135
2327.00,0.0139
2326.00,0.0142
2325.00,0.0143
2324.00,0.0142
2323.00,0.0139
2322.00,0.0137
2321.00,0.0135
2320.00,0.0134
2319.00,0.0134
2318.00,0.0133
2317.00,0.0133
2316.00,0.0133
2315.00,0.0133
2314.00,0.0133
2313.00,0.0132
2312.00,0.0132
2311.00,0.0132
2310.00,0.0131
2309.00,0.0131
2308.00,0.0131
2307.00,0.0131
2306.00,0.0131
2305.00,0.0132
2304.00,0.0132
2303.00,0.0132
2302.00,0.0132
2301.00,0.0133
2300.00,0.0133
2299.00,0.0133
2298.00,0.0133
2297.00,0.0134
2296.00,0.0134
2295.00,0.0135
2294.00,0.0135
2293.00,0.0136
2292.00,0.0137
2291.00,0.0137
2290.00,0.0138
2289.00,0.0138
2288.00,0.0138
2287.00,0.0138
2286.00,0.0138
2285.00,0.0137
2284.00,0.0136
2283.00,0.0135
2282.00,0.0134
2281.00,0.0134
2280.00,0.0133
2279.00,0.0133
2278.00,0.0133
2277.00,0.0132
2276.00,0.0132
2275.00,0.0131
2274.00,0.0131
2273.00,0.0130
2272.00,0.0130
2271.00,0.0129
2270.00,0.0129
2269.00,0.0128
2268.00,0.0127
2267.00,0.0127
2266.00,0.0127
2265.00,0.0127
2264.00,0.0126
2263.00,0.0126
2262.00,0.0126
2261.00,0.0127
2260.00,0.0127
2259.00,0.0127
2258.00,0.0126
2257.00,0.0125
2256.00,0.0124
2255.00,0.0123
2254.00,0.0123
2253.00,0.0123
2252.00,0.0123
2251.00,0.0124
2250.00,0.0124
2249.00,0.0124
2248.00,0.0125
2247.00,0.0125
2246.00,0.0125
2245.00,0.0125
2244.00,0.0125
2243.00,0.0125
2242.00,0.0124
2241.00,0.0124
2240.00,0.0124
2239.00,0.0124
2238.00,0.0124
2237.00,0.0123
2236.00,0.0123
2235.00,0.0123
2234.00,0.0122
2233.00,0.0122
2232.00,0.0122
2231.00,0.0122
2230.00,0.0122
2229.00,0.0122
2228.00,0.0122
2227.00,0.0122
2226.00,0.0122
2225.00,0.0122
2224.00,0.0122
2223.00,0.0122
2222.00,0.0122
2221.00,0.0122
2220.00,0.0122
2219.00,0.0122
2218.00,0.0122
2217.00,0.0121
2216.00,0.0121
2215.00,0.0121
2214.00,0.0120
2213.00,0.0120
2212.00,0.0120
2211.00,0.0120
2210.00,0.0120
2209.00,0.0120
2208.00,0.0120
2207.00,0.0120
2206.00,0.0120
2205.00,0.0120
2204.00,0.0120
2203.00,0.0120
2202.00,0.0120
2201.00,0.0120
2200.00,0.0120
2199.00,0.0119
2198.00,0.0119
2197.00,0.0119
2196.00,0.0119
2195.00,0.0119
2194.00,0.0120
2193.00,0.0121
2192.00,0.0122
2191.00,0.0122
2190.00,0.0122
2189.00,0.0122
2188.00,0.0123
2187.00,0.0123
2186.00,0.0122
2185.00,0.0120
2184.00,0.0118
2183.00,0.0115
2182.00,0.0114
2181.00,0.0114
2180.00,0.0115
2179.00,0.0115
2178.00,0.0114
2177.00,0.0112
2176.00,0.0111
2175.00,0.0110
2174.00,0.0111
2173.00,0.0114
2172.00,0.0116
2171.00,0.0119
2170.00,0.0122
2169.00,0.0124
2168.00,0.0125
2167.00,0.0124
2166.00,0.0124
2165.00,0.0125
2164.00,0.0127
2163.00,0.0127
2162.00,0.0122
2161.00,0.0111
2160.00,0.0098
2159.00,0.0086
2158.00,0.0081
2157.00,0.0082
2156.00,0.0085
2155.00,0.0088
2154.00,0.0091
2153.00,0.0094
2152.00,0.0096
2151.00,0.0097
2150.00,0.0097
2149.00,0.0098
2148.00,0.0098
2147.00,0.0097
2146.00,0.0097
2145.00,0.0098
2144.00,0.0098
2143.00,0.0097
2142.00,0.0097
2141.00,0.0097
2140.00,0.0097
2139.00,0.0097
2138.00,0.0096
2137.00,0.0095
2136.00,0.0093
2135.00,0.0092
2134.00,0.0091
2133.00,0.0093
2132.00,0.0095
2131.00,0.0097
2130.00,0.0099
2129.00,0.0100
2128.00,0.0101
2127.00,0.0102
2126.00,0.0103
2125.00,0.0105
2124.00,0.0106
2123.00,0.0107
2122.00,0.0108
2121.00,0.0109
2120.00,0.0110
2119.00,0.0110
2118.00,0.0112
2117.00,0.0113
2116.00,0.0114
2115.00,0.0115
2114.00,0.0115
2113.00,0.0114
2112.00,0.0114
2111.00,0.0113
2110.00,0.0113
2109.00,0.0112
2108.00,0.0112
2107.00,0.0112
2106.00,0.0112
2105.00,0.0112
2104.00,0.0112
2103.00,0.0112
2102.00,0.0111
2101.00,0.0111
2100.00,0.0110
2099.00,0.0109
2098.00,0.0108
2097.00,0.0107
2096.00,0.0106
2095.00,0.0105
2094.00,0.0106
2093.00,0.0107
2092.00,0.0108
2091.00,0.0109
2090.00,0.0111
2089.00,0.0112
2088.00,0.0112
2087.00,0.0112
2086.00,0.0113
2085.00,0.0113
2084.00,0.0113
2083.00,0.0113
2082.00,0.0114
2081.00,0.0114
2080.00,0.0114
2079.00,0.0114
2078.00,0.0113
2077.00,0.0113
2076.00,0.0113
2075.00,0.0113
2074.00,0.0112
2073.00,0.0112
2072.00,0.0111
2071.00,0.0110
2070.00,0.0110
2069.00,0.0110
2068.00,0.0109
2067.00,0.0109
2066.00,0.0109
2065.00,0.0109
2064.00,0.0108
2063.00,0.0108
2062.00,0.0108
2061.00,0.0108
2060.00,0.0108
2059.00,0.0109
2058.00,0.0109
2057.00,0.0109
2056.00,0.0109
2055.00,0.0109
2054.00,0.0112
2053.00,0.0117
2052.00,0.0121
2051.00,0.0121
2050.00,0.0118
2049.00,0.0115
2048.00,0.0112
2047.00,0.0110
2046.00,0.0108
2045.00,0.0108
2044.00,0.0108
2043.00,0.0108
2042.00,0.0108
2041.00,0.0108
2040.00,0.0109
2039.00,0.0110
2038.00,0.0109
2037.00,0.0108
2036.00,0.0106
2035.00,0.0105
2034.00,0.0103
2033.00,0.0102
2032.00,0.0101
2031.00,0.0099
2030.00,0.0098
2029.00,0.0098
2028.00,0.0097
2027.00,0.0097
2026.00,0.0097
2025.00,0.0097
2024.00,0.0098
2023.00,0.0097
2022.00,0.0096
2021.00,0.0096
2020.00,0.0096
2019.00,0.0096
2018.00,0.0096
2017.00,0.0096
2016.00,0.0096
2015.00,0.0095
2014.00,0.0095
2013.00,0.0095
2012.00,0.0095
2011.00,0.0094
2010.00,0.0093
2009.00,0.0092
2008.00,0.0091
2007.00,0.0089
2006.00,0.0088
2005.00,0.0089
2004.00,0.0090
2003.00,0.0091
2002.00,0.0092
2001.00,0.0094
2000.00,0.0095
1999.00,0.0095
1998.00,0.0096
1997.00,0.0098
1996.00,0.0099
1995.00,0.0100
1994.00,0.0101
1993.00,0.0102
1992.00,0.0102
1991.00,0.0102
1990.00,0.0101
1989.00,0.0102
1988.00,0.0103
1987.00,0.0104
1986.00,0.0104
1985.00,0.0105
1984.00,0.0107
1983.00,0.0109
1982.00,0.0111
1981.00,0.0112
1980.00,0.0110
1979.00,0.0104
1978.00,0.0097
1977.00,0.0092
1976.00,0.0089
1975.00,0.0088
1974.00,0.0088
1973.00,0.0089
1972.00,0.0089
1971.00,0.0090
1970.00,0.0091
1969.00,0.0093
1968.00,0.0095
1967.00,0.0095
1966.00,0.0094
1965.00,0.0093
1964.00,0.0092
1963.00,0.0090
1962.00,0.0089
1961.00,0.0087
1960.00,0.0086
1959.00,0.0086
1958.00,0.0086
1957.00,0.0087
1956.00,0.0088
1955.00,0.0088
1954.00,0.0088
1953.00,0.0088
1952.00,0.0088
1951.00,0.0089
1950.00,0.0089
1949.00,0.0090
1948.00,0.0090
1947.00,0.0090
1946.00,0.0090
1945.00,0.0091
1944.00,0.0092
1943.00,0.0092
1942.00,0.0091
1941.00,0.0089
1940.00,0.0088
1939.00,0.0087
1938.00,0.0087
1937.00,0.0087
1936.00,0.0088
1935.00,0.0088
1934.00,0.0088
1933.00,0.0088
1932.00,0.0089
1931.00,0.0089
1930.00,0.0089
1929.00,0.0089
1928.00,0.0089
1927.00,0.0089
1926.00,0.0089
1925.00,0.0091
1924.00,0.0093
1923.00,0.0095
1922.00,0.0095
1921.00,0.0094
1920.00,0.0094
1919.00,0.0094
1918.00,0.0094
1917.00,0.0093
1916.00,0.0092
1915.00,0.0091
1914.00,0.0092
1913.00,0.0093
1912.00,0.0094
1911.00,0.0096
1910.00,0.0098
1909.00,0.0099
1908.00,0.0100
1907.00,0.0101
1906.00,0.0102
1905.00,0.0103
1904.00,0.0105
1903.00,0.0105
1902.00,0.0105
1901.00,0.0104
1900.00,0.0103
1899.00,0.0101
1898.00,0.0100
1897.00,0.0099
1896.00,0.0099
1895.00,0.0098
1894.00,0.0097
1893.00,0.0096
1892.00,0.0096
1891.00,0.0097
1890.00,0.0097
1889.00,0.0097
1888.00,0.0097
1887.00,0.0096
1886.00,0.0098
1885.00,0.0100
1884.00,0.0101
1883.00,0.0103
1882.00,0.0104
1881.00,0.0105
1880.00,0.0107
1879.00,0.0108
1878.00,0.0108
1877.00,0.0108
1876.00,0.0108
1875.00,0.0106
1874.00,0.0105
1873.00,0.0103
1872.00,0.0102
1871.00,0.0102
1870.00,0.0102
1869.00,0.0102
1868.00,0.0101
1867.00,0.0098
1866.00,0.0096
1865.00,0.0095
1864.00,0.0094
1863.00,0.0094
1862.00,0.0093
1861.00,0.0094
1860.00,0.0094
1859.00,0.0094
1858.00,0.0094
1857.00,0.0095
1856.00,0.0096
1855.00,0.0097
1854.00,0.0099
1853.00,0.0100
1852.00,0.0101
1851.00,0.0101
1850.00,0.0101
1849.00,0.0101
1848.00,0.0101
1847.00,0.0099
1846.00,0.0096
1845.00,0.0094
1844.00,0.0092
1843.00,0.0090
1842.00,0.0089
1841.00,0.0090
1840.00,0.0091
1839.00,0.0092
1838.00,0.0093
1837.00,0.0093
1836.00,0.0093
1835.00,0.0093
1834.00,0.0093
1833.00,0.0093
1832.00,0.0094
1831.00,0.0095
1830.00,0.0095
1829.00,0.0094
1828.00,0.0094
1827.00,0.0094
1826.00,0.0096
1825.00,0.0097
1824.00,0.0096
1823.00,0.0093
1822.00,0.0091
1821.00,0.0090
1820.00,0.0090
1819.00,0.0089
1818.00,0.0088
1817.00,0.0088
1816.00,0.0087
1815.00,0.0087
1814.00,0.0088
1813.00,0.0089
1812.00,0.0091
1811.00,0.0091
1810.00,0.0090
1809.00,0.0090
1808.00,0.0089
1807.00,0.0089
1806.00,0.0088
1805.00,0.0089
1804.00,0.0090
1803.00,0.0092
1802.00,0.0094
1801.00,0.0094
1800.00,0.0092
1799.00,0.0090
1798.00,0.0089
1797.00,0.0090
1796.00,0.0091
1795.00,0.0090
1794.00,0.0089
1793.00,0.0089
1792.00,0.0090
1791.00,0.0089
1790.00,0.0089
1789.00,0.0089
1788.00,0.0089
1787.00,0.0091
1786.00,0.0092
1785.00,0.0093
1784.00,0.0092
1783.00,0.0092
1782.00,0.0092
1781.00,0.0093
1780.00,0.0092
1779.00,0.0091
1778.00,0.0090
1777.00,0.0089
1776.00,0.0089
1775.00,0.0087
1774.00,0.0084
1773.00,0.0083
1772.00,0.0082
1771.00,0.0083
1770.00,0.0086
1769.00,0.0090
1768.00,0.0093
1767.00,0.0093
1766.00,0.0093
1765.00,0.0093
1764.00,0.0094
1763.00,0.0096
1762.00,0.0096
1761.00,0.0095
1760.00,0.0095
1759.00,0.0096
1758.00,0.0098
1757.00,0.0098
1756.00,0.0097
1755.00,0.0095
1754.00,0.0093
1753.00,0.0094
1752.00,0.0095
1751.00,0.0097
1750.00,0.0098
1749.00,0.0098
1748.00,0.0098
1747.00,0.0097
1746.00,0.0097
1745.00,0.0098
1744.00,0.0099
1743.00,0.0098
1742.00,0.0095
1741.00,0.0092
1740.00,0.0090
1739.00,0.0089
1738.00,0.0088
1737.00,0.0088
1736.00,0.0086
1735.00,0.0085
1734.00,0.0084
1733.00,0.0084
1732.00,0.0089
1731.00,0.0096
1730.00,0.0101
1729.00,0.0103
1728.00,0.0102
1727.00,0.0101
1726.00,0.0101
1725.00,0.0103
1724.00,0.0105
1723.00,0.0105
1722.00,0.0105
1721.00,0.0105
1720.00,0.0105
1719.00,0.0104
1718.00,0.0104
1717.00,0.0104
1716.00,0.0107
1715.00,0.0111
1714.00,0.0115
1713.00,0.0118
1712.00,0.0121
1711.00,0.0124
1710.00,0.0127
1709.00,0.0131
1708.00,0.0134
1707.00,0.0139
1706.00,0.0144
1705.00,0.0149
1704.00,0.0152
1703.00,0.0153
1702.00,0.0153
1701.00,0.0157
1700.00,0.0164
1699.00,0.0171
1698.00,0.0181
1697.00,0.0192
1696.00,0.0203
1695.00,0.0212
1694.00,0.0223
1693.00,0.0237
1692.00,0.0251
1691.00,0.0264
1690.00,0.0275
1689.00,0.0285
1688.00,0.0290
1687.00,0.0291
1686.00,0.0293
1685.00,0.0301
1684.00,0.0315
1683.00,0.0328
1682.00,0.0342
1681.00,0.0357
1680.00,0.0371
1679.00,0.0380
1678.00,0.0388
1677.00,0.0397
1676.00,0.0410
1675.00,0.0426
1674.00,0.0443
1673.00,0.0461
1672.00,0.0482
1671.00,0.0506
1670.00,0.0538
1669.00,0.0577
1668.00,0.0621
1667.00,0.0670
1666.00,0.0725
1665.00,0.0792
1664.00,0.0878
1663.00,0.0987
1662.00,0.1108
1661.00,0.1228
1660.00,0.1344
1659.00,0.1456
1658.00,0.1559
1657.00,0.1647
1656.00,0.1719
1655.00,0.1781
1654.00,0.1844
1653.00,0.1895
1652.00,0.1907
1651.00,0.1890
1650.00,0.1853
1649.00,0.1795
1648.00,0.1711
1647.00,0.1606
1646.00,0.1501
1645.00,0.1418
1644.00,0.1360
1643.00,0.1316
1642.00,0.1278
1641.00,0.1243
1640.00,0.1211
1639.00,0.1183
1638.00,0.1155
1637.00,0.1125
1636.00,0.1091
1635.00,0.1058
1634.00,0.1032
1633.00,0.1015
1632.00,0.1001
1631.00,0.0988
1630.00,0.0976
1629.00,0.0967
1628.00,0.0963
1627.00,0.0962
1626.00,0.0963
1625.00,0.0962
1624.00,0.0958
1623.00,0.0950
1622.00,0.0940
1621.00,0.0934
1620.00,0.0933
1619.00,0.0941
1618.00,0.0966
1617.00,0.1021
1616.00,0.1103
1615.00,0.1197
1614.00,0.1292
1613.00,0.1384
1612.00,0.1466
1611.00,0.1526
1610.00,0.1545
1609.00,0.1519
1608.00,0.1454
1607.00,0.1362
1606.00,0.1261
1605.00,0.1162
1604.00,0.1074
1603.00,0.0997
1602.00,0.0931
1601.00,0.0874
1600.00,0.0824
1599.00,0.0780
1598.00,0.0741
1597.00,0.0706
1596.00,0.0675
1595.00,0.0648
1594.00,0.0625
1593.00,0.0605
1592.00,0.0588
1591.00,0.0574
1590.00,0.0562
1589.00,0.0551
1588.00,0.0542
1587.00,0.0534
1586.00,0.0529
1585.00,0.0525
1584.00,0.0523
1583.00,0.0524
1582.00,0.0528
1581.00,0.0535
1580.00,0.0545
1579.00,0.0557
1578.00,0.0576
1577.00,0.0610
1576.00,0.0665
1575.00,0.0734
1574.00,0.0809
1573.00,0.0887
1572.00,0.0973
1571.00,0.1076
1570.00,0.1200
1569.00,0.1331
1568.00,0.1445
1567.00,0.1534
1566.00,0.1604
1565.00,0.1655
1564.00,0.1685
1563.00,0.1687
1562.00,0.1664
1561.00,0.1621
1560.00,0.1555
1559.00,0.1460
1558.00,0.1359
1557.00,0.1289
1556.00,0.1242
1555.00,0.1198
1554.00,0.1150
1553.00,0.1106
1552.00,0.1071
1551.00,0.1041
1550.00,0.1011
1549.00,0.0980
1548.00,0.0953
1547.00,0.0931
1546.00,0.0913
1545.00,0.0897
1544.00,0.0878
1543.00,0.0858
1542.00,0.0836
1541.00,0.0815
1540.00,0.0796
1539.00,0.0782
1538.00,0.0776
1537.00,0.0777
1536.00,0.0779
1535.00,0.0778
1534.00,0.0774
1533.00,0.0767
1532.00,0.0760
1531.00,0.0754
1530.00,0.0750
1529.00,0.0748
1528.00,0.0747
1527.00,0.0746
1526.00,0.0746
1525.00,0.0747
1524.00,0.0753
1523.00,0.0771
1522.00,0.0814
1521.00,0.0886
1520.00,0.0978
1519.00,0.1083
1518.00,0.1203
1517.00,0.1322
1516.00,0.1405
1515.00,0.1436
1514.00,0.1434
1513.00,0.1433
1512.00,0.1458
1511.00,0.1527
1510.00,0.1639
1509.00,0.1786
1508.00,0.1956
1507.00,0.2100
1506.00,0.2142
1505.00,0.2077
1504.00,0.1963
1503.00,0.1835
1502.00,0.1703
1501.00,0.1570
1500.00,0.1440
1499.00,0.1316
1498.00,0.1202
1497.00,0.1100
1496.00,0.1015
1495.00,0.0950
1494.00,0.0902
1493.00,0.0865
1492.00,0.0835
1491.00,0.0806
1490.00,0.0776
1489.00,0.0747
1488.00,0.0720
1487.00,0.0696
1486.00,0.0674
1485.00,0.0656
1484.00,0.0642
1483.00,0.0630
1482.00,0.0618
1481.00,0.0608
1480.00,0.0600
1479.00,0.0593
1478.00,0.0589
1477.00,0.0588
1476.00,0.0587
1475.00,0.0585
1474.00,0.0583
1473.00,0.0583
1472.00,0.0585
1471.00,0.0585
1470.00,0.0587
1469.00,0.0590
1468.00,0.0593
1467.00,0.0595
1466.00,0.0598
1465.00,0.0602
1464.00,0.0607
1463.00,0.0614
1462.00,0.0622
1461.00,0.0632
1460.00,0.0644
1459.00,0.0659
1458.00,0.0681
1457.00,0.0714
1456.00,0.0753
1455.00,0.0794
1454.00,0.0840
1453.00,0.0894
1452.00,0.0957
1451.00,0.1026
1450.00,0.1103
1449.00,0.1191
1448.00,0.1286
1447.00,0.1376
1446.00,0.1455
1445.00,0.1523
1444.00,0.1579
1443.00,0.1622
1442.00,0.1652
1441.00,0.1669
1440.00,0.1675
1439.00,0.1670
1438.00,0.1657
1437.00,0.1641
1436.00,0.1617
1435.00,0.1587
1434.00,0.1556
1433.00,0.1521
1432.00,0.1481
1431.00,0.1432
1430.00,0.1378
1429.00,0.1322
1428.00,0.1268
1427.00,0.1216
1426.00,0.1166
1425.00,0.1117
1424.00,0.1066
1423.00,0.1017
1422.00,0.0972
1421.00,0.0931
1420.00,0.0893
1419.00,0.0858
1418.00,0.0827
1417.00,0.0801
1416.00,0.0778
1415.00,0.0758
1414.00,0.0740
1413.00,0.0725
1412.00,0.0712
1411.00,0.0701
1410.00,0.0691
1409.00,0.0682
1408.00,0.0675
1407.00,0.0670
1406.00,0.0667
1405.00,0.0663
1404.00,0.0659
1403.00,0.0654
1402.00,0.0650
1401.00,0.0648
1400.00,0.0648
1399.00,0.0648
1398.00,0.0647
1397.00,0.0645
1396.00,0.0643
1395.00,0.0641
1394.00,0.0639
1393.00,0.0637
1392.00,0.0637
1391.00,0.0639
1390.00,0.0644
1389.00,0.0652
1388.00,0.0663
1387.00,0.0676
1386.00,0.0692
1385.00,0.0709
1384.00,0.0731
1383.00,0.0759
1382.00,0.0793
1381.00,0.0830
1380.00,0.0869
1379.00,0.0907
1378.00,0.0941
1377.00,0.0969
1376.00,0.0991
1375.00,0.1008
1374.00,0.1018
1373.00,0.1022
1372.00,0.1021
1371.00,0.1017
1370.00,0.1008
1369.00,0.0993
1368.00,0.0969
1367.00,0.0940
1366.00,0.0909
1365.00,0.0880
1364.00,0.0852
1363.00,0.0824
1362.00,0.0793
1361.00,0.0761
1360.00,0.0729
1359.00,0.0700
1358.00,0.0673
1357.00,0.0649
1356.00,0.0627
1355.00,0.0608
1354.00,0.0590
1353.00,0.0574
1352.00,0.0560
1351.00,0.0547
1350.00,0.0536
1349.00,0.0526
1348.00,0.0517
1347.00,0.0510
1346.00,0.0504
1345.00,0.0500
1344.00,0.0498
1343.00,0.0498
1342.00,0.0502
1341.00,0.0509
1340.00,0.0517
1339.00,0.0527
1338.00,0.0538
1337.00,0.0551
1336.00,0.0571
1335.00,0.0599
1334.00,0.0637
1333.00,0.0688
1332.00,0.0750
1331.00,0.0817
1330.00,0.0879
1329.00,0.0923
1328.00,0.0939
1327.00,0.0926
1326.00,0.0892
1325.00,0.0848
1324.00,0.0802
1323.00,0.0761
1322.00,0.0727
1321.00,0.0698
1320.00,0.0672
1319.00,0.0649
1318.00,0.0626
1317.00,0.0605
1316.00,0.0586
1315.00,0.0570
1314.00,0.0556
1313.00,0.0543
1312.00,0.0532
1311.00,0.0523
1310.00,0.0515
1309.00,0.0510
1308.00,0.0506
1307.00,0.0505
1306.00,0.0504
1305.00,0.0505
1304.00,0.0506
1303.00,0.0507
1302.00,0.0507
1301.00,0.0504
1300.00,0.0499
1299.00,0.0493
1298.00,0.0486
1297.00,0.0479
1296.00,0.0472
1295.00,0.0465
1294.00,0.0460
1293.00,0.0455
1292.00,0.0450
1291.00,0.0447
1290.00,0.0444
1289.00,0.0442
1288.00,0.0441
1287.00,0.0441
1286.00,0.0442
1285.00,0.0445
1284.00,0.0449
1283.00,0.0453
1282.00,0.0456
1281.00,0.0456
1280.00,0.0451
1279.00,0.0444
1278.00,0.0436
1277.00,0.0429
1276.00,0.0424
1275.00,0.0423
1274.00,0.0423
1273.00,0.0424
1272.00,0.0428
1271.00,0.0435
1270.00,0.0446
1269.00,0.0466
1268.00,0.0500
1267.00,0.0556
1266.00,0.0644
1265.00,0.0772
1264.00,0.0938
1263.00,0.1126
1262.00,0.1306
1261.00,0.1443
1260.00,0.1513
1259.00,0.1513
1258.00,0.1460
1257.00,0.1378
1256.00,0.1292
1255.00,0.1215
1254.00,0.1156
1253.00,0.1115
1252.00,0.1091
1251.00,0.1083
1250.00,0.1090
1249.00,0.1111
1248.00,0.1147
1247.00,0.1196
1246.00,0.1250
1245.00,0.1298
1244.00,0.1327
1243.00,0.1332
1242.00,0.1318
1241.00,0.1299
1240.00,0.1283
1239.00,0.1271
1238.00,0.1260
1237.00,0.1249
1236.00,0.1242
1235.00,0.1249
1234.00,0.1276
1233.00,0.1324
1232.00,0.1389
1231.00,0.1465
1230.00,0.1543
1229.00,0.1613
1228.00,0.1668
1227.00,0.1697
1226.00,0.1693
1225.00,0.1653
1224.00,0.1583
1223.00,0.1494
1222.00,0.1400
1221.00,0.1312
1220.00,0.1233
1219.00,0.1167
1218.00,0.1111
1217.00,0.1061
1216.00,0.1014
1215.00,0.0969
1214.00,0.0925
1213.00,0.0882
1212.00,0.0842
1211.00,0.0805
1210.00,0.0771
1209.00,0.0739
1208.00,0.0709
1207.00,0.0680
1206.00,0.0654
1205.00,0.0630
1204.00,0.0607
1203.00,0.0588
1202.00,0.0571
1201.00,0.0555
1200.00,0.0541
1199.00,0.0528
1198.00,0.0518
1197.00,0.0507
1196.00,0.0498
1195.00,0.0490
1194.00,0.0482
1193.00,0.0475
1192.00,0.0468
1191.00,0.0462
1190.00,0.0457
1189.00,0.0452
1188.00,0.0447
1187.00,0.0442
1186.00,0.0438
1185.00,0.0434
1184.00,0.0430
1183.00,0.0428
1182.00,0.0426
1181.00,0.0425
1180.00,0.0426
1179.00,0.0430
1178.00,0.0440
1177.00,0.0461
1176.00,0.0502
1175.00,0.0567
1174.00,0.0641
1173.00,0.0694
1172.00,0.0699
1171.00,0.0656
1170.00,0.0592
1169.00,0.0534
1168.00,0.0495
1167.00,0.0473
1166.00,0.0461
1165.00,0.0454
1164.00,0.0450
1163.00,0.0448
1162.00,0.0447
1161.00,0.0447
1160.00,0.0448
1159.00,0.0449
1158.00,0.0449
1157.00,0.0450
1156.00,0.0450
1155.00,0.0449
1154.00,0.0447
1153.00,0.0444
1152.00,0.0441
1151.00,0.0437
1150.00,0.0433
1149.00,0.0429
1148.00,0.0425
1147.00,0.0421
1146.00,0.0417
1145.00,0.0413
1144.00,0.0409
1143.00,0.0406
1142.00,0.0403
1141.00,0.0400
1140.00,0.0397
1139.00,0.0395
1138.00,0.0393
1137.00,0.0392
1136.00,0.0391
1135.00,0.0391
1134.00,0.0392
1133.00,0.0394
1132.00,0.0397
1131.00,0.0401
1130.00,0.0406
1129.00,0.0412
1128.00,0.0419
1127.00,0.0425
1126.00,0.0431
1125.00,0.0437
1124.00,0.0440
1123.00,0.0442
1122.00,0.0442
1121.00,0.0440
1120.00,0.0438
1119.00,0.0436
1118.00,0.0437
1117.00,0.0440
1116.00,0.0446
1115.00,0.0456
1114.00,0.0474
1113.00,0.0499
1112.00,0.0533
1111.00,0.0572
1110.00,0.0610
1109.00,0.0638
1108.00,0.0646
1107.00,0.0635
1106.00,0.0610
1105.00,0.0578
1104.00,0.0547
1103.00,0.0522
1102.00,0.0503
1101.00,0.0489
1100.00,0.0480
1099.00,0.0473
1098.00,0.0469
1097.00,0.0466
1096.00,0.0464
1095.00,0.0464
1094.00,0.0465
1093.00,0.0466
1092.00,0.0468
1091.00,0.0471
1090.00,0.0474
1089.00,0.0478
1088.00,0.0481
1087.00,0.0485
1086.00,0.0488
1085.00,0.0492
1084.00,0.0494
1083.00,0.0497
1082.00,0.0499
1081.00,0.0500
1080.00,0.0500
1079.00,0.0499
1078.00,0.0498
1077.00,0.0496
1076.00,0.0494
1075.00,0.0492
1074.00,0.0490
1073.00,0.0487
1072.00,0.0485
1071.00,0.0483
1070.00,0.0482
1069.00,0.0481
1068.00,0.0481
1067.00,0.0481
1066.00,0.0482
1065.00,0.0483
1064.00,0.0484
1063.00,0.0486
1062.00,0.0489
1061.00,0.0491
1060.00,0.0494
1059.00,0.0497
1058.00,0.0500
1057.00,0.0502
1056.00,0.0505
1055.00,0.0507
1054.00,0.0509
1053.00,0.0510
1052.00,0.0511
1051.00,0.0512
1050.00,0.0513
1049.00,0.0514
1048.00,0.0515
1047.00,0.0516
1046.00,0.0518
1045.00,0.0520
1044.00,0.0522
1043.00,0.0525
1042.00,0.0530
1041.00,0.0535
1040.00,0.0540
1039.00,0.0547
1038.00,0.0556
1037.00,0.0564
1036.00,0.0572
1035.00,0.0580
1034.00,0.0586
1033.00,0.0591
1032.00,0.0593
1031.00,0.0594
1030.00,0.0593
1029.00,0.0592
1028.00,0.0589
1027.00,0.0588
1026.00,0.0588
1025.00,0.0590
1024.00,0.0594
1023.00,0.0602
1022.00,0.0612
1021.00,0.0625
1020.00,0.0639
1019.00,0.0652
1018.00,0.0664
1017.00,0.0672
1016.00,0.0673
1015.00,0.0668
1014.00,0.0655
1013.00,0.0637
1012.00,0.0617
1011.00,0.0597
1010.00,0.0582
1009.00,0.0570
1008.00,0.0560
1007.00,0.0549
1006.00,0.0537
1005.00,0.0524
1004.00,0.0512
1003.00,0.0500
1002.00,0.0490
1001.00,0.0480
1000.00,0.0470
999.00,0.0462
998.00,0.0453
997.00,0.0445
996.00,0.0437
995.00,0.0430
994.00,0.0422
993.00,0.0415
992.00,0.0407
991.00,0.0400
990.00,0.0393
989.00,0.0387
988.00,0.0380
987.00,0.0375
986.00,0.0370
985.00,0.0365
984.00,0.0361
983.00,0.0358
982.00,0.0356
981.00,0.0355
980.00,0.0356
979.00,0.0358
978.00,0.0362
977.00,0.0368
976.00,0.0379
975.00,0.0396
974.00,0.0422
973.00,0.0459
972.00,0.0502
971.00,0.0545
970.00,0.0577
969.00,0.0588
968.00,0.0579
967.00,0.0553
966.00,0.0518
965.00,0.0482
964.00,0.0449
963.00,0.0422
962.00,0.0402
961.00,0.0387
960.00,0.0376
959.00,0.0367
958.00,0.0361
957.00,0.0357
956.00,0.0353
955.00,0.0351
954.00,0.0348
953.00,0.0344
952.00,0.0337
951.00,0.0331
950.00,0.0326
949.00,0.0323
948.00,0.0320
947.00,0.0318
946.00,0.0316
945.00,0.0315
944.00,0.0314
943.00,0.0314
942.00,0.0314
941.00,0.0314
940.00,0.0314
939.00,0.0314
938.00,0.0315
937.00,0.0316
936.00,0.0317
935.00,0.0317
934.00,0.0318
933.00,0.0318
932.00,0.0318
931.00,0.0318
930.00,0.0320
929.00,0.0323
928.00,0.0326
927.00,0.0329
926.00,0.0331
925.00,0.0332
924.00,0.0331
923.00,0.0327
922.00,0.0323
921.00,0.0318
920.00,0.0314
919.00,0.0311
918.00,0.0309
917.00,0.0308
916.00,0.0306
915.00,0.0305
914.00,0.0303
913.00,0.0302
912.00,0.0300
911.00,0.0298
910.00,0.0297
909.00,0.0296
908.00,0.0294
907.00,0.0292
906.00,0.0291
905.00,0.0290
904.00,0.0289
903.00,0.0288
902.00,0.0288
901.00,0.0288
900.00,0.0288
899.00,0.0288
898.00,0.0289
897.00,0.0289
896.00,0.0289
895.00,0.0289
894.00,0.0289
893.00,0.0289
892.00,0.0289
891.00,0.0289
890.00,0.0289
889.00,0.0289
888.00,0.0289
887.00,0.0288
886.00,0.0289
885.00,0.0289
884.00,0.0288
883.00,0.0288
882.00,0.0289
881.00,0.0289
880.00,0.0288
879.00,0.0288
878.00,0.0289
877.00,0.0289
876.00,0.0290
875.00,0.0291
874.00,0.0292
873.00,0.0294
872.00,0.0295
871.00,0.0298
870.00,0.0301
869.00,0.0304
868.00,0.0307
867.00,0.0312
866.00,0.0318
865.00,0.0325
864.00,0.0333
863.00,0.0346
862.00,0.0364
861.00,0.0389
860.00,0.0417
859.00,0.0445
858.00,0.0464
857.00,0.0466
856.00,0.0453
855.00,0.0430
854.00,0.0407
853.00,0.0387
852.00,0.0372
851.00,0.0362
850.00,0.0357
849.00,0.0356
848.00,0.0358
847.00,0.0366
846.00,0.0382
845.00,0.0411
844.00,0.0464
843.00,0.0553
842.00,0.0691
841.00,0.0872
840.00,0.1070
839.00,0.1243
838.00,0.1351
837.00,0.1372
836.00,0.1307
835.00,0.1177
834.00,0.1019
833.00,0.0868
832.00,0.0748
831.00,0.0663
830.00,0.0606
829.00,0.0568
828.00,0.0541
827.00,0.0524
826.00,0.0513
825.00,0.0505
824.00,0.0500
823.00,0.0497
822.00,0.0497
821.00,0.0499
820.00,0.0503
819.00,0.0511
818.00,0.0524
817.00,0.0540
816.00,0.0564
815.00,0.0599
814.00,0.0652
813.00,0.0732
812.00,0.0853
811.00,0.1015
810.00,0.1196
809.00,0.1343
808.00,0.1397
807.00,0.1334
806.00,0.1188
805.00,0.1020
804.00,0.0883
803.00,0.0800
802.00,0.0771
801.00,0.0789
800.00,0.0843
799.00,0.0918
798.00,0.0991
797.00,0.1035
796.00,0.1030
795.00,0.0978
794.00,0.0896
793.00,0.0806
792.00,0.0728
791.00,0.0667
790.00,0.0623
789.00,0.0593
788.00,0.0573
787.00,0.0560
786.00,0.0552
785.00,0.0547
784.00,0.0544
783.00,0.0542
782.00,0.0542
781.00,0.0543
780.00,0.0543
779.00,0.0544
778.00,0.0545
777.00,0.0545
776.00,0.0546
775.00,0.0546
774.00,0.0548
773.00,0.0550
772.00,0.0552
771.00,0.0555
770.00,0.0559
769.00,0.0564
768.00,0.0568
767.00,0.0573
766.00,0.0579
765.00,0.0584
764.00,0.0590
763.00,0.0596
762.00,0.0602
761.00,0.0609
760.00,0.0615
759.00,0.0623
758.00,0.0631
757.00,0.0640
756.00,0.0649
755.00,0.0658
754.00,0.0669
753.00,0.0680
752.00,0.0692
751.00,0.0704
750.00,0.0718
749.00,0.0733
748.00,0.0749
747.00,0.0765
746.00,0.0784
745.00,0.0803
744.00,0.0822
743.00,0.0842
742.00,0.0862
741.00,0.0882
740.00,0.0901
739.00,0.0919
738.00,0.0937
737.00,0.0954
736.00,0.0969
735.00,0.0983
734.00,0.0995
733.00,0.1005
732.00,0.1014
731.00,0.1020
730.00,0.1026
729.00,0.1030
728.00,0.1034
727.00,0.1037
726.00,0.1040
725.00,0.1043
724.00,0.1047
723.00,0.1053
722.00,0.1062
721.00,0.1075
720.00,0.1093
719.00,0.1116
718.00,0.1146
717.00,0.1177
716.00,0.1204
715.00,0.1224
714.00,0.1235
713.00,0.1238
712.00,0.1232
711.00,0.1213
710.00,0.1177
709.00,0.1129
708.00,0.1082
707.00,0.1050
706.00,0.1035
705.00,0.1033
704.00,0.1039
703.00,0.1051
702.00,0.1068
701.00,0.1090
700.00,0.1114
699.00,0.1143
698.00,0.1175
697.00,0.1210
696.00,0.1246
695.00,0.1284
694.00,0.1324
693.00,0.1364
692.00,0.1403
691.00,0.1441
690.00,0.1476
689.00,0.1507
688.00,0.1530
687.00,0.1547
686.00,0.1557
685.00,0.1559
684.00,0.1555
683.00,0.1544
682.00,0.1529
681.00,0.1509
680.00,0.1484
679.00,0.1458
678.00,0.1432
677.00,0.1404
676.00,0.1377
675.00,0.1350
674.00,0.1324
673.00,0.1300
672.00,0.1277
671.00,0.1256
670.00,0.1237
669.00,0.1218
668.00,0.1197
667.00,0.1180
666.00,0.1165
665.00,0.1150
664.00,0.1135
663.00,0.1121
662.00,0.1109
661.00,0.1097
660.00,0.1086
659.00,0.1076
658.00,0.1068
657.00,0.1059
656.00,0.1051
655.00,0.1047
654.00,0.1048
653.00,0.1057
652.00,0.1070
651.00,0.1085
650.00,0.1095
649.00,0.1096
648.00,0.1087
647.00,0.1073
646.00,0.1059
645.00,0.1045
644.00,0.1033
643.00,0.1023
642.00,0.1015
641.00,0.1008
640.00,0.1000
639.00,0.0994
638.00,0.0989
637.00,0.0985
636.00,0.0981
635.00,0.0980
634.00,0.0981
633.00,0.0984
632.00,0.0992
631.00,0.1007
630.00,0.1032
629.00,0.1065
628.00,0.1102
627.00,0.1135
626.00,0.1158
625.00,0.1162
624.00,0.1149
623.00,0.1125
622.00,0.1097
621.00,0.1070
620.00,0.1045
619.00,0.1024
618.00,0.1008
617.00,0.0995
616.00,0.0984
615.00,0.0976
614.00,0.0971
613.00,0.0970
612.00,0.0972
611.00,0.0983
610.00,0.1008
609.00,0.1051
608.00,0.1113
607.00,0.1190
606.00,0.1268
605.00,0.1326
604.00,0.1348
603.00,0.1334
602.00,0.1298
601.00,0.1252
600.00,0.1208
599.00,0.1172
598.00,0.1144
597.00,0.1123
596.00,0.1106
595.00,0.1093
594.00,0.1084
593.00,0.1075
592.00,0.1067
591.00,0.1059
590.00,0.1054
589.00,0.1049
588.00,0.1044
587.00,0.1040
586.00,0.1038
585.00,0.1036
584.00,0.1033
583.00,0.1030
582.00,0.1029
581.00,0.1028
580.00,0.1025
579.00,0.1023
578.00,0.1021
577.00,0.1019
576.00,0.1015
575.00,0.1012
574.00,0.1010
573.00,0.1008
572.00,0.1004
571.00,0.1001
570.00,0.1000
569.00,0.0998
568.00,0.0994
567.00,0.0991
566.00,0.0990
565.00,0.0988
564.00,0.0985
563.00,0.0983
562.00,0.0983
561.00,0.0983
560.00,0.0982
559.00,0.0981
558.00,0.0983
557.00,0.0983
556.00,0.0981
555.00,0.0979
554.00,0.0979
553.00,0.0979
552.00,0.0978
551.00,0.0978
550.00,0.0980
549.00,0.0981
548.00,0.0981
547.00,0.0981
546.00,0.0983
545.00,0.0983
544.00,0.0981
543.00,0.0980
542.00,0.0982
541.00,0.0982
540.00,0.0981
539.00,0.0982
538.00,0.0983
537.00,0.0983
536.00,0.0981
535.00,0.0981
534.00,0.0981
533.00,0.0980
532.00,0.0977
531.00,0.0976
530.00,0.0977
529.00,0.0978
528.00,0.0979
527.00,0.0987
526.00,0.1009
525.00,0.1058
524.00,0.1157
523.00,0.1328
522.00,0.1563
521.00,0.1821
520.00,0.2040
519.00,0.2163
518.00,0.2156
517.00,0.2024
516.00,0.1817
515.00,0.1609
514.00,0.1446
513.00,0.1336
512.00,0.1264
511.00,0.1220
510.00,0.1205
509.00,0.1224
508.00,0.1294
507.00,0.1435
506.00,0.1645
505.00,0.1874
504.00,0.2033
503.00,0.2053
502.00,0.1933
501.00,0.1746
500.00,0.1570
499.00,0.1439
498.00,0.1352
497.00,0.1293
496.00,0.1250
495.00,0.1220
494.00,0.1198
493.00,0.1181
492.00,0.1164
491.00,0.1150
490.00,0.1139
489.00,0.1130
488.00,0.1123
487.00,0.1117
486.00,0.1112
485.00,0.1107
484.00,0.1098
483.00,0.1091
482.00,0.1088
481.00,0.1086
480.00,0.1081
479.00,0.1078
478.00,0.1079
477.00,0.1080
476.00,0.1078
475.00,0.1078
474.00,0.1084
473.00,0.1092
472.00,0.1100
471.00,0.1112
470.00,0.1129
469.00,0.1151
468.00,0.1174
467.00,0.1198
466.00,0.1222
465.00,0.1237
464.00,0.1238
463.00,0.1227
462.00,0.1208
461.00,0.1183
460.00,0.1154
459.00,0.1127
458.00,0.1108
457.00,0.1092
456.00,0.1077
455.00,0.1067
454.00,0.1062
453.00,0.1057
452.00,0.1047
451.00,0.1035
450.00,0.1028
449.00,0.1023
448.00,0.1017
447.00,0.1013
446.00,0.1012
445.00,0.1010
444.00,0.1003
443.00,0.0997
442.00,0.0994
441.00,0.0990
440.00,0.0983
439.00,0.0978
438.00,0.0978
437.00,0.0979
436.00,0.0976
435.00,0.0972
434.00,0.0972
433.00,0.0971
432.00,0.0967
431.00,0.0965
430.00,0.0967
429.00,0.0968
428.00,0.0965
427.00,0.0965
426.00,0.0972
425.00,0.0978
424.00,0.0976
423.00,0.0970
422.00,0.0970
421.00,0.0971
420.00,0.0971
419.00,0.0973
418.00,0.0981
417.00,0.0988
416.00,0.0991
415.00,0.0998
414.00,0.1007
413.00,0.1006
412.00,0.0988
411.00,0.0969
410.00,0.0963
409.00,0.0959
408.00,0.0948
407.00,0.0935
406.00,0.0930
405.00,0.0927
404.00,0.0919
403.00,0.0916
402.00,0.0927
401.00,0.0940
400.00,0.0941
