Created as New Dataset,Sample 347 By YargerLab Date Monday, August 19 2024
cm-1,A
4000.00,0.0141
3999.00,0.0141
3998.00,0.0141
3997.00,0.0141
3996.00,0.0141
3995.00,0.0140
3994.00,0.0140
3993.00,0.0140
3992.00,0.0140
3991.00,0.0140
3990.00,0.0140
3989.00,0.0140
3988.00,0.0140
3987.00,0.0140
3986.00,0.0140
3985.00,0.0140
3984.00,0.0140
3983.00,0.0140
3982.00,0.0140
3981.00,0.0140
3980.00,0.0140
3979.00,0.0140
3978.00,0.0140
3977.00,0.0140
3976.00,0.0140
3975.00,0.0140
3974.00,0.0140
3973.00,0.0140
3972.00,0.0140
3971.00,0.0140
3970.00,0.0140
3969.00,0.0140
3968.00,0.0140
3967.00,0.0140
3966.00,0.0140
3965.00,0.0140
3964.00,0.0140
3963.00,0.0140
3962.00,0.0140
3961.00,0.0140
3960.00,0.0140
3959.00,0.0140
3958.00,0.0140
3957.00,0.0140
3956.00,0.0140
3955.00,0.0140
3954.00,0.0140
3953.00,0.0140
3952.00,0.0140
3951.00,0.0140
3950.00,0.0140
3949.00,0.0140
3948.00,0.0141
3947.00,0.0141
3946.00,0.0141
3945.00,0.0140
3944.00,0.0140
3943.00,0.0140
3942.00,0.0140
3941.00,0.0140
3940.00,0.0140
3939.00,0.0140
3938.00,0.0140
3937.00,0.0140
3936.00,0.0140
3935.00,0.0140
3934.00,0.0140
3933.00,0.0140
3932.00,0.0140
3931.00,0.0140
3930.00,0.0140
3929.00,0.0140
3928.00,0.0140
3927.00,0.0140
3926.00,0.0140
3925.00,0.0140
3924.00,0.0140
3923.00,0.0140
3922.00,0.0141
3921.00,0.0141
3920.00,0.0141
3919.00,0.0141
3918.00,0.0141
3917.00,0.0140
3916.00,0.0140
3915.00,0.0140
3914.00,0.0140
3913.00,0.0140
3912.00,0.0140
3911.00,0.0140
3910.00,0.0140
3909.00,0.0140
3908.00,0.0140
3907.00,0.0140
3906.00,0.0140
3905.00,0.0140
3904.00,0.0141
3903.00,0.0141
3902.00,0.0141
3901.00,0.0140
3900.00,0.0140
3899.00,0.0140
3898.00,0.0140
3897.00,0.0140
3896.00,0.0140
3895.00,0.0140
3894.00,0.0140
3893.00,0.0140
3892.00,0.0140
3891.00,0.0140
3890.00,0.0140
3889.00,0.0140
3888.00,0.0140
3887.00,0.0140
3886.00,0.0140
3885.00,0.0140
3884.00,0.0140
3883.00,0.0140
3882.00,0.0140
3881.00,0.0140
3880.00,0.0140
3879.00,0.0140
3878.00,0.0140
3877.00,0.0140
3876.00,0.0140
3875.00,0.0140
3874.00,0.0140
3873.00,0.0140
3872.00,0.0140
3871.00,0.0141
3870.00,0.0140
3869.00,0.0140
3868.00,0.0140
3867.00,0.0140
3866.00,0.0140
3865.00,0.0140
3864.00,0.0140
3863.00,0.0140
3862.00,0.0140
3861.00,0.0140
3860.00,0.0140
3859.00,0.0140
3858.00,0.0140
3857.00,0.0140
3856.00,0.0140
3855.00,0.0140
3854.00,0.0140
3853.00,0.0140
3852.00,0.0139
3851.00,0.0139
3850.00,0.0139
3849.00,0.0140
3848.00,0.0140
3847.00,0.0140
3846.00,0.0140
3845.00,0.0140
3844.00,0.0140
3843.00,0.0140
3842.00,0.0140
3841.00,0.0140
3840.00,0.0140
3839.00,0.0140
3838.00,0.0140
3837.00,0.0139
3836.00,0.0139
3835.00,0.0139
3834.00,0.0139
3833.00,0.0139
3832.00,0.0139
3831.00,0.0139
3830.00,0.0139
3829.00,0.0139
3828.00,0.0140
3827.00,0.0140
3826.00,0.0140
3825.00,0.0140
3824.00,0.0140
3823.00,0.0140
3822.00,0.0140
3821.00,0.0139
3820.00,0.0139
3819.00,0.0139
3818.00,0.0139
3817.00,0.0139
3816.00,0.0139
3815.00,0.0138
3814.00,0.0138
3813.00,0.0138
3812.00,0.0138
3811.00,0.0139
3810.00,0.0139
3809.00,0.0139
3808.00,0.0139
3807.00,0.0139
3806.00,0.0139
3805.00,0.0139
3804.00,0.0139
3803.00,0.0139
3802.00,0.0139
3801.00,0.0139
3800.00,0.0139
3799.00,0.0139
3798.00,0.0139
3797.00,0.0139
3796.00,0.0138
3795.00,0.0138
3794.00,0.0138
3793.00,0.0138
3792.00,0.0138
3791.00,0.0138
3790.00,0.0138
3789.00,0.0138
3788.00,0.0138
3787.00,0.0138
3786.00,0.0138
3785.00,0.0138
3784.00,0.0138
3783.00,0.0138
3782.00,0.0138
3781.00,0.0138
3780.00,0.0138
3779.00,0.0138
3778.00,0.0138
3777.00,0.0138
3776.00,0.0138
3775.00,0.0138
3774.00,0.0138
3773.00,0.0138
3772.00,0.0138
3771.00,0.0138
3770.00,0.0138
3769.00,0.0138
3768.00,0.0138
3767.00,0.0138
3766.00,0.0138
3765.00,0.0138
3764.00,0.0138
3763.00,0.0138
3762.00,0.0138
3761.00,0.0139
3760.00,0.0139
3759.00,0.0139
3758.00,0.0139
3757.00,0.0139
3756.00,0.0139
3755.00,0.0139
3754.00,0.0139
3753.00,0.0139
3752.00,0.0139
3751.00,0.0140
3750.00,0.0140
3749.00,0.0140
3748.00,0.0139
3747.00,0.0139
3746.00,0.0139
3745.00,0.0138
3744.00,0.0138
3743.00,0.0138
3742.00,0.0139
3741.00,0.0139
3740.00,0.0139
3739.00,0.0140
3738.00,0.0140
3737.00,0.0140
3736.00,0.0139
3735.00,0.0139
3734.00,0.0139
3733.00,0.0139
3732.00,0.0139
3731.00,0.0139
3730.00,0.0139
3729.00,0.0140
3728.00,0.0140
3727.00,0.0140
3726.00,0.0140
3725.00,0.0140
3724.00,0.0140
3723.00,0.0140
3722.00,0.0140
3721.00,0.0139
3720.00,0.0139
3719.00,0.0139
3718.00,0.0139
3717.00,0.0138
3716.00,0.0138
3715.00,0.0138
3714.00,0.0138
3713.00,0.0138
3712.00,0.0138
3711.00,0.0138
3710.00,0.0138
3709.00,0.0138
3708.00,0.0138
3707.00,0.0138
3706.00,0.0138
3705.00,0.0138
3704.00,0.0138
3703.00,0.0137
3702.00,0.0137
3701.00,0.0137
3700.00,0.0136
3699.00,0.0136
3698.00,0.0136
3697.00,0.0136
3696.00,0.0136
3695.00,0.0136
3694.00,0.0136
3693.00,0.0136
3692.00,0.0136
3691.00,0.0136
3690.00,0.0136
3689.00,0.0136
3688.00,0.0136
3687.00,0.0135
3686.00,0.0135
3685.00,0.0135
3684.00,0.0135
3683.00,0.0135
3682.00,0.0136
3681.00,0.0136
3680.00,0.0136
3679.00,0.0136
3678.00,0.0137
3677.00,0.0137
3676.00,0.0137
3675.00,0.0137
3674.00,0.0137
3673.00,0.0137
3672.00,0.0137
3671.00,0.0137
3670.00,0.0137
3669.00,0.0137
3668.00,0.0137
3667.00,0.0137
3666.00,0.0138
3665.00,0.0138
3664.00,0.0138
3663.00,0.0138
3662.00,0.0138
3661.00,0.0138
3660.00,0.0138
3659.00,0.0138
3658.00,0.0138
3657.00,0.0138
3656.00,0.0138
3655.00,0.0138
3654.00,0.0138
3653.00,0.0138
3652.00,0.0138
3651.00,0.0138
3650.00,0.0138
3649.00,0.0138
3648.00,0.0137
3647.00,0.0137
3646.00,0.0137
3645.00,0.0136
3644.00,0.0136
3643.00,0.0136
3642.00,0.0136
3641.00,0.0136
3640.00,0.0136
3639.00,0.0136
3638.00,0.0135
3637.00,0.0135
3636.00,0.0135
3635.00,0.0135
3634.00,0.0135
3633.00,0.0135
3632.00,0.0136
3631.00,0.0136
3630.00,0.0136
3629.00,0.0136
3628.00,0.0136
3627.00,0.0137
3626.00,0.0137
3625.00,0.0137
3624.00,0.0137
3623.00,0.0137
3622.00,0.0137
3621.00,0.0137
3620.00,0.0137
3619.00,0.0137
3618.00,0.0137
3617.00,0.0137
3616.00,0.0137
3615.00,0.0137
3614.00,0.0137
3613.00,0.0137
3612.00,0.0137
3611.00,0.0137
3610.00,0.0138
3609.00,0.0138
3608.00,0.0137
3607.00,0.0137
3606.00,0.0137
3605.00,0.0137
3604.00,0.0137
3603.00,0.0137
3602.00,0.0137
3601.00,0.0137
3600.00,0.0137
3599.00,0.0137
3598.00,0.0137
3597.00,0.0137
3596.00,0.0137
3595.00,0.0137
3594.00,0.0137
3593.00,0.0137
3592.00,0.0138
3591.00,0.0138
3590.00,0.0138
3589.00,0.0138
3588.00,0.0138
3587.00,0.0138
3586.00,0.0138
3585.00,0.0138
3584.00,0.0138
3583.00,0.0138
3582.00,0.0138
3581.00,0.0138
3580.00,0.0138
3579.00,0.0138
3578.00,0.0138
3577.00,0.0138
3576.00,0.0138
3575.00,0.0138
3574.00,0.0138
3573.00,0.0138
3572.00,0.0138
3571.00,0.0139
3570.00,0.0139
3569.00,0.0139
3568.00,0.0140
3567.00,0.0140
3566.00,0.0140
3565.00,0.0140
3564.00,0.0140
3563.00,0.0140
3562.00,0.0140
3561.00,0.0140
3560.00,0.0140
3559.00,0.0140
3558.00,0.0140
3557.00,0.0140
3556.00,0.0140
3555.00,0.0140
3554.00,0.0140
3553.00,0.0140
3552.00,0.0140
3551.00,0.0140
3550.00,0.0141
3549.00,0.0141
3548.00,0.0141
3547.00,0.0141
3546.00,0.0142
3545.00,0.0142
3544.00,0.0142
3543.00,0.0142
3542.00,0.0142
3541.00,0.0142
3540.00,0.0142
3539.00,0.0142
3538.00,0.0142
3537.00,0.0142
3536.00,0.0142
3535.00,0.0142
3534.00,0.0142
3533.00,0.0142
3532.00,0.0142
3531.00,0.0142
3530.00,0.0142
3529.00,0.0143
3528.00,0.0143
3527.00,0.0143
3526.00,0.0143
3525.00,0.0144
3524.00,0.0144
3523.00,0.0144
3522.00,0.0144
3521.00,0.0144
3520.00,0.0144
3519.00,0.0144
3518.00,0.0144
3517.00,0.0144
3516.00,0.0144
3515.00,0.0144
3514.00,0.0144
3513.00,0.0144
3512.00,0.0144
3511.00,0.0145
3510.00,0.0145
3509.00,0.0145
3508.00,0.0145
3507.00,0.0145
3506.00,0.0145
3505.00,0.0145
3504.00,0.0146
3503.00,0.0146
3502.00,0.0146
3501.00,0.0146
3500.00,0.0146
3499.00,0.0146
3498.00,0.0146
3497.00,0.0146
3496.00,0.0146
3495.00,0.0146
3494.00,0.0146
3493.00,0.0146
3492.00,0.0147
3491.00,0.0147
3490.00,0.0147
3489.00,0.0147
3488.00,0.0147
3487.00,0.0147
3486.00,0.0147
3485.00,0.0148
3484.00,0.0148
3483.00,0.0148
3482.00,0.0148
3481.00,0.0148
3480.00,0.0148
3479.00,0.0148
3478.00,0.0148
3477.00,0.0148
3476.00,0.0148
3475.00,0.0148
3474.00,0.0149
3473.00,0.0149
3472.00,0.0149
3471.00,0.0149
3470.00,0.0149
3469.00,0.0149
3468.00,0.0149
3467.00,0.0149
3466.00,0.0149
3465.00,0.0149
3464.00,0.0149
3463.00,0.0150
3462.00,0.0150
3461.00,0.0150
3460.00,0.0150
3459.00,0.0150
3458.00,0.0150
3457.00,0.0151
3456.00,0.0151
3455.00,0.0151
3454.00,0.0151
3453.00,0.0151
3452.00,0.0151
3451.00,0.0151
3450.00,0.0151
3449.00,0.0152
3448.00,0.0152
3447.00,0.0152
3446.00,0.0152
3445.00,0.0152
3444.00,0.0152
3443.00,0.0152
3442.00,0.0153
3441.00,0.0153
3440.00,0.0153
3439.00,0.0153
3438.00,0.0153
3437.00,0.0153
3436.00,0.0153
3435.00,0.0153
3434.00,0.0153
3433.00,0.0154
3432.00,0.0154
3431.00,0.0154
3430.00,0.0154
3429.00,0.0154
3428.00,0.0154
3427.00,0.0155
3426.00,0.0155
3425.00,0.0155
3424.00,0.0155
3423.00,0.0156
3422.00,0.0156
3421.00,0.0156
3420.00,0.0156
3419.00,0.0157
3418.00,0.0157
3417.00,0.0156
3416.00,0.0156
3415.00,0.0156
3414.00,0.0156
3413.00,0.0156
3412.00,0.0157
3411.00,0.0157
3410.00,0.0157
3409.00,0.0157
3408.00,0.0157
3407.00,0.0158
3406.00,0.0158
3405.00,0.0158
3404.00,0.0158
3403.00,0.0157
3402.00,0.0157
3401.00,0.0157
3400.00,0.0157
3399.00,0.0158
3398.00,0.0158
3397.00,0.0159
3396.00,0.0159
3395.00,0.0159
3394.00,0.0159
3393.00,0.0158
3392.00,0.0158
3391.00,0.0159
3390.00,0.0160
3389.00,0.0161
3388.00,0.0162
3387.00,0.0162
3386.00,0.0163
3385.00,0.0163
3384.00,0.0163
3383.00,0.0163
3382.00,0.0163
3381.00,0.0163
3380.00,0.0163
3379.00,0.0164
3378.00,0.0164
3377.00,0.0164
3376.00,0.0165
3375.00,0.0165
3374.00,0.0165
3373.00,0.0164
3372.00,0.0164
3371.00,0.0163
3370.00,0.0162
3369.00,0.0162
3368.00,0.0162
3367.00,0.0163
3366.00,0.0165
3365.00,0.0166
3364.00,0.0167
3363.00,0.0168
3362.00,0.0168
3361.00,0.0168
3360.00,0.0168
3359.00,0.0169
3358.00,0.0169
3357.00,0.0170
3356.00,0.0171
3355.00,0.0170
3354.00,0.0170
3353.00,0.0169
3352.00,0.0168
3351.00,0.0168
3350.00,0.0169
3349.00,0.0170
3348.00,0.0171
3347.00,0.0172
3346.00,0.0172
3345.00,0.0172
3344.00,0.0171
3343.00,0.0171
3342.00,0.0171
3341.00,0.0171
3340.00,0.0171
3339.00,0.0172
3338.00,0.0172
3337.00,0.0173
3336.00,0.0174
3335.00,0.0175
3334.00,0.0176
3333.00,0.0177
3332.00,0.0177
3331.00,0.0178
3330.00,0.0178
3329.00,0.0178
3328.00,0.0178
3327.00,0.0177
3326.00,0.0177
3325.00,0.0178
3324.00,0.0179
3323.00,0.0179
3322.00,0.0180
3321.00,0.0181
3320.00,0.0181
3319.00,0.0181
3318.00,0.0182
3317.00,0.0182
3316.00,0.0182
3315.00,0.0182
3314.00,0.0182
3313.00,0.0182
3312.00,0.0182
3311.00,0.0181
3310.00,0.0181
3309.00,0.0180
3308.00,0.0180
3307.00,0.0180
3306.00,0.0180
3305.00,0.0181
3304.00,0.0182
3303.00,0.0183
3302.00,0.0184
3301.00,0.0184
3300.00,0.0185
3299.00,0.0185
3298.00,0.0185
3297.00,0.0185
3296.00,0.0185
3295.00,0.0185
3294.00,0.0185
3293.00,0.0186
3292.00,0.0186
3291.00,0.0187
3290.00,0.0187
3289.00,0.0188
3288.00,0.0189
3287.00,0.0189
3286.00,0.0189
3285.00,0.0189
3284.00,0.0190
3283.00,0.0190
3282.00,0.0190
3281.00,0.0190
3280.00,0.0191
3279.00,0.0191
3278.00,0.0191
3277.00,0.0191
3276.00,0.0191
3275.00,0.0192
3274.00,0.0191
3273.00,0.0191
3272.00,0.0192
3271.00,0.0192
3270.00,0.0193
3269.00,0.0193
3268.00,0.0194
3267.00,0.0195
3266.00,0.0196
3265.00,0.0196
3264.00,0.0197
3263.00,0.0197
3262.00,0.0198
3261.00,0.0198
3260.00,0.0199
3259.00,0.0199
3258.00,0.0200
3257.00,0.0200
3256.00,0.0201
3255.00,0.0201
3254.00,0.0202
3253.00,0.0203
3252.00,0.0203
3251.00,0.0204
3250.00,0.0205
3249.00,0.0205
3248.00,0.0206
3247.00,0.0207
3246.00,0.0207
3245.00,0.0208
3244.00,0.0209
3243.00,0.0210
3242.00,0.0210
3241.00,0.0211
3240.00,0.0212
3239.00,0.0212
3238.00,0.0213
3237.00,0.0213
3236.00,0.0213
3235.00,0.0214
3234.00,0.0214
3233.00,0.0215
3232.00,0.0216
3231.00,0.0217
3230.00,0.0217
3229.00,0.0218
3228.00,0.0219
3227.00,0.0219
3226.00,0.0219
3225.00,0.0220
3224.00,0.0221
3223.00,0.0221
3222.00,0.0222
3221.00,0.0222
3220.00,0.0223
3219.00,0.0224
3218.00,0.0225
3217.00,0.0225
3216.00,0.0226
3215.00,0.0227
3214.00,0.0228
3213.00,0.0229
3212.00,0.0230
3211.00,0.0231
3210.00,0.0231
3209.00,0.0232
3208.00,0.0233
3207.00,0.0234
3206.00,0.0235
3205.00,0.0236
3204.00,0.0237
3203.00,0.0237
3202.00,0.0238
3201.00,0.0239
3200.00,0.0239
3199.00,0.0240
3198.00,0.0241
3197.00,0.0241
3196.00,0.0242
3195.00,0.0242
3194.00,0.0242
3193.00,0.0243
3192.00,0.0244
3191.00,0.0244
3190.00,0.0245
3189.00,0.0246
3188.00,0.0246
3187.00,0.0247
3186.00,0.0248
3185.00,0.0248
3184.00,0.0249
3183.00,0.0250
3182.00,0.0251
3181.00,0.0251
3180.00,0.0252
3179.00,0.0253
3178.00,0.0254
3177.00,0.0255
3176.00,0.0256
3175.00,0.0257
3174.00,0.0258
3173.00,0.0260
3172.00,0.0261
3171.00,0.0263
3170.00,0.0264
3169.00,0.0266
3168.00,0.0267
3167.00,0.0268
3166.00,0.0269
3165.00,0.0269
3164.00,0.0270
3163.00,0.0271
3162.00,0.0271
3161.00,0.0271
3160.00,0.0272
3159.00,0.0272
3158.00,0.0273
3157.00,0.0273
3156.00,0.0274
3155.00,0.0274
3154.00,0.0275
3153.00,0.0275
3152.00,0.0277
3151.00,0.0278
3150.00,0.0279
3149.00,0.0280
3148.00,0.0282
3147.00,0.0283
3146.00,0.0284
3145.00,0.0285
3144.00,0.0286
3143.00,0.0287
3142.00,0.0287
3141.00,0.0288
3140.00,0.0289
3139.00,0.0290
3138.00,0.0291
3137.00,0.0293
3136.00,0.0294
3135.00,0.0296
3134.00,0.0297
3133.00,0.0298
3132.00,0.0299
3131.00,0.0300
3130.00,0.0302
3129.00,0.0303
3128.00,0.0305
3127.00,0.0307
3126.00,0.0308
3125.00,0.0310
3124.00,0.0311
3123.00,0.0313
3122.00,0.0314
3121.00,0.0315
3120.00,0.0317
3119.00,0.0318
3118.00,0.0320
3117.00,0.0321
3116.00,0.0323
3115.00,0.0325
3114.00,0.0326
3113.00,0.0328
3112.00,0.0330
3111.00,0.0331
3110.00,0.0333
3109.00,0.0334
3108.00,0.0336
3107.00,0.0337
3106.00,0.0339
3105.00,0.0340
3104.00,0.0342
3103.00,0.0344
3102.00,0.0346
3101.00,0.0348
3100.00,0.0350
3099.00,0.0352
3098.00,0.0354
3097.00,0.0357
3096.00,0.0359
3095.00,0.0362
3094.00,0.0363
3093.00,0.0365
3092.00,0.0366
3091.00,0.0367
3090.00,0.0368
3089.00,0.0369
3088.00,0.0370
3087.00,0.0371
3086.00,0.0373
3085.00,0.0374
3084.00,0.0376
3083.00,0.0379
3082.00,0.0382
3081.00,0.0386
3080.00,0.0392
3079.00,0.0401
3078.00,0.0414
3077.00,0.0431
3076.00,0.0452
3075.00,0.0476
3074.00,0.0498
3073.00,0.0517
3072.00,0.0528
3071.00,0.0532
3070.00,0.0529
3069.00,0.0522
3068.00,0.0514
3067.00,0.0505
3066.00,0.0498
3065.00,0.0493
3064.00,0.0489
3063.00,0.0486
3062.00,0.0483
3061.00,0.0478
3060.00,0.0473
3059.00,0.0468
3058.00,0.0461
3057.00,0.0455
3056.00,0.0450
3055.00,0.0446
3054.00,0.0442
3053.00,0.0440
3052.00,0.0438
3051.00,0.0437
3050.00,0.0436
3049.00,0.0435
3048.00,0.0435
3047.00,0.0435
3046.00,0.0435
3045.00,0.0436
3044.00,0.0437
3043.00,0.0438
3042.00,0.0440
3041.00,0.0442
3040.00,0.0444
3039.00,0.0446
3038.00,0.0448
3037.00,0.0451
3036.00,0.0453
3035.00,0.0456
3034.00,0.0458
3033.00,0.0460
3032.00,0.0462
3031.00,0.0464
3030.00,0.0465
3029.00,0.0468
3028.00,0.0470
3027.00,0.0472
3026.00,0.0474
3025.00,0.0476
3024.00,0.0478
3023.00,0.0480
3022.00,0.0482
3021.00,0.0484
3020.00,0.0486
3019.00,0.0488
3018.00,0.0490
3017.00,0.0492
3016.00,0.0494
3015.00,0.0496
3014.00,0.0497
3013.00,0.0499
3012.00,0.0500
3011.00,0.0500
3010.00,0.0501
3009.00,0.0502
3008.00,0.0502
3007.00,0.0503
3006.00,0.0504
3005.00,0.0504
3004.00,0.0505
3003.00,0.0506
3002.00,0.0506
3001.00,0.0507
3000.00,0.0508
2999.00,0.0509
2998.00,0.0509
2997.00,0.0509
2996.00,0.0509
2995.00,0.0509
2994.00,0.0508
2993.00,0.0508
2992.00,0.0507
2991.00,0.0507
2990.00,0.0506
2989.00,0.0506
2988.00,0.0506
2987.00,0.0506
2986.00,0.0506
2985.00,0.0507
2984.00,0.0509
2983.00,0.0510
2982.00,0.0511
2981.00,0.0511
2980.00,0.0511
2979.00,0.0510
2978.00,0.0509
2977.00,0.0508
2976.00,0.0508
2975.00,0.0507
2974.00,0.0506
2973.00,0.0506
2972.00,0.0505
2971.00,0.0505
2970.00,0.0504
2969.00,0.0504
2968.00,0.0503
2967.00,0.0502
2966.00,0.0501
2965.00,0.0500
2964.00,0.0500
2963.00,0.0499
2962.00,0.0497
2961.00,0.0496
2960.00,0.0496
2959.00,0.0495
2958.00,0.0494
2957.00,0.0494
2956.00,0.0495
2955.00,0.0495
2954.00,0.0496
2953.00,0.0497
2952.00,0.0497
2951.00,0.0498
2950.00,0.0499
2949.00,0.0499
2948.00,0.0500
2947.00,0.0500
2946.00,0.0499
2945.00,0.0499
2944.00,0.0497
2943.00,0.0496
2942.00,0.0493
2941.00,0.0491
2940.00,0.0488
2939.00,0.0486
2938.00,0.0483
2937.00,0.0480
2936.00,0.0477
2935.00,0.0474
2934.00,0.0471
2933.00,0.0468
2932.00,0.0465
2931.00,0.0462
2930.00,0.0459
2929.00,0.0457
2928.00,0.0454
2927.00,0.0451
2926.00,0.0448
2925.00,0.0446
2924.00,0.0443
2923.00,0.0440
2922.00,0.0437
2921.00,0.0434
2920.00,0.0431
2919.00,0.0428
2918.00,0.0427
2917.00,0.0426
2916.00,0.0429
2915.00,0.0434
2914.00,0.0441
2913.00,0.0449
2912.00,0.0458
2911.00,0.0466
2910.00,0.0472
2909.00,0.0478
2908.00,0.0482
2907.00,0.0486
2906.00,0.0489
2905.00,0.0493
2904.00,0.0495
2903.00,0.0498
2902.00,0.0501
2901.00,0.0504
2900.00,0.0507
2899.00,0.0510
2898.00,0.0513
2897.00,0.0516
2896.00,0.0519
2895.00,0.0522
2894.00,0.0525
2893.00,0.0528
2892.00,0.0531
2891.00,0.0534
2890.00,0.0536
2889.00,0.0539
2888.00,0.0541
2887.00,0.0544
2886.00,0.0545
2885.00,0.0547
2884.00,0.0549
2883.00,0.0550
2882.00,0.0551
2881.00,0.0552
2880.00,0.0552
2879.00,0.0553
2878.00,0.0554
2877.00,0.0555
2876.00,0.0555
2875.00,0.0556
2874.00,0.0556
2873.00,0.0555
2872.00,0.0555
2871.00,0.0554
2870.00,0.0554
2869.00,0.0552
2868.00,0.0551
2867.00,0.0549
2866.00,0.0547
2865.00,0.0545
2864.00,0.0543
2863.00,0.0540
2862.00,0.0538
2861.00,0.0537
2860.00,0.0536
2859.00,0.0535
2858.00,0.0536
2857.00,0.0536
2856.00,0.0537
2855.00,0.0538
2854.00,0.0538
2853.00,0.0538
2852.00,0.0537
2851.00,0.0537
2850.00,0.0537
2849.00,0.0540
2848.00,0.0546
2847.00,0.0555
2846.00,0.0565
2845.00,0.0575
2844.00,0.0584
2843.00,0.0590
2842.00,0.0596
2841.00,0.0601
2840.00,0.0605
2839.00,0.0608
2838.00,0.0611
2837.00,0.0614
2836.00,0.0617
2835.00,0.0619
2834.00,0.0621
2833.00,0.0623
2832.00,0.0624
2831.00,0.0625
2830.00,0.0626
2829.00,0.0626
2828.00,0.0627
2827.00,0.0626
2826.00,0.0626
2825.00,0.0626
2824.00,0.0625
2823.00,0.0624
2822.00,0.0623
2821.00,0.0622
2820.00,0.0621
2819.00,0.0619
2818.00,0.0618
2817.00,0.0616
2816.00,0.0614
2815.00,0.0612
2814.00,0.0610
2813.00,0.0608
2812.00,0.0606
2811.00,0.0603
2810.00,0.0600
2809.00,0.0597
2808.00,0.0594
2807.00,0.0591
2806.00,0.0588
2805.00,0.0585
2804.00,0.0582
2803.00,0.0579
2802.00,0.0575
2801.00,0.0572
2800.00,0.0569
2799.00,0.0565
2798.00,0.0562
2797.00,0.0558
2796.00,0.0555
2795.00,0.0552
2794.00,0.0549
2793.00,0.0546
2792.00,0.0543
2791.00,0.0539
2790.00,0.0537
2789.00,0.0534
2788.00,0.0531
2787.00,0.0529
2786.00,0.0528
2785.00,0.0527
2784.00,0.0526
2783.00,0.0526
2782.00,0.0525
2781.00,0.0524
2780.00,0.0523
2779.00,0.0521
2778.00,0.0519
2777.00,0.0517
2776.00,0.0514
2775.00,0.0511
2774.00,0.0508
2773.00,0.0505
2772.00,0.0503
2771.00,0.0501
2770.00,0.0499
2769.00,0.0498
2768.00,0.0497
2767.00,0.0497
2766.00,0.0496
2765.00,0.0496
2764.00,0.0495
2763.00,0.0494
2762.00,0.0492
2761.00,0.0491
2760.00,0.0489
2759.00,0.0488
2758.00,0.0487
2757.00,0.0485
2756.00,0.0484
2755.00,0.0483
2754.00,0.0481
2753.00,0.0480
2752.00,0.0478
2751.00,0.0476
2750.00,0.0473
2749.00,0.0471
2748.00,0.0468
2747.00,0.0466
2746.00,0.0463
2745.00,0.0461
2744.00,0.0460
2743.00,0.0459
2742.00,0.0458
2741.00,0.0457
2740.00,0.0457
2739.00,0.0458
2738.00,0.0459
2737.00,0.0460
2736.00,0.0462
2735.00,0.0464
2734.00,0.0466
2733.00,0.0469
2732.00,0.0471
2731.00,0.0473
2730.00,0.0475
2729.00,0.0477
2728.00,0.0478
2727.00,0.0479
2726.00,0.0479
2725.00,0.0479
2724.00,0.0479
2723.00,0.0478
2722.00,0.0476
2721.00,0.0475
2720.00,0.0473
2719.00,0.0471
2718.00,0.0468
2717.00,0.0465
2716.00,0.0463
2715.00,0.0460
2714.00,0.0458
2713.00,0.0456
2712.00,0.0453
2711.00,0.0452
2710.00,0.0450
2709.00,0.0450
2708.00,0.0450
2707.00,0.0451
2706.00,0.0452
2705.00,0.0454
2704.00,0.0458
2703.00,0.0462
2702.00,0.0467
2701.00,0.0472
2700.00,0.0478
2699.00,0.0485
2698.00,0.0492
2697.00,0.0499
2696.00,0.0507
2695.00,0.0514
2694.00,0.0522
2693.00,0.0529
2692.00,0.0536
2691.00,0.0542
2690.00,0.0549
2689.00,0.0554
2688.00,0.0560
2687.00,0.0565
2686.00,0.0570
2685.00,0.0574
2684.00,0.0579
2683.00,0.0583
2682.00,0.0586
2681.00,0.0590
2680.00,0.0593
2679.00,0.0595
2678.00,0.0598
2677.00,0.0600
2676.00,0.0601
2675.00,0.0603
2674.00,0.0604
2673.00,0.0606
2672.00,0.0607
2671.00,0.0607
2670.00,0.0608
2669.00,0.0608
2668.00,0.0609
2667.00,0.0609
2666.00,0.0610
2665.00,0.0610
2664.00,0.0610
2663.00,0.0610
2662.00,0.0610
2661.00,0.0609
2660.00,0.0609
2659.00,0.0608
2658.00,0.0607
2657.00,0.0606
2656.00,0.0604
2655.00,0.0603
2654.00,0.0601
2653.00,0.0599
2652.00,0.0598
2651.00,0.0597
2650.00,0.0596
2649.00,0.0595
2648.00,0.0594
2647.00,0.0594
2646.00,0.0594
2645.00,0.0593
2644.00,0.0592
2643.00,0.0591
2642.00,0.0590
2641.00,0.0588
2640.00,0.0586
2639.00,0.0584
2638.00,0.0581
2637.00,0.0579
2636.00,0.0576
2635.00,0.0574
2634.00,0.0570
2633.00,0.0567
2632.00,0.0563
2631.00,0.0559
2630.00,0.0555
2629.00,0.0552
2628.00,0.0548
2627.00,0.0545
2626.00,0.0541
2625.00,0.0539
2624.00,0.0537
2623.00,0.0535
2622.00,0.0534
2621.00,0.0533
2620.00,0.0533
2619.00,0.0533
2618.00,0.0534
2617.00,0.0535
2616.00,0.0537
2615.00,0.0540
2614.00,0.0543
2613.00,0.0547
2612.00,0.0551
2611.00,0.0556
2610.00,0.0560
2609.00,0.0564
2608.00,0.0568
2607.00,0.0571
2606.00,0.0573
2605.00,0.0573
2604.00,0.0573
2603.00,0.0572
2602.00,0.0570
2601.00,0.0568
2600.00,0.0565
2599.00,0.0561
2598.00,0.0558
2597.00,0.0554
2596.00,0.0550
2595.00,0.0546
2594.00,0.0542
2593.00,0.0538
2592.00,0.0535
2591.00,0.0532
2590.00,0.0530
2589.00,0.0529
2588.00,0.0528
2587.00,0.0528
2586.00,0.0529
2585.00,0.0531
2584.00,0.0534
2583.00,0.0538
2582.00,0.0543
2581.00,0.0548
2580.00,0.0555
2579.00,0.0562
2578.00,0.0569
2577.00,0.0577
2576.00,0.0585
2575.00,0.0593
2574.00,0.0601
2573.00,0.0609
2572.00,0.0617
2571.00,0.0624
2570.00,0.0630
2569.00,0.0636
2568.00,0.0641
2567.00,0.0646
2566.00,0.0650
2565.00,0.0653
2564.00,0.0656
2563.00,0.0659
2562.00,0.0662
2561.00,0.0664
2560.00,0.0666
2559.00,0.0668
2558.00,0.0670
2557.00,0.0671
2556.00,0.0672
2555.00,0.0672
2554.00,0.0672
2553.00,0.0672
2552.00,0.0672
2551.00,0.0671
2550.00,0.0670
2549.00,0.0668
2548.00,0.0667
2547.00,0.0665
2546.00,0.0663
2545.00,0.0661
2544.00,0.0659
2543.00,0.0656
2542.00,0.0654
2541.00,0.0651
2540.00,0.0648
2539.00,0.0646
2538.00,0.0643
2537.00,0.0640
2536.00,0.0637
2535.00,0.0635
2534.00,0.0632
2533.00,0.0629
2532.00,0.0626
2531.00,0.0623
2530.00,0.0620
2529.00,0.0618
2528.00,0.0615
2527.00,0.0612
2526.00,0.0610
2525.00,0.0607
2524.00,0.0604
2523.00,0.0601
2522.00,0.0598
2521.00,0.0595
2520.00,0.0593
2519.00,0.0590
2518.00,0.0587
2517.00,0.0585
2516.00,0.0583
2515.00,0.0581
2514.00,0.0578
2513.00,0.0576
2512.00,0.0574
2511.00,0.0572
2510.00,0.0571
2509.00,0.0569
2508.00,0.0567
2507.00,0.0566
2506.00,0.0565
2505.00,0.0563
2504.00,0.0562
2503.00,0.0560
2502.00,0.0558
2501.00,0.0556
2500.00,0.0553
2499.00,0.0551
2498.00,0.0549
2497.00,0.0546
2496.00,0.0544
2495.00,0.0541
2494.00,0.0539
2493.00,0.0536
2492.00,0.0534
2491.00,0.0531
2490.00,0.0529
2489.00,0.0527
2488.00,0.0525
2487.00,0.0524
2486.00,0.0522
2485.00,0.0520
2484.00,0.0519
2483.00,0.0518
2482.00,0.0516
2481.00,0.0515
2480.00,0.0514
2479.00,0.0513
2478.00,0.0512
2477.00,0.0511
2476.00,0.0510
2475.00,0.0508
2474.00,0.0507
2473.00,0.0506
2472.00,0.0504
2471.00,0.0503
2470.00,0.0501
2469.00,0.0500
2468.00,0.0498
2467.00,0.0496
2466.00,0.0494
2465.00,0.0492
2464.00,0.0490
2463.00,0.0489
2462.00,0.0487
2461.00,0.0485
2460.00,0.0482
2459.00,0.0480
2458.00,0.0479
2457.00,0.0477
2456.00,0.0475
2455.00,0.0473
2454.00,0.0472
2453.00,0.0470
2452.00,0.0468
2451.00,0.0466
2450.00,0.0465
2449.00,0.0463
2448.00,0.0461
2447.00,0.0460
2446.00,0.0458
2445.00,0.0457
2444.00,0.0455
2443.00,0.0454
2442.00,0.0452
2441.00,0.0451
2440.00,0.0450
2439.00,0.0448
2438.00,0.0447
2437.00,0.0446
2436.00,0.0445
2435.00,0.0444
2434.00,0.0443
2433.00,0.0442
2432.00,0.0441
2431.00,0.0440
2430.00,0.0439
2429.00,0.0438
2428.00,0.0437
2427.00,0.0436
2426.00,0.0435
2425.00,0.0434
2424.00,0.0434
2423.00,0.0433
2422.00,0.0432
2421.00,0.0431
2420.00,0.0431
2419.00,0.0430
2418.00,0.0429
2417.00,0.0428
2416.00,0.0427
2415.00,0.0427
2414.00,0.0426
2413.00,0.0425
2412.00,0.0424
2411.00,0.0423
2410.00,0.0421
2409.00,0.0420
2408.00,0.0418
2407.00,0.0417
2406.00,0.0415
2405.00,0.0414
2404.00,0.0413
2403.00,0.0412
2402.00,0.0411
2401.00,0.0410
2400.00,0.0409
2399.00,0.0408
2398.00,0.0407
2397.00,0.0406
2396.00,0.0405
2395.00,0.0404
2394.00,0.0403
2393.00,0.0402
2392.00,0.0401
2391.00,0.0400
2390.00,0.0398
2389.00,0.0397
2388.00,0.0396
2387.00,0.0395
2386.00,0.0394
2385.00,0.0392
2384.00,0.0391
2383.00,0.0390
2382.00,0.0389
2381.00,0.0389
2380.00,0.0388
2379.00,0.0388
2378.00,0.0387
2377.00,0.0386
2376.00,0.0386
2375.00,0.0385
2374.00,0.0384
2373.00,0.0383
2372.00,0.0383
2371.00,0.0382
2370.00,0.0381
2369.00,0.0380
2368.00,0.0380
2367.00,0.0379
2366.00,0.0379
2365.00,0.0378
2364.00,0.0378
2363.00,0.0377
2362.00,0.0376
2361.00,0.0375
2360.00,0.0375
2359.00,0.0374
2358.00,0.0373
2357.00,0.0372
2356.00,0.0372
2355.00,0.0371
2354.00,0.0371
2353.00,0.0370
2352.00,0.0370
2351.00,0.0369
2350.00,0.0368
2349.00,0.0368
2348.00,0.0369
2347.00,0.0371
2346.00,0.0372
2345.00,0.0372
2344.00,0.0370
2343.00,0.0368
2342.00,0.0366
2341.00,0.0364
2340.00,0.0362
2339.00,0.0361
2338.00,0.0359
2337.00,0.0358
2336.00,0.0357
2335.00,0.0356
2334.00,0.0356
2333.00,0.0355
2332.00,0.0356
2331.00,0.0356
2330.00,0.0356
2329.00,0.0358
2328.00,0.0359
2327.00,0.0362
2326.00,0.0363
2325.00,0.0363
2324.00,0.0362
2323.00,0.0359
2322.00,0.0356
2321.00,0.0353
2320.00,0.0351
2319.00,0.0349
2318.00,0.0348
2317.00,0.0347
2316.00,0.0346
2315.00,0.0345
2314.00,0.0344
2313.00,0.0344
2312.00,0.0343
2311.00,0.0343
2310.00,0.0342
2309.00,0.0341
2308.00,0.0341
2307.00,0.0340
2306.00,0.0340
2305.00,0.0340
2304.00,0.0340
2303.00,0.0340
2302.00,0.0340
2301.00,0.0340
2300.00,0.0339
2299.00,0.0339
2298.00,0.0339
2297.00,0.0338
2296.00,0.0338
2295.00,0.0338
2294.00,0.0338
2293.00,0.0338
2292.00,0.0338
2291.00,0.0338
2290.00,0.0337
2289.00,0.0337
2288.00,0.0336
2287.00,0.0336
2286.00,0.0335
2285.00,0.0333
2284.00,0.0332
2283.00,0.0331
2282.00,0.0329
2281.00,0.0328
2280.00,0.0327
2279.00,0.0326
2278.00,0.0325
2277.00,0.0324
2276.00,0.0323
2275.00,0.0322
2274.00,0.0320
2273.00,0.0319
2272.00,0.0318
2271.00,0.0317
2270.00,0.0317
2269.00,0.0316
2268.00,0.0315
2267.00,0.0315
2266.00,0.0314
2265.00,0.0314
2264.00,0.0315
2263.00,0.0315
2262.00,0.0315
2261.00,0.0315
2260.00,0.0315
2259.00,0.0315
2258.00,0.0314
2257.00,0.0313
2256.00,0.0312
2255.00,0.0311
2254.00,0.0310
2253.00,0.0310
2252.00,0.0310
2251.00,0.0310
2250.00,0.0310
2249.00,0.0310
2248.00,0.0309
2247.00,0.0309
2246.00,0.0308
2245.00,0.0307
2244.00,0.0306
2243.00,0.0305
2242.00,0.0305
2241.00,0.0304
2240.00,0.0303
2239.00,0.0302
2238.00,0.0300
2237.00,0.0299
2236.00,0.0298
2235.00,0.0297
2234.00,0.0296
2233.00,0.0295
2232.00,0.0294
2231.00,0.0292
2230.00,0.0291
2229.00,0.0290
2228.00,0.0290
2227.00,0.0289
2226.00,0.0289
2225.00,0.0288
2224.00,0.0288
2223.00,0.0287
2222.00,0.0287
2221.00,0.0287
2220.00,0.0286
2219.00,0.0286
2218.00,0.0286
2217.00,0.0286
2216.00,0.0286
2215.00,0.0287
2214.00,0.0286
2213.00,0.0285
2212.00,0.0284
2211.00,0.0283
2210.00,0.0282
2209.00,0.0281
2208.00,0.0281
2207.00,0.0281
2206.00,0.0281
2205.00,0.0280
2204.00,0.0279
2203.00,0.0278
2202.00,0.0277
2201.00,0.0277
2200.00,0.0277
2199.00,0.0278
2198.00,0.0278
2197.00,0.0278
2196.00,0.0278
2195.00,0.0279
2194.00,0.0279
2193.00,0.0279
2192.00,0.0279
2191.00,0.0279
2190.00,0.0279
2189.00,0.0279
2188.00,0.0281
2187.00,0.0281
2186.00,0.0281
2185.00,0.0280
2184.00,0.0278
2183.00,0.0277
2182.00,0.0276
2181.00,0.0275
2180.00,0.0276
2179.00,0.0275
2178.00,0.0274
2177.00,0.0272
2176.00,0.0271
2175.00,0.0271
2174.00,0.0272
2173.00,0.0273
2172.00,0.0274
2171.00,0.0275
2170.00,0.0275
2169.00,0.0275
2168.00,0.0276
2167.00,0.0276
2166.00,0.0276
2165.00,0.0276
2164.00,0.0277
2163.00,0.0277
2162.00,0.0272
2161.00,0.0262
2160.00,0.0251
2159.00,0.0240
2158.00,0.0234
2157.00,0.0233
2156.00,0.0236
2155.00,0.0239
2154.00,0.0240
2153.00,0.0240
2152.00,0.0240
2151.00,0.0240
2150.00,0.0238
2149.00,0.0237
2148.00,0.0236
2147.00,0.0236
2146.00,0.0236
2145.00,0.0236
2144.00,0.0237
2143.00,0.0238
2142.00,0.0237
2141.00,0.0237
2140.00,0.0237
2139.00,0.0237
2138.00,0.0236
2137.00,0.0235
2136.00,0.0234
2135.00,0.0233
2134.00,0.0232
2133.00,0.0233
2132.00,0.0235
2131.00,0.0237
2130.00,0.0238
2129.00,0.0240
2128.00,0.0241
2127.00,0.0243
2126.00,0.0244
2125.00,0.0245
2124.00,0.0246
2123.00,0.0247
2122.00,0.0248
2121.00,0.0250
2120.00,0.0251
2119.00,0.0252
2118.00,0.0252
2117.00,0.0253
2116.00,0.0253
2115.00,0.0254
2114.00,0.0253
2113.00,0.0253
2112.00,0.0254
2111.00,0.0254
2110.00,0.0255
2109.00,0.0255
2108.00,0.0255
2107.00,0.0256
2106.00,0.0256
2105.00,0.0256
2104.00,0.0256
2103.00,0.0257
2102.00,0.0257
2101.00,0.0258
2100.00,0.0259
2099.00,0.0260
2098.00,0.0261
2097.00,0.0262
2096.00,0.0264
2095.00,0.0266
2094.00,0.0268
2093.00,0.0271
2092.00,0.0273
2091.00,0.0275
2090.00,0.0276
2089.00,0.0277
2088.00,0.0277
2087.00,0.0277
2086.00,0.0276
2085.00,0.0275
2084.00,0.0273
2083.00,0.0272
2082.00,0.0269
2081.00,0.0266
2080.00,0.0264
2079.00,0.0262
2078.00,0.0259
2077.00,0.0257
2076.00,0.0254
2075.00,0.0252
2074.00,0.0249
2073.00,0.0246
2072.00,0.0244
2071.00,0.0242
2070.00,0.0241
2069.00,0.0239
2068.00,0.0238
2067.00,0.0237
2066.00,0.0235
2065.00,0.0233
2064.00,0.0233
2063.00,0.0232
2062.00,0.0231
2061.00,0.0230
2060.00,0.0229
2059.00,0.0228
2058.00,0.0227
2057.00,0.0226
2056.00,0.0225
2055.00,0.0224
2054.00,0.0225
2053.00,0.0227
2052.00,0.0229
2051.00,0.0230
2050.00,0.0228
2049.00,0.0226
2048.00,0.0224
2047.00,0.0224
2046.00,0.0223
2045.00,0.0223
2044.00,0.0223
2043.00,0.0223
2042.00,0.0224
2041.00,0.0224
2040.00,0.0225
2039.00,0.0225
2038.00,0.0224
2037.00,0.0223
2036.00,0.0223
2035.00,0.0222
2034.00,0.0220
2033.00,0.0219
2032.00,0.0218
2031.00,0.0218
2030.00,0.0217
2029.00,0.0217
2028.00,0.0218
2027.00,0.0219
2026.00,0.0218
2025.00,0.0217
2024.00,0.0218
2023.00,0.0220
2022.00,0.0220
2021.00,0.0219
2020.00,0.0218
2019.00,0.0218
2018.00,0.0217
2017.00,0.0217
2016.00,0.0217
2015.00,0.0218
2014.00,0.0218
2013.00,0.0217
2012.00,0.0218
2011.00,0.0218
2010.00,0.0216
2009.00,0.0215
2008.00,0.0214
2007.00,0.0212
2006.00,0.0211
2005.00,0.0210
2004.00,0.0211
2003.00,0.0212
2002.00,0.0213
2001.00,0.0213
2000.00,0.0216
1999.00,0.0218
1998.00,0.0220
1997.00,0.0222
1996.00,0.0225
1995.00,0.0228
1994.00,0.0230
1993.00,0.0233
1992.00,0.0236
1991.00,0.0239
1990.00,0.0239
1989.00,0.0238
1988.00,0.0239
1987.00,0.0239
1986.00,0.0238
1985.00,0.0237
1984.00,0.0238
1983.00,0.0239
1982.00,0.0240
1981.00,0.0240
1980.00,0.0240
1979.00,0.0238
1978.00,0.0235
1977.00,0.0234
1976.00,0.0236
1975.00,0.0241
1974.00,0.0245
1973.00,0.0250
1972.00,0.0255
1971.00,0.0257
1970.00,0.0255
1969.00,0.0250
1968.00,0.0244
1967.00,0.0238
1966.00,0.0232
1965.00,0.0227
1964.00,0.0224
1963.00,0.0223
1962.00,0.0221
1961.00,0.0221
1960.00,0.0222
1959.00,0.0223
1958.00,0.0223
1957.00,0.0223
1956.00,0.0225
1955.00,0.0226
1954.00,0.0226
1953.00,0.0226
1952.00,0.0227
1951.00,0.0227
1950.00,0.0227
1949.00,0.0227
1948.00,0.0227
1947.00,0.0227
1946.00,0.0226
1945.00,0.0226
1944.00,0.0227
1943.00,0.0229
1942.00,0.0231
1941.00,0.0234
1940.00,0.0238
1939.00,0.0243
1938.00,0.0247
1937.00,0.0252
1936.00,0.0257
1935.00,0.0262
1934.00,0.0264
1933.00,0.0265
1932.00,0.0265
1931.00,0.0264
1930.00,0.0262
1929.00,0.0261
1928.00,0.0262
1927.00,0.0263
1926.00,0.0265
1925.00,0.0266
1924.00,0.0269
1923.00,0.0272
1922.00,0.0275
1921.00,0.0277
1920.00,0.0280
1919.00,0.0283
1918.00,0.0284
1917.00,0.0286
1916.00,0.0288
1915.00,0.0289
1914.00,0.0287
1913.00,0.0283
1912.00,0.0279
1911.00,0.0275
1910.00,0.0270
1909.00,0.0266
1908.00,0.0264
1907.00,0.0262
1906.00,0.0260
1905.00,0.0258
1904.00,0.0257
1903.00,0.0257
1902.00,0.0255
1901.00,0.0254
1900.00,0.0253
1899.00,0.0253
1898.00,0.0252
1897.00,0.0251
1896.00,0.0250
1895.00,0.0250
1894.00,0.0249
1893.00,0.0248
1892.00,0.0247
1891.00,0.0247
1890.00,0.0246
1889.00,0.0245
1888.00,0.0245
1887.00,0.0244
1886.00,0.0244
1885.00,0.0243
1884.00,0.0242
1883.00,0.0242
1882.00,0.0241
1881.00,0.0240
1880.00,0.0240
1879.00,0.0239
1878.00,0.0238
1877.00,0.0237
1876.00,0.0237
1875.00,0.0237
1874.00,0.0236
1873.00,0.0235
1872.00,0.0234
1871.00,0.0233
1870.00,0.0232
1869.00,0.0230
1868.00,0.0229
1867.00,0.0229
1866.00,0.0228
1865.00,0.0227
1864.00,0.0226
1863.00,0.0225
1862.00,0.0224
1861.00,0.0223
1860.00,0.0222
1859.00,0.0221
1858.00,0.0220
1857.00,0.0219
1856.00,0.0219
1855.00,0.0219
1854.00,0.0218
1853.00,0.0218
1852.00,0.0218
1851.00,0.0218
1850.00,0.0218
1849.00,0.0218
1848.00,0.0219
1847.00,0.0220
1846.00,0.0220
1845.00,0.0220
1844.00,0.0220
1843.00,0.0220
1842.00,0.0220
1841.00,0.0221
1840.00,0.0222
1839.00,0.0223
1838.00,0.0224
1837.00,0.0224
1836.00,0.0226
1835.00,0.0227
1834.00,0.0229
1833.00,0.0231
1832.00,0.0233
1831.00,0.0236
1830.00,0.0238
1829.00,0.0241
1828.00,0.0244
1827.00,0.0247
1826.00,0.0249
1825.00,0.0251
1824.00,0.0252
1823.00,0.0253
1822.00,0.0252
1821.00,0.0251
1820.00,0.0249
1819.00,0.0247
1818.00,0.0244
1817.00,0.0243
1816.00,0.0243
1815.00,0.0243
1814.00,0.0243
1813.00,0.0244
1812.00,0.0245
1811.00,0.0246
1810.00,0.0246
1809.00,0.0247
1808.00,0.0248
1807.00,0.0250
1806.00,0.0251
1805.00,0.0252
1804.00,0.0254
1803.00,0.0256
1802.00,0.0258
1801.00,0.0261
1800.00,0.0264
1799.00,0.0266
1798.00,0.0268
1797.00,0.0270
1796.00,0.0273
1795.00,0.0276
1794.00,0.0278
1793.00,0.0278
1792.00,0.0279
1791.00,0.0279
1790.00,0.0279
1789.00,0.0279
1788.00,0.0279
1787.00,0.0277
1786.00,0.0274
1785.00,0.0270
1784.00,0.0266
1783.00,0.0262
1782.00,0.0258
1781.00,0.0253
1780.00,0.0250
1779.00,0.0246
1778.00,0.0243
1777.00,0.0240
1776.00,0.0239
1775.00,0.0237
1774.00,0.0235
1773.00,0.0230
1772.00,0.0226
1771.00,0.0221
1770.00,0.0217
1769.00,0.0214
1768.00,0.0212
1767.00,0.0209
1766.00,0.0207
1765.00,0.0205
1764.00,0.0203
1763.00,0.0201
1762.00,0.0198
1761.00,0.0196
1760.00,0.0195
1759.00,0.0195
1758.00,0.0195
1757.00,0.0196
1756.00,0.0198
1755.00,0.0200
1754.00,0.0202
1753.00,0.0204
1752.00,0.0206
1751.00,0.0207
1750.00,0.0207
1749.00,0.0205
1748.00,0.0204
1747.00,0.0202
1746.00,0.0199
1745.00,0.0194
1744.00,0.0191
1743.00,0.0187
1742.00,0.0182
1741.00,0.0178
1740.00,0.0174
1739.00,0.0171
1738.00,0.0168
1737.00,0.0168
1736.00,0.0169
1735.00,0.0169
1734.00,0.0167
1733.00,0.0165
1732.00,0.0166
1731.00,0.0169
1730.00,0.0172
1729.00,0.0178
1728.00,0.0186
1727.00,0.0196
1726.00,0.0207
1725.00,0.0220
1724.00,0.0238
1723.00,0.0257
1722.00,0.0276
1721.00,0.0296
1720.00,0.0317
1719.00,0.0341
1718.00,0.0365
1717.00,0.0388
1716.00,0.0411
1715.00,0.0433
1714.00,0.0453
1713.00,0.0473
1712.00,0.0497
1711.00,0.0524
1710.00,0.0552
1709.00,0.0584
1708.00,0.0621
1707.00,0.0663
1706.00,0.0707
1705.00,0.0751
1704.00,0.0794
1703.00,0.0837
1702.00,0.0877
1701.00,0.0913
1700.00,0.0948
1699.00,0.0985
1698.00,0.1024
1697.00,0.1068
1696.00,0.1118
1695.00,0.1174
1694.00,0.1233
1693.00,0.1297
1692.00,0.1368
1691.00,0.1445
1690.00,0.1524
1689.00,0.1603
1688.00,0.1684
1687.00,0.1763
1686.00,0.1835
1685.00,0.1881
1684.00,0.1897
1683.00,0.1906
1682.00,0.1928
1681.00,0.1955
1680.00,0.1976
1679.00,0.1993
1678.00,0.2006
1677.00,0.2010
1676.00,0.1990
1675.00,0.1947
1674.00,0.1908
1673.00,0.1888
1672.00,0.1874
1671.00,0.1843
1670.00,0.1782
1669.00,0.1706
1668.00,0.1643
1667.00,0.1603
1666.00,0.1576
1665.00,0.1550
1664.00,0.1510
1663.00,0.1456
1662.00,0.1399
1661.00,0.1356
1660.00,0.1324
1659.00,0.1298
1658.00,0.1275
1657.00,0.1258
1656.00,0.1246
1655.00,0.1230
1654.00,0.1185
1653.00,0.1108
1652.00,0.1048
1651.00,0.1025
1650.00,0.1019
1649.00,0.1009
1648.00,0.0984
1647.00,0.0943
1646.00,0.0900
1645.00,0.0869
1644.00,0.0848
1643.00,0.0831
1642.00,0.0813
1641.00,0.0795
1640.00,0.0777
1639.00,0.0761
1638.00,0.0748
1637.00,0.0730
1636.00,0.0703
1635.00,0.0676
1634.00,0.0657
1633.00,0.0645
1632.00,0.0636
1631.00,0.0627
1630.00,0.0617
1629.00,0.0608
1628.00,0.0599
1627.00,0.0593
1626.00,0.0591
1625.00,0.0589
1624.00,0.0587
1623.00,0.0586
1622.00,0.0591
1621.00,0.0603
1620.00,0.0618
1619.00,0.0631
1618.00,0.0632
1617.00,0.0612
1616.00,0.0581
1615.00,0.0555
1614.00,0.0542
1613.00,0.0537
1612.00,0.0539
1611.00,0.0549
1610.00,0.0568
1609.00,0.0598
1608.00,0.0637
1607.00,0.0683
1606.00,0.0733
1605.00,0.0784
1604.00,0.0833
1603.00,0.0874
1602.00,0.0903
1601.00,0.0913
1600.00,0.0902
1599.00,0.0871
1598.00,0.0825
1597.00,0.0768
1596.00,0.0709
1595.00,0.0652
1594.00,0.0601
1593.00,0.0559
1592.00,0.0527
1591.00,0.0509
1590.00,0.0513
1589.00,0.0546
1588.00,0.0612
1587.00,0.0704
1586.00,0.0807
1585.00,0.0898
1584.00,0.0960
1583.00,0.0989
1582.00,0.0987
1581.00,0.0968
1580.00,0.0943
1579.00,0.0918
1578.00,0.0888
1577.00,0.0846
1576.00,0.0796
1575.00,0.0753
1574.00,0.0727
1573.00,0.0712
1572.00,0.0700
1571.00,0.0686
1570.00,0.0667
1569.00,0.0649
1568.00,0.0635
1567.00,0.0625
1566.00,0.0615
1565.00,0.0603
1564.00,0.0592
1563.00,0.0586
1562.00,0.0583
1561.00,0.0579
1560.00,0.0569
1559.00,0.0552
1558.00,0.0538
1557.00,0.0531
1556.00,0.0528
1555.00,0.0526
1554.00,0.0522
1553.00,0.0518
1552.00,0.0514
1551.00,0.0510
1550.00,0.0506
1549.00,0.0500
1548.00,0.0496
1547.00,0.0491
1546.00,0.0486
1545.00,0.0480
1544.00,0.0475
1543.00,0.0472
1542.00,0.0470
1541.00,0.0465
1540.00,0.0457
1539.00,0.0450
1538.00,0.0445
1537.00,0.0443
1536.00,0.0441
1535.00,0.0438
1534.00,0.0434
1533.00,0.0430
1532.00,0.0428
1531.00,0.0427
1530.00,0.0427
1529.00,0.0426
1528.00,0.0425
1527.00,0.0425
1526.00,0.0424
1525.00,0.0423
1524.00,0.0421
1523.00,0.0418
1522.00,0.0410
1521.00,0.0400
1520.00,0.0389
1519.00,0.0381
1518.00,0.0372
1517.00,0.0361
1516.00,0.0351
1515.00,0.0343
1514.00,0.0336
1513.00,0.0330
1512.00,0.0323
1511.00,0.0318
1510.00,0.0314
1509.00,0.0310
1508.00,0.0307
1507.00,0.0305
1506.00,0.0302
1505.00,0.0298
1504.00,0.0298
1503.00,0.0301
1502.00,0.0308
1501.00,0.0324
1500.00,0.0352
1499.00,0.0395
1498.00,0.0442
1497.00,0.0474
1496.00,0.0477
1495.00,0.0454
1494.00,0.0421
1493.00,0.0387
1492.00,0.0355
1491.00,0.0325
1490.00,0.0301
1489.00,0.0283
1488.00,0.0270
1487.00,0.0261
1486.00,0.0253
1485.00,0.0247
1484.00,0.0241
1483.00,0.0237
1482.00,0.0233
1481.00,0.0230
1480.00,0.0227
1479.00,0.0225
1478.00,0.0223
1477.00,0.0220
1476.00,0.0219
1475.00,0.0218
1474.00,0.0217
1473.00,0.0216
1472.00,0.0216
1471.00,0.0219
1470.00,0.0222
1469.00,0.0226
1468.00,0.0233
1467.00,0.0242
1466.00,0.0255
1465.00,0.0270
1464.00,0.0286
1463.00,0.0302
1462.00,0.0316
1461.00,0.0330
1460.00,0.0349
1459.00,0.0383
1458.00,0.0457
1457.00,0.0603
1456.00,0.0794
1455.00,0.0967
1454.00,0.1088
1453.00,0.1136
1452.00,0.1099
1451.00,0.0996
1450.00,0.0864
1449.00,0.0735
1448.00,0.0621
1447.00,0.0534
1446.00,0.0474
1445.00,0.0435
1444.00,0.0408
1443.00,0.0390
1442.00,0.0381
1441.00,0.0380
1440.00,0.0386
1439.00,0.0399
1438.00,0.0423
1437.00,0.0460
1436.00,0.0511
1435.00,0.0567
1434.00,0.0627
1433.00,0.0693
1432.00,0.0766
1431.00,0.0843
1430.00,0.0920
1429.00,0.0990
1428.00,0.1050
1427.00,0.1098
1426.00,0.1139
1425.00,0.1176
1424.00,0.1208
1423.00,0.1235
1422.00,0.1258
1421.00,0.1276
1420.00,0.1280
1419.00,0.1263
1418.00,0.1237
1417.00,0.1214
1416.00,0.1191
1415.00,0.1164
1414.00,0.1130
1413.00,0.1093
1412.00,0.1053
1411.00,0.1008
1410.00,0.0964
1409.00,0.0925
1408.00,0.0888
1407.00,0.0853
1406.00,0.0820
1405.00,0.0790
1404.00,0.0764
1403.00,0.0742
1402.00,0.0726
1401.00,0.0709
1400.00,0.0688
1399.00,0.0662
1398.00,0.0636
1397.00,0.0613
1396.00,0.0589
1395.00,0.0563
1394.00,0.0539
1393.00,0.0519
1392.00,0.0503
1391.00,0.0488
1390.00,0.0475
1389.00,0.0462
1388.00,0.0449
1387.00,0.0436
1386.00,0.0426
1385.00,0.0417
1384.00,0.0408
1383.00,0.0398
1382.00,0.0389
1381.00,0.0379
1380.00,0.0369
1379.00,0.0360
1378.00,0.0351
1377.00,0.0343
1376.00,0.0335
1375.00,0.0327
1374.00,0.0320
1373.00,0.0313
1372.00,0.0308
1371.00,0.0302
1370.00,0.0297
1369.00,0.0292
1368.00,0.0286
1367.00,0.0281
1366.00,0.0277
1365.00,0.0273
1364.00,0.0269
1363.00,0.0266
1362.00,0.0263
1361.00,0.0262
1360.00,0.0261
1359.00,0.0261
1358.00,0.0263
1357.00,0.0265
1356.00,0.0269
1355.00,0.0274
1354.00,0.0279
1353.00,0.0284
1352.00,0.0287
1351.00,0.0287
1350.00,0.0287
1349.00,0.0285
1348.00,0.0283
1347.00,0.0281
1346.00,0.0281
1345.00,0.0282
1344.00,0.0283
1343.00,0.0286
1342.00,0.0291
1341.00,0.0299
1340.00,0.0310
1339.00,0.0325
1338.00,0.0345
1337.00,0.0372
1336.00,0.0407
1335.00,0.0451
1334.00,0.0510
1333.00,0.0587
1332.00,0.0681
1331.00,0.0794
1330.00,0.0919
1329.00,0.1049
1328.00,0.1177
1327.00,0.1295
1326.00,0.1397
1325.00,0.1475
1324.00,0.1521
1323.00,0.1529
1322.00,0.1496
1321.00,0.1424
1320.00,0.1323
1319.00,0.1208
1318.00,0.1098
1317.00,0.1004
1316.00,0.0926
1315.00,0.0860
1314.00,0.0803
1313.00,0.0754
1312.00,0.0716
1311.00,0.0695
1310.00,0.0692
1309.00,0.0712
1308.00,0.0753
1307.00,0.0811
1306.00,0.0881
1305.00,0.0954
1304.00,0.1025
1303.00,0.1093
1302.00,0.1158
1301.00,0.1225
1300.00,0.1296
1299.00,0.1373
1298.00,0.1456
1297.00,0.1545
1296.00,0.1637
1295.00,0.1727
1294.00,0.1811
1293.00,0.1885
1292.00,0.1948
1291.00,0.1995
1290.00,0.2026
1289.00,0.2042
1288.00,0.2042
1287.00,0.2028
1286.00,0.2004
1285.00,0.1973
1284.00,0.1938
1283.00,0.1900
1282.00,0.1862
1281.00,0.1827
1280.00,0.1799
1279.00,0.1779
1278.00,0.1767
1277.00,0.1760
1276.00,0.1755
1275.00,0.1746
1274.00,0.1730
1273.00,0.1704
1272.00,0.1667
1271.00,0.1621
1270.00,0.1570
1269.00,0.1516
1268.00,0.1463
1267.00,0.1412
1266.00,0.1364
1265.00,0.1321
1264.00,0.1281
1263.00,0.1245
1262.00,0.1212
1261.00,0.1183
1260.00,0.1157
1259.00,0.1134
1258.00,0.1114
1257.00,0.1095
1256.00,0.1077
1255.00,0.1058
1254.00,0.1039
1253.00,0.1019
1252.00,0.0998
1251.00,0.0976
1250.00,0.0955
1249.00,0.0935
1248.00,0.0915
1247.00,0.0897
1246.00,0.0880
1245.00,0.0864
1244.00,0.0848
1243.00,0.0832
1242.00,0.0816
1241.00,0.0801
1240.00,0.0785
1239.00,0.0768
1238.00,0.0753
1237.00,0.0738
1236.00,0.0722
1235.00,0.0708
1234.00,0.0694
1233.00,0.0681
1232.00,0.0669
1231.00,0.0657
1230.00,0.0647
1229.00,0.0638
1228.00,0.0629
1227.00,0.0621
1226.00,0.0614
1225.00,0.0607
1224.00,0.0601
1223.00,0.0595
1222.00,0.0590
1221.00,0.0586
1220.00,0.0582
1219.00,0.0579
1218.00,0.0578
1217.00,0.0579
1216.00,0.0581
1215.00,0.0584
1214.00,0.0588
1213.00,0.0589
1212.00,0.0586
1211.00,0.0580
1210.00,0.0571
1209.00,0.0562
1208.00,0.0551
1207.00,0.0541
1206.00,0.0532
1205.00,0.0523
1204.00,0.0514
1203.00,0.0505
1202.00,0.0498
1201.00,0.0492
1200.00,0.0486
1199.00,0.0482
1198.00,0.0480
1197.00,0.0481
1196.00,0.0485
1195.00,0.0495
1194.00,0.0513
1193.00,0.0543
1192.00,0.0589
1191.00,0.0656
1190.00,0.0746
1189.00,0.0848
1188.00,0.0945
1187.00,0.1019
1186.00,0.1057
1185.00,0.1064
1184.00,0.1053
1183.00,0.1043
1182.00,0.1043
1181.00,0.1051
1180.00,0.1057
1179.00,0.1048
1178.00,0.1017
1177.00,0.0967
1176.00,0.0907
1175.00,0.0846
1174.00,0.0791
1173.00,0.0746
1172.00,0.0711
1171.00,0.0687
1170.00,0.0673
1169.00,0.0662
1168.00,0.0649
1167.00,0.0632
1166.00,0.0612
1165.00,0.0591
1164.00,0.0572
1163.00,0.0556
1162.00,0.0543
1161.00,0.0532
1160.00,0.0523
1159.00,0.0515
1158.00,0.0508
1157.00,0.0502
1156.00,0.0496
1155.00,0.0491
1154.00,0.0487
1153.00,0.0484
1152.00,0.0482
1151.00,0.0480
1150.00,0.0478
1149.00,0.0477
1148.00,0.0475
1147.00,0.0472
1146.00,0.0469
1145.00,0.0466
1144.00,0.0462
1143.00,0.0458
1142.00,0.0456
1141.00,0.0454
1140.00,0.0454
1139.00,0.0455
1138.00,0.0460
1137.00,0.0469
1136.00,0.0484
1135.00,0.0508
1134.00,0.0545
1133.00,0.0599
1132.00,0.0671
1131.00,0.0759
1130.00,0.0852
1129.00,0.0932
1128.00,0.0979
1127.00,0.0985
1126.00,0.0954
1125.00,0.0899
1124.00,0.0836
1123.00,0.0775
1122.00,0.0722
1121.00,0.0677
1120.00,0.0638
1119.00,0.0605
1118.00,0.0576
1117.00,0.0551
1116.00,0.0528
1115.00,0.0509
1114.00,0.0494
1113.00,0.0481
1112.00,0.0470
1111.00,0.0461
1110.00,0.0455
1109.00,0.0451
1108.00,0.0450
1107.00,0.0453
1106.00,0.0463
1105.00,0.0481
1104.00,0.0508
1103.00,0.0541
1102.00,0.0573
1101.00,0.0592
1100.00,0.0591
1099.00,0.0573
1098.00,0.0545
1097.00,0.0517
1096.00,0.0493
1095.00,0.0474
1094.00,0.0459
1093.00,0.0447
1092.00,0.0437
1091.00,0.0428
1090.00,0.0420
1089.00,0.0413
1088.00,0.0406
1087.00,0.0399
1086.00,0.0393
1085.00,0.0389
1084.00,0.0385
1083.00,0.0383
1082.00,0.0384
1081.00,0.0389
1080.00,0.0402
1079.00,0.0427
1078.00,0.0475
1077.00,0.0552
1076.00,0.0655
1075.00,0.0767
1074.00,0.0861
1073.00,0.0912
1072.00,0.0914
1071.00,0.0881
1070.00,0.0833
1069.00,0.0784
1068.00,0.0737
1067.00,0.0694
1066.00,0.0658
1065.00,0.0626
1064.00,0.0599
1063.00,0.0577
1062.00,0.0560
1061.00,0.0546
1060.00,0.0534
1059.00,0.0524
1058.00,0.0517
1057.00,0.0512
1056.00,0.0507
1055.00,0.0503
1054.00,0.0500
1053.00,0.0498
1052.00,0.0495
1051.00,0.0492
1050.00,0.0490
1049.00,0.0487
1048.00,0.0483
1047.00,0.0478
1046.00,0.0474
1045.00,0.0470
1044.00,0.0465
1043.00,0.0459
1042.00,0.0453
1041.00,0.0448
1040.00,0.0442
1039.00,0.0435
1038.00,0.0430
1037.00,0.0424
1036.00,0.0418
1035.00,0.0411
1034.00,0.0407
1033.00,0.0407
1032.00,0.0419
1031.00,0.0463
1030.00,0.0558
1029.00,0.0702
1028.00,0.0856
1027.00,0.0956
1026.00,0.0961
1025.00,0.0885
1024.00,0.0777
1023.00,0.0681
1022.00,0.0613
1021.00,0.0569
1020.00,0.0541
1019.00,0.0523
1018.00,0.0509
1017.00,0.0495
1016.00,0.0482
1015.00,0.0470
1014.00,0.0462
1013.00,0.0455
1012.00,0.0449
1011.00,0.0444
1010.00,0.0441
1009.00,0.0437
1008.00,0.0433
1007.00,0.0429
1006.00,0.0427
1005.00,0.0427
1004.00,0.0436
1003.00,0.0465
1002.00,0.0511
1001.00,0.0553
1000.00,0.0570
999.00,0.0555
998.00,0.0527
997.00,0.0503
996.00,0.0487
995.00,0.0473
994.00,0.0457
993.00,0.0441
992.00,0.0428
991.00,0.0421
990.00,0.0420
989.00,0.0421
988.00,0.0422
987.00,0.0421
986.00,0.0418
985.00,0.0414
984.00,0.0410
983.00,0.0408
982.00,0.0407
981.00,0.0409
980.00,0.0411
979.00,0.0416
978.00,0.0422
977.00,0.0429
976.00,0.0434
975.00,0.0435
974.00,0.0436
973.00,0.0436
972.00,0.0438
971.00,0.0442
970.00,0.0447
969.00,0.0453
968.00,0.0460
967.00,0.0467
966.00,0.0476
965.00,0.0485
964.00,0.0495
963.00,0.0506
962.00,0.0519
961.00,0.0535
960.00,0.0552
959.00,0.0572
958.00,0.0595
957.00,0.0621
956.00,0.0650
955.00,0.0683
954.00,0.0718
953.00,0.0757
952.00,0.0796
951.00,0.0838
950.00,0.0880
949.00,0.0923
948.00,0.0965
947.00,0.1007
946.00,0.1049
945.00,0.1091
944.00,0.1128
943.00,0.1158
942.00,0.1181
941.00,0.1202
940.00,0.1228
939.00,0.1269
938.00,0.1323
937.00,0.1382
936.00,0.1434
935.00,0.1474
934.00,0.1501
933.00,0.1517
932.00,0.1523
931.00,0.1522
930.00,0.1515
929.00,0.1504
928.00,0.1491
927.00,0.1478
926.00,0.1466
925.00,0.1456
924.00,0.1446
923.00,0.1436
922.00,0.1426
921.00,0.1414
920.00,0.1400
919.00,0.1383
918.00,0.1365
917.00,0.1344
916.00,0.1320
915.00,0.1294
914.00,0.1267
913.00,0.1239
912.00,0.1210
911.00,0.1180
910.00,0.1150
909.00,0.1120
908.00,0.1089
907.00,0.1059
906.00,0.1029
905.00,0.1001
904.00,0.0973
903.00,0.0945
902.00,0.0920
901.00,0.0895
900.00,0.0871
899.00,0.0849
898.00,0.0828
897.00,0.0808
896.00,0.0788
895.00,0.0770
894.00,0.0753
893.00,0.0737
892.00,0.0721
891.00,0.0706
890.00,0.0693
889.00,0.0679
888.00,0.0666
887.00,0.0654
886.00,0.0643
885.00,0.0632
884.00,0.0621
883.00,0.0611
882.00,0.0602
881.00,0.0592
880.00,0.0583
879.00,0.0573
878.00,0.0565
877.00,0.0557
876.00,0.0548
875.00,0.0540
874.00,0.0532
873.00,0.0525
872.00,0.0517
871.00,0.0510
870.00,0.0504
869.00,0.0498
868.00,0.0492
867.00,0.0486
866.00,0.0482
865.00,0.0478
864.00,0.0473
863.00,0.0469
862.00,0.0466
861.00,0.0464
860.00,0.0465
859.00,0.0470
858.00,0.0478
857.00,0.0486
856.00,0.0487
855.00,0.0483
854.00,0.0475
853.00,0.0464
852.00,0.0453
851.00,0.0443
850.00,0.0434
849.00,0.0428
848.00,0.0422
847.00,0.0418
846.00,0.0415
845.00,0.0413
844.00,0.0411
843.00,0.0410
842.00,0.0410
841.00,0.0410
840.00,0.0411
839.00,0.0411
838.00,0.0413
837.00,0.0416
836.00,0.0418
835.00,0.0420
834.00,0.0423
833.00,0.0426
832.00,0.0428
831.00,0.0430
830.00,0.0431
829.00,0.0432
828.00,0.0431
827.00,0.0430
826.00,0.0430
825.00,0.0431
824.00,0.0434
823.00,0.0440
822.00,0.0453
821.00,0.0471
820.00,0.0492
819.00,0.0515
818.00,0.0535
817.00,0.0551
816.00,0.0568
815.00,0.0601
814.00,0.0663
813.00,0.0756
812.00,0.0856
811.00,0.0930
810.00,0.0963
809.00,0.0968
808.00,0.0970
807.00,0.0985
806.00,0.1010
805.00,0.1030
804.00,0.1033
803.00,0.1015
802.00,0.0978
801.00,0.0927
800.00,0.0869
799.00,0.0811
798.00,0.0757
797.00,0.0708
796.00,0.0665
795.00,0.0629
794.00,0.0599
793.00,0.0573
792.00,0.0551
791.00,0.0531
790.00,0.0514
789.00,0.0499
788.00,0.0485
787.00,0.0472
786.00,0.0461
785.00,0.0451
784.00,0.0441
783.00,0.0431
782.00,0.0422
781.00,0.0414
780.00,0.0404
779.00,0.0396
778.00,0.0388
777.00,0.0381
776.00,0.0373
775.00,0.0366
774.00,0.0360
773.00,0.0354
772.00,0.0347
771.00,0.0341
770.00,0.0337
769.00,0.0332
768.00,0.0328
767.00,0.0324
766.00,0.0320
765.00,0.0317
764.00,0.0314
763.00,0.0311
762.00,0.0308
761.00,0.0305
760.00,0.0302
759.00,0.0299
758.00,0.0296
757.00,0.0294
756.00,0.0292
755.00,0.0290
754.00,0.0289
753.00,0.0288
752.00,0.0286
751.00,0.0285
750.00,0.0285
749.00,0.0284
748.00,0.0282
747.00,0.0281
746.00,0.0279
745.00,0.0276
744.00,0.0273
743.00,0.0270
742.00,0.0267
741.00,0.0263
740.00,0.0260
739.00,0.0256
738.00,0.0254
737.00,0.0251
736.00,0.0247
735.00,0.0244
734.00,0.0241
733.00,0.0238
732.00,0.0235
731.00,0.0233
730.00,0.0231
729.00,0.0230
728.00,0.0229
727.00,0.0229
726.00,0.0230
725.00,0.0231
724.00,0.0232
723.00,0.0235
722.00,0.0240
721.00,0.0247
720.00,0.0258
719.00,0.0276
718.00,0.0308
717.00,0.0361
716.00,0.0446
715.00,0.0571
714.00,0.0733
713.00,0.0922
712.00,0.1125
711.00,0.1339
710.00,0.1563
709.00,0.1796
708.00,0.2025
707.00,0.2228
706.00,0.2381
705.00,0.2466
704.00,0.2479
703.00,0.2434
702.00,0.2347
701.00,0.2234
700.00,0.2105
699.00,0.1971
698.00,0.1836
697.00,0.1703
696.00,0.1576
695.00,0.1458
694.00,0.1350
693.00,0.1251
692.00,0.1162
691.00,0.1085
690.00,0.1026
689.00,0.0998
688.00,0.1024
687.00,0.1117
686.00,0.1265
685.00,0.1421
684.00,0.1520
683.00,0.1521
682.00,0.1428
681.00,0.1281
680.00,0.1121
679.00,0.0976
678.00,0.0855
677.00,0.0758
676.00,0.0685
675.00,0.0636
674.00,0.0622
673.00,0.0664
672.00,0.0779
671.00,0.0964
670.00,0.1212
669.00,0.1520
668.00,0.1837
667.00,0.2049
666.00,0.2103
665.00,0.2044
664.00,0.1920
663.00,0.1766
662.00,0.1613
661.00,0.1482
660.00,0.1372
659.00,0.1283
658.00,0.1212
657.00,0.1152
656.00,0.1098
655.00,0.1049
654.00,0.1007
653.00,0.0970
652.00,0.0935
651.00,0.0902
650.00,0.0876
649.00,0.0852
648.00,0.0827
647.00,0.0804
646.00,0.0786
645.00,0.0769
644.00,0.0751
643.00,0.0734
642.00,0.0720
641.00,0.0707
640.00,0.0693
639.00,0.0679
638.00,0.0669
637.00,0.0660
636.00,0.0648
635.00,0.0637
634.00,0.0628
633.00,0.0620
632.00,0.0610
631.00,0.0600
630.00,0.0594
629.00,0.0587
628.00,0.0578
627.00,0.0569
626.00,0.0562
625.00,0.0555
624.00,0.0547
623.00,0.0539
622.00,0.0534
621.00,0.0531
620.00,0.0533
619.00,0.0543
618.00,0.0559
617.00,0.0569
616.00,0.0563
615.00,0.0545
614.00,0.0526
613.00,0.0511
612.00,0.0498
611.00,0.0488
610.00,0.0482
609.00,0.0476
608.00,0.0469
607.00,0.0463
606.00,0.0459
605.00,0.0455
604.00,0.0449
603.00,0.0443
602.00,0.0439
601.00,0.0436
600.00,0.0431
599.00,0.0426
598.00,0.0422
597.00,0.0419
596.00,0.0413
595.00,0.0408
594.00,0.0405
593.00,0.0403
592.00,0.0397
591.00,0.0392
590.00,0.0390
589.00,0.0387
588.00,0.0382
587.00,0.0378
586.00,0.0375
585.00,0.0373
584.00,0.0368
583.00,0.0363
582.00,0.0362
581.00,0.0361
580.00,0.0357
579.00,0.0353
578.00,0.0352
577.00,0.0352
576.00,0.0350
575.00,0.0348
574.00,0.0350
573.00,0.0352
572.00,0.0353
571.00,0.0356
570.00,0.0365
569.00,0.0376
568.00,0.0388
567.00,0.0405
566.00,0.0431
565.00,0.0464
564.00,0.0503
563.00,0.0553
562.00,0.0617
561.00,0.0693
560.00,0.0775
559.00,0.0865
558.00,0.0958
557.00,0.1049
556.00,0.1130
555.00,0.1199
554.00,0.1257
553.00,0.1302
552.00,0.1331
551.00,0.1350
550.00,0.1364
549.00,0.1373
548.00,0.1376
547.00,0.1377
546.00,0.1379
545.00,0.1379
544.00,0.1376
543.00,0.1371
542.00,0.1366
541.00,0.1357
540.00,0.1341
539.00,0.1322
538.00,0.1302
537.00,0.1278
536.00,0.1249
535.00,0.1217
534.00,0.1188
533.00,0.1158
532.00,0.1126
531.00,0.1096
530.00,0.1069
529.00,0.1044
528.00,0.1018
527.00,0.0993
526.00,0.0973
525.00,0.0954
524.00,0.0934
523.00,0.0917
522.00,0.0903
521.00,0.0890
520.00,0.0874
519.00,0.0858
518.00,0.0847
517.00,0.0837
516.00,0.0822
515.00,0.0807
514.00,0.0795
513.00,0.0784
512.00,0.0770
511.00,0.0756
510.00,0.0746
509.00,0.0736
508.00,0.0723
507.00,0.0710
506.00,0.0701
505.00,0.0692
504.00,0.0679
503.00,0.0667
502.00,0.0658
501.00,0.0651
500.00,0.0641
499.00,0.0632
498.00,0.0626
497.00,0.0619
496.00,0.0609
495.00,0.0600
494.00,0.0595
493.00,0.0591
492.00,0.0581
491.00,0.0571
490.00,0.0566
489.00,0.0560
488.00,0.0551
487.00,0.0543
486.00,0.0541
485.00,0.0539
484.00,0.0532
483.00,0.0525
482.00,0.0522
481.00,0.0519
480.00,0.0512
479.00,0.0505
478.00,0.0504
477.00,0.0501
476.00,0.0493
475.00,0.0485
474.00,0.0484
473.00,0.0484
472.00,0.0479
471.00,0.0474
470.00,0.0475
469.00,0.0475
468.00,0.0468
467.00,0.0461
466.00,0.0462
465.00,0.0462
464.00,0.0457
463.00,0.0451
462.00,0.0451
461.00,0.0449
460.00,0.0441
459.00,0.0434
458.00,0.0435
457.00,0.0437
456.00,0.0430
455.00,0.0423
454.00,0.0424
453.00,0.0424
452.00,0.0419
451.00,0.0415
450.00,0.0418
449.00,0.0419
448.00,0.0413
447.00,0.0408
446.00,0.0410
445.00,0.0412
444.00,0.0409
443.00,0.0409
442.00,0.0417
441.00,0.0424
440.00,0.0425
439.00,0.0427
438.00,0.0441
437.00,0.0460
436.00,0.0479
435.00,0.0505
434.00,0.0545
433.00,0.0586
432.00,0.0612
431.00,0.0624
430.00,0.0625
429.00,0.0610
428.00,0.0575
427.00,0.0537
426.00,0.0510
425.00,0.0486
424.00,0.0456
423.00,0.0433
422.00,0.0428
421.00,0.0425
420.00,0.0409
419.00,0.0393
418.00,0.0394
417.00,0.0396
416.00,0.0387
415.00,0.0383
414.00,0.0393
413.00,0.0402
412.00,0.0394
411.00,0.0386
410.00,0.0392
409.00,0.0397
408.00,0.0386
407.00,0.0378
406.00,0.0388
405.00,0.0397
404.00,0.0386
403.00,0.0373
402.00,0.0380
401.00,0.0385
400.00,0.0364
