<?xml version="1.0" encoding="UTF-8"?>
<PeakList>
  <PeakList1D>
    <PeakList1DHeader creator="chm343" date="2023-09-22T23:23:52.436-07:00" expNo="12" name="2023_09_22_MeOD_3mm_FS_VT_1H_Bruker400" owner="" procNo="1" source="C:/Data/CHM343/Fall2023/data/chm343/nmr">
      <PeakPickDetails>F1=21.232460ppm, F2=-3.269380ppm, MI=0.10cm, MAXI=10000.00cm, PC=1.000
      </PeakPickDetails>
    </PeakList1DHeader>
    <Peak1D F1="6.086085" intensity="2.887507e+000" type="0"/>
    <Peak1D F1="4.598997" intensity="1.172430e+002" type="0"/>
    <Peak1D F1="4.574329" intensity="1.500000e+001" type="0"/>
    <Peak1D F1="3.306286" intensity="8.163664e+001" type="0"/>
    <Peak1D F1="1.980807" intensity="2.825588e+000" type="0"/>
    <Peak1D F1="-0.000095" intensity="3.197675e+001" type="0"/>
  </PeakList1D>
</PeakList>
