<?xml version="1.0" encoding="UTF-8"?>
<PeakList>
  <PeakList1D>
    <PeakList1DHeader creator="chm343" date="2023-09-22T23:14:45.734-07:00" expNo="11" name="2023_09_22_MeOD_3mm_FS_VT_1H_Bruker400" owner="" procNo="1" source="C:/Data/CHM343/Fall2023/data/chm343/nmr">
      <PeakPickDetails>F1=21.232460ppm, F2=-3.269380ppm, MI=0.10cm, MAXI=10000.00cm, PC=1.000
      </PeakPickDetails>
    </PeakList1DHeader>
    <Peak1D F1="19.770863" intensity="1.373828e+001" type="0"/>
    <Peak1D F1="8.541025" intensity="1.368777e+001" type="0"/>
    <Peak1D F1="6.170365" intensity="1.330167e+001" type="0"/>
    <Peak1D F1="5.500472" intensity="1.404261e+001" type="0"/>
    <Peak1D F1="4.596967" intensity="5.326776e+002" type="0"/>
    <Peak1D F1="4.334218" intensity="1.483045e+001" type="0"/>
    <Peak1D F1="3.309814" intensity="3.947315e+002" type="0"/>
    <Peak1D F1="3.306528" intensity="4.022963e+002" type="0"/>
    <Peak1D F1="1.162551" intensity="1.432757e+001" type="0"/>
    <Peak1D F1="-0.000092" intensity="1.603189e+002" type="0"/>
    <Peak1D F1="-0.029802" intensity="2.823558e+001" type="0"/>
  </PeakList1D>
</PeakList>
