Created as New Dataset,Sample 342 By YargerLab Date Tuesday, November 11 2025
cm-1,A
4000.00,0.0164
3999.00,0.0164
3998.00,0.0164
3997.00,0.0164
3996.00,0.0164
3995.00,0.0163
3994.00,0.0163
3993.00,0.0163
3992.00,0.0163
3991.00,0.0163
3990.00,0.0163
3989.00,0.0163
3988.00,0.0163
3987.00,0.0162
3986.00,0.0162
3985.00,0.0162
3984.00,0.0161
3983.00,0.0161
3982.00,0.0161
3981.00,0.0161
3980.00,0.0161
3979.00,0.0162
3978.00,0.0162
3977.00,0.0162
3976.00,0.0163
3975.00,0.0163
3974.00,0.0163
3973.00,0.0162
3972.00,0.0162
3971.00,0.0162
3970.00,0.0162
3969.00,0.0162
3968.00,0.0162
3967.00,0.0162
3966.00,0.0161
3965.00,0.0161
3964.00,0.0161
3963.00,0.0161
3962.00,0.0161
3961.00,0.0162
3960.00,0.0162
3959.00,0.0161
3958.00,0.0161
3957.00,0.0160
3956.00,0.0160
3955.00,0.0160
3954.00,0.0159
3953.00,0.0159
3952.00,0.0159
3951.00,0.0159
3950.00,0.0159
3949.00,0.0160
3948.00,0.0160
3947.00,0.0160
3946.00,0.0161
3945.00,0.0161
3944.00,0.0160
3943.00,0.0160
3942.00,0.0160
3941.00,0.0160
3940.00,0.0160
3939.00,0.0160
3938.00,0.0160
3937.00,0.0160
3936.00,0.0160
3935.00,0.0160
3934.00,0.0160
3933.00,0.0160
3932.00,0.0160
3931.00,0.0160
3930.00,0.0160
3929.00,0.0160
3928.00,0.0160
3927.00,0.0160
3926.00,0.0159
3925.00,0.0159
3924.00,0.0158
3923.00,0.0159
3922.00,0.0159
3921.00,0.0160
3920.00,0.0161
3919.00,0.0161
3918.00,0.0161
3917.00,0.0161
3916.00,0.0160
3915.00,0.0160
3914.00,0.0160
3913.00,0.0160
3912.00,0.0160
3911.00,0.0159
3910.00,0.0159
3909.00,0.0159
3908.00,0.0159
3907.00,0.0159
3906.00,0.0160
3905.00,0.0160
3904.00,0.0161
3903.00,0.0163
3902.00,0.0163
3901.00,0.0164
3900.00,0.0163
3899.00,0.0161
3898.00,0.0160
3897.00,0.0160
3896.00,0.0159
3895.00,0.0159
3894.00,0.0159
3893.00,0.0158
3892.00,0.0158
3891.00,0.0158
3890.00,0.0158
3889.00,0.0159
3888.00,0.0160
3887.00,0.0161
3886.00,0.0161
3885.00,0.0160
3884.00,0.0160
3883.00,0.0161
3882.00,0.0161
3881.00,0.0160
3880.00,0.0160
3879.00,0.0159
3878.00,0.0159
3877.00,0.0159
3876.00,0.0159
3875.00,0.0158
3874.00,0.0158
3873.00,0.0158
3872.00,0.0158
3871.00,0.0159
3870.00,0.0160
3869.00,0.0159
3868.00,0.0159
3867.00,0.0159
3866.00,0.0159
3865.00,0.0159
3864.00,0.0159
3863.00,0.0158
3862.00,0.0159
3861.00,0.0159
3860.00,0.0159
3859.00,0.0158
3858.00,0.0157
3857.00,0.0156
3856.00,0.0155
3855.00,0.0156
3854.00,0.0157
3853.00,0.0158
3852.00,0.0159
3851.00,0.0159
3850.00,0.0159
3849.00,0.0159
3848.00,0.0158
3847.00,0.0158
3846.00,0.0157
3845.00,0.0157
3844.00,0.0157
3843.00,0.0157
3842.00,0.0158
3841.00,0.0158
3840.00,0.0158
3839.00,0.0157
3838.00,0.0157
3837.00,0.0157
3836.00,0.0157
3835.00,0.0157
3834.00,0.0157
3833.00,0.0157
3832.00,0.0157
3831.00,0.0157
3830.00,0.0157
3829.00,0.0157
3828.00,0.0157
3827.00,0.0157
3826.00,0.0156
3825.00,0.0156
3824.00,0.0156
3823.00,0.0157
3822.00,0.0157
3821.00,0.0157
3820.00,0.0157
3819.00,0.0157
3818.00,0.0157
3817.00,0.0157
3816.00,0.0156
3815.00,0.0155
3814.00,0.0154
3813.00,0.0153
3812.00,0.0153
3811.00,0.0153
3810.00,0.0153
3809.00,0.0153
3808.00,0.0153
3807.00,0.0153
3806.00,0.0153
3805.00,0.0154
3804.00,0.0155
3803.00,0.0155
3802.00,0.0156
3801.00,0.0155
3800.00,0.0155
3799.00,0.0155
3798.00,0.0155
3797.00,0.0155
3796.00,0.0154
3795.00,0.0153
3794.00,0.0153
3793.00,0.0152
3792.00,0.0152
3791.00,0.0151
3790.00,0.0151
3789.00,0.0151
3788.00,0.0151
3787.00,0.0151
3786.00,0.0151
3785.00,0.0152
3784.00,0.0152
3783.00,0.0152
3782.00,0.0152
3781.00,0.0152
3780.00,0.0151
3779.00,0.0151
3778.00,0.0151
3777.00,0.0150
3776.00,0.0150
3775.00,0.0150
3774.00,0.0150
3773.00,0.0150
3772.00,0.0151
3771.00,0.0151
3770.00,0.0151
3769.00,0.0151
3768.00,0.0151
3767.00,0.0152
3766.00,0.0152
3765.00,0.0151
3764.00,0.0151
3763.00,0.0150
3762.00,0.0151
3761.00,0.0151
3760.00,0.0152
3759.00,0.0152
3758.00,0.0152
3757.00,0.0153
3756.00,0.0153
3755.00,0.0153
3754.00,0.0153
3753.00,0.0154
3752.00,0.0155
3751.00,0.0155
3750.00,0.0155
3749.00,0.0155
3748.00,0.0155
3747.00,0.0155
3746.00,0.0155
3745.00,0.0155
3744.00,0.0154
3743.00,0.0153
3742.00,0.0153
3741.00,0.0154
3740.00,0.0154
3739.00,0.0155
3738.00,0.0156
3737.00,0.0156
3736.00,0.0156
3735.00,0.0156
3734.00,0.0155
3733.00,0.0154
3732.00,0.0153
3731.00,0.0152
3730.00,0.0151
3729.00,0.0151
3728.00,0.0150
3727.00,0.0150
3726.00,0.0149
3725.00,0.0149
3724.00,0.0149
3723.00,0.0149
3722.00,0.0149
3721.00,0.0149
3720.00,0.0149
3719.00,0.0149
3718.00,0.0149
3717.00,0.0149
3716.00,0.0149
3715.00,0.0148
3714.00,0.0148
3713.00,0.0149
3712.00,0.0149
3711.00,0.0149
3710.00,0.0149
3709.00,0.0149
3708.00,0.0149
3707.00,0.0148
3706.00,0.0147
3705.00,0.0147
3704.00,0.0147
3703.00,0.0147
3702.00,0.0146
3701.00,0.0146
3700.00,0.0146
3699.00,0.0146
3698.00,0.0146
3697.00,0.0146
3696.00,0.0146
3695.00,0.0146
3694.00,0.0147
3693.00,0.0148
3692.00,0.0148
3691.00,0.0149
3690.00,0.0149
3689.00,0.0150
3688.00,0.0150
3687.00,0.0150
3686.00,0.0150
3685.00,0.0149
3684.00,0.0149
3683.00,0.0150
3682.00,0.0150
3681.00,0.0150
3680.00,0.0150
3679.00,0.0151
3678.00,0.0152
3677.00,0.0154
3676.00,0.0154
3675.00,0.0155
3674.00,0.0155
3673.00,0.0156
3672.00,0.0156
3671.00,0.0156
3670.00,0.0156
3669.00,0.0155
3668.00,0.0154
3667.00,0.0153
3666.00,0.0152
3665.00,0.0152
3664.00,0.0151
3663.00,0.0150
3662.00,0.0150
3661.00,0.0149
3660.00,0.0149
3659.00,0.0150
3658.00,0.0151
3657.00,0.0152
3656.00,0.0152
3655.00,0.0153
3654.00,0.0154
3653.00,0.0155
3652.00,0.0156
3651.00,0.0156
3650.00,0.0156
3649.00,0.0156
3648.00,0.0157
3647.00,0.0158
3646.00,0.0158
3645.00,0.0158
3644.00,0.0157
3643.00,0.0155
3642.00,0.0154
3641.00,0.0153
3640.00,0.0152
3639.00,0.0152
3638.00,0.0152
3637.00,0.0153
3636.00,0.0154
3635.00,0.0154
3634.00,0.0154
3633.00,0.0155
3632.00,0.0156
3631.00,0.0157
3630.00,0.0158
3629.00,0.0158
3628.00,0.0158
3627.00,0.0158
3626.00,0.0158
3625.00,0.0158
3624.00,0.0158
3623.00,0.0158
3622.00,0.0158
3621.00,0.0159
3620.00,0.0159
3619.00,0.0159
3618.00,0.0159
3617.00,0.0161
3616.00,0.0161
3615.00,0.0162
3614.00,0.0161
3613.00,0.0161
3612.00,0.0161
3611.00,0.0162
3610.00,0.0163
3609.00,0.0163
3608.00,0.0163
3607.00,0.0162
3606.00,0.0162
3605.00,0.0162
3604.00,0.0163
3603.00,0.0163
3602.00,0.0162
3601.00,0.0162
3600.00,0.0162
3599.00,0.0163
3598.00,0.0163
3597.00,0.0164
3596.00,0.0164
3595.00,0.0164
3594.00,0.0164
3593.00,0.0165
3592.00,0.0166
3591.00,0.0167
3590.00,0.0169
3589.00,0.0169
3588.00,0.0169
3587.00,0.0169
3586.00,0.0170
3585.00,0.0170
3584.00,0.0171
3583.00,0.0171
3582.00,0.0171
3581.00,0.0171
3580.00,0.0170
3579.00,0.0171
3578.00,0.0171
3577.00,0.0172
3576.00,0.0172
3575.00,0.0173
3574.00,0.0173
3573.00,0.0174
3572.00,0.0174
3571.00,0.0175
3570.00,0.0176
3569.00,0.0177
3568.00,0.0177
3567.00,0.0177
3566.00,0.0178
3565.00,0.0179
3564.00,0.0179
3563.00,0.0179
3562.00,0.0180
3561.00,0.0179
3560.00,0.0179
3559.00,0.0180
3558.00,0.0180
3557.00,0.0181
3556.00,0.0181
3555.00,0.0182
3554.00,0.0182
3553.00,0.0182
3552.00,0.0182
3551.00,0.0183
3550.00,0.0184
3549.00,0.0185
3548.00,0.0186
3547.00,0.0186
3546.00,0.0186
3545.00,0.0187
3544.00,0.0188
3543.00,0.0189
3542.00,0.0190
3541.00,0.0190
3540.00,0.0191
3539.00,0.0191
3538.00,0.0190
3537.00,0.0189
3536.00,0.0189
3535.00,0.0189
3534.00,0.0190
3533.00,0.0191
3532.00,0.0191
3531.00,0.0192
3530.00,0.0193
3529.00,0.0193
3528.00,0.0194
3527.00,0.0195
3526.00,0.0196
3525.00,0.0196
3524.00,0.0197
3523.00,0.0197
3522.00,0.0197
3521.00,0.0197
3520.00,0.0197
3519.00,0.0198
3518.00,0.0198
3517.00,0.0199
3516.00,0.0200
3515.00,0.0201
3514.00,0.0202
3513.00,0.0202
3512.00,0.0203
3511.00,0.0204
3510.00,0.0204
3509.00,0.0205
3508.00,0.0206
3507.00,0.0207
3506.00,0.0207
3505.00,0.0208
3504.00,0.0209
3503.00,0.0209
3502.00,0.0209
3501.00,0.0210
3500.00,0.0211
3499.00,0.0211
3498.00,0.0212
3497.00,0.0212
3496.00,0.0213
3495.00,0.0213
3494.00,0.0214
3493.00,0.0215
3492.00,0.0216
3491.00,0.0217
3490.00,0.0218
3489.00,0.0219
3488.00,0.0219
3487.00,0.0220
3486.00,0.0221
3485.00,0.0222
3484.00,0.0223
3483.00,0.0224
3482.00,0.0225
3481.00,0.0225
3480.00,0.0226
3479.00,0.0226
3478.00,0.0227
3477.00,0.0228
3476.00,0.0229
3475.00,0.0230
3474.00,0.0231
3473.00,0.0232
3472.00,0.0233
3471.00,0.0233
3470.00,0.0234
3469.00,0.0234
3468.00,0.0234
3467.00,0.0235
3466.00,0.0236
3465.00,0.0237
3464.00,0.0238
3463.00,0.0239
3462.00,0.0240
3461.00,0.0240
3460.00,0.0241
3459.00,0.0242
3458.00,0.0242
3457.00,0.0243
3456.00,0.0243
3455.00,0.0244
3454.00,0.0245
3453.00,0.0245
3452.00,0.0245
3451.00,0.0246
3450.00,0.0247
3449.00,0.0248
3448.00,0.0249
3447.00,0.0250
3446.00,0.0250
3445.00,0.0251
3444.00,0.0251
3443.00,0.0252
3442.00,0.0252
3441.00,0.0252
3440.00,0.0252
3439.00,0.0252
3438.00,0.0253
3437.00,0.0253
3436.00,0.0254
3435.00,0.0255
3434.00,0.0256
3433.00,0.0257
3432.00,0.0258
3431.00,0.0258
3430.00,0.0259
3429.00,0.0259
3428.00,0.0259
3427.00,0.0259
3426.00,0.0259
3425.00,0.0260
3424.00,0.0261
3423.00,0.0261
3422.00,0.0262
3421.00,0.0263
3420.00,0.0264
3419.00,0.0264
3418.00,0.0265
3417.00,0.0266
3416.00,0.0266
3415.00,0.0267
3414.00,0.0267
3413.00,0.0267
3412.00,0.0267
3411.00,0.0267
3410.00,0.0267
3409.00,0.0267
3408.00,0.0267
3407.00,0.0268
3406.00,0.0268
3405.00,0.0269
3404.00,0.0269
3403.00,0.0270
3402.00,0.0270
3401.00,0.0271
3400.00,0.0272
3399.00,0.0272
3398.00,0.0272
3397.00,0.0272
3396.00,0.0272
3395.00,0.0273
3394.00,0.0274
3393.00,0.0275
3392.00,0.0276
3391.00,0.0277
3390.00,0.0278
3389.00,0.0280
3388.00,0.0281
3387.00,0.0281
3386.00,0.0282
3385.00,0.0283
3384.00,0.0284
3383.00,0.0284
3382.00,0.0284
3381.00,0.0284
3380.00,0.0285
3379.00,0.0285
3378.00,0.0286
3377.00,0.0287
3376.00,0.0288
3375.00,0.0288
3374.00,0.0289
3373.00,0.0289
3372.00,0.0289
3371.00,0.0288
3370.00,0.0288
3369.00,0.0288
3368.00,0.0289
3367.00,0.0290
3366.00,0.0292
3365.00,0.0293
3364.00,0.0294
3363.00,0.0295
3362.00,0.0295
3361.00,0.0295
3360.00,0.0296
3359.00,0.0297
3358.00,0.0298
3357.00,0.0299
3356.00,0.0300
3355.00,0.0301
3354.00,0.0301
3353.00,0.0301
3352.00,0.0301
3351.00,0.0301
3350.00,0.0302
3349.00,0.0304
3348.00,0.0305
3347.00,0.0305
3346.00,0.0306
3345.00,0.0305
3344.00,0.0305
3343.00,0.0305
3342.00,0.0306
3341.00,0.0305
3340.00,0.0305
3339.00,0.0305
3338.00,0.0305
3337.00,0.0306
3336.00,0.0307
3335.00,0.0308
3334.00,0.0309
3333.00,0.0309
3332.00,0.0309
3331.00,0.0308
3330.00,0.0309
3329.00,0.0309
3328.00,0.0309
3327.00,0.0310
3326.00,0.0310
3325.00,0.0312
3324.00,0.0313
3323.00,0.0314
3322.00,0.0315
3321.00,0.0316
3320.00,0.0316
3319.00,0.0315
3318.00,0.0315
3317.00,0.0315
3316.00,0.0316
3315.00,0.0317
3314.00,0.0317
3313.00,0.0317
3312.00,0.0317
3311.00,0.0316
3310.00,0.0315
3309.00,0.0314
3308.00,0.0313
3307.00,0.0313
3306.00,0.0313
3305.00,0.0314
3304.00,0.0316
3303.00,0.0317
3302.00,0.0319
3301.00,0.0320
3300.00,0.0320
3299.00,0.0320
3298.00,0.0319
3297.00,0.0318
3296.00,0.0318
3295.00,0.0318
3294.00,0.0318
3293.00,0.0318
3292.00,0.0319
3291.00,0.0320
3290.00,0.0321
3289.00,0.0322
3288.00,0.0322
3287.00,0.0322
3286.00,0.0321
3285.00,0.0321
3284.00,0.0321
3283.00,0.0322
3282.00,0.0322
3281.00,0.0322
3280.00,0.0322
3279.00,0.0322
3278.00,0.0322
3277.00,0.0322
3276.00,0.0322
3275.00,0.0321
3274.00,0.0321
3273.00,0.0321
3272.00,0.0320
3271.00,0.0320
3270.00,0.0321
3269.00,0.0322
3268.00,0.0322
3267.00,0.0323
3266.00,0.0322
3265.00,0.0322
3264.00,0.0322
3263.00,0.0322
3262.00,0.0321
3261.00,0.0321
3260.00,0.0321
3259.00,0.0321
3258.00,0.0321
3257.00,0.0320
3256.00,0.0320
3255.00,0.0320
3254.00,0.0320
3253.00,0.0320
3252.00,0.0320
3251.00,0.0320
3250.00,0.0320
3249.00,0.0320
3248.00,0.0320
3247.00,0.0320
3246.00,0.0320
3245.00,0.0320
3244.00,0.0320
3243.00,0.0320
3242.00,0.0321
3241.00,0.0321
3240.00,0.0321
3239.00,0.0321
3238.00,0.0321
3237.00,0.0320
3236.00,0.0320
3235.00,0.0319
3234.00,0.0318
3233.00,0.0318
3232.00,0.0318
3231.00,0.0319
3230.00,0.0319
3229.00,0.0319
3228.00,0.0318
3227.00,0.0318
3226.00,0.0317
3225.00,0.0317
3224.00,0.0316
3223.00,0.0316
3222.00,0.0315
3221.00,0.0315
3220.00,0.0314
3219.00,0.0313
3218.00,0.0313
3217.00,0.0313
3216.00,0.0314
3215.00,0.0314
3214.00,0.0314
3213.00,0.0313
3212.00,0.0313
3211.00,0.0313
3210.00,0.0313
3209.00,0.0313
3208.00,0.0313
3207.00,0.0313
3206.00,0.0312
3205.00,0.0312
3204.00,0.0312
3203.00,0.0312
3202.00,0.0311
3201.00,0.0311
3200.00,0.0311
3199.00,0.0311
3198.00,0.0311
3197.00,0.0311
3196.00,0.0310
3195.00,0.0310
3194.00,0.0309
3193.00,0.0308
3192.00,0.0308
3191.00,0.0308
3190.00,0.0308
3189.00,0.0308
3188.00,0.0307
3187.00,0.0307
3186.00,0.0307
3185.00,0.0306
3184.00,0.0305
3183.00,0.0305
3182.00,0.0304
3181.00,0.0304
3180.00,0.0303
3179.00,0.0303
3178.00,0.0302
3177.00,0.0301
3176.00,0.0301
3175.00,0.0300
3174.00,0.0299
3173.00,0.0298
3172.00,0.0297
3171.00,0.0297
3170.00,0.0296
3169.00,0.0296
3168.00,0.0296
3167.00,0.0295
3166.00,0.0295
3165.00,0.0294
3164.00,0.0293
3163.00,0.0292
3162.00,0.0291
3161.00,0.0291
3160.00,0.0290
3159.00,0.0289
3158.00,0.0288
3157.00,0.0287
3156.00,0.0286
3155.00,0.0285
3154.00,0.0284
3153.00,0.0283
3152.00,0.0282
3151.00,0.0281
3150.00,0.0280
3149.00,0.0279
3148.00,0.0279
3147.00,0.0279
3146.00,0.0279
3145.00,0.0279
3144.00,0.0278
3143.00,0.0277
3142.00,0.0275
3141.00,0.0274
3140.00,0.0274
3139.00,0.0273
3138.00,0.0273
3137.00,0.0273
3136.00,0.0273
3135.00,0.0272
3134.00,0.0271
3133.00,0.0271
3132.00,0.0270
3131.00,0.0270
3130.00,0.0269
3129.00,0.0269
3128.00,0.0269
3127.00,0.0269
3126.00,0.0268
3125.00,0.0268
3124.00,0.0266
3123.00,0.0265
3122.00,0.0263
3121.00,0.0262
3120.00,0.0261
3119.00,0.0260
3118.00,0.0260
3117.00,0.0259
3116.00,0.0259
3115.00,0.0259
3114.00,0.0259
3113.00,0.0258
3112.00,0.0257
3111.00,0.0256
3110.00,0.0255
3109.00,0.0254
3108.00,0.0253
3107.00,0.0253
3106.00,0.0252
3105.00,0.0252
3104.00,0.0251
3103.00,0.0250
3102.00,0.0249
3101.00,0.0248
3100.00,0.0247
3099.00,0.0247
3098.00,0.0246
3097.00,0.0246
3096.00,0.0246
3095.00,0.0246
3094.00,0.0245
3093.00,0.0245
3092.00,0.0244
3091.00,0.0244
3090.00,0.0243
3089.00,0.0243
3088.00,0.0242
3087.00,0.0242
3086.00,0.0241
3085.00,0.0241
3084.00,0.0240
3083.00,0.0240
3082.00,0.0239
3081.00,0.0239
3080.00,0.0239
3079.00,0.0239
3078.00,0.0239
3077.00,0.0239
3076.00,0.0240
3075.00,0.0240
3074.00,0.0240
3073.00,0.0239
3072.00,0.0239
3071.00,0.0238
3070.00,0.0237
3069.00,0.0236
3068.00,0.0236
3067.00,0.0235
3066.00,0.0234
3065.00,0.0233
3064.00,0.0232
3063.00,0.0232
3062.00,0.0231
3061.00,0.0230
3060.00,0.0229
3059.00,0.0227
3058.00,0.0225
3057.00,0.0224
3056.00,0.0223
3055.00,0.0222
3054.00,0.0221
3053.00,0.0220
3052.00,0.0220
3051.00,0.0219
3050.00,0.0219
3049.00,0.0219
3048.00,0.0218
3047.00,0.0218
3046.00,0.0217
3045.00,0.0216
3044.00,0.0215
3043.00,0.0214
3042.00,0.0214
3041.00,0.0214
3040.00,0.0214
3039.00,0.0214
3038.00,0.0214
3037.00,0.0214
3036.00,0.0213
3035.00,0.0213
3034.00,0.0213
3033.00,0.0213
3032.00,0.0213
3031.00,0.0213
3030.00,0.0212
3029.00,0.0211
3028.00,0.0211
3027.00,0.0210
3026.00,0.0210
3025.00,0.0210
3024.00,0.0209
3023.00,0.0208
3022.00,0.0207
3021.00,0.0206
3020.00,0.0204
3019.00,0.0204
3018.00,0.0204
3017.00,0.0205
3016.00,0.0208
3015.00,0.0211
3014.00,0.0214
3013.00,0.0217
3012.00,0.0220
3011.00,0.0222
3010.00,0.0224
3009.00,0.0226
3008.00,0.0228
3007.00,0.0230
3006.00,0.0233
3005.00,0.0236
3004.00,0.0239
3003.00,0.0242
3002.00,0.0246
3001.00,0.0250
3000.00,0.0254
2999.00,0.0258
2998.00,0.0262
2997.00,0.0266
2996.00,0.0271
2995.00,0.0276
2994.00,0.0281
2993.00,0.0287
2992.00,0.0293
2991.00,0.0300
2990.00,0.0307
2989.00,0.0314
2988.00,0.0321
2987.00,0.0328
2986.00,0.0336
2985.00,0.0344
2984.00,0.0352
2983.00,0.0360
2982.00,0.0368
2981.00,0.0375
2980.00,0.0381
2979.00,0.0386
2978.00,0.0392
2977.00,0.0397
2976.00,0.0403
2975.00,0.0409
2974.00,0.0416
2973.00,0.0423
2972.00,0.0430
2971.00,0.0436
2970.00,0.0442
2969.00,0.0448
2968.00,0.0453
2967.00,0.0459
2966.00,0.0464
2965.00,0.0470
2964.00,0.0475
2963.00,0.0480
2962.00,0.0484
2961.00,0.0488
2960.00,0.0491
2959.00,0.0494
2958.00,0.0496
2957.00,0.0497
2956.00,0.0497
2955.00,0.0496
2954.00,0.0494
2953.00,0.0492
2952.00,0.0490
2951.00,0.0487
2950.00,0.0484
2949.00,0.0481
2948.00,0.0478
2947.00,0.0476
2946.00,0.0475
2945.00,0.0474
2944.00,0.0474
2943.00,0.0475
2942.00,0.0478
2941.00,0.0482
2940.00,0.0486
2939.00,0.0492
2938.00,0.0498
2937.00,0.0505
2936.00,0.0513
2935.00,0.0521
2934.00,0.0529
2933.00,0.0537
2932.00,0.0545
2931.00,0.0553
2930.00,0.0561
2929.00,0.0567
2928.00,0.0573
2927.00,0.0578
2926.00,0.0581
2925.00,0.0583
2924.00,0.0584
2923.00,0.0584
2922.00,0.0582
2921.00,0.0580
2920.00,0.0576
2919.00,0.0571
2918.00,0.0565
2917.00,0.0558
2916.00,0.0551
2915.00,0.0544
2914.00,0.0536
2913.00,0.0528
2912.00,0.0521
2911.00,0.0513
2910.00,0.0505
2909.00,0.0497
2908.00,0.0489
2907.00,0.0482
2906.00,0.0475
2905.00,0.0468
2904.00,0.0462
2903.00,0.0457
2902.00,0.0453
2901.00,0.0449
2900.00,0.0446
2899.00,0.0443
2898.00,0.0440
2897.00,0.0438
2896.00,0.0436
2895.00,0.0434
2894.00,0.0433
2893.00,0.0431
2892.00,0.0430
2891.00,0.0428
2890.00,0.0426
2889.00,0.0424
2888.00,0.0422
2887.00,0.0421
2886.00,0.0420
2885.00,0.0419
2884.00,0.0418
2883.00,0.0417
2882.00,0.0416
2881.00,0.0416
2880.00,0.0416
2879.00,0.0415
2878.00,0.0415
2877.00,0.0415
2876.00,0.0416
2875.00,0.0416
2874.00,0.0417
2873.00,0.0419
2872.00,0.0420
2871.00,0.0421
2870.00,0.0421
2869.00,0.0420
2868.00,0.0418
2867.00,0.0416
2866.00,0.0415
2865.00,0.0415
2864.00,0.0415
2863.00,0.0416
2862.00,0.0418
2861.00,0.0421
2860.00,0.0424
2859.00,0.0426
2858.00,0.0428
2857.00,0.0429
2856.00,0.0428
2855.00,0.0426
2854.00,0.0421
2853.00,0.0415
2852.00,0.0408
2851.00,0.0399
2850.00,0.0389
2849.00,0.0378
2848.00,0.0367
2847.00,0.0357
2846.00,0.0347
2845.00,0.0337
2844.00,0.0328
2843.00,0.0318
2842.00,0.0310
2841.00,0.0302
2840.00,0.0295
2839.00,0.0290
2838.00,0.0286
2837.00,0.0282
2836.00,0.0279
2835.00,0.0277
2834.00,0.0275
2833.00,0.0273
2832.00,0.0271
2831.00,0.0269
2830.00,0.0266
2829.00,0.0263
2828.00,0.0259
2827.00,0.0254
2826.00,0.0250
2825.00,0.0245
2824.00,0.0240
2823.00,0.0236
2822.00,0.0231
2821.00,0.0227
2820.00,0.0223
2819.00,0.0220
2818.00,0.0217
2817.00,0.0214
2816.00,0.0211
2815.00,0.0209
2814.00,0.0207
2813.00,0.0205
2812.00,0.0203
2811.00,0.0201
2810.00,0.0200
2809.00,0.0199
2808.00,0.0198
2807.00,0.0197
2806.00,0.0195
2805.00,0.0194
2804.00,0.0193
2803.00,0.0192
2802.00,0.0191
2801.00,0.0190
2800.00,0.0189
2799.00,0.0188
2798.00,0.0187
2797.00,0.0186
2796.00,0.0185
2795.00,0.0184
2794.00,0.0183
2793.00,0.0183
2792.00,0.0182
2791.00,0.0182
2790.00,0.0181
2789.00,0.0181
2788.00,0.0180
2787.00,0.0180
2786.00,0.0180
2785.00,0.0180
2784.00,0.0179
2783.00,0.0179
2782.00,0.0178
2781.00,0.0178
2780.00,0.0177
2779.00,0.0177
2778.00,0.0176
2777.00,0.0175
2776.00,0.0174
2775.00,0.0174
2774.00,0.0174
2773.00,0.0174
2772.00,0.0174
2771.00,0.0174
2770.00,0.0174
2769.00,0.0174
2768.00,0.0173
2767.00,0.0173
2766.00,0.0172
2765.00,0.0172
2764.00,0.0172
2763.00,0.0171
2762.00,0.0171
2761.00,0.0171
2760.00,0.0170
2759.00,0.0170
2758.00,0.0170
2757.00,0.0170
2756.00,0.0170
2755.00,0.0170
2754.00,0.0170
2753.00,0.0170
2752.00,0.0170
2751.00,0.0169
2750.00,0.0169
2749.00,0.0169
2748.00,0.0169
2747.00,0.0169
2746.00,0.0169
2745.00,0.0169
2744.00,0.0169
2743.00,0.0170
2742.00,0.0170
2741.00,0.0171
2740.00,0.0171
2739.00,0.0171
2738.00,0.0171
2737.00,0.0172
2736.00,0.0172
2735.00,0.0171
2734.00,0.0171
2733.00,0.0171
2732.00,0.0171
2731.00,0.0171
2730.00,0.0171
2729.00,0.0172
2728.00,0.0172
2727.00,0.0171
2726.00,0.0171
2725.00,0.0171
2724.00,0.0171
2723.00,0.0171
2722.00,0.0171
2721.00,0.0170
2720.00,0.0170
2719.00,0.0170
2718.00,0.0170
2717.00,0.0170
2716.00,0.0169
2715.00,0.0169
2714.00,0.0168
2713.00,0.0168
2712.00,0.0168
2711.00,0.0167
2710.00,0.0167
2709.00,0.0167
2708.00,0.0167
2707.00,0.0166
2706.00,0.0166
2705.00,0.0166
2704.00,0.0165
2703.00,0.0165
2702.00,0.0165
2701.00,0.0165
2700.00,0.0165
2699.00,0.0165
2698.00,0.0165
2697.00,0.0164
2696.00,0.0164
2695.00,0.0164
2694.00,0.0164
2693.00,0.0163
2692.00,0.0163
2691.00,0.0163
2690.00,0.0163
2689.00,0.0163
2688.00,0.0163
2687.00,0.0163
2686.00,0.0163
2685.00,0.0162
2684.00,0.0162
2683.00,0.0162
2682.00,0.0162
2681.00,0.0162
2680.00,0.0162
2679.00,0.0162
2678.00,0.0161
2677.00,0.0161
2676.00,0.0161
2675.00,0.0161
2674.00,0.0161
2673.00,0.0161
2672.00,0.0161
2671.00,0.0161
2670.00,0.0161
2669.00,0.0161
2668.00,0.0161
2667.00,0.0162
2666.00,0.0162
2665.00,0.0162
2664.00,0.0162
2663.00,0.0162
2662.00,0.0162
2661.00,0.0161
2660.00,0.0161
2659.00,0.0161
2658.00,0.0162
2657.00,0.0161
2656.00,0.0161
2655.00,0.0161
2654.00,0.0161
2653.00,0.0160
2652.00,0.0160
2651.00,0.0159
2650.00,0.0159
2649.00,0.0159
2648.00,0.0159
2647.00,0.0159
2646.00,0.0158
2645.00,0.0158
2644.00,0.0158
2643.00,0.0157
2642.00,0.0157
2641.00,0.0156
2640.00,0.0155
2639.00,0.0155
2638.00,0.0155
2637.00,0.0154
2636.00,0.0154
2635.00,0.0154
2634.00,0.0154
2633.00,0.0154
2632.00,0.0153
2631.00,0.0153
2630.00,0.0153
2629.00,0.0153
2628.00,0.0153
2627.00,0.0152
2626.00,0.0152
2625.00,0.0152
2624.00,0.0152
2623.00,0.0152
2622.00,0.0152
2621.00,0.0152
2620.00,0.0152
2619.00,0.0151
2618.00,0.0151
2617.00,0.0150
2616.00,0.0149
2615.00,0.0149
2614.00,0.0149
2613.00,0.0149
2612.00,0.0149
2611.00,0.0149
2610.00,0.0149
2609.00,0.0149
2608.00,0.0149
2607.00,0.0149
2606.00,0.0149
2605.00,0.0149
2604.00,0.0148
2603.00,0.0148
2602.00,0.0148
2601.00,0.0148
2600.00,0.0147
2599.00,0.0147
2598.00,0.0146
2597.00,0.0146
2596.00,0.0146
2595.00,0.0145
2594.00,0.0145
2593.00,0.0145
2592.00,0.0145
2591.00,0.0145
2590.00,0.0145
2589.00,0.0145
2588.00,0.0145
2587.00,0.0146
2586.00,0.0146
2585.00,0.0146
2584.00,0.0145
2583.00,0.0145
2582.00,0.0145
2581.00,0.0145
2580.00,0.0145
2579.00,0.0145
2578.00,0.0144
2577.00,0.0144
2576.00,0.0144
2575.00,0.0144
2574.00,0.0144
2573.00,0.0144
2572.00,0.0143
2571.00,0.0143
2570.00,0.0143
2569.00,0.0143
2568.00,0.0143
2567.00,0.0143
2566.00,0.0143
2565.00,0.0143
2564.00,0.0143
2563.00,0.0143
2562.00,0.0142
2561.00,0.0142
2560.00,0.0141
2559.00,0.0141
2558.00,0.0140
2557.00,0.0140
2556.00,0.0140
2555.00,0.0140
2554.00,0.0139
2553.00,0.0139
2552.00,0.0139
2551.00,0.0138
2550.00,0.0138
2549.00,0.0139
2548.00,0.0139
2547.00,0.0139
2546.00,0.0139
2545.00,0.0139
2544.00,0.0139
2543.00,0.0139
2542.00,0.0138
2541.00,0.0138
2540.00,0.0138
2539.00,0.0138
2538.00,0.0138
2537.00,0.0137
2536.00,0.0136
2535.00,0.0136
2534.00,0.0136
2533.00,0.0136
2532.00,0.0136
2531.00,0.0136
2530.00,0.0136
2529.00,0.0136
2528.00,0.0135
2527.00,0.0135
2526.00,0.0134
2525.00,0.0134
2524.00,0.0134
2523.00,0.0134
2522.00,0.0134
2521.00,0.0134
2520.00,0.0133
2519.00,0.0133
2518.00,0.0133
2517.00,0.0134
2516.00,0.0135
2515.00,0.0136
2514.00,0.0136
2513.00,0.0135
2512.00,0.0134
2511.00,0.0133
2510.00,0.0132
2509.00,0.0131
2508.00,0.0131
2507.00,0.0131
2506.00,0.0131
2505.00,0.0131
2504.00,0.0131
2503.00,0.0131
2502.00,0.0131
2501.00,0.0131
2500.00,0.0131
2499.00,0.0132
2498.00,0.0131
2497.00,0.0131
2496.00,0.0131
2495.00,0.0131
2494.00,0.0131
2493.00,0.0131
2492.00,0.0130
2491.00,0.0130
2490.00,0.0130
2489.00,0.0130
2488.00,0.0129
2487.00,0.0129
2486.00,0.0129
2485.00,0.0128
2484.00,0.0128
2483.00,0.0128
2482.00,0.0128
2481.00,0.0128
2480.00,0.0128
2479.00,0.0128
2478.00,0.0128
2477.00,0.0127
2476.00,0.0127
2475.00,0.0127
2474.00,0.0127
2473.00,0.0127
2472.00,0.0127
2471.00,0.0126
2470.00,0.0126
2469.00,0.0126
2468.00,0.0125
2467.00,0.0125
2466.00,0.0125
2465.00,0.0124
2464.00,0.0124
2463.00,0.0125
2462.00,0.0125
2461.00,0.0125
2460.00,0.0126
2459.00,0.0126
2458.00,0.0126
2457.00,0.0126
2456.00,0.0125
2455.00,0.0125
2454.00,0.0125
2453.00,0.0125
2452.00,0.0126
2451.00,0.0126
2450.00,0.0126
2449.00,0.0125
2448.00,0.0125
2447.00,0.0124
2446.00,0.0124
2445.00,0.0124
2444.00,0.0125
2443.00,0.0125
2442.00,0.0124
2441.00,0.0124
2440.00,0.0123
2439.00,0.0122
2438.00,0.0122
2437.00,0.0122
2436.00,0.0122
2435.00,0.0122
2434.00,0.0122
2433.00,0.0122
2432.00,0.0121
2431.00,0.0121
2430.00,0.0121
2429.00,0.0121
2428.00,0.0121
2427.00,0.0121
2426.00,0.0121
2425.00,0.0120
2424.00,0.0120
2423.00,0.0121
2422.00,0.0122
2421.00,0.0122
2420.00,0.0122
2419.00,0.0122
2418.00,0.0121
2417.00,0.0121
2416.00,0.0121
2415.00,0.0121
2414.00,0.0121
2413.00,0.0121
2412.00,0.0121
2411.00,0.0121
2410.00,0.0121
2409.00,0.0121
2408.00,0.0120
2407.00,0.0120
2406.00,0.0120
2405.00,0.0120
2404.00,0.0120
2403.00,0.0120
2402.00,0.0120
2401.00,0.0120
2400.00,0.0119
2399.00,0.0119
2398.00,0.0119
2397.00,0.0118
2396.00,0.0118
2395.00,0.0117
2394.00,0.0117
2393.00,0.0118
2392.00,0.0118
2391.00,0.0119
2390.00,0.0118
2389.00,0.0118
2388.00,0.0117
2387.00,0.0116
2386.00,0.0115
2385.00,0.0114
2384.00,0.0113
2383.00,0.0112
2382.00,0.0111
2381.00,0.0110
2380.00,0.0110
2379.00,0.0109
2378.00,0.0109
2377.00,0.0110
2376.00,0.0110
2375.00,0.0110
2374.00,0.0110
2373.00,0.0110
2372.00,0.0110
2371.00,0.0110
2370.00,0.0109
2369.00,0.0108
2368.00,0.0108
2367.00,0.0108
2366.00,0.0108
2365.00,0.0108
2364.00,0.0109
2363.00,0.0109
2362.00,0.0108
2361.00,0.0108
2360.00,0.0108
2359.00,0.0109
2358.00,0.0109
2357.00,0.0110
2356.00,0.0110
2355.00,0.0110
2354.00,0.0110
2353.00,0.0111
2352.00,0.0112
2351.00,0.0113
2350.00,0.0112
2349.00,0.0110
2348.00,0.0106
2347.00,0.0104
2346.00,0.0103
2345.00,0.0104
2344.00,0.0106
2343.00,0.0107
2342.00,0.0108
2341.00,0.0110
2340.00,0.0111
2339.00,0.0111
2338.00,0.0111
2337.00,0.0111
2336.00,0.0111
2335.00,0.0110
2334.00,0.0110
2333.00,0.0109
2332.00,0.0110
2331.00,0.0111
2330.00,0.0112
2329.00,0.0115
2328.00,0.0117
2327.00,0.0120
2326.00,0.0121
2325.00,0.0120
2324.00,0.0119
2323.00,0.0118
2322.00,0.0118
2321.00,0.0118
2320.00,0.0118
2319.00,0.0118
2318.00,0.0118
2317.00,0.0117
2316.00,0.0116
2315.00,0.0115
2314.00,0.0114
2313.00,0.0114
2312.00,0.0114
2311.00,0.0114
2310.00,0.0114
2309.00,0.0114
2308.00,0.0114
2307.00,0.0114
2306.00,0.0113
2305.00,0.0113
2304.00,0.0112
2303.00,0.0112
2302.00,0.0112
2301.00,0.0113
2300.00,0.0114
2299.00,0.0114
2298.00,0.0115
2297.00,0.0115
2296.00,0.0116
2295.00,0.0116
2294.00,0.0116
2293.00,0.0116
2292.00,0.0117
2291.00,0.0117
2290.00,0.0118
2289.00,0.0119
2288.00,0.0120
2287.00,0.0120
2286.00,0.0120
2285.00,0.0119
2284.00,0.0118
2283.00,0.0117
2282.00,0.0116
2281.00,0.0116
2280.00,0.0116
2279.00,0.0116
2278.00,0.0117
2277.00,0.0117
2276.00,0.0116
2275.00,0.0116
2274.00,0.0115
2273.00,0.0114
2272.00,0.0114
2271.00,0.0114
2270.00,0.0114
2269.00,0.0113
2268.00,0.0113
2267.00,0.0111
2266.00,0.0110
2265.00,0.0110
2264.00,0.0110
2263.00,0.0111
2262.00,0.0112
2261.00,0.0113
2260.00,0.0113
2259.00,0.0113
2258.00,0.0112
2257.00,0.0111
2256.00,0.0111
2255.00,0.0110
2254.00,0.0111
2253.00,0.0112
2252.00,0.0113
2251.00,0.0114
2250.00,0.0115
2249.00,0.0115
2248.00,0.0116
2247.00,0.0116
2246.00,0.0116
2245.00,0.0116
2244.00,0.0115
2243.00,0.0113
2242.00,0.0111
2241.00,0.0110
2240.00,0.0110
2239.00,0.0110
2238.00,0.0110
2237.00,0.0110
2236.00,0.0111
2235.00,0.0111
2234.00,0.0110
2233.00,0.0110
2232.00,0.0110
2231.00,0.0110
2230.00,0.0111
2229.00,0.0111
2228.00,0.0111
2227.00,0.0110
2226.00,0.0109
2225.00,0.0109
2224.00,0.0109
2223.00,0.0110
2222.00,0.0111
2221.00,0.0111
2220.00,0.0113
2219.00,0.0113
2218.00,0.0113
2217.00,0.0112
2216.00,0.0112
2215.00,0.0114
2214.00,0.0115
2213.00,0.0117
2212.00,0.0116
2211.00,0.0115
2210.00,0.0113
2209.00,0.0111
2208.00,0.0111
2207.00,0.0111
2206.00,0.0110
2205.00,0.0111
2204.00,0.0111
2203.00,0.0111
2202.00,0.0110
2201.00,0.0109
2200.00,0.0110
2199.00,0.0111
2198.00,0.0112
2197.00,0.0113
2196.00,0.0113
2195.00,0.0113
2194.00,0.0112
2193.00,0.0111
2192.00,0.0111
2191.00,0.0112
2190.00,0.0114
2189.00,0.0115
2188.00,0.0116
2187.00,0.0117
2186.00,0.0117
2185.00,0.0116
2184.00,0.0113
2183.00,0.0110
2182.00,0.0107
2181.00,0.0107
2180.00,0.0110
2179.00,0.0111
2178.00,0.0111
2177.00,0.0109
2176.00,0.0108
2175.00,0.0107
2174.00,0.0107
2173.00,0.0108
2172.00,0.0110
2171.00,0.0111
2170.00,0.0111
2169.00,0.0113
2168.00,0.0117
2167.00,0.0120
2166.00,0.0122
2165.00,0.0122
2164.00,0.0121
2163.00,0.0119
2162.00,0.0114
2161.00,0.0106
2160.00,0.0098
2159.00,0.0092
2158.00,0.0089
2157.00,0.0090
2156.00,0.0091
2155.00,0.0092
2154.00,0.0093
2153.00,0.0096
2152.00,0.0100
2151.00,0.0103
2150.00,0.0105
2149.00,0.0104
2148.00,0.0102
2147.00,0.0099
2146.00,0.0097
2145.00,0.0098
2144.00,0.0099
2143.00,0.0099
2142.00,0.0097
2141.00,0.0095
2140.00,0.0094
2139.00,0.0093
2138.00,0.0092
2137.00,0.0091
2136.00,0.0090
2135.00,0.0089
2134.00,0.0089
2133.00,0.0091
2132.00,0.0093
2131.00,0.0095
2130.00,0.0097
2129.00,0.0097
2128.00,0.0098
2127.00,0.0097
2126.00,0.0097
2125.00,0.0097
2124.00,0.0097
2123.00,0.0098
2122.00,0.0098
2121.00,0.0098
2120.00,0.0099
2119.00,0.0100
2118.00,0.0102
2117.00,0.0103
2116.00,0.0104
2115.00,0.0104
2114.00,0.0104
2113.00,0.0103
2112.00,0.0102
2111.00,0.0102
2110.00,0.0101
2109.00,0.0101
2108.00,0.0100
2107.00,0.0099
2106.00,0.0098
2105.00,0.0099
2104.00,0.0100
2103.00,0.0101
2102.00,0.0101
2101.00,0.0101
2100.00,0.0102
2099.00,0.0101
2098.00,0.0101
2097.00,0.0100
2096.00,0.0099
2095.00,0.0099
2094.00,0.0100
2093.00,0.0101
2092.00,0.0101
2091.00,0.0101
2090.00,0.0099
2089.00,0.0098
2088.00,0.0099
2087.00,0.0099
2086.00,0.0100
2085.00,0.0101
2084.00,0.0101
2083.00,0.0102
2082.00,0.0102
2081.00,0.0102
2080.00,0.0102
2079.00,0.0102
2078.00,0.0101
2077.00,0.0101
2076.00,0.0100
2075.00,0.0100
2074.00,0.0099
2073.00,0.0099
2072.00,0.0099
2071.00,0.0100
2070.00,0.0099
2069.00,0.0099
2068.00,0.0098
2067.00,0.0098
2066.00,0.0098
2065.00,0.0098
2064.00,0.0099
2063.00,0.0100
2062.00,0.0100
2061.00,0.0100
2060.00,0.0100
2059.00,0.0100
2058.00,0.0098
2057.00,0.0097
2056.00,0.0095
2055.00,0.0096
2054.00,0.0098
2053.00,0.0103
2052.00,0.0106
2051.00,0.0107
2050.00,0.0104
2049.00,0.0102
2048.00,0.0102
2047.00,0.0103
2046.00,0.0104
2045.00,0.0104
2044.00,0.0103
2043.00,0.0101
2042.00,0.0098
2041.00,0.0096
2040.00,0.0096
2039.00,0.0097
2038.00,0.0098
2037.00,0.0101
2036.00,0.0103
2035.00,0.0103
2034.00,0.0101
2033.00,0.0099
2032.00,0.0100
2031.00,0.0102
2030.00,0.0102
2029.00,0.0102
2028.00,0.0101
2027.00,0.0099
2026.00,0.0098
2025.00,0.0098
2024.00,0.0100
2023.00,0.0101
2022.00,0.0102
2021.00,0.0103
2020.00,0.0105
2019.00,0.0107
2018.00,0.0107
2017.00,0.0106
2016.00,0.0110
2015.00,0.0123
2014.00,0.0149
2013.00,0.0180
2012.00,0.0201
2011.00,0.0197
2010.00,0.0173
2009.00,0.0142
2008.00,0.0117
2007.00,0.0099
2006.00,0.0089
2005.00,0.0086
2004.00,0.0088
2003.00,0.0092
2002.00,0.0094
2001.00,0.0093
2000.00,0.0093
1999.00,0.0093
1998.00,0.0092
1997.00,0.0092
1996.00,0.0091
1995.00,0.0090
1994.00,0.0090
1993.00,0.0091
1992.00,0.0094
1991.00,0.0096
1990.00,0.0097
1989.00,0.0098
1988.00,0.0101
1987.00,0.0103
1986.00,0.0104
1985.00,0.0104
1984.00,0.0105
1983.00,0.0106
1982.00,0.0107
1981.00,0.0107
1980.00,0.0105
1979.00,0.0100
1978.00,0.0093
1977.00,0.0089
1976.00,0.0088
1975.00,0.0089
1974.00,0.0089
1973.00,0.0088
1972.00,0.0089
1971.00,0.0089
1970.00,0.0090
1969.00,0.0092
1968.00,0.0093
1967.00,0.0091
1966.00,0.0089
1965.00,0.0087
1964.00,0.0086
1963.00,0.0086
1962.00,0.0085
1961.00,0.0084
1960.00,0.0085
1959.00,0.0086
1958.00,0.0087
1957.00,0.0088
1956.00,0.0089
1955.00,0.0090
1954.00,0.0091
1953.00,0.0093
1952.00,0.0095
1951.00,0.0096
1950.00,0.0095
1949.00,0.0094
1948.00,0.0092
1947.00,0.0089
1946.00,0.0087
1945.00,0.0087
1944.00,0.0088
1943.00,0.0089
1942.00,0.0088
1941.00,0.0087
1940.00,0.0087
1939.00,0.0086
1938.00,0.0085
1937.00,0.0085
1936.00,0.0086
1935.00,0.0087
1934.00,0.0088
1933.00,0.0088
1932.00,0.0090
1931.00,0.0091
1930.00,0.0091
1929.00,0.0091
1928.00,0.0090
1927.00,0.0089
1926.00,0.0088
1925.00,0.0088
1924.00,0.0088
1923.00,0.0088
1922.00,0.0088
1921.00,0.0088
1920.00,0.0090
1919.00,0.0091
1918.00,0.0092
1917.00,0.0091
1916.00,0.0091
1915.00,0.0090
1914.00,0.0090
1913.00,0.0090
1912.00,0.0091
1911.00,0.0090
1910.00,0.0089
1909.00,0.0088
1908.00,0.0088
1907.00,0.0087
1906.00,0.0087
1905.00,0.0086
1904.00,0.0087
1903.00,0.0087
1902.00,0.0087
1901.00,0.0087
1900.00,0.0087
1899.00,0.0088
1898.00,0.0088
1897.00,0.0089
1896.00,0.0089
1895.00,0.0089
1894.00,0.0088
1893.00,0.0088
1892.00,0.0088
1891.00,0.0088
1890.00,0.0088
1889.00,0.0087
1888.00,0.0087
1887.00,0.0087
1886.00,0.0086
1885.00,0.0086
1884.00,0.0087
1883.00,0.0088
1882.00,0.0088
1881.00,0.0088
1880.00,0.0088
1879.00,0.0087
1878.00,0.0087
1877.00,0.0086
1876.00,0.0086
1875.00,0.0085
1874.00,0.0085
1873.00,0.0085
1872.00,0.0086
1871.00,0.0087
1870.00,0.0087
1869.00,0.0087
1868.00,0.0088
1867.00,0.0088
1866.00,0.0088
1865.00,0.0087
1864.00,0.0087
1863.00,0.0086
1862.00,0.0086
1861.00,0.0086
1860.00,0.0086
1859.00,0.0086
1858.00,0.0086
1857.00,0.0086
1856.00,0.0087
1855.00,0.0087
1854.00,0.0087
1853.00,0.0086
1852.00,0.0086
1851.00,0.0086
1850.00,0.0086
1849.00,0.0086
1848.00,0.0086
1847.00,0.0086
1846.00,0.0086
1845.00,0.0087
1844.00,0.0087
1843.00,0.0088
1842.00,0.0087
1841.00,0.0086
1840.00,0.0086
1839.00,0.0086
1838.00,0.0085
1837.00,0.0085
1836.00,0.0085
1835.00,0.0085
1834.00,0.0085
1833.00,0.0085
1832.00,0.0085
1831.00,0.0085
1830.00,0.0084
1829.00,0.0084
1828.00,0.0085
1827.00,0.0085
1826.00,0.0085
1825.00,0.0085
1824.00,0.0085
1823.00,0.0086
1822.00,0.0085
1821.00,0.0085
1820.00,0.0084
1819.00,0.0083
1818.00,0.0083
1817.00,0.0082
1816.00,0.0082
1815.00,0.0082
1814.00,0.0082
1813.00,0.0082
1812.00,0.0083
1811.00,0.0083
1810.00,0.0084
1809.00,0.0084
1808.00,0.0084
1807.00,0.0084
1806.00,0.0084
1805.00,0.0084
1804.00,0.0084
1803.00,0.0084
1802.00,0.0084
1801.00,0.0084
1800.00,0.0084
1799.00,0.0084
1798.00,0.0084
1797.00,0.0084
1796.00,0.0084
1795.00,0.0084
1794.00,0.0084
1793.00,0.0084
1792.00,0.0085
1791.00,0.0085
1790.00,0.0085
1789.00,0.0085
1788.00,0.0085
1787.00,0.0086
1786.00,0.0085
1785.00,0.0086
1784.00,0.0086
1783.00,0.0086
1782.00,0.0086
1781.00,0.0086
1780.00,0.0086
1779.00,0.0086
1778.00,0.0085
1777.00,0.0085
1776.00,0.0086
1775.00,0.0087
1774.00,0.0087
1773.00,0.0087
1772.00,0.0088
1771.00,0.0089
1770.00,0.0089
1769.00,0.0090
1768.00,0.0090
1767.00,0.0090
1766.00,0.0089
1765.00,0.0088
1764.00,0.0089
1763.00,0.0088
1762.00,0.0087
1761.00,0.0087
1760.00,0.0087
1759.00,0.0088
1758.00,0.0088
1757.00,0.0089
1756.00,0.0090
1755.00,0.0091
1754.00,0.0092
1753.00,0.0093
1752.00,0.0095
1751.00,0.0096
1750.00,0.0095
1749.00,0.0095
1748.00,0.0096
1747.00,0.0096
1746.00,0.0095
1745.00,0.0095
1744.00,0.0095
1743.00,0.0096
1742.00,0.0096
1741.00,0.0096
1740.00,0.0097
1739.00,0.0098
1738.00,0.0098
1737.00,0.0099
1736.00,0.0101
1735.00,0.0102
1734.00,0.0101
1733.00,0.0101
1732.00,0.0102
1731.00,0.0103
1730.00,0.0104
1729.00,0.0104
1728.00,0.0106
1727.00,0.0107
1726.00,0.0108
1725.00,0.0109
1724.00,0.0111
1723.00,0.0113
1722.00,0.0114
1721.00,0.0116
1720.00,0.0119
1719.00,0.0121
1718.00,0.0124
1717.00,0.0127
1716.00,0.0132
1715.00,0.0136
1714.00,0.0140
1713.00,0.0145
1712.00,0.0151
1711.00,0.0157
1710.00,0.0164
1709.00,0.0173
1708.00,0.0184
1707.00,0.0197
1706.00,0.0212
1705.00,0.0230
1704.00,0.0249
1703.00,0.0269
1702.00,0.0293
1701.00,0.0329
1700.00,0.0375
1699.00,0.0419
1698.00,0.0457
1697.00,0.0502
1696.00,0.0562
1695.00,0.0628
1694.00,0.0688
1693.00,0.0742
1692.00,0.0797
1691.00,0.0856
1690.00,0.0918
1689.00,0.0978
1688.00,0.1034
1687.00,0.1082
1686.00,0.1128
1685.00,0.1181
1684.00,0.1242
1683.00,0.1293
1682.00,0.1325
1681.00,0.1348
1680.00,0.1369
1679.00,0.1387
1678.00,0.1402
1677.00,0.1414
1676.00,0.1429
1675.00,0.1444
1674.00,0.1459
1673.00,0.1472
1672.00,0.1485
1671.00,0.1501
1670.00,0.1522
1669.00,0.1548
1668.00,0.1576
1667.00,0.1601
1666.00,0.1623
1665.00,0.1644
1664.00,0.1667
1663.00,0.1694
1662.00,0.1719
1661.00,0.1740
1660.00,0.1756
1659.00,0.1766
1658.00,0.1770
1657.00,0.1771
1656.00,0.1766
1655.00,0.1755
1654.00,0.1734
1653.00,0.1708
1652.00,0.1682
1651.00,0.1654
1650.00,0.1622
1649.00,0.1581
1648.00,0.1530
1647.00,0.1469
1646.00,0.1406
1645.00,0.1346
1644.00,0.1290
1643.00,0.1234
1642.00,0.1177
1641.00,0.1118
1640.00,0.1061
1639.00,0.1007
1638.00,0.0955
1637.00,0.0901
1636.00,0.0846
1635.00,0.0795
1634.00,0.0755
1633.00,0.0723
1632.00,0.0696
1631.00,0.0672
1630.00,0.0651
1629.00,0.0634
1628.00,0.0622
1627.00,0.0614
1626.00,0.0608
1625.00,0.0605
1624.00,0.0604
1623.00,0.0605
1622.00,0.0607
1621.00,0.0607
1620.00,0.0605
1619.00,0.0602
1618.00,0.0596
1617.00,0.0586
1616.00,0.0573
1615.00,0.0560
1614.00,0.0544
1613.00,0.0527
1612.00,0.0508
1611.00,0.0490
1610.00,0.0472
1609.00,0.0455
1608.00,0.0439
1607.00,0.0425
1606.00,0.0414
1605.00,0.0405
1604.00,0.0399
1603.00,0.0397
1602.00,0.0398
1601.00,0.0402
1600.00,0.0410
1599.00,0.0419
1598.00,0.0429
1597.00,0.0439
1596.00,0.0449
1595.00,0.0458
1594.00,0.0466
1593.00,0.0471
1592.00,0.0474
1591.00,0.0476
1590.00,0.0476
1589.00,0.0474
1588.00,0.0471
1587.00,0.0467
1586.00,0.0460
1585.00,0.0450
1584.00,0.0438
1583.00,0.0424
1582.00,0.0409
1581.00,0.0392
1580.00,0.0377
1579.00,0.0362
1578.00,0.0348
1577.00,0.0333
1576.00,0.0318
1575.00,0.0307
1574.00,0.0298
1573.00,0.0290
1572.00,0.0283
1571.00,0.0275
1570.00,0.0268
1569.00,0.0261
1568.00,0.0256
1567.00,0.0251
1566.00,0.0246
1565.00,0.0241
1564.00,0.0236
1563.00,0.0232
1562.00,0.0230
1561.00,0.0227
1560.00,0.0225
1559.00,0.0223
1558.00,0.0222
1557.00,0.0219
1556.00,0.0217
1555.00,0.0215
1554.00,0.0213
1553.00,0.0211
1552.00,0.0210
1551.00,0.0209
1550.00,0.0208
1549.00,0.0207
1548.00,0.0207
1547.00,0.0206
1546.00,0.0206
1545.00,0.0205
1544.00,0.0205
1543.00,0.0205
1542.00,0.0205
1541.00,0.0205
1540.00,0.0205
1539.00,0.0205
1538.00,0.0205
1537.00,0.0204
1536.00,0.0204
1535.00,0.0203
1534.00,0.0203
1533.00,0.0202
1532.00,0.0202
1531.00,0.0201
1530.00,0.0201
1529.00,0.0201
1528.00,0.0202
1527.00,0.0202
1526.00,0.0203
1525.00,0.0204
1524.00,0.0205
1523.00,0.0206
1522.00,0.0207
1521.00,0.0209
1520.00,0.0210
1519.00,0.0211
1518.00,0.0212
1517.00,0.0213
1516.00,0.0214
1515.00,0.0214
1514.00,0.0214
1513.00,0.0214
1512.00,0.0214
1511.00,0.0215
1510.00,0.0216
1509.00,0.0218
1508.00,0.0221
1507.00,0.0229
1506.00,0.0239
1505.00,0.0248
1504.00,0.0257
1503.00,0.0266
1502.00,0.0278
1501.00,0.0293
1500.00,0.0309
1499.00,0.0327
1498.00,0.0346
1497.00,0.0365
1496.00,0.0382
1495.00,0.0393
1494.00,0.0398
1493.00,0.0399
1492.00,0.0394
1491.00,0.0384
1490.00,0.0369
1489.00,0.0352
1488.00,0.0334
1487.00,0.0316
1486.00,0.0300
1485.00,0.0285
1484.00,0.0273
1483.00,0.0263
1482.00,0.0255
1481.00,0.0251
1480.00,0.0249
1479.00,0.0249
1478.00,0.0251
1477.00,0.0257
1476.00,0.0265
1475.00,0.0276
1474.00,0.0291
1473.00,0.0314
1472.00,0.0343
1471.00,0.0375
1470.00,0.0408
1469.00,0.0443
1468.00,0.0481
1467.00,0.0523
1466.00,0.0569
1465.00,0.0619
1464.00,0.0666
1463.00,0.0701
1462.00,0.0724
1461.00,0.0736
1460.00,0.0738
1459.00,0.0730
1458.00,0.0712
1457.00,0.0687
1456.00,0.0662
1455.00,0.0641
1454.00,0.0625
1453.00,0.0615
1452.00,0.0611
1451.00,0.0612
1450.00,0.0621
1449.00,0.0638
1448.00,0.0661
1447.00,0.0688
1446.00,0.0717
1445.00,0.0748
1444.00,0.0781
1443.00,0.0814
1442.00,0.0847
1441.00,0.0879
1440.00,0.0908
1439.00,0.0933
1438.00,0.0959
1437.00,0.0988
1436.00,0.1020
1435.00,0.1047
1434.00,0.1072
1433.00,0.1097
1432.00,0.1126
1431.00,0.1157
1430.00,0.1188
1429.00,0.1218
1428.00,0.1242
1427.00,0.1260
1426.00,0.1273
1425.00,0.1284
1424.00,0.1290
1423.00,0.1287
1422.00,0.1273
1421.00,0.1245
1420.00,0.1199
1419.00,0.1134
1418.00,0.1060
1417.00,0.0988
1416.00,0.0919
1415.00,0.0852
1414.00,0.0790
1413.00,0.0736
1412.00,0.0689
1411.00,0.0649
1410.00,0.0616
1409.00,0.0590
1408.00,0.0570
1407.00,0.0553
1406.00,0.0540
1405.00,0.0530
1404.00,0.0522
1403.00,0.0515
1402.00,0.0509
1401.00,0.0504
1400.00,0.0499
1399.00,0.0493
1398.00,0.0488
1397.00,0.0484
1396.00,0.0479
1395.00,0.0475
1394.00,0.0472
1393.00,0.0470
1392.00,0.0469
1391.00,0.0469
1390.00,0.0471
1389.00,0.0474
1388.00,0.0480
1387.00,0.0488
1386.00,0.0498
1385.00,0.0509
1384.00,0.0522
1383.00,0.0538
1382.00,0.0555
1381.00,0.0574
1380.00,0.0593
1379.00,0.0610
1378.00,0.0625
1377.00,0.0637
1376.00,0.0644
1375.00,0.0646
1374.00,0.0643
1373.00,0.0635
1372.00,0.0624
1371.00,0.0612
1370.00,0.0599
1369.00,0.0587
1368.00,0.0576
1367.00,0.0565
1366.00,0.0554
1365.00,0.0543
1364.00,0.0531
1363.00,0.0519
1362.00,0.0506
1361.00,0.0494
1360.00,0.0482
1359.00,0.0471
1358.00,0.0459
1357.00,0.0449
1356.00,0.0439
1355.00,0.0430
1354.00,0.0422
1353.00,0.0414
1352.00,0.0407
1351.00,0.0401
1350.00,0.0396
1349.00,0.0391
1348.00,0.0387
1347.00,0.0383
1346.00,0.0380
1345.00,0.0378
1344.00,0.0376
1343.00,0.0375
1342.00,0.0374
1341.00,0.0374
1340.00,0.0374
1339.00,0.0374
1338.00,0.0374
1337.00,0.0375
1336.00,0.0376
1335.00,0.0377
1334.00,0.0379
1333.00,0.0381
1332.00,0.0384
1331.00,0.0387
1330.00,0.0392
1329.00,0.0399
1328.00,0.0407
1327.00,0.0417
1326.00,0.0429
1325.00,0.0442
1324.00,0.0457
1323.00,0.0472
1322.00,0.0486
1321.00,0.0500
1320.00,0.0512
1319.00,0.0522
1318.00,0.0528
1317.00,0.0530
1316.00,0.0529
1315.00,0.0525
1314.00,0.0519
1313.00,0.0510
1312.00,0.0501
1311.00,0.0492
1310.00,0.0484
1309.00,0.0478
1308.00,0.0474
1307.00,0.0472
1306.00,0.0472
1305.00,0.0476
1304.00,0.0482
1303.00,0.0494
1302.00,0.0510
1301.00,0.0533
1300.00,0.0563
1299.00,0.0602
1298.00,0.0651
1297.00,0.0708
1296.00,0.0774
1295.00,0.0846
1294.00,0.0920
1293.00,0.0993
1292.00,0.1061
1291.00,0.1122
1290.00,0.1171
1289.00,0.1209
1288.00,0.1235
1287.00,0.1248
1286.00,0.1247
1285.00,0.1233
1284.00,0.1208
1283.00,0.1175
1282.00,0.1138
1281.00,0.1102
1280.00,0.1071
1279.00,0.1047
1278.00,0.1033
1277.00,0.1027
1276.00,0.1029
1275.00,0.1035
1274.00,0.1041
1273.00,0.1046
1272.00,0.1046
1271.00,0.1040
1270.00,0.1025
1269.00,0.1004
1268.00,0.0976
1267.00,0.0944
1266.00,0.0908
1265.00,0.0872
1264.00,0.0838
1263.00,0.0806
1262.00,0.0777
1261.00,0.0754
1260.00,0.0736
1259.00,0.0723
1258.00,0.0715
1257.00,0.0711
1256.00,0.0710
1255.00,0.0711
1254.00,0.0713
1253.00,0.0716
1252.00,0.0717
1251.00,0.0716
1250.00,0.0714
1249.00,0.0711
1248.00,0.0706
1247.00,0.0700
1246.00,0.0692
1245.00,0.0684
1244.00,0.0676
1243.00,0.0667
1242.00,0.0657
1241.00,0.0648
1240.00,0.0640
1239.00,0.0632
1238.00,0.0626
1237.00,0.0621
1236.00,0.0619
1235.00,0.0617
1234.00,0.0616
1233.00,0.0616
1232.00,0.0615
1231.00,0.0615
1230.00,0.0615
1229.00,0.0615
1228.00,0.0614
1227.00,0.0613
1226.00,0.0612
1225.00,0.0610
1224.00,0.0607
1223.00,0.0604
1222.00,0.0600
1221.00,0.0596
1220.00,0.0591
1219.00,0.0584
1218.00,0.0577
1217.00,0.0569
1216.00,0.0560
1215.00,0.0550
1214.00,0.0540
1213.00,0.0529
1212.00,0.0518
1211.00,0.0507
1210.00,0.0496
1209.00,0.0486
1208.00,0.0478
1207.00,0.0472
1206.00,0.0466
1205.00,0.0463
1204.00,0.0459
1203.00,0.0456
1202.00,0.0453
1201.00,0.0450
1200.00,0.0447
1199.00,0.0443
1198.00,0.0440
1197.00,0.0437
1196.00,0.0435
1195.00,0.0433
1194.00,0.0431
1193.00,0.0430
1192.00,0.0428
1191.00,0.0426
1190.00,0.0423
1189.00,0.0421
1188.00,0.0418
1187.00,0.0414
1186.00,0.0410
1185.00,0.0406
1184.00,0.0402
1183.00,0.0398
1182.00,0.0395
1181.00,0.0394
1180.00,0.0395
1179.00,0.0399
1178.00,0.0405
1177.00,0.0413
1176.00,0.0423
1175.00,0.0434
1174.00,0.0445
1173.00,0.0455
1172.00,0.0463
1171.00,0.0469
1170.00,0.0473
1169.00,0.0474
1168.00,0.0473
1167.00,0.0471
1166.00,0.0467
1165.00,0.0464
1164.00,0.0461
1163.00,0.0458
1162.00,0.0455
1161.00,0.0453
1160.00,0.0454
1159.00,0.0457
1158.00,0.0463
1157.00,0.0471
1156.00,0.0480
1155.00,0.0487
1154.00,0.0492
1153.00,0.0491
1152.00,0.0485
1151.00,0.0473
1150.00,0.0458
1149.00,0.0440
1148.00,0.0422
1147.00,0.0403
1146.00,0.0386
1145.00,0.0371
1144.00,0.0358
1143.00,0.0348
1142.00,0.0340
1141.00,0.0335
1140.00,0.0333
1139.00,0.0332
1138.00,0.0333
1137.00,0.0336
1136.00,0.0339
1135.00,0.0342
1134.00,0.0345
1133.00,0.0348
1132.00,0.0350
1131.00,0.0351
1130.00,0.0350
1129.00,0.0346
1128.00,0.0340
1127.00,0.0333
1126.00,0.0324
1125.00,0.0315
1124.00,0.0308
1123.00,0.0301
1122.00,0.0297
1121.00,0.0293
1120.00,0.0291
1119.00,0.0290
1118.00,0.0289
1117.00,0.0290
1116.00,0.0292
1115.00,0.0294
1114.00,0.0297
1113.00,0.0299
1112.00,0.0302
1111.00,0.0304
1110.00,0.0305
1109.00,0.0307
1108.00,0.0308
1107.00,0.0309
1106.00,0.0311
1105.00,0.0312
1104.00,0.0315
1103.00,0.0318
1102.00,0.0320
1101.00,0.0322
1100.00,0.0324
1099.00,0.0326
1098.00,0.0326
1097.00,0.0325
1096.00,0.0324
1095.00,0.0321
1094.00,0.0317
1093.00,0.0312
1092.00,0.0306
1091.00,0.0301
1090.00,0.0295
1089.00,0.0291
1088.00,0.0288
1087.00,0.0287
1086.00,0.0286
1085.00,0.0287
1084.00,0.0289
1083.00,0.0291
1082.00,0.0293
1081.00,0.0296
1080.00,0.0300
1079.00,0.0304
1078.00,0.0308
1077.00,0.0310
1076.00,0.0312
1075.00,0.0313
1074.00,0.0312
1073.00,0.0309
1072.00,0.0306
1071.00,0.0303
1070.00,0.0300
1069.00,0.0298
1068.00,0.0299
1067.00,0.0301
1066.00,0.0305
1065.00,0.0312
1064.00,0.0322
1063.00,0.0336
1062.00,0.0354
1061.00,0.0377
1060.00,0.0404
1059.00,0.0435
1058.00,0.0465
1057.00,0.0490
1056.00,0.0505
1055.00,0.0506
1054.00,0.0495
1053.00,0.0474
1052.00,0.0448
1051.00,0.0421
1050.00,0.0395
1049.00,0.0374
1048.00,0.0359
1047.00,0.0348
1046.00,0.0342
1045.00,0.0341
1044.00,0.0343
1043.00,0.0348
1042.00,0.0356
1041.00,0.0369
1040.00,0.0385
1039.00,0.0406
1038.00,0.0432
1037.00,0.0462
1036.00,0.0495
1035.00,0.0528
1034.00,0.0559
1033.00,0.0585
1032.00,0.0604
1031.00,0.0613
1030.00,0.0612
1029.00,0.0601
1028.00,0.0583
1027.00,0.0559
1026.00,0.0532
1025.00,0.0506
1024.00,0.0483
1023.00,0.0464
1022.00,0.0450
1021.00,0.0441
1020.00,0.0435
1019.00,0.0430
1018.00,0.0424
1017.00,0.0417
1016.00,0.0408
1015.00,0.0397
1014.00,0.0384
1013.00,0.0370
1012.00,0.0357
1011.00,0.0345
1010.00,0.0337
1009.00,0.0332
1008.00,0.0329
1007.00,0.0325
1006.00,0.0322
1005.00,0.0322
1004.00,0.0325
1003.00,0.0329
1002.00,0.0332
1001.00,0.0332
1000.00,0.0329
999.00,0.0324
998.00,0.0317
997.00,0.0310
996.00,0.0303
995.00,0.0297
994.00,0.0291
993.00,0.0287
992.00,0.0284
991.00,0.0283
990.00,0.0283
989.00,0.0282
988.00,0.0282
987.00,0.0281
986.00,0.0279
985.00,0.0276
984.00,0.0272
983.00,0.0267
982.00,0.0263
981.00,0.0259
980.00,0.0256
979.00,0.0254
978.00,0.0252
977.00,0.0251
976.00,0.0251
975.00,0.0251
974.00,0.0251
973.00,0.0250
972.00,0.0251
971.00,0.0251
970.00,0.0252
969.00,0.0253
968.00,0.0255
967.00,0.0256
966.00,0.0257
965.00,0.0259
964.00,0.0262
963.00,0.0265
962.00,0.0269
961.00,0.0273
960.00,0.0280
959.00,0.0287
958.00,0.0293
957.00,0.0298
956.00,0.0301
955.00,0.0301
954.00,0.0299
953.00,0.0295
952.00,0.0289
951.00,0.0281
950.00,0.0271
949.00,0.0262
948.00,0.0252
947.00,0.0244
946.00,0.0236
945.00,0.0229
944.00,0.0224
943.00,0.0220
942.00,0.0218
941.00,0.0218
940.00,0.0220
939.00,0.0224
938.00,0.0228
937.00,0.0234
936.00,0.0241
935.00,0.0248
934.00,0.0254
933.00,0.0258
932.00,0.0259
931.00,0.0257
930.00,0.0252
929.00,0.0246
928.00,0.0240
927.00,0.0236
926.00,0.0232
925.00,0.0228
924.00,0.0224
923.00,0.0221
922.00,0.0219
921.00,0.0218
920.00,0.0217
919.00,0.0218
918.00,0.0218
917.00,0.0220
916.00,0.0221
915.00,0.0222
914.00,0.0223
913.00,0.0224
912.00,0.0225
911.00,0.0227
910.00,0.0230
909.00,0.0233
908.00,0.0237
907.00,0.0242
906.00,0.0248
905.00,0.0255
904.00,0.0263
903.00,0.0272
902.00,0.0280
901.00,0.0289
900.00,0.0297
899.00,0.0304
898.00,0.0310
897.00,0.0315
896.00,0.0319
895.00,0.0322
894.00,0.0325
893.00,0.0327
892.00,0.0330
891.00,0.0332
890.00,0.0334
889.00,0.0337
888.00,0.0341
887.00,0.0345
886.00,0.0349
885.00,0.0352
884.00,0.0355
883.00,0.0358
882.00,0.0358
881.00,0.0358
880.00,0.0356
879.00,0.0352
878.00,0.0348
877.00,0.0343
876.00,0.0337
875.00,0.0331
874.00,0.0325
873.00,0.0319
872.00,0.0315
871.00,0.0311
870.00,0.0307
869.00,0.0305
868.00,0.0304
867.00,0.0304
866.00,0.0305
865.00,0.0307
864.00,0.0310
863.00,0.0314
862.00,0.0318
861.00,0.0323
860.00,0.0329
859.00,0.0337
858.00,0.0346
857.00,0.0357
856.00,0.0368
855.00,0.0380
854.00,0.0391
853.00,0.0400
852.00,0.0409
851.00,0.0417
850.00,0.0423
849.00,0.0430
848.00,0.0436
847.00,0.0441
846.00,0.0444
845.00,0.0447
844.00,0.0449
843.00,0.0450
842.00,0.0450
841.00,0.0450
840.00,0.0449
839.00,0.0450
838.00,0.0450
837.00,0.0450
836.00,0.0452
835.00,0.0454
834.00,0.0456
833.00,0.0458
832.00,0.0459
831.00,0.0459
830.00,0.0458
829.00,0.0456
828.00,0.0452
827.00,0.0446
826.00,0.0438
825.00,0.0429
824.00,0.0420
823.00,0.0412
822.00,0.0404
821.00,0.0396
820.00,0.0390
819.00,0.0384
818.00,0.0377
817.00,0.0369
816.00,0.0361
815.00,0.0353
814.00,0.0345
813.00,0.0338
812.00,0.0332
811.00,0.0327
810.00,0.0323
809.00,0.0320
808.00,0.0317
807.00,0.0316
806.00,0.0315
805.00,0.0314
804.00,0.0312
803.00,0.0309
802.00,0.0303
801.00,0.0297
800.00,0.0293
799.00,0.0290
798.00,0.0289
797.00,0.0290
796.00,0.0292
795.00,0.0295
794.00,0.0296
793.00,0.0298
792.00,0.0298
791.00,0.0298
790.00,0.0296
789.00,0.0293
788.00,0.0290
787.00,0.0288
786.00,0.0286
785.00,0.0285
784.00,0.0285
783.00,0.0285
782.00,0.0285
781.00,0.0287
780.00,0.0291
779.00,0.0295
778.00,0.0299
777.00,0.0303
776.00,0.0307
775.00,0.0311
774.00,0.0314
773.00,0.0317
772.00,0.0321
771.00,0.0323
770.00,0.0323
769.00,0.0324
768.00,0.0324
767.00,0.0325
766.00,0.0326
765.00,0.0328
764.00,0.0331
763.00,0.0335
762.00,0.0340
761.00,0.0345
760.00,0.0352
759.00,0.0358
758.00,0.0364
757.00,0.0369
756.00,0.0372
755.00,0.0374
754.00,0.0373
753.00,0.0372
752.00,0.0372
751.00,0.0372
750.00,0.0372
749.00,0.0374
748.00,0.0376
747.00,0.0380
746.00,0.0384
745.00,0.0389
744.00,0.0394
743.00,0.0400
742.00,0.0406
741.00,0.0413
740.00,0.0420
739.00,0.0427
738.00,0.0433
737.00,0.0439
736.00,0.0444
735.00,0.0448
734.00,0.0450
733.00,0.0449
732.00,0.0447
731.00,0.0442
730.00,0.0435
729.00,0.0428
728.00,0.0420
727.00,0.0412
726.00,0.0404
725.00,0.0396
724.00,0.0388
723.00,0.0381
722.00,0.0374
721.00,0.0368
720.00,0.0364
719.00,0.0361
718.00,0.0358
717.00,0.0356
716.00,0.0354
715.00,0.0352
714.00,0.0350
713.00,0.0348
712.00,0.0347
711.00,0.0347
710.00,0.0346
709.00,0.0346
708.00,0.0346
707.00,0.0346
706.00,0.0346
705.00,0.0346
704.00,0.0346
703.00,0.0347
702.00,0.0348
701.00,0.0350
700.00,0.0351
699.00,0.0354
698.00,0.0355
697.00,0.0358
696.00,0.0360
695.00,0.0363
694.00,0.0365
693.00,0.0368
692.00,0.0371
691.00,0.0374
690.00,0.0377
689.00,0.0381
688.00,0.0385
687.00,0.0390
686.00,0.0394
685.00,0.0398
684.00,0.0403
683.00,0.0407
682.00,0.0412
681.00,0.0417
680.00,0.0422
679.00,0.0426
678.00,0.0430
677.00,0.0433
676.00,0.0437
675.00,0.0441
674.00,0.0445
673.00,0.0450
672.00,0.0454
671.00,0.0457
670.00,0.0460
669.00,0.0467
668.00,0.0481
667.00,0.0493
666.00,0.0499
665.00,0.0501
664.00,0.0506
663.00,0.0512
662.00,0.0521
661.00,0.0530
660.00,0.0540
659.00,0.0550
658.00,0.0559
657.00,0.0569
656.00,0.0580
655.00,0.0592
654.00,0.0602
653.00,0.0610
652.00,0.0619
651.00,0.0625
650.00,0.0630
649.00,0.0634
648.00,0.0636
647.00,0.0635
646.00,0.0631
645.00,0.0623
644.00,0.0614
643.00,0.0604
642.00,0.0591
641.00,0.0579
640.00,0.0567
639.00,0.0556
638.00,0.0544
637.00,0.0532
636.00,0.0522
635.00,0.0511
634.00,0.0500
633.00,0.0491
632.00,0.0483
631.00,0.0476
630.00,0.0469
629.00,0.0462
628.00,0.0457
627.00,0.0452
626.00,0.0447
625.00,0.0442
624.00,0.0438
623.00,0.0435
622.00,0.0432
621.00,0.0430
620.00,0.0430
619.00,0.0430
618.00,0.0430
617.00,0.0430
616.00,0.0431
615.00,0.0431
614.00,0.0431
613.00,0.0431
612.00,0.0432
611.00,0.0432
610.00,0.0433
609.00,0.0433
608.00,0.0435
607.00,0.0437
606.00,0.0439
605.00,0.0440
604.00,0.0441
603.00,0.0441
602.00,0.0442
601.00,0.0444
600.00,0.0447
599.00,0.0450
598.00,0.0451
597.00,0.0452
596.00,0.0454
595.00,0.0457
594.00,0.0458
593.00,0.0460
592.00,0.0463
591.00,0.0466
590.00,0.0469
589.00,0.0474
588.00,0.0482
587.00,0.0492
586.00,0.0503
585.00,0.0515
584.00,0.0528
583.00,0.0540
582.00,0.0552
581.00,0.0563
580.00,0.0574
579.00,0.0583
578.00,0.0587
577.00,0.0589
576.00,0.0591
575.00,0.0591
574.00,0.0590
573.00,0.0588
572.00,0.0585
571.00,0.0581
570.00,0.0575
569.00,0.0569
568.00,0.0565
567.00,0.0560
566.00,0.0553
565.00,0.0546
564.00,0.0539
563.00,0.0532
562.00,0.0523
561.00,0.0516
560.00,0.0512
559.00,0.0510
558.00,0.0508
557.00,0.0508
556.00,0.0509
555.00,0.0511
554.00,0.0511
553.00,0.0511
552.00,0.0512
551.00,0.0510
550.00,0.0505
549.00,0.0499
548.00,0.0494
547.00,0.0489
546.00,0.0483
545.00,0.0476
544.00,0.0470
543.00,0.0464
542.00,0.0458
541.00,0.0452
540.00,0.0448
539.00,0.0444
538.00,0.0440
537.00,0.0439
536.00,0.0441
535.00,0.0443
534.00,0.0445
533.00,0.0446
532.00,0.0447
531.00,0.0446
530.00,0.0444
529.00,0.0444
528.00,0.0449
527.00,0.0456
526.00,0.0464
525.00,0.0470
524.00,0.0473
523.00,0.0473
522.00,0.0467
521.00,0.0459
520.00,0.0452
519.00,0.0444
518.00,0.0434
517.00,0.0426
516.00,0.0421
515.00,0.0417
514.00,0.0412
513.00,0.0408
512.00,0.0405
511.00,0.0403
510.00,0.0400
509.00,0.0399
508.00,0.0400
507.00,0.0400
506.00,0.0399
505.00,0.0399
504.00,0.0399
503.00,0.0400
502.00,0.0398
501.00,0.0397
500.00,0.0397
499.00,0.0397
498.00,0.0396
497.00,0.0396
496.00,0.0399
495.00,0.0403
494.00,0.0405
493.00,0.0409
492.00,0.0413
491.00,0.0417
490.00,0.0419
489.00,0.0422
488.00,0.0425
487.00,0.0427
486.00,0.0428
485.00,0.0428
484.00,0.0429
483.00,0.0429
482.00,0.0426
481.00,0.0423
480.00,0.0424
479.00,0.0425
478.00,0.0424
477.00,0.0422
476.00,0.0423
475.00,0.0425
474.00,0.0425
473.00,0.0425
472.00,0.0429
471.00,0.0431
470.00,0.0429
469.00,0.0426
468.00,0.0427
467.00,0.0428
466.00,0.0427
465.00,0.0424
464.00,0.0422
463.00,0.0420
462.00,0.0417
461.00,0.0414
460.00,0.0414
459.00,0.0413
458.00,0.0409
457.00,0.0404
456.00,0.0400
455.00,0.0396
454.00,0.0392
453.00,0.0391
452.00,0.0394
451.00,0.0396
450.00,0.0394
449.00,0.0392
448.00,0.0393
447.00,0.0393
446.00,0.0390
445.00,0.0388
444.00,0.0388
443.00,0.0387
442.00,0.0383
441.00,0.0380
440.00,0.0382
439.00,0.0386
438.00,0.0389
437.00,0.0392
436.00,0.0395
435.00,0.0393
434.00,0.0385
433.00,0.0375
432.00,0.0371
431.00,0.0369
430.00,0.0367
429.00,0.0366
428.00,0.0370
427.00,0.0374
426.00,0.0374
425.00,0.0373
424.00,0.0375
423.00,0.0377
422.00,0.0375
421.00,0.0375
420.00,0.0381
419.00,0.0386
418.00,0.0382
417.00,0.0376
416.00,0.0373
415.00,0.0371
414.00,0.0365
413.00,0.0360
412.00,0.0358
411.00,0.0356
410.00,0.0350
409.00,0.0348
408.00,0.0356
407.00,0.0364
406.00,0.0362
405.00,0.0360
404.00,0.0364
403.00,0.0367
402.00,0.0361
401.00,0.0353
400.00,0.0352
