Created as New Dataset,Sample 192 By YargerLab Date Saturday, October 04 2025
cm-1,A
4000.00,0.0088
3999.00,0.0088
3998.00,0.0088
3997.00,0.0088
3996.00,0.0088
3995.00,0.0088
3994.00,0.0088
3993.00,0.0088
3992.00,0.0088
3991.00,0.0088
3990.00,0.0088
3989.00,0.0087
3988.00,0.0087
3987.00,0.0087
3986.00,0.0087
3985.00,0.0087
3984.00,0.0087
3983.00,0.0087
3982.00,0.0088
3981.00,0.0088
3980.00,0.0088
3979.00,0.0088
3978.00,0.0088
3977.00,0.0088
3976.00,0.0088
3975.00,0.0088
3974.00,0.0088
3973.00,0.0088
3972.00,0.0089
3971.00,0.0089
3970.00,0.0089
3969.00,0.0089
3968.00,0.0089
3967.00,0.0089
3966.00,0.0088
3965.00,0.0088
3964.00,0.0088
3963.00,0.0088
3962.00,0.0088
3961.00,0.0088
3960.00,0.0088
3959.00,0.0088
3958.00,0.0088
3957.00,0.0088
3956.00,0.0088
3955.00,0.0088
3954.00,0.0088
3953.00,0.0088
3952.00,0.0088
3951.00,0.0088
3950.00,0.0088
3949.00,0.0088
3948.00,0.0088
3947.00,0.0087
3946.00,0.0087
3945.00,0.0087
3944.00,0.0087
3943.00,0.0087
3942.00,0.0087
3941.00,0.0087
3940.00,0.0087
3939.00,0.0087
3938.00,0.0087
3937.00,0.0087
3936.00,0.0086
3935.00,0.0086
3934.00,0.0086
3933.00,0.0086
3932.00,0.0086
3931.00,0.0086
3930.00,0.0087
3929.00,0.0087
3928.00,0.0087
3927.00,0.0087
3926.00,0.0087
3925.00,0.0087
3924.00,0.0087
3923.00,0.0087
3922.00,0.0087
3921.00,0.0087
3920.00,0.0087
3919.00,0.0087
3918.00,0.0087
3917.00,0.0087
3916.00,0.0087
3915.00,0.0087
3914.00,0.0087
3913.00,0.0087
3912.00,0.0087
3911.00,0.0087
3910.00,0.0087
3909.00,0.0087
3908.00,0.0087
3907.00,0.0087
3906.00,0.0087
3905.00,0.0087
3904.00,0.0087
3903.00,0.0086
3902.00,0.0086
3901.00,0.0086
3900.00,0.0086
3899.00,0.0086
3898.00,0.0086
3897.00,0.0086
3896.00,0.0086
3895.00,0.0086
3894.00,0.0086
3893.00,0.0087
3892.00,0.0087
3891.00,0.0087
3890.00,0.0087
3889.00,0.0087
3888.00,0.0086
3887.00,0.0086
3886.00,0.0087
3885.00,0.0087
3884.00,0.0086
3883.00,0.0086
3882.00,0.0086
3881.00,0.0086
3880.00,0.0086
3879.00,0.0086
3878.00,0.0086
3877.00,0.0086
3876.00,0.0086
3875.00,0.0086
3874.00,0.0086
3873.00,0.0087
3872.00,0.0087
3871.00,0.0087
3870.00,0.0087
3869.00,0.0086
3868.00,0.0086
3867.00,0.0085
3866.00,0.0085
3865.00,0.0085
3864.00,0.0085
3863.00,0.0086
3862.00,0.0086
3861.00,0.0086
3860.00,0.0086
3859.00,0.0086
3858.00,0.0086
3857.00,0.0087
3856.00,0.0087
3855.00,0.0087
3854.00,0.0086
3853.00,0.0086
3852.00,0.0086
3851.00,0.0085
3850.00,0.0085
3849.00,0.0085
3848.00,0.0085
3847.00,0.0086
3846.00,0.0086
3845.00,0.0086
3844.00,0.0087
3843.00,0.0086
3842.00,0.0086
3841.00,0.0086
3840.00,0.0086
3839.00,0.0086
3838.00,0.0086
3837.00,0.0086
3836.00,0.0086
3835.00,0.0086
3834.00,0.0086
3833.00,0.0086
3832.00,0.0086
3831.00,0.0086
3830.00,0.0086
3829.00,0.0086
3828.00,0.0086
3827.00,0.0086
3826.00,0.0087
3825.00,0.0087
3824.00,0.0087
3823.00,0.0086
3822.00,0.0086
3821.00,0.0087
3820.00,0.0087
3819.00,0.0086
3818.00,0.0086
3817.00,0.0086
3816.00,0.0086
3815.00,0.0086
3814.00,0.0087
3813.00,0.0087
3812.00,0.0087
3811.00,0.0087
3810.00,0.0087
3809.00,0.0087
3808.00,0.0086
3807.00,0.0086
3806.00,0.0086
3805.00,0.0086
3804.00,0.0085
3803.00,0.0085
3802.00,0.0086
3801.00,0.0086
3800.00,0.0086
3799.00,0.0086
3798.00,0.0085
3797.00,0.0086
3796.00,0.0086
3795.00,0.0086
3794.00,0.0086
3793.00,0.0085
3792.00,0.0086
3791.00,0.0086
3790.00,0.0086
3789.00,0.0086
3788.00,0.0085
3787.00,0.0085
3786.00,0.0085
3785.00,0.0085
3784.00,0.0085
3783.00,0.0085
3782.00,0.0085
3781.00,0.0085
3780.00,0.0086
3779.00,0.0086
3778.00,0.0086
3777.00,0.0086
3776.00,0.0086
3775.00,0.0086
3774.00,0.0086
3773.00,0.0086
3772.00,0.0086
3771.00,0.0086
3770.00,0.0086
3769.00,0.0086
3768.00,0.0086
3767.00,0.0086
3766.00,0.0086
3765.00,0.0086
3764.00,0.0086
3763.00,0.0086
3762.00,0.0086
3761.00,0.0086
3760.00,0.0086
3759.00,0.0086
3758.00,0.0087
3757.00,0.0087
3756.00,0.0087
3755.00,0.0087
3754.00,0.0086
3753.00,0.0086
3752.00,0.0086
3751.00,0.0085
3750.00,0.0085
3749.00,0.0085
3748.00,0.0085
3747.00,0.0085
3746.00,0.0085
3745.00,0.0085
3744.00,0.0085
3743.00,0.0085
3742.00,0.0085
3741.00,0.0085
3740.00,0.0085
3739.00,0.0085
3738.00,0.0085
3737.00,0.0085
3736.00,0.0085
3735.00,0.0086
3734.00,0.0086
3733.00,0.0086
3732.00,0.0087
3731.00,0.0087
3730.00,0.0087
3729.00,0.0087
3728.00,0.0088
3727.00,0.0088
3726.00,0.0089
3725.00,0.0089
3724.00,0.0090
3723.00,0.0091
3722.00,0.0091
3721.00,0.0092
3720.00,0.0092
3719.00,0.0093
3718.00,0.0093
3717.00,0.0094
3716.00,0.0094
3715.00,0.0095
3714.00,0.0095
3713.00,0.0095
3712.00,0.0095
3711.00,0.0095
3710.00,0.0095
3709.00,0.0095
3708.00,0.0095
3707.00,0.0095
3706.00,0.0095
3705.00,0.0095
3704.00,0.0095
3703.00,0.0095
3702.00,0.0095
3701.00,0.0095
3700.00,0.0096
3699.00,0.0096
3698.00,0.0096
3697.00,0.0096
3696.00,0.0096
3695.00,0.0096
3694.00,0.0096
3693.00,0.0095
3692.00,0.0094
3691.00,0.0094
3690.00,0.0093
3689.00,0.0093
3688.00,0.0092
3687.00,0.0092
3686.00,0.0093
3685.00,0.0094
3684.00,0.0096
3683.00,0.0097
3682.00,0.0098
3681.00,0.0099
3680.00,0.0099
3679.00,0.0098
3678.00,0.0097
3677.00,0.0097
3676.00,0.0096
3675.00,0.0096
3674.00,0.0096
3673.00,0.0096
3672.00,0.0095
3671.00,0.0096
3670.00,0.0096
3669.00,0.0097
3668.00,0.0097
3667.00,0.0097
3666.00,0.0098
3665.00,0.0098
3664.00,0.0098
3663.00,0.0099
3662.00,0.0099
3661.00,0.0099
3660.00,0.0099
3659.00,0.0099
3658.00,0.0099
3657.00,0.0099
3656.00,0.0099
3655.00,0.0098
3654.00,0.0097
3653.00,0.0097
3652.00,0.0096
3651.00,0.0096
3650.00,0.0095
3649.00,0.0095
3648.00,0.0094
3647.00,0.0094
3646.00,0.0094
3645.00,0.0095
3644.00,0.0095
3643.00,0.0095
3642.00,0.0095
3641.00,0.0096
3640.00,0.0096
3639.00,0.0096
3638.00,0.0096
3637.00,0.0096
3636.00,0.0096
3635.00,0.0096
3634.00,0.0096
3633.00,0.0096
3632.00,0.0096
3631.00,0.0096
3630.00,0.0096
3629.00,0.0097
3628.00,0.0097
3627.00,0.0097
3626.00,0.0096
3625.00,0.0097
3624.00,0.0098
3623.00,0.0098
3622.00,0.0099
3621.00,0.0100
3620.00,0.0101
3619.00,0.0101
3618.00,0.0102
3617.00,0.0102
3616.00,0.0102
3615.00,0.0102
3614.00,0.0102
3613.00,0.0102
3612.00,0.0103
3611.00,0.0103
3610.00,0.0103
3609.00,0.0104
3608.00,0.0104
3607.00,0.0105
3606.00,0.0106
3605.00,0.0107
3604.00,0.0107
3603.00,0.0107
3602.00,0.0108
3601.00,0.0108
3600.00,0.0109
3599.00,0.0110
3598.00,0.0111
3597.00,0.0112
3596.00,0.0112
3595.00,0.0113
3594.00,0.0114
3593.00,0.0115
3592.00,0.0116
3591.00,0.0116
3590.00,0.0117
3589.00,0.0117
3588.00,0.0118
3587.00,0.0119
3586.00,0.0120
3585.00,0.0121
3584.00,0.0122
3583.00,0.0123
3582.00,0.0124
3581.00,0.0126
3580.00,0.0127
3579.00,0.0128
3578.00,0.0129
3577.00,0.0130
3576.00,0.0132
3575.00,0.0133
3574.00,0.0134
3573.00,0.0135
3572.00,0.0136
3571.00,0.0137
3570.00,0.0138
3569.00,0.0139
3568.00,0.0140
3567.00,0.0141
3566.00,0.0142
3565.00,0.0144
3564.00,0.0145
3563.00,0.0146
3562.00,0.0148
3561.00,0.0149
3560.00,0.0150
3559.00,0.0151
3558.00,0.0153
3557.00,0.0154
3556.00,0.0155
3555.00,0.0156
3554.00,0.0158
3553.00,0.0159
3552.00,0.0160
3551.00,0.0162
3550.00,0.0163
3549.00,0.0164
3548.00,0.0165
3547.00,0.0166
3546.00,0.0167
3545.00,0.0169
3544.00,0.0171
3543.00,0.0172
3542.00,0.0173
3541.00,0.0174
3540.00,0.0176
3539.00,0.0177
3538.00,0.0178
3537.00,0.0180
3536.00,0.0181
3535.00,0.0182
3534.00,0.0184
3533.00,0.0185
3532.00,0.0187
3531.00,0.0188
3530.00,0.0190
3529.00,0.0191
3528.00,0.0192
3527.00,0.0194
3526.00,0.0195
3525.00,0.0196
3524.00,0.0197
3523.00,0.0199
3522.00,0.0201
3521.00,0.0203
3520.00,0.0204
3519.00,0.0206
3518.00,0.0207
3517.00,0.0208
3516.00,0.0210
3515.00,0.0212
3514.00,0.0214
3513.00,0.0216
3512.00,0.0217
3511.00,0.0219
3510.00,0.0221
3509.00,0.0222
3508.00,0.0224
3507.00,0.0226
3506.00,0.0227
3505.00,0.0229
3504.00,0.0231
3503.00,0.0233
3502.00,0.0235
3501.00,0.0237
3500.00,0.0239
3499.00,0.0241
3498.00,0.0244
3497.00,0.0246
3496.00,0.0249
3495.00,0.0252
3494.00,0.0254
3493.00,0.0257
3492.00,0.0259
3491.00,0.0262
3490.00,0.0265
3489.00,0.0268
3488.00,0.0272
3487.00,0.0275
3486.00,0.0279
3485.00,0.0283
3484.00,0.0287
3483.00,0.0292
3482.00,0.0297
3481.00,0.0303
3480.00,0.0308
3479.00,0.0314
3478.00,0.0320
3477.00,0.0326
3476.00,0.0333
3475.00,0.0340
3474.00,0.0348
3473.00,0.0356
3472.00,0.0365
3471.00,0.0374
3470.00,0.0383
3469.00,0.0392
3468.00,0.0401
3467.00,0.0409
3466.00,0.0418
3465.00,0.0425
3464.00,0.0433
3463.00,0.0439
3462.00,0.0445
3461.00,0.0449
3460.00,0.0452
3459.00,0.0453
3458.00,0.0453
3457.00,0.0451
3456.00,0.0449
3455.00,0.0445
3454.00,0.0441
3453.00,0.0436
3452.00,0.0430
3451.00,0.0424
3450.00,0.0419
3449.00,0.0413
3448.00,0.0409
3447.00,0.0404
3446.00,0.0401
3445.00,0.0398
3444.00,0.0395
3443.00,0.0392
3442.00,0.0390
3441.00,0.0388
3440.00,0.0387
3439.00,0.0386
3438.00,0.0386
3437.00,0.0386
3436.00,0.0386
3435.00,0.0387
3434.00,0.0387
3433.00,0.0388
3432.00,0.0388
3431.00,0.0389
3430.00,0.0390
3429.00,0.0390
3428.00,0.0390
3427.00,0.0390
3426.00,0.0389
3425.00,0.0388
3424.00,0.0387
3423.00,0.0385
3422.00,0.0383
3421.00,0.0381
3420.00,0.0379
3419.00,0.0376
3418.00,0.0374
3417.00,0.0371
3416.00,0.0367
3415.00,0.0364
3414.00,0.0361
3413.00,0.0359
3412.00,0.0356
3411.00,0.0353
3410.00,0.0350
3409.00,0.0347
3408.00,0.0345
3407.00,0.0342
3406.00,0.0340
3405.00,0.0338
3404.00,0.0337
3403.00,0.0335
3402.00,0.0333
3401.00,0.0332
3400.00,0.0330
3399.00,0.0328
3398.00,0.0327
3397.00,0.0326
3396.00,0.0325
3395.00,0.0324
3394.00,0.0323
3393.00,0.0322
3392.00,0.0321
3391.00,0.0321
3390.00,0.0320
3389.00,0.0319
3388.00,0.0318
3387.00,0.0318
3386.00,0.0317
3385.00,0.0317
3384.00,0.0317
3383.00,0.0316
3382.00,0.0316
3381.00,0.0316
3380.00,0.0316
3379.00,0.0316
3378.00,0.0316
3377.00,0.0315
3376.00,0.0315
3375.00,0.0315
3374.00,0.0315
3373.00,0.0315
3372.00,0.0315
3371.00,0.0315
3370.00,0.0315
3369.00,0.0315
3368.00,0.0315
3367.00,0.0316
3366.00,0.0316
3365.00,0.0316
3364.00,0.0316
3363.00,0.0316
3362.00,0.0316
3361.00,0.0317
3360.00,0.0317
3359.00,0.0317
3358.00,0.0317
3357.00,0.0318
3356.00,0.0318
3355.00,0.0318
3354.00,0.0318
3353.00,0.0319
3352.00,0.0319
3351.00,0.0319
3350.00,0.0319
3349.00,0.0320
3348.00,0.0320
3347.00,0.0321
3346.00,0.0321
3345.00,0.0322
3344.00,0.0322
3343.00,0.0323
3342.00,0.0324
3341.00,0.0324
3340.00,0.0325
3339.00,0.0326
3338.00,0.0326
3337.00,0.0327
3336.00,0.0328
3335.00,0.0330
3334.00,0.0331
3333.00,0.0332
3332.00,0.0333
3331.00,0.0334
3330.00,0.0335
3329.00,0.0336
3328.00,0.0337
3327.00,0.0338
3326.00,0.0339
3325.00,0.0341
3324.00,0.0343
3323.00,0.0345
3322.00,0.0347
3321.00,0.0348
3320.00,0.0350
3319.00,0.0352
3318.00,0.0354
3317.00,0.0356
3316.00,0.0357
3315.00,0.0359
3314.00,0.0362
3313.00,0.0364
3312.00,0.0365
3311.00,0.0367
3310.00,0.0369
3309.00,0.0371
3308.00,0.0373
3307.00,0.0376
3306.00,0.0378
3305.00,0.0381
3304.00,0.0385
3303.00,0.0388
3302.00,0.0391
3301.00,0.0395
3300.00,0.0398
3299.00,0.0401
3298.00,0.0404
3297.00,0.0407
3296.00,0.0410
3295.00,0.0413
3294.00,0.0416
3293.00,0.0420
3292.00,0.0423
3291.00,0.0427
3290.00,0.0431
3289.00,0.0435
3288.00,0.0438
3287.00,0.0442
3286.00,0.0446
3285.00,0.0449
3284.00,0.0452
3283.00,0.0456
3282.00,0.0459
3281.00,0.0462
3280.00,0.0465
3279.00,0.0468
3278.00,0.0470
3277.00,0.0473
3276.00,0.0475
3275.00,0.0477
3274.00,0.0479
3273.00,0.0481
3272.00,0.0482
3271.00,0.0483
3270.00,0.0484
3269.00,0.0485
3268.00,0.0486
3267.00,0.0486
3266.00,0.0486
3265.00,0.0486
3264.00,0.0485
3263.00,0.0484
3262.00,0.0482
3261.00,0.0481
3260.00,0.0479
3259.00,0.0477
3258.00,0.0474
3257.00,0.0472
3256.00,0.0469
3255.00,0.0467
3254.00,0.0464
3253.00,0.0461
3252.00,0.0457
3251.00,0.0454
3250.00,0.0450
3249.00,0.0446
3248.00,0.0442
3247.00,0.0439
3246.00,0.0435
3245.00,0.0432
3244.00,0.0428
3243.00,0.0424
3242.00,0.0420
3241.00,0.0416
3240.00,0.0412
3239.00,0.0408
3238.00,0.0404
3237.00,0.0401
3236.00,0.0397
3235.00,0.0394
3234.00,0.0391
3233.00,0.0388
3232.00,0.0385
3231.00,0.0382
3230.00,0.0379
3229.00,0.0376
3228.00,0.0373
3227.00,0.0371
3226.00,0.0368
3225.00,0.0366
3224.00,0.0364
3223.00,0.0362
3222.00,0.0360
3221.00,0.0359
3220.00,0.0357
3219.00,0.0355
3218.00,0.0354
3217.00,0.0352
3216.00,0.0351
3215.00,0.0350
3214.00,0.0349
3213.00,0.0347
3212.00,0.0346
3211.00,0.0345
3210.00,0.0344
3209.00,0.0342
3208.00,0.0341
3207.00,0.0340
3206.00,0.0339
3205.00,0.0338
3204.00,0.0337
3203.00,0.0335
3202.00,0.0334
3201.00,0.0334
3200.00,0.0333
3199.00,0.0332
3198.00,0.0331
3197.00,0.0330
3196.00,0.0329
3195.00,0.0329
3194.00,0.0328
3193.00,0.0327
3192.00,0.0326
3191.00,0.0325
3190.00,0.0324
3189.00,0.0324
3188.00,0.0323
3187.00,0.0322
3186.00,0.0321
3185.00,0.0320
3184.00,0.0320
3183.00,0.0319
3182.00,0.0317
3181.00,0.0316
3180.00,0.0315
3179.00,0.0314
3178.00,0.0313
3177.00,0.0312
3176.00,0.0311
3175.00,0.0310
3174.00,0.0309
3173.00,0.0307
3172.00,0.0306
3171.00,0.0305
3170.00,0.0304
3169.00,0.0302
3168.00,0.0301
3167.00,0.0299
3166.00,0.0297
3165.00,0.0295
3164.00,0.0293
3163.00,0.0291
3162.00,0.0289
3161.00,0.0287
3160.00,0.0285
3159.00,0.0283
3158.00,0.0281
3157.00,0.0279
3156.00,0.0278
3155.00,0.0276
3154.00,0.0274
3153.00,0.0273
3152.00,0.0272
3151.00,0.0271
3150.00,0.0270
3149.00,0.0269
3148.00,0.0268
3147.00,0.0267
3146.00,0.0266
3145.00,0.0264
3144.00,0.0263
3143.00,0.0262
3142.00,0.0260
3141.00,0.0259
3140.00,0.0257
3139.00,0.0256
3138.00,0.0254
3137.00,0.0253
3136.00,0.0251
3135.00,0.0250
3134.00,0.0249
3133.00,0.0247
3132.00,0.0246
3131.00,0.0244
3130.00,0.0243
3129.00,0.0242
3128.00,0.0240
3127.00,0.0239
3126.00,0.0237
3125.00,0.0236
3124.00,0.0234
3123.00,0.0232
3122.00,0.0230
3121.00,0.0229
3120.00,0.0228
3119.00,0.0227
3118.00,0.0226
3117.00,0.0225
3116.00,0.0224
3115.00,0.0223
3114.00,0.0222
3113.00,0.0221
3112.00,0.0220
3111.00,0.0219
3110.00,0.0218
3109.00,0.0217
3108.00,0.0216
3107.00,0.0215
3106.00,0.0214
3105.00,0.0213
3104.00,0.0212
3103.00,0.0212
3102.00,0.0211
3101.00,0.0210
3100.00,0.0209
3099.00,0.0209
3098.00,0.0208
3097.00,0.0207
3096.00,0.0206
3095.00,0.0206
3094.00,0.0205
3093.00,0.0204
3092.00,0.0203
3091.00,0.0202
3090.00,0.0200
3089.00,0.0199
3088.00,0.0198
3087.00,0.0197
3086.00,0.0197
3085.00,0.0196
3084.00,0.0196
3083.00,0.0195
3082.00,0.0195
3081.00,0.0194
3080.00,0.0194
3079.00,0.0194
3078.00,0.0194
3077.00,0.0194
3076.00,0.0193
3075.00,0.0193
3074.00,0.0193
3073.00,0.0193
3072.00,0.0192
3071.00,0.0192
3070.00,0.0191
3069.00,0.0190
3068.00,0.0189
3067.00,0.0189
3066.00,0.0188
3065.00,0.0188
3064.00,0.0187
3063.00,0.0187
3062.00,0.0187
3061.00,0.0187
3060.00,0.0187
3059.00,0.0187
3058.00,0.0187
3057.00,0.0188
3056.00,0.0189
3055.00,0.0189
3054.00,0.0190
3053.00,0.0190
3052.00,0.0190
3051.00,0.0191
3050.00,0.0191
3049.00,0.0192
3048.00,0.0192
3047.00,0.0192
3046.00,0.0192
3045.00,0.0192
3044.00,0.0193
3043.00,0.0193
3042.00,0.0194
3041.00,0.0195
3040.00,0.0197
3039.00,0.0198
3038.00,0.0200
3037.00,0.0201
3036.00,0.0202
3035.00,0.0204
3034.00,0.0205
3033.00,0.0206
3032.00,0.0207
3031.00,0.0208
3030.00,0.0208
3029.00,0.0208
3028.00,0.0208
3027.00,0.0208
3026.00,0.0208
3025.00,0.0208
3024.00,0.0208
3023.00,0.0209
3022.00,0.0209
3021.00,0.0209
3020.00,0.0209
3019.00,0.0210
3018.00,0.0212
3017.00,0.0214
3016.00,0.0215
3015.00,0.0218
3014.00,0.0220
3013.00,0.0223
3012.00,0.0227
3011.00,0.0230
3010.00,0.0234
3009.00,0.0237
3008.00,0.0241
3007.00,0.0245
3006.00,0.0249
3005.00,0.0253
3004.00,0.0257
3003.00,0.0262
3002.00,0.0266
3001.00,0.0270
3000.00,0.0274
2999.00,0.0279
2998.00,0.0283
2997.00,0.0289
2996.00,0.0294
2995.00,0.0300
2994.00,0.0307
2993.00,0.0314
2992.00,0.0322
2991.00,0.0331
2990.00,0.0341
2989.00,0.0352
2988.00,0.0363
2987.00,0.0375
2986.00,0.0387
2985.00,0.0400
2984.00,0.0413
2983.00,0.0424
2982.00,0.0434
2981.00,0.0441
2980.00,0.0447
2979.00,0.0452
2978.00,0.0457
2977.00,0.0463
2976.00,0.0470
2975.00,0.0479
2974.00,0.0491
2973.00,0.0506
2972.00,0.0527
2971.00,0.0555
2970.00,0.0591
2969.00,0.0635
2968.00,0.0685
2967.00,0.0737
2966.00,0.0783
2965.00,0.0817
2964.00,0.0832
2963.00,0.0827
2962.00,0.0804
2961.00,0.0771
2960.00,0.0735
2959.00,0.0703
2958.00,0.0679
2957.00,0.0664
2956.00,0.0659
2955.00,0.0664
2954.00,0.0675
2953.00,0.0686
2952.00,0.0691
2951.00,0.0685
2950.00,0.0667
2949.00,0.0641
2948.00,0.0615
2947.00,0.0594
2946.00,0.0581
2945.00,0.0577
2944.00,0.0583
2943.00,0.0598
2942.00,0.0620
2941.00,0.0649
2940.00,0.0683
2939.00,0.0719
2938.00,0.0755
2937.00,0.0787
2936.00,0.0812
2935.00,0.0829
2934.00,0.0839
2933.00,0.0846
2932.00,0.0854
2931.00,0.0868
2930.00,0.0888
2929.00,0.0918
2928.00,0.0958
2927.00,0.1006
2926.00,0.1056
2925.00,0.1098
2924.00,0.1123
2923.00,0.1127
2922.00,0.1113
2921.00,0.1088
2920.00,0.1058
2919.00,0.1028
2918.00,0.1000
2917.00,0.0977
2916.00,0.0958
2915.00,0.0944
2914.00,0.0933
2913.00,0.0924
2912.00,0.0913
2911.00,0.0899
2910.00,0.0881
2909.00,0.0861
2908.00,0.0837
2907.00,0.0812
2906.00,0.0785
2905.00,0.0759
2904.00,0.0734
2903.00,0.0710
2902.00,0.0688
2901.00,0.0667
2900.00,0.0648
2899.00,0.0632
2898.00,0.0618
2897.00,0.0608
2896.00,0.0600
2895.00,0.0595
2894.00,0.0589
2893.00,0.0583
2892.00,0.0575
2891.00,0.0566
2890.00,0.0557
2889.00,0.0549
2888.00,0.0542
2887.00,0.0536
2886.00,0.0531
2885.00,0.0527
2884.00,0.0524
2883.00,0.0522
2882.00,0.0521
2881.00,0.0520
2880.00,0.0520
2879.00,0.0521
2878.00,0.0523
2877.00,0.0528
2876.00,0.0535
2875.00,0.0545
2874.00,0.0556
2873.00,0.0568
2872.00,0.0577
2871.00,0.0582
2870.00,0.0580
2869.00,0.0575
2868.00,0.0568
2867.00,0.0564
2866.00,0.0564
2865.00,0.0571
2864.00,0.0586
2863.00,0.0608
2862.00,0.0639
2861.00,0.0675
2860.00,0.0714
2859.00,0.0749
2858.00,0.0776
2857.00,0.0791
2856.00,0.0792
2855.00,0.0784
2854.00,0.0768
2853.00,0.0749
2852.00,0.0728
2851.00,0.0707
2850.00,0.0687
2849.00,0.0668
2848.00,0.0648
2847.00,0.0626
2846.00,0.0600
2845.00,0.0570
2844.00,0.0537
2843.00,0.0503
2842.00,0.0470
2841.00,0.0441
2840.00,0.0416
2839.00,0.0395
2838.00,0.0377
2837.00,0.0363
2836.00,0.0350
2835.00,0.0339
2834.00,0.0330
2833.00,0.0322
2832.00,0.0315
2831.00,0.0309
2830.00,0.0303
2829.00,0.0298
2828.00,0.0292
2827.00,0.0287
2826.00,0.0282
2825.00,0.0277
2824.00,0.0272
2823.00,0.0267
2822.00,0.0262
2821.00,0.0257
2820.00,0.0253
2819.00,0.0248
2818.00,0.0244
2817.00,0.0240
2816.00,0.0237
2815.00,0.0233
2814.00,0.0230
2813.00,0.0226
2812.00,0.0223
2811.00,0.0221
2810.00,0.0218
2809.00,0.0216
2808.00,0.0214
2807.00,0.0212
2806.00,0.0210
2805.00,0.0209
2804.00,0.0207
2803.00,0.0205
2802.00,0.0204
2801.00,0.0202
2800.00,0.0200
2799.00,0.0199
2798.00,0.0197
2797.00,0.0196
2796.00,0.0194
2795.00,0.0193
2794.00,0.0191
2793.00,0.0190
2792.00,0.0189
2791.00,0.0187
2790.00,0.0186
2789.00,0.0185
2788.00,0.0184
2787.00,0.0183
2786.00,0.0182
2785.00,0.0181
2784.00,0.0181
2783.00,0.0180
2782.00,0.0179
2781.00,0.0179
2780.00,0.0178
2779.00,0.0177
2778.00,0.0176
2777.00,0.0175
2776.00,0.0175
2775.00,0.0174
2774.00,0.0174
2773.00,0.0173
2772.00,0.0173
2771.00,0.0172
2770.00,0.0172
2769.00,0.0171
2768.00,0.0171
2767.00,0.0170
2766.00,0.0169
2765.00,0.0169
2764.00,0.0169
2763.00,0.0169
2762.00,0.0169
2761.00,0.0169
2760.00,0.0169
2759.00,0.0169
2758.00,0.0169
2757.00,0.0169
2756.00,0.0169
2755.00,0.0169
2754.00,0.0169
2753.00,0.0169
2752.00,0.0169
2751.00,0.0169
2750.00,0.0169
2749.00,0.0170
2748.00,0.0170
2747.00,0.0170
2746.00,0.0171
2745.00,0.0171
2744.00,0.0172
2743.00,0.0172
2742.00,0.0172
2741.00,0.0172
2740.00,0.0172
2739.00,0.0173
2738.00,0.0174
2737.00,0.0175
2736.00,0.0177
2735.00,0.0180
2734.00,0.0182
2733.00,0.0185
2732.00,0.0187
2731.00,0.0187
2730.00,0.0186
2729.00,0.0185
2728.00,0.0184
2727.00,0.0182
2726.00,0.0181
2725.00,0.0180
2724.00,0.0179
2723.00,0.0178
2722.00,0.0176
2721.00,0.0175
2720.00,0.0173
2719.00,0.0171
2718.00,0.0170
2717.00,0.0169
2716.00,0.0167
2715.00,0.0166
2714.00,0.0165
2713.00,0.0164
2712.00,0.0164
2711.00,0.0163
2710.00,0.0162
2709.00,0.0162
2708.00,0.0161
2707.00,0.0161
2706.00,0.0161
2705.00,0.0160
2704.00,0.0160
2703.00,0.0160
2702.00,0.0159
2701.00,0.0159
2700.00,0.0158
2699.00,0.0158
2698.00,0.0157
2697.00,0.0157
2696.00,0.0157
2695.00,0.0157
2694.00,0.0157
2693.00,0.0157
2692.00,0.0158
2691.00,0.0158
2690.00,0.0158
2689.00,0.0158
2688.00,0.0159
2687.00,0.0159
2686.00,0.0159
2685.00,0.0159
2684.00,0.0159
2683.00,0.0159
2682.00,0.0159
2681.00,0.0158
2680.00,0.0158
2679.00,0.0158
2678.00,0.0157
2677.00,0.0156
2676.00,0.0156
2675.00,0.0156
2674.00,0.0155
2673.00,0.0155
2672.00,0.0155
2671.00,0.0154
2670.00,0.0154
2669.00,0.0154
2668.00,0.0153
2667.00,0.0153
2666.00,0.0153
2665.00,0.0153
2664.00,0.0153
2663.00,0.0153
2662.00,0.0154
2661.00,0.0154
2660.00,0.0154
2659.00,0.0154
2658.00,0.0154
2657.00,0.0153
2656.00,0.0153
2655.00,0.0153
2654.00,0.0152
2653.00,0.0152
2652.00,0.0152
2651.00,0.0151
2650.00,0.0151
2649.00,0.0150
2648.00,0.0150
2647.00,0.0149
2646.00,0.0149
2645.00,0.0149
2644.00,0.0149
2643.00,0.0149
2642.00,0.0149
2641.00,0.0148
2640.00,0.0148
2639.00,0.0147
2638.00,0.0147
2637.00,0.0146
2636.00,0.0146
2635.00,0.0146
2634.00,0.0146
2633.00,0.0146
2632.00,0.0146
2631.00,0.0146
2630.00,0.0146
2629.00,0.0145
2628.00,0.0145
2627.00,0.0144
2626.00,0.0144
2625.00,0.0143
2624.00,0.0143
2623.00,0.0143
2622.00,0.0142
2621.00,0.0142
2620.00,0.0142
2619.00,0.0142
2618.00,0.0141
2617.00,0.0141
2616.00,0.0140
2615.00,0.0140
2614.00,0.0140
2613.00,0.0140
2612.00,0.0139
2611.00,0.0139
2610.00,0.0139
2609.00,0.0139
2608.00,0.0139
2607.00,0.0139
2606.00,0.0138
2605.00,0.0138
2604.00,0.0137
2603.00,0.0137
2602.00,0.0136
2601.00,0.0136
2600.00,0.0136
2599.00,0.0135
2598.00,0.0135
2597.00,0.0135
2596.00,0.0134
2595.00,0.0134
2594.00,0.0134
2593.00,0.0133
2592.00,0.0133
2591.00,0.0133
2590.00,0.0133
2589.00,0.0133
2588.00,0.0133
2587.00,0.0133
2586.00,0.0133
2585.00,0.0133
2584.00,0.0132
2583.00,0.0133
2582.00,0.0133
2581.00,0.0133
2580.00,0.0133
2579.00,0.0132
2578.00,0.0132
2577.00,0.0132
2576.00,0.0132
2575.00,0.0132
2574.00,0.0132
2573.00,0.0132
2572.00,0.0132
2571.00,0.0132
2570.00,0.0132
2569.00,0.0132
2568.00,0.0132
2567.00,0.0131
2566.00,0.0131
2565.00,0.0130
2564.00,0.0130
2563.00,0.0130
2562.00,0.0129
2561.00,0.0129
2560.00,0.0128
2559.00,0.0128
2558.00,0.0127
2557.00,0.0127
2556.00,0.0127
2555.00,0.0127
2554.00,0.0127
2553.00,0.0127
2552.00,0.0126
2551.00,0.0126
2550.00,0.0126
2549.00,0.0125
2548.00,0.0125
2547.00,0.0125
2546.00,0.0125
2545.00,0.0124
2544.00,0.0124
2543.00,0.0125
2542.00,0.0124
2541.00,0.0124
2540.00,0.0124
2539.00,0.0123
2538.00,0.0123
2537.00,0.0123
2536.00,0.0123
2535.00,0.0124
2534.00,0.0124
2533.00,0.0124
2532.00,0.0124
2531.00,0.0124
2530.00,0.0124
2529.00,0.0124
2528.00,0.0123
2527.00,0.0123
2526.00,0.0124
2525.00,0.0124
2524.00,0.0124
2523.00,0.0123
2522.00,0.0123
2521.00,0.0122
2520.00,0.0122
2519.00,0.0121
2518.00,0.0121
2517.00,0.0121
2516.00,0.0121
2515.00,0.0121
2514.00,0.0121
2513.00,0.0120
2512.00,0.0120
2511.00,0.0120
2510.00,0.0119
2509.00,0.0119
2508.00,0.0119
2507.00,0.0118
2506.00,0.0118
2505.00,0.0118
2504.00,0.0118
2503.00,0.0118
2502.00,0.0117
2501.00,0.0117
2500.00,0.0117
2499.00,0.0117
2498.00,0.0117
2497.00,0.0117
2496.00,0.0117
2495.00,0.0117
2494.00,0.0117
2493.00,0.0117
2492.00,0.0117
2491.00,0.0117
2490.00,0.0117
2489.00,0.0117
2488.00,0.0117
2487.00,0.0117
2486.00,0.0117
2485.00,0.0117
2484.00,0.0117
2483.00,0.0117
2482.00,0.0116
2481.00,0.0116
2480.00,0.0116
2479.00,0.0116
2478.00,0.0116
2477.00,0.0116
2476.00,0.0116
2475.00,0.0116
2474.00,0.0116
2473.00,0.0116
2472.00,0.0116
2471.00,0.0116
2470.00,0.0115
2469.00,0.0115
2468.00,0.0115
2467.00,0.0115
2466.00,0.0115
2465.00,0.0115
2464.00,0.0115
2463.00,0.0115
2462.00,0.0115
2461.00,0.0115
2460.00,0.0115
2459.00,0.0115
2458.00,0.0115
2457.00,0.0115
2456.00,0.0114
2455.00,0.0114
2454.00,0.0114
2453.00,0.0113
2452.00,0.0113
2451.00,0.0113
2450.00,0.0113
2449.00,0.0113
2448.00,0.0113
2447.00,0.0113
2446.00,0.0113
2445.00,0.0113
2444.00,0.0113
2443.00,0.0112
2442.00,0.0112
2441.00,0.0112
2440.00,0.0112
2439.00,0.0112
2438.00,0.0111
2437.00,0.0111
2436.00,0.0112
2435.00,0.0112
2434.00,0.0112
2433.00,0.0112
2432.00,0.0111
2431.00,0.0111
2430.00,0.0111
2429.00,0.0111
2428.00,0.0111
2427.00,0.0111
2426.00,0.0111
2425.00,0.0111
2424.00,0.0111
2423.00,0.0111
2422.00,0.0111
2421.00,0.0110
2420.00,0.0110
2419.00,0.0110
2418.00,0.0110
2417.00,0.0110
2416.00,0.0110
2415.00,0.0110
2414.00,0.0110
2413.00,0.0110
2412.00,0.0110
2411.00,0.0110
2410.00,0.0110
2409.00,0.0110
2408.00,0.0110
2407.00,0.0109
2406.00,0.0109
2405.00,0.0109
2404.00,0.0109
2403.00,0.0109
2402.00,0.0109
2401.00,0.0109
2400.00,0.0109
2399.00,0.0108
2398.00,0.0108
2397.00,0.0108
2396.00,0.0108
2395.00,0.0108
2394.00,0.0108
2393.00,0.0108
2392.00,0.0108
2391.00,0.0107
2390.00,0.0107
2389.00,0.0107
2388.00,0.0106
2387.00,0.0106
2386.00,0.0105
2385.00,0.0105
2384.00,0.0104
2383.00,0.0103
2382.00,0.0102
2381.00,0.0102
2380.00,0.0101
2379.00,0.0101
2378.00,0.0101
2377.00,0.0102
2376.00,0.0102
2375.00,0.0102
2374.00,0.0102
2373.00,0.0102
2372.00,0.0101
2371.00,0.0101
2370.00,0.0101
2369.00,0.0101
2368.00,0.0101
2367.00,0.0101
2366.00,0.0101
2365.00,0.0101
2364.00,0.0101
2363.00,0.0101
2362.00,0.0101
2361.00,0.0101
2360.00,0.0101
2359.00,0.0101
2358.00,0.0101
2357.00,0.0101
2356.00,0.0101
2355.00,0.0101
2354.00,0.0101
2353.00,0.0101
2352.00,0.0101
2351.00,0.0101
2350.00,0.0101
2349.00,0.0101
2348.00,0.0103
2347.00,0.0104
2346.00,0.0106
2345.00,0.0106
2344.00,0.0105
2343.00,0.0104
2342.00,0.0103
2341.00,0.0104
2340.00,0.0104
2339.00,0.0104
2338.00,0.0104
2337.00,0.0104
2336.00,0.0104
2335.00,0.0105
2334.00,0.0105
2333.00,0.0105
2332.00,0.0105
2331.00,0.0104
2330.00,0.0104
2329.00,0.0105
2328.00,0.0108
2327.00,0.0111
2326.00,0.0114
2325.00,0.0115
2324.00,0.0114
2323.00,0.0113
2322.00,0.0111
2321.00,0.0109
2320.00,0.0108
2319.00,0.0107
2318.00,0.0107
2317.00,0.0106
2316.00,0.0106
2315.00,0.0105
2314.00,0.0105
2313.00,0.0104
2312.00,0.0103
2311.00,0.0102
2310.00,0.0102
2309.00,0.0102
2308.00,0.0102
2307.00,0.0102
2306.00,0.0102
2305.00,0.0103
2304.00,0.0104
2303.00,0.0104
2302.00,0.0104
2301.00,0.0105
2300.00,0.0105
2299.00,0.0105
2298.00,0.0105
2297.00,0.0106
2296.00,0.0107
2295.00,0.0107
2294.00,0.0108
2293.00,0.0108
2292.00,0.0109
2291.00,0.0109
2290.00,0.0110
2289.00,0.0110
2288.00,0.0111
2287.00,0.0111
2286.00,0.0111
2285.00,0.0111
2284.00,0.0110
2283.00,0.0109
2282.00,0.0109
2281.00,0.0108
2280.00,0.0108
2279.00,0.0108
2278.00,0.0107
2277.00,0.0107
2276.00,0.0106
2275.00,0.0106
2274.00,0.0105
2273.00,0.0105
2272.00,0.0105
2271.00,0.0105
2270.00,0.0105
2269.00,0.0105
2268.00,0.0104
2267.00,0.0103
2266.00,0.0102
2265.00,0.0102
2264.00,0.0102
2263.00,0.0102
2262.00,0.0103
2261.00,0.0103
2260.00,0.0104
2259.00,0.0104
2258.00,0.0103
2257.00,0.0102
2256.00,0.0101
2255.00,0.0100
2254.00,0.0100
2253.00,0.0101
2252.00,0.0101
2251.00,0.0102
2250.00,0.0102
2249.00,0.0103
2248.00,0.0103
2247.00,0.0103
2246.00,0.0103
2245.00,0.0103
2244.00,0.0102
2243.00,0.0102
2242.00,0.0102
2241.00,0.0103
2240.00,0.0103
2239.00,0.0104
2238.00,0.0103
2237.00,0.0103
2236.00,0.0102
2235.00,0.0101
2234.00,0.0101
2233.00,0.0101
2232.00,0.0102
2231.00,0.0103
2230.00,0.0102
2229.00,0.0102
2228.00,0.0102
2227.00,0.0101
2226.00,0.0101
2225.00,0.0101
2224.00,0.0101
2223.00,0.0101
2222.00,0.0101
2221.00,0.0102
2220.00,0.0103
2219.00,0.0103
2218.00,0.0103
2217.00,0.0103
2216.00,0.0103
2215.00,0.0103
2214.00,0.0103
2213.00,0.0104
2212.00,0.0104
2211.00,0.0104
2210.00,0.0104
2209.00,0.0103
2208.00,0.0104
2207.00,0.0104
2206.00,0.0104
2205.00,0.0104
2204.00,0.0104
2203.00,0.0103
2202.00,0.0103
2201.00,0.0104
2200.00,0.0104
2199.00,0.0104
2198.00,0.0103
2197.00,0.0103
2196.00,0.0102
2195.00,0.0102
2194.00,0.0101
2193.00,0.0101
2192.00,0.0101
2191.00,0.0102
2190.00,0.0103
2189.00,0.0105
2188.00,0.0107
2187.00,0.0107
2186.00,0.0106
2185.00,0.0103
2184.00,0.0101
2183.00,0.0099
2182.00,0.0097
2181.00,0.0097
2180.00,0.0098
2179.00,0.0098
2178.00,0.0098
2177.00,0.0097
2176.00,0.0098
2175.00,0.0099
2174.00,0.0100
2173.00,0.0103
2172.00,0.0105
2171.00,0.0106
2170.00,0.0107
2169.00,0.0108
2168.00,0.0109
2167.00,0.0109
2166.00,0.0109
2165.00,0.0111
2164.00,0.0113
2163.00,0.0113
2162.00,0.0108
2161.00,0.0098
2160.00,0.0087
2159.00,0.0077
2158.00,0.0071
2157.00,0.0070
2156.00,0.0071
2155.00,0.0072
2154.00,0.0074
2153.00,0.0076
2152.00,0.0079
2151.00,0.0081
2150.00,0.0082
2149.00,0.0082
2148.00,0.0082
2147.00,0.0081
2146.00,0.0081
2145.00,0.0082
2144.00,0.0084
2143.00,0.0086
2142.00,0.0087
2141.00,0.0087
2140.00,0.0087
2139.00,0.0087
2138.00,0.0085
2137.00,0.0084
2136.00,0.0082
2135.00,0.0080
2134.00,0.0079
2133.00,0.0080
2132.00,0.0082
2131.00,0.0084
2130.00,0.0086
2129.00,0.0087
2128.00,0.0088
2127.00,0.0089
2126.00,0.0090
2125.00,0.0091
2124.00,0.0092
2123.00,0.0093
2122.00,0.0094
2121.00,0.0095
2120.00,0.0096
2119.00,0.0097
2118.00,0.0097
2117.00,0.0098
2116.00,0.0099
2115.00,0.0100
2114.00,0.0101
2113.00,0.0100
2112.00,0.0100
2111.00,0.0099
2110.00,0.0099
2109.00,0.0099
2108.00,0.0099
2107.00,0.0099
2106.00,0.0099
2105.00,0.0099
2104.00,0.0099
2103.00,0.0098
2102.00,0.0098
2101.00,0.0097
2100.00,0.0097
2099.00,0.0097
2098.00,0.0096
2097.00,0.0094
2096.00,0.0093
2095.00,0.0093
2094.00,0.0092
2093.00,0.0092
2092.00,0.0092
2091.00,0.0092
2090.00,0.0092
2089.00,0.0092
2088.00,0.0093
2087.00,0.0094
2086.00,0.0094
2085.00,0.0095
2084.00,0.0096
2083.00,0.0097
2082.00,0.0098
2081.00,0.0099
2080.00,0.0100
2079.00,0.0100
2078.00,0.0100
2077.00,0.0100
2076.00,0.0101
2075.00,0.0100
2074.00,0.0100
2073.00,0.0099
2072.00,0.0099
2071.00,0.0099
2070.00,0.0098
2069.00,0.0097
2068.00,0.0096
2067.00,0.0095
2066.00,0.0094
2065.00,0.0094
2064.00,0.0094
2063.00,0.0093
2062.00,0.0093
2061.00,0.0094
2060.00,0.0095
2059.00,0.0096
2058.00,0.0097
2057.00,0.0097
2056.00,0.0098
2055.00,0.0098
2054.00,0.0100
2053.00,0.0102
2052.00,0.0105
2051.00,0.0105
2050.00,0.0102
2049.00,0.0098
2048.00,0.0096
2047.00,0.0094
2046.00,0.0093
2045.00,0.0093
2044.00,0.0094
2043.00,0.0094
2042.00,0.0093
2041.00,0.0092
2040.00,0.0092
2039.00,0.0090
2038.00,0.0088
2037.00,0.0087
2036.00,0.0087
2035.00,0.0086
2034.00,0.0084
2033.00,0.0082
2032.00,0.0079
2031.00,0.0077
2030.00,0.0074
2029.00,0.0073
2028.00,0.0073
2027.00,0.0072
2026.00,0.0072
2025.00,0.0072
2024.00,0.0073
2023.00,0.0075
2022.00,0.0076
2021.00,0.0078
2020.00,0.0079
2019.00,0.0078
2018.00,0.0077
2017.00,0.0077
2016.00,0.0078
2015.00,0.0079
2014.00,0.0081
2013.00,0.0083
2012.00,0.0085
2011.00,0.0085
2010.00,0.0083
2009.00,0.0080
2008.00,0.0077
2007.00,0.0074
2006.00,0.0072
2005.00,0.0072
2004.00,0.0073
2003.00,0.0075
2002.00,0.0076
2001.00,0.0078
2000.00,0.0080
1999.00,0.0081
1998.00,0.0081
1997.00,0.0082
1996.00,0.0083
1995.00,0.0084
1994.00,0.0084
1993.00,0.0085
1992.00,0.0086
1991.00,0.0087
1990.00,0.0087
1989.00,0.0087
1988.00,0.0088
1987.00,0.0088
1986.00,0.0088
1985.00,0.0089
1984.00,0.0091
1983.00,0.0094
1982.00,0.0096
1981.00,0.0096
1980.00,0.0093
1979.00,0.0087
1978.00,0.0080
1977.00,0.0076
1976.00,0.0076
1975.00,0.0077
1974.00,0.0077
1973.00,0.0078
1972.00,0.0078
1971.00,0.0078
1970.00,0.0077
1969.00,0.0077
1968.00,0.0077
1967.00,0.0078
1966.00,0.0078
1965.00,0.0078
1964.00,0.0078
1963.00,0.0076
1962.00,0.0074
1961.00,0.0073
1960.00,0.0073
1959.00,0.0074
1958.00,0.0074
1957.00,0.0075
1956.00,0.0077
1955.00,0.0078
1954.00,0.0078
1953.00,0.0078
1952.00,0.0078
1951.00,0.0078
1950.00,0.0078
1949.00,0.0080
1948.00,0.0081
1947.00,0.0081
1946.00,0.0080
1945.00,0.0079
1944.00,0.0080
1943.00,0.0080
1942.00,0.0080
1941.00,0.0080
1940.00,0.0080
1939.00,0.0081
1938.00,0.0080
1937.00,0.0080
1936.00,0.0080
1935.00,0.0080
1934.00,0.0079
1933.00,0.0079
1932.00,0.0080
1931.00,0.0080
1930.00,0.0080
1929.00,0.0080
1928.00,0.0080
1927.00,0.0080
1926.00,0.0081
1925.00,0.0081
1924.00,0.0083
1923.00,0.0084
1922.00,0.0085
1921.00,0.0085
1920.00,0.0085
1919.00,0.0084
1918.00,0.0084
1917.00,0.0084
1916.00,0.0085
1915.00,0.0085
1914.00,0.0085
1913.00,0.0086
1912.00,0.0086
1911.00,0.0086
1910.00,0.0086
1909.00,0.0086
1908.00,0.0086
1907.00,0.0086
1906.00,0.0085
1905.00,0.0085
1904.00,0.0085
1903.00,0.0085
1902.00,0.0085
1901.00,0.0085
1900.00,0.0085
1899.00,0.0085
1898.00,0.0085
1897.00,0.0086
1896.00,0.0087
1895.00,0.0088
1894.00,0.0087
1893.00,0.0086
1892.00,0.0085
1891.00,0.0085
1890.00,0.0084
1889.00,0.0084
1888.00,0.0084
1887.00,0.0084
1886.00,0.0084
1885.00,0.0084
1884.00,0.0084
1883.00,0.0084
1882.00,0.0084
1881.00,0.0084
1880.00,0.0085
1879.00,0.0085
1878.00,0.0085
1877.00,0.0084
1876.00,0.0085
1875.00,0.0085
1874.00,0.0085
1873.00,0.0085
1872.00,0.0084
1871.00,0.0084
1870.00,0.0083
1869.00,0.0083
1868.00,0.0084
1867.00,0.0085
1866.00,0.0085
1865.00,0.0085
1864.00,0.0085
1863.00,0.0085
1862.00,0.0085
1861.00,0.0085
1860.00,0.0085
1859.00,0.0085
1858.00,0.0085
1857.00,0.0084
1856.00,0.0084
1855.00,0.0084
1854.00,0.0084
1853.00,0.0084
1852.00,0.0085
1851.00,0.0085
1850.00,0.0085
1849.00,0.0085
1848.00,0.0085
1847.00,0.0084
1846.00,0.0083
1845.00,0.0081
1844.00,0.0081
1843.00,0.0082
1842.00,0.0082
1841.00,0.0083
1840.00,0.0084
1839.00,0.0085
1838.00,0.0085
1837.00,0.0085
1836.00,0.0085
1835.00,0.0085
1834.00,0.0084
1833.00,0.0084
1832.00,0.0084
1831.00,0.0083
1830.00,0.0083
1829.00,0.0083
1828.00,0.0083
1827.00,0.0083
1826.00,0.0083
1825.00,0.0084
1824.00,0.0085
1823.00,0.0085
1822.00,0.0086
1821.00,0.0086
1820.00,0.0085
1819.00,0.0084
1818.00,0.0083
1817.00,0.0083
1816.00,0.0083
1815.00,0.0083
1814.00,0.0083
1813.00,0.0084
1812.00,0.0084
1811.00,0.0085
1810.00,0.0084
1809.00,0.0084
1808.00,0.0085
1807.00,0.0085
1806.00,0.0085
1805.00,0.0084
1804.00,0.0084
1803.00,0.0084
1802.00,0.0084
1801.00,0.0084
1800.00,0.0083
1799.00,0.0083
1798.00,0.0083
1797.00,0.0083
1796.00,0.0084
1795.00,0.0083
1794.00,0.0082
1793.00,0.0081
1792.00,0.0081
1791.00,0.0081
1790.00,0.0082
1789.00,0.0082
1788.00,0.0083
1787.00,0.0083
1786.00,0.0083
1785.00,0.0083
1784.00,0.0084
1783.00,0.0084
1782.00,0.0085
1781.00,0.0085
1780.00,0.0086
1779.00,0.0086
1778.00,0.0085
1777.00,0.0084
1776.00,0.0084
1775.00,0.0083
1774.00,0.0082
1773.00,0.0081
1772.00,0.0081
1771.00,0.0080
1770.00,0.0080
1769.00,0.0082
1768.00,0.0084
1767.00,0.0085
1766.00,0.0085
1765.00,0.0085
1764.00,0.0085
1763.00,0.0085
1762.00,0.0085
1761.00,0.0085
1760.00,0.0086
1759.00,0.0086
1758.00,0.0086
1757.00,0.0085
1756.00,0.0085
1755.00,0.0084
1754.00,0.0084
1753.00,0.0084
1752.00,0.0085
1751.00,0.0085
1750.00,0.0085
1749.00,0.0085
1748.00,0.0086
1747.00,0.0086
1746.00,0.0087
1745.00,0.0088
1744.00,0.0089
1743.00,0.0089
1742.00,0.0088
1741.00,0.0086
1740.00,0.0086
1739.00,0.0086
1738.00,0.0086
1737.00,0.0085
1736.00,0.0084
1735.00,0.0083
1734.00,0.0082
1733.00,0.0083
1732.00,0.0085
1731.00,0.0085
1730.00,0.0085
1729.00,0.0085
1728.00,0.0086
1727.00,0.0086
1726.00,0.0087
1725.00,0.0088
1724.00,0.0090
1723.00,0.0093
1722.00,0.0094
1721.00,0.0094
1720.00,0.0095
1719.00,0.0097
1718.00,0.0101
1717.00,0.0106
1716.00,0.0109
1715.00,0.0110
1714.00,0.0111
1713.00,0.0113
1712.00,0.0116
1711.00,0.0120
1710.00,0.0123
1709.00,0.0126
1708.00,0.0130
1707.00,0.0134
1706.00,0.0141
1705.00,0.0149
1704.00,0.0158
1703.00,0.0165
1702.00,0.0171
1701.00,0.0181
1700.00,0.0200
1699.00,0.0221
1698.00,0.0242
1697.00,0.0264
1696.00,0.0289
1695.00,0.0314
1694.00,0.0336
1693.00,0.0357
1692.00,0.0380
1691.00,0.0406
1690.00,0.0433
1689.00,0.0460
1688.00,0.0486
1687.00,0.0511
1686.00,0.0535
1685.00,0.0562
1684.00,0.0591
1683.00,0.0618
1682.00,0.0643
1681.00,0.0669
1680.00,0.0697
1679.00,0.0723
1678.00,0.0746
1677.00,0.0768
1676.00,0.0791
1675.00,0.0812
1674.00,0.0832
1673.00,0.0852
1672.00,0.0870
1671.00,0.0886
1670.00,0.0896
1669.00,0.0904
1668.00,0.0913
1667.00,0.0925
1666.00,0.0938
1665.00,0.0950
1664.00,0.0960
1663.00,0.0967
1662.00,0.0972
1661.00,0.0978
1660.00,0.0987
1659.00,0.0996
1658.00,0.1003
1657.00,0.1011
1656.00,0.1020
1655.00,0.1026
1654.00,0.1019
1653.00,0.0998
1652.00,0.0981
1651.00,0.0979
1650.00,0.0981
1649.00,0.0982
1648.00,0.0976
1647.00,0.0962
1646.00,0.0945
1645.00,0.0932
1644.00,0.0929
1643.00,0.0931
1642.00,0.0937
1641.00,0.0946
1640.00,0.0961
1639.00,0.0979
1638.00,0.1000
1637.00,0.1023
1636.00,0.1047
1635.00,0.1060
1634.00,0.1059
1633.00,0.1045
1632.00,0.1022
1631.00,0.0993
1630.00,0.0958
1629.00,0.0919
1628.00,0.0879
1627.00,0.0839
1626.00,0.0801
1625.00,0.0763
1624.00,0.0723
1623.00,0.0683
1622.00,0.0648
1621.00,0.0618
1620.00,0.0592
1619.00,0.0567
1618.00,0.0541
1617.00,0.0515
1616.00,0.0489
1615.00,0.0468
1614.00,0.0451
1613.00,0.0437
1612.00,0.0424
1611.00,0.0411
1610.00,0.0399
1609.00,0.0390
1608.00,0.0382
1607.00,0.0374
1606.00,0.0369
1605.00,0.0365
1604.00,0.0362
1603.00,0.0361
1602.00,0.0362
1601.00,0.0364
1600.00,0.0368
1599.00,0.0374
1598.00,0.0382
1597.00,0.0392
1596.00,0.0406
1595.00,0.0422
1594.00,0.0442
1593.00,0.0464
1592.00,0.0490
1591.00,0.0522
1590.00,0.0563
1589.00,0.0615
1588.00,0.0678
1587.00,0.0750
1586.00,0.0820
1585.00,0.0876
1584.00,0.0907
1583.00,0.0904
1582.00,0.0869
1581.00,0.0813
1580.00,0.0749
1579.00,0.0686
1578.00,0.0627
1577.00,0.0571
1576.00,0.0520
1575.00,0.0478
1574.00,0.0446
1573.00,0.0419
1572.00,0.0395
1571.00,0.0371
1570.00,0.0349
1569.00,0.0331
1568.00,0.0317
1567.00,0.0307
1566.00,0.0297
1565.00,0.0288
1564.00,0.0279
1563.00,0.0271
1562.00,0.0262
1561.00,0.0252
1560.00,0.0240
1559.00,0.0232
1558.00,0.0227
1557.00,0.0224
1556.00,0.0225
1555.00,0.0225
1554.00,0.0224
1553.00,0.0222
1552.00,0.0220
1551.00,0.0218
1550.00,0.0217
1549.00,0.0215
1548.00,0.0213
1547.00,0.0210
1546.00,0.0209
1545.00,0.0208
1544.00,0.0208
1543.00,0.0207
1542.00,0.0206
1541.00,0.0209
1540.00,0.0216
1539.00,0.0223
1538.00,0.0228
1537.00,0.0232
1536.00,0.0235
1535.00,0.0238
1534.00,0.0246
1533.00,0.0260
1532.00,0.0274
1531.00,0.0289
1530.00,0.0307
1529.00,0.0330
1528.00,0.0359
1527.00,0.0396
1526.00,0.0436
1525.00,0.0473
1524.00,0.0500
1523.00,0.0516
1522.00,0.0523
1521.00,0.0520
1520.00,0.0510
1519.00,0.0496
1518.00,0.0487
1517.00,0.0484
1516.00,0.0486
1515.00,0.0485
1514.00,0.0477
1513.00,0.0462
1512.00,0.0442
1511.00,0.0419
1510.00,0.0396
1509.00,0.0376
1508.00,0.0361
1507.00,0.0350
1506.00,0.0341
1505.00,0.0335
1504.00,0.0333
1503.00,0.0332
1502.00,0.0331
1501.00,0.0331
1500.00,0.0332
1499.00,0.0334
1498.00,0.0337
1497.00,0.0342
1496.00,0.0347
1495.00,0.0349
1494.00,0.0348
1493.00,0.0345
1492.00,0.0340
1491.00,0.0334
1490.00,0.0326
1489.00,0.0318
1488.00,0.0308
1487.00,0.0299
1486.00,0.0289
1485.00,0.0282
1484.00,0.0277
1483.00,0.0271
1482.00,0.0268
1481.00,0.0266
1480.00,0.0266
1479.00,0.0266
1478.00,0.0267
1477.00,0.0271
1476.00,0.0279
1475.00,0.0289
1474.00,0.0305
1473.00,0.0333
1472.00,0.0376
1471.00,0.0433
1470.00,0.0503
1469.00,0.0580
1468.00,0.0653
1467.00,0.0702
1466.00,0.0721
1465.00,0.0718
1464.00,0.0716
1463.00,0.0726
1462.00,0.0747
1461.00,0.0775
1460.00,0.0806
1459.00,0.0843
1458.00,0.0890
1457.00,0.0947
1456.00,0.0995
1455.00,0.1025
1454.00,0.1047
1453.00,0.1072
1452.00,0.1105
1451.00,0.1148
1450.00,0.1203
1449.00,0.1274
1448.00,0.1358
1447.00,0.1438
1446.00,0.1495
1445.00,0.1526
1444.00,0.1532
1443.00,0.1518
1442.00,0.1490
1441.00,0.1454
1440.00,0.1411
1439.00,0.1363
1438.00,0.1312
1437.00,0.1261
1436.00,0.1214
1435.00,0.1171
1434.00,0.1131
1433.00,0.1091
1432.00,0.1053
1431.00,0.1017
1430.00,0.0988
1429.00,0.0965
1428.00,0.0948
1427.00,0.0937
1426.00,0.0930
1425.00,0.0925
1424.00,0.0922
1423.00,0.0917
1422.00,0.0911
1421.00,0.0900
1420.00,0.0881
1419.00,0.0854
1418.00,0.0821
1417.00,0.0788
1416.00,0.0755
1415.00,0.0722
1414.00,0.0690
1413.00,0.0659
1412.00,0.0630
1411.00,0.0606
1410.00,0.0585
1409.00,0.0569
1408.00,0.0556
1407.00,0.0547
1406.00,0.0540
1405.00,0.0536
1404.00,0.0532
1403.00,0.0528
1402.00,0.0523
1401.00,0.0518
1400.00,0.0513
1399.00,0.0509
1398.00,0.0506
1397.00,0.0503
1396.00,0.0502
1395.00,0.0504
1394.00,0.0508
1393.00,0.0514
1392.00,0.0519
1391.00,0.0523
1390.00,0.0523
1389.00,0.0519
1388.00,0.0512
1387.00,0.0505
1386.00,0.0500
1385.00,0.0500
1384.00,0.0505
1383.00,0.0512
1382.00,0.0518
1381.00,0.0523
1380.00,0.0527
1379.00,0.0533
1378.00,0.0545
1377.00,0.0560
1376.00,0.0576
1375.00,0.0587
1374.00,0.0588
1373.00,0.0577
1372.00,0.0560
1371.00,0.0545
1370.00,0.0536
1369.00,0.0535
1368.00,0.0535
1367.00,0.0530
1366.00,0.0517
1365.00,0.0498
1364.00,0.0475
1363.00,0.0453
1362.00,0.0434
1361.00,0.0419
1360.00,0.0408
1359.00,0.0401
1358.00,0.0398
1357.00,0.0399
1356.00,0.0404
1355.00,0.0415
1354.00,0.0431
1353.00,0.0454
1352.00,0.0481
1351.00,0.0513
1350.00,0.0550
1349.00,0.0594
1348.00,0.0652
1347.00,0.0724
1346.00,0.0803
1345.00,0.0874
1344.00,0.0918
1343.00,0.0924
1342.00,0.0895
1341.00,0.0846
1340.00,0.0796
1339.00,0.0760
1338.00,0.0744
1337.00,0.0745
1336.00,0.0751
1335.00,0.0751
1334.00,0.0734
1333.00,0.0703
1332.00,0.0666
1331.00,0.0634
1330.00,0.0612
1329.00,0.0598
1328.00,0.0593
1327.00,0.0595
1326.00,0.0606
1325.00,0.0627
1324.00,0.0658
1323.00,0.0700
1322.00,0.0747
1321.00,0.0794
1320.00,0.0835
1319.00,0.0865
1318.00,0.0881
1317.00,0.0885
1316.00,0.0883
1315.00,0.0881
1314.00,0.0885
1313.00,0.0895
1312.00,0.0906
1311.00,0.0909
1310.00,0.0895
1309.00,0.0859
1308.00,0.0806
1307.00,0.0745
1306.00,0.0687
1305.00,0.0640
1304.00,0.0604
1303.00,0.0580
1302.00,0.0564
1301.00,0.0556
1300.00,0.0554
1299.00,0.0558
1298.00,0.0568
1297.00,0.0584
1296.00,0.0606
1295.00,0.0633
1294.00,0.0664
1293.00,0.0698
1292.00,0.0734
1291.00,0.0771
1290.00,0.0808
1289.00,0.0844
1288.00,0.0880
1287.00,0.0913
1286.00,0.0940
1285.00,0.0958
1284.00,0.0964
1283.00,0.0959
1282.00,0.0947
1281.00,0.0934
1280.00,0.0924
1279.00,0.0919
1278.00,0.0920
1277.00,0.0929
1276.00,0.0946
1275.00,0.0969
1274.00,0.0996
1273.00,0.1025
1272.00,0.1049
1271.00,0.1064
1270.00,0.1068
1269.00,0.1065
1268.00,0.1061
1267.00,0.1060
1266.00,0.1067
1265.00,0.1082
1264.00,0.1101
1263.00,0.1121
1262.00,0.1139
1261.00,0.1149
1260.00,0.1146
1259.00,0.1128
1258.00,0.1095
1257.00,0.1049
1256.00,0.0996
1255.00,0.0940
1254.00,0.0887
1253.00,0.0837
1252.00,0.0793
1251.00,0.0754
1250.00,0.0720
1249.00,0.0688
1248.00,0.0660
1247.00,0.0637
1246.00,0.0617
1245.00,0.0599
1244.00,0.0584
1243.00,0.0568
1242.00,0.0554
1241.00,0.0540
1240.00,0.0527
1239.00,0.0516
1238.00,0.0507
1237.00,0.0501
1236.00,0.0498
1235.00,0.0497
1234.00,0.0499
1233.00,0.0503
1232.00,0.0509
1231.00,0.0518
1230.00,0.0531
1229.00,0.0547
1228.00,0.0566
1227.00,0.0582
1226.00,0.0594
1225.00,0.0600
1224.00,0.0605
1223.00,0.0614
1222.00,0.0632
1221.00,0.0659
1220.00,0.0690
1219.00,0.0716
1218.00,0.0728
1217.00,0.0721
1216.00,0.0695
1215.00,0.0660
1214.00,0.0624
1213.00,0.0594
1212.00,0.0572
1211.00,0.0557
1210.00,0.0550
1209.00,0.0549
1208.00,0.0554
1207.00,0.0565
1206.00,0.0582
1205.00,0.0607
1204.00,0.0638
1203.00,0.0675
1202.00,0.0718
1201.00,0.0761
1200.00,0.0801
1199.00,0.0830
1198.00,0.0839
1197.00,0.0826
1196.00,0.0791
1195.00,0.0741
1194.00,0.0684
1193.00,0.0628
1192.00,0.0580
1191.00,0.0541
1190.00,0.0513
1189.00,0.0496
1188.00,0.0491
1187.00,0.0496
1186.00,0.0508
1185.00,0.0522
1184.00,0.0530
1183.00,0.0529
1182.00,0.0518
1181.00,0.0505
1180.00,0.0495
1179.00,0.0492
1178.00,0.0498
1177.00,0.0512
1176.00,0.0535
1175.00,0.0565
1174.00,0.0601
1173.00,0.0637
1172.00,0.0668
1171.00,0.0691
1170.00,0.0705
1169.00,0.0712
1168.00,0.0718
1167.00,0.0727
1166.00,0.0740
1165.00,0.0754
1164.00,0.0769
1163.00,0.0787
1162.00,0.0812
1161.00,0.0851
1160.00,0.0908
1159.00,0.0985
1158.00,0.1076
1157.00,0.1168
1156.00,0.1242
1155.00,0.1282
1154.00,0.1286
1153.00,0.1265
1152.00,0.1245
1151.00,0.1249
1150.00,0.1287
1149.00,0.1357
1148.00,0.1441
1147.00,0.1516
1146.00,0.1559
1145.00,0.1558
1144.00,0.1511
1143.00,0.1430
1142.00,0.1332
1141.00,0.1238
1140.00,0.1164
1139.00,0.1119
1138.00,0.1097
1137.00,0.1081
1136.00,0.1056
1135.00,0.1015
1134.00,0.0961
1133.00,0.0903
1132.00,0.0846
1131.00,0.0794
1130.00,0.0747
1129.00,0.0705
1128.00,0.0667
1127.00,0.0634
1126.00,0.0604
1125.00,0.0577
1124.00,0.0554
1123.00,0.0535
1122.00,0.0519
1121.00,0.0506
1120.00,0.0498
1119.00,0.0494
1118.00,0.0496
1117.00,0.0503
1116.00,0.0516
1115.00,0.0536
1114.00,0.0560
1113.00,0.0587
1112.00,0.0611
1111.00,0.0628
1110.00,0.0634
1109.00,0.0628
1108.00,0.0613
1107.00,0.0594
1106.00,0.0574
1105.00,0.0556
1104.00,0.0540
1103.00,0.0527
1102.00,0.0521
1101.00,0.0526
1100.00,0.0543
1099.00,0.0570
1098.00,0.0598
1097.00,0.0614
1096.00,0.0609
1095.00,0.0585
1094.00,0.0550
1093.00,0.0516
1092.00,0.0486
1091.00,0.0463
1090.00,0.0447
1089.00,0.0436
1088.00,0.0430
1087.00,0.0431
1086.00,0.0438
1085.00,0.0452
1084.00,0.0475
1083.00,0.0506
1082.00,0.0544
1081.00,0.0584
1080.00,0.0617
1079.00,0.0636
1078.00,0.0635
1077.00,0.0618
1076.00,0.0590
1075.00,0.0560
1074.00,0.0532
1073.00,0.0509
1072.00,0.0492
1071.00,0.0478
1070.00,0.0468
1069.00,0.0462
1068.00,0.0458
1067.00,0.0458
1066.00,0.0461
1065.00,0.0467
1064.00,0.0476
1063.00,0.0487
1062.00,0.0499
1061.00,0.0508
1060.00,0.0515
1059.00,0.0519
1058.00,0.0522
1057.00,0.0525
1056.00,0.0532
1055.00,0.0544
1054.00,0.0562
1053.00,0.0589
1052.00,0.0629
1051.00,0.0686
1050.00,0.0765
1049.00,0.0868
1048.00,0.0993
1047.00,0.1124
1046.00,0.1238
1045.00,0.1311
1044.00,0.1330
1043.00,0.1295
1042.00,0.1223
1041.00,0.1135
1040.00,0.1050
1039.00,0.0975
1038.00,0.0915
1037.00,0.0873
1036.00,0.0852
1035.00,0.0846
1034.00,0.0839
1033.00,0.0810
1032.00,0.0756
1031.00,0.0691
1030.00,0.0635
1029.00,0.0598
1028.00,0.0577
1027.00,0.0568
1026.00,0.0566
1025.00,0.0570
1024.00,0.0581
1023.00,0.0599
1022.00,0.0626
1021.00,0.0663
1020.00,0.0714
1019.00,0.0780
1018.00,0.0864
1017.00,0.0965
1016.00,0.1074
1015.00,0.1175
1014.00,0.1247
1013.00,0.1272
1012.00,0.1242
1011.00,0.1168
1010.00,0.1068
1009.00,0.0964
1008.00,0.0869
1007.00,0.0791
1006.00,0.0733
1005.00,0.0697
1004.00,0.0683
1003.00,0.0686
1002.00,0.0699
1001.00,0.0708
1000.00,0.0700
999.00,0.0675
998.00,0.0638
997.00,0.0600
996.00,0.0565
995.00,0.0535
994.00,0.0512
993.00,0.0496
992.00,0.0486
991.00,0.0481
990.00,0.0481
989.00,0.0485
988.00,0.0491
987.00,0.0500
986.00,0.0512
985.00,0.0525
984.00,0.0538
983.00,0.0551
982.00,0.0560
981.00,0.0565
980.00,0.0562
979.00,0.0551
978.00,0.0536
977.00,0.0518
976.00,0.0502
975.00,0.0490
974.00,0.0484
973.00,0.0483
972.00,0.0490
971.00,0.0505
970.00,0.0525
969.00,0.0543
968.00,0.0552
967.00,0.0544
966.00,0.0521
965.00,0.0488
964.00,0.0452
963.00,0.0420
962.00,0.0392
961.00,0.0371
960.00,0.0353
959.00,0.0339
958.00,0.0327
957.00,0.0317
956.00,0.0309
955.00,0.0301
954.00,0.0295
953.00,0.0290
952.00,0.0285
951.00,0.0280
950.00,0.0276
949.00,0.0273
948.00,0.0270
947.00,0.0268
946.00,0.0265
945.00,0.0264
944.00,0.0263
943.00,0.0262
942.00,0.0263
941.00,0.0264
940.00,0.0266
939.00,0.0268
938.00,0.0271
937.00,0.0275
936.00,0.0279
935.00,0.0284
934.00,0.0288
933.00,0.0292
932.00,0.0294
931.00,0.0295
930.00,0.0296
929.00,0.0298
928.00,0.0302
927.00,0.0308
926.00,0.0318
925.00,0.0333
924.00,0.0354
923.00,0.0386
922.00,0.0429
921.00,0.0483
920.00,0.0537
919.00,0.0579
918.00,0.0593
917.00,0.0578
916.00,0.0541
915.00,0.0498
914.00,0.0461
913.00,0.0436
912.00,0.0423
911.00,0.0420
910.00,0.0421
909.00,0.0424
908.00,0.0427
907.00,0.0431
906.00,0.0441
905.00,0.0460
904.00,0.0486
903.00,0.0510
902.00,0.0522
901.00,0.0516
900.00,0.0491
899.00,0.0457
898.00,0.0421
897.00,0.0391
896.00,0.0367
895.00,0.0349
894.00,0.0336
893.00,0.0327
892.00,0.0319
891.00,0.0314
890.00,0.0310
889.00,0.0308
888.00,0.0307
887.00,0.0307
886.00,0.0310
885.00,0.0316
884.00,0.0324
883.00,0.0333
882.00,0.0342
881.00,0.0348
880.00,0.0347
879.00,0.0341
878.00,0.0330
877.00,0.0319
876.00,0.0308
875.00,0.0300
874.00,0.0294
873.00,0.0291
872.00,0.0290
871.00,0.0292
870.00,0.0295
869.00,0.0302
868.00,0.0312
867.00,0.0326
866.00,0.0349
865.00,0.0386
864.00,0.0447
863.00,0.0543
862.00,0.0672
861.00,0.0807
860.00,0.0901
859.00,0.0914
858.00,0.0850
857.00,0.0747
856.00,0.0651
855.00,0.0585
854.00,0.0553
853.00,0.0550
852.00,0.0567
851.00,0.0590
850.00,0.0607
849.00,0.0611
848.00,0.0606
847.00,0.0600
846.00,0.0600
845.00,0.0612
844.00,0.0641
843.00,0.0689
842.00,0.0759
841.00,0.0844
840.00,0.0929
839.00,0.0993
838.00,0.1018
837.00,0.0999
836.00,0.0944
835.00,0.0867
834.00,0.0781
833.00,0.0698
832.00,0.0625
831.00,0.0564
830.00,0.0517
829.00,0.0480
828.00,0.0452
827.00,0.0432
826.00,0.0416
825.00,0.0403
824.00,0.0393
823.00,0.0385
822.00,0.0378
821.00,0.0372
820.00,0.0366
819.00,0.0361
818.00,0.0356
817.00,0.0353
816.00,0.0350
815.00,0.0348
814.00,0.0347
813.00,0.0346
812.00,0.0346
811.00,0.0347
810.00,0.0350
809.00,0.0353
808.00,0.0358
807.00,0.0366
806.00,0.0377
805.00,0.0393
804.00,0.0415
803.00,0.0442
802.00,0.0469
801.00,0.0489
800.00,0.0495
799.00,0.0487
798.00,0.0470
797.00,0.0452
796.00,0.0437
795.00,0.0427
794.00,0.0419
793.00,0.0412
792.00,0.0404
791.00,0.0398
790.00,0.0394
789.00,0.0393
788.00,0.0395
787.00,0.0400
786.00,0.0408
785.00,0.0419
784.00,0.0434
783.00,0.0451
782.00,0.0467
781.00,0.0479
780.00,0.0483
779.00,0.0479
778.00,0.0469
777.00,0.0457
776.00,0.0446
775.00,0.0439
774.00,0.0436
773.00,0.0436
772.00,0.0441
771.00,0.0449
770.00,0.0461
769.00,0.0475
768.00,0.0485
767.00,0.0487
766.00,0.0481
765.00,0.0470
764.00,0.0456
763.00,0.0445
762.00,0.0437
761.00,0.0433
760.00,0.0432
759.00,0.0432
758.00,0.0433
757.00,0.0435
756.00,0.0439
755.00,0.0443
754.00,0.0449
753.00,0.0457
752.00,0.0466
751.00,0.0476
750.00,0.0488
749.00,0.0501
748.00,0.0513
747.00,0.0522
746.00,0.0527
745.00,0.0529
744.00,0.0528
743.00,0.0527
742.00,0.0527
741.00,0.0529
740.00,0.0534
739.00,0.0541
738.00,0.0551
737.00,0.0564
736.00,0.0582
735.00,0.0607
734.00,0.0643
733.00,0.0687
732.00,0.0731
731.00,0.0757
730.00,0.0757
729.00,0.0735
728.00,0.0706
727.00,0.0678
726.00,0.0650
725.00,0.0615
724.00,0.0571
723.00,0.0523
722.00,0.0478
721.00,0.0444
720.00,0.0421
719.00,0.0406
718.00,0.0398
717.00,0.0393
716.00,0.0389
715.00,0.0386
714.00,0.0384
713.00,0.0383
712.00,0.0382
711.00,0.0382
710.00,0.0382
709.00,0.0381
708.00,0.0380
707.00,0.0380
706.00,0.0380
705.00,0.0380
704.00,0.0381
703.00,0.0381
702.00,0.0382
701.00,0.0383
700.00,0.0384
699.00,0.0385
698.00,0.0387
697.00,0.0389
696.00,0.0391
695.00,0.0393
694.00,0.0396
693.00,0.0399
692.00,0.0402
691.00,0.0405
690.00,0.0408
689.00,0.0411
688.00,0.0414
687.00,0.0417
686.00,0.0421
685.00,0.0425
684.00,0.0430
683.00,0.0434
682.00,0.0439
681.00,0.0444
680.00,0.0449
679.00,0.0453
678.00,0.0457
677.00,0.0461
676.00,0.0466
675.00,0.0471
674.00,0.0476
673.00,0.0480
672.00,0.0484
671.00,0.0488
670.00,0.0493
669.00,0.0499
668.00,0.0509
667.00,0.0518
666.00,0.0522
665.00,0.0526
664.00,0.0531
663.00,0.0539
662.00,0.0552
661.00,0.0572
660.00,0.0606
659.00,0.0658
658.00,0.0723
657.00,0.0788
656.00,0.0834
655.00,0.0849
654.00,0.0838
653.00,0.0814
652.00,0.0793
651.00,0.0780
650.00,0.0774
649.00,0.0773
648.00,0.0775
647.00,0.0778
646.00,0.0780
645.00,0.0782
644.00,0.0784
643.00,0.0784
642.00,0.0783
641.00,0.0782
640.00,0.0781
639.00,0.0780
638.00,0.0780
637.00,0.0779
636.00,0.0778
635.00,0.0778
634.00,0.0777
633.00,0.0776
632.00,0.0775
631.00,0.0775
630.00,0.0775
629.00,0.0774
628.00,0.0773
627.00,0.0772
626.00,0.0771
625.00,0.0769
624.00,0.0768
623.00,0.0766
622.00,0.0762
621.00,0.0756
620.00,0.0749
619.00,0.0741
618.00,0.0731
617.00,0.0720
616.00,0.0708
615.00,0.0696
614.00,0.0687
613.00,0.0681
612.00,0.0680
611.00,0.0684
610.00,0.0691
609.00,0.0699
608.00,0.0708
607.00,0.0718
606.00,0.0729
605.00,0.0741
604.00,0.0754
603.00,0.0769
602.00,0.0783
601.00,0.0800
600.00,0.0819
599.00,0.0841
598.00,0.0868
597.00,0.0899
596.00,0.0933
595.00,0.0964
594.00,0.0985
593.00,0.0995
592.00,0.0994
591.00,0.0986
590.00,0.0973
589.00,0.0953
588.00,0.0926
587.00,0.0897
586.00,0.0868
585.00,0.0845
584.00,0.0833
583.00,0.0832
582.00,0.0840
581.00,0.0859
580.00,0.0889
579.00,0.0925
578.00,0.0962
577.00,0.0996
576.00,0.1019
575.00,0.1032
574.00,0.1033
573.00,0.1028
572.00,0.1020
571.00,0.1010
570.00,0.0998
569.00,0.0986
568.00,0.0975
567.00,0.0962
566.00,0.0948
565.00,0.0933
564.00,0.0917
563.00,0.0900
562.00,0.0882
561.00,0.0864
560.00,0.0847
559.00,0.0830
558.00,0.0814
557.00,0.0800
556.00,0.0787
555.00,0.0774
554.00,0.0762
553.00,0.0751
552.00,0.0742
551.00,0.0733
550.00,0.0726
549.00,0.0719
548.00,0.0713
547.00,0.0708
546.00,0.0705
545.00,0.0706
544.00,0.0712
543.00,0.0723
542.00,0.0742
541.00,0.0768
540.00,0.0803
539.00,0.0847
538.00,0.0896
537.00,0.0944
536.00,0.0982
535.00,0.1000
534.00,0.0996
533.00,0.0975
532.00,0.0944
531.00,0.0908
530.00,0.0873
529.00,0.0843
528.00,0.0819
527.00,0.0804
526.00,0.0795
525.00,0.0791
524.00,0.0788
523.00,0.0782
522.00,0.0772
521.00,0.0758
520.00,0.0741
519.00,0.0724
518.00,0.0708
517.00,0.0694
516.00,0.0682
515.00,0.0671
514.00,0.0660
513.00,0.0651
512.00,0.0643
511.00,0.0636
510.00,0.0631
509.00,0.0626
508.00,0.0621
507.00,0.0617
506.00,0.0614
505.00,0.0611
504.00,0.0609
503.00,0.0607
502.00,0.0606
501.00,0.0604
500.00,0.0603
499.00,0.0602
498.00,0.0603
497.00,0.0605
496.00,0.0610
495.00,0.0616
494.00,0.0625
493.00,0.0637
492.00,0.0653
491.00,0.0672
490.00,0.0693
489.00,0.0714
488.00,0.0729
487.00,0.0735
486.00,0.0731
485.00,0.0717
484.00,0.0698
483.00,0.0678
482.00,0.0660
481.00,0.0645
480.00,0.0634
479.00,0.0624
478.00,0.0617
477.00,0.0612
476.00,0.0611
475.00,0.0611
474.00,0.0611
473.00,0.0610
472.00,0.0609
471.00,0.0609
470.00,0.0610
469.00,0.0612
468.00,0.0615
467.00,0.0618
466.00,0.0620
465.00,0.0623
464.00,0.0628
463.00,0.0633
462.00,0.0638
461.00,0.0644
460.00,0.0649
459.00,0.0658
458.00,0.0675
457.00,0.0700
456.00,0.0730
455.00,0.0757
454.00,0.0777
453.00,0.0785
452.00,0.0779
451.00,0.0765
450.00,0.0750
449.00,0.0740
448.00,0.0735
447.00,0.0729
446.00,0.0724
445.00,0.0722
444.00,0.0725
443.00,0.0735
442.00,0.0751
441.00,0.0772
440.00,0.0796
439.00,0.0817
438.00,0.0835
437.00,0.0850
436.00,0.0865
435.00,0.0878
434.00,0.0888
433.00,0.0893
432.00,0.0893
431.00,0.0886
430.00,0.0873
429.00,0.0856
428.00,0.0841
427.00,0.0827
426.00,0.0813
425.00,0.0801
424.00,0.0789
423.00,0.0776
422.00,0.0761
421.00,0.0750
420.00,0.0744
419.00,0.0741
418.00,0.0734
417.00,0.0723
416.00,0.0711
415.00,0.0700
414.00,0.0692
413.00,0.0687
412.00,0.0686
411.00,0.0686
410.00,0.0685
409.00,0.0686
408.00,0.0687
407.00,0.0687
406.00,0.0686
405.00,0.0685
404.00,0.0685
403.00,0.0685
402.00,0.0685
401.00,0.0688
400.00,0.0696
