<?xml version="1.0" encoding="UTF-8"?>
<PeakList>
  <PeakList1D>
    <PeakList1DHeader creator="chm343" date="2023-09-22T23:32:59.224-07:00" expNo="13" name="2023_09_22_MeOD_3mm_FS_VT_1H_Bruker400" owner="" procNo="1" source="C:/Data/CHM343/Fall2023/data/chm343/nmr">
      <PeakPickDetails>F1=21.232370ppm, F2=-3.269470ppm, MI=0.10cm, MAXI=10000.00cm, PC=1.000
      </PeakPickDetails>
    </PeakList1DHeader>
    <Peak1D F1="18.552042" intensity="1.194009e+001" type="0"/>
    <Peak1D F1="17.938478" intensity="1.077956e+001" type="0"/>
    <Peak1D F1="17.233570" intensity="1.142999e+001" type="0"/>
    <Peak1D F1="17.021999" intensity="1.073001e+001" type="0"/>
    <Peak1D F1="13.601803" intensity="1.259808e+001" type="0"/>
    <Peak1D F1="13.388865" intensity="1.092362e+001" type="0"/>
    <Peak1D F1="11.512788" intensity="1.500000e+001" type="0"/>
    <Peak1D F1="6.277213" intensity="1.154836e+001" type="0"/>
    <Peak1D F1="5.699978" intensity="1.076790e+001" type="0"/>
    <Peak1D F1="5.548421" intensity="1.133526e+001" type="0"/>
    <Peak1D F1="4.773149" intensity="1.096945e+001" type="0"/>
    <Peak1D F1="4.600022" intensity="4.797115e+002" type="0"/>
    <Peak1D F1="4.439077" intensity="1.085822e+001" type="0"/>
    <Peak1D F1="3.309603" intensity="3.274000e+002" type="0"/>
    <Peak1D F1="3.306113" intensity="3.285928e+002" type="0"/>
    <Peak1D F1="-0.000091" intensity="1.224843e+002" type="0"/>
    <Peak1D F1="-0.276063" intensity="1.120172e+001" type="0"/>
  </PeakList1D>
</PeakList>
