Created as New Dataset,Sample 366 By YargerLab Date Friday, November 14 2025
cm-1,A
4000.00,-0.0001
3999.00,-0.0001
3998.00,-0.0001
3997.00,-0.0001
3996.00,-0.0001
3995.00,-0.0001
3994.00,-0.0001
3993.00,-0.0001
3992.00,-0.0001
3991.00,-0.0001
3990.00,-0.0001
3989.00,-0.0000
3988.00,-0.0000
3987.00,-0.0000
3986.00,0.0000
3985.00,0.0000
3984.00,0.0000
3983.00,0.0000
3982.00,0.0000
3981.00,0.0000
3980.00,0.0000
3979.00,0.0000
3978.00,0.0000
3977.00,0.0000
3976.00,-0.0000
3975.00,-0.0000
3974.00,-0.0000
3973.00,-0.0000
3972.00,-0.0000
3971.00,-0.0000
3970.00,-0.0000
3969.00,-0.0000
3968.00,-0.0000
3967.00,-0.0000
3966.00,-0.0000
3965.00,-0.0000
3964.00,-0.0000
3963.00,0.0000
3962.00,0.0000
3961.00,0.0000
3960.00,0.0000
3959.00,0.0000
3958.00,-0.0000
3957.00,-0.0000
3956.00,-0.0001
3955.00,-0.0000
3954.00,-0.0000
3953.00,-0.0000
3952.00,-0.0000
3951.00,-0.0000
3950.00,-0.0000
3949.00,0.0000
3948.00,0.0000
3947.00,0.0001
3946.00,0.0001
3945.00,0.0000
3944.00,0.0000
3943.00,-0.0000
3942.00,-0.0000
3941.00,-0.0000
3940.00,0.0000
3939.00,0.0000
3938.00,0.0000
3937.00,0.0000
3936.00,0.0001
3935.00,0.0001
3934.00,0.0001
3933.00,0.0001
3932.00,0.0001
3931.00,0.0001
3930.00,0.0001
3929.00,0.0001
3928.00,0.0001
3927.00,0.0001
3926.00,0.0000
3925.00,0.0000
3924.00,0.0000
3923.00,0.0001
3922.00,0.0001
3921.00,0.0002
3920.00,0.0002
3919.00,0.0002
3918.00,0.0002
3917.00,0.0002
3916.00,0.0002
3915.00,0.0001
3914.00,0.0001
3913.00,0.0000
3912.00,0.0000
3911.00,-0.0000
3910.00,-0.0000
3909.00,-0.0000
3908.00,-0.0000
3907.00,0.0000
3906.00,0.0000
3905.00,0.0001
3904.00,0.0002
3903.00,0.0004
3902.00,0.0005
3901.00,0.0005
3900.00,0.0004
3899.00,0.0003
3898.00,0.0002
3897.00,0.0002
3896.00,0.0002
3895.00,0.0002
3894.00,0.0001
3893.00,0.0001
3892.00,0.0001
3891.00,0.0000
3890.00,0.0001
3889.00,0.0001
3888.00,0.0002
3887.00,0.0003
3886.00,0.0003
3885.00,0.0003
3884.00,0.0003
3883.00,0.0003
3882.00,0.0003
3881.00,0.0003
3880.00,0.0002
3879.00,0.0002
3878.00,0.0003
3877.00,0.0003
3876.00,0.0003
3875.00,0.0003
3874.00,0.0002
3873.00,0.0002
3872.00,0.0003
3871.00,0.0003
3870.00,0.0003
3869.00,0.0003
3868.00,0.0003
3867.00,0.0003
3866.00,0.0003
3865.00,0.0003
3864.00,0.0003
3863.00,0.0003
3862.00,0.0003
3861.00,0.0003
3860.00,0.0003
3859.00,0.0003
3858.00,0.0002
3857.00,0.0001
3856.00,-0.0000
3855.00,-0.0000
3854.00,-0.0000
3853.00,0.0000
3852.00,0.0002
3851.00,0.0003
3850.00,0.0003
3849.00,0.0003
3848.00,0.0003
3847.00,0.0003
3846.00,0.0003
3845.00,0.0003
3844.00,0.0003
3843.00,0.0003
3842.00,0.0003
3841.00,0.0004
3840.00,0.0004
3839.00,0.0004
3838.00,0.0004
3837.00,0.0004
3836.00,0.0004
3835.00,0.0004
3834.00,0.0003
3833.00,0.0003
3832.00,0.0003
3831.00,0.0002
3830.00,0.0002
3829.00,0.0003
3828.00,0.0003
3827.00,0.0003
3826.00,0.0002
3825.00,0.0003
3824.00,0.0003
3823.00,0.0004
3822.00,0.0005
3821.00,0.0005
3820.00,0.0004
3819.00,0.0004
3818.00,0.0004
3817.00,0.0004
3816.00,0.0004
3815.00,0.0003
3814.00,0.0002
3813.00,0.0002
3812.00,0.0001
3811.00,0.0001
3810.00,0.0001
3809.00,0.0001
3808.00,0.0001
3807.00,0.0002
3806.00,0.0002
3805.00,0.0003
3804.00,0.0003
3803.00,0.0004
3802.00,0.0004
3801.00,0.0003
3800.00,0.0003
3799.00,0.0003
3798.00,0.0004
3797.00,0.0004
3796.00,0.0003
3795.00,0.0003
3794.00,0.0002
3793.00,0.0002
3792.00,0.0001
3791.00,0.0001
3790.00,0.0001
3789.00,0.0001
3788.00,0.0001
3787.00,0.0001
3786.00,0.0001
3785.00,0.0001
3784.00,0.0001
3783.00,0.0001
3782.00,0.0002
3781.00,0.0002
3780.00,0.0002
3779.00,0.0001
3778.00,0.0001
3777.00,0.0001
3776.00,0.0001
3775.00,0.0001
3774.00,0.0001
3773.00,0.0001
3772.00,0.0002
3771.00,0.0002
3770.00,0.0003
3769.00,0.0003
3768.00,0.0003
3767.00,0.0003
3766.00,0.0003
3765.00,0.0003
3764.00,0.0003
3763.00,0.0003
3762.00,0.0003
3761.00,0.0004
3760.00,0.0004
3759.00,0.0003
3758.00,0.0003
3757.00,0.0004
3756.00,0.0004
3755.00,0.0004
3754.00,0.0005
3753.00,0.0005
3752.00,0.0006
3751.00,0.0006
3750.00,0.0007
3749.00,0.0007
3748.00,0.0007
3747.00,0.0007
3746.00,0.0008
3745.00,0.0008
3744.00,0.0007
3743.00,0.0007
3742.00,0.0007
3741.00,0.0007
3740.00,0.0008
3739.00,0.0008
3738.00,0.0009
3737.00,0.0009
3736.00,0.0009
3735.00,0.0008
3734.00,0.0008
3733.00,0.0008
3732.00,0.0008
3731.00,0.0007
3730.00,0.0006
3729.00,0.0006
3728.00,0.0006
3727.00,0.0006
3726.00,0.0005
3725.00,0.0005
3724.00,0.0005
3723.00,0.0005
3722.00,0.0005
3721.00,0.0004
3720.00,0.0004
3719.00,0.0004
3718.00,0.0003
3717.00,0.0003
3716.00,0.0003
3715.00,0.0004
3714.00,0.0004
3713.00,0.0005
3712.00,0.0005
3711.00,0.0005
3710.00,0.0005
3709.00,0.0005
3708.00,0.0005
3707.00,0.0005
3706.00,0.0004
3705.00,0.0004
3704.00,0.0004
3703.00,0.0003
3702.00,0.0003
3701.00,0.0003
3700.00,0.0003
3699.00,0.0003
3698.00,0.0003
3697.00,0.0004
3696.00,0.0004
3695.00,0.0004
3694.00,0.0005
3693.00,0.0005
3692.00,0.0005
3691.00,0.0004
3690.00,0.0004
3689.00,0.0005
3688.00,0.0005
3687.00,0.0006
3686.00,0.0006
3685.00,0.0006
3684.00,0.0006
3683.00,0.0006
3682.00,0.0006
3681.00,0.0006
3680.00,0.0007
3679.00,0.0007
3678.00,0.0008
3677.00,0.0010
3676.00,0.0011
3675.00,0.0012
3674.00,0.0012
3673.00,0.0012
3672.00,0.0012
3671.00,0.0013
3670.00,0.0012
3669.00,0.0011
3668.00,0.0011
3667.00,0.0011
3666.00,0.0010
3665.00,0.0010
3664.00,0.0010
3663.00,0.0010
3662.00,0.0011
3661.00,0.0011
3660.00,0.0011
3659.00,0.0012
3658.00,0.0013
3657.00,0.0014
3656.00,0.0014
3655.00,0.0016
3654.00,0.0017
3653.00,0.0018
3652.00,0.0020
3651.00,0.0021
3650.00,0.0021
3649.00,0.0022
3648.00,0.0023
3647.00,0.0023
3646.00,0.0023
3645.00,0.0023
3644.00,0.0022
3643.00,0.0022
3642.00,0.0022
3641.00,0.0022
3640.00,0.0022
3639.00,0.0023
3638.00,0.0023
3637.00,0.0024
3636.00,0.0025
3635.00,0.0026
3634.00,0.0027
3633.00,0.0028
3632.00,0.0029
3631.00,0.0030
3630.00,0.0031
3629.00,0.0032
3628.00,0.0033
3627.00,0.0035
3626.00,0.0036
3625.00,0.0037
3624.00,0.0037
3623.00,0.0037
3622.00,0.0037
3621.00,0.0038
3620.00,0.0038
3619.00,0.0039
3618.00,0.0040
3617.00,0.0042
3616.00,0.0043
3615.00,0.0044
3614.00,0.0045
3613.00,0.0046
3612.00,0.0047
3611.00,0.0049
3610.00,0.0050
3609.00,0.0051
3608.00,0.0051
3607.00,0.0052
3606.00,0.0052
3605.00,0.0053
3604.00,0.0053
3603.00,0.0053
3602.00,0.0054
3601.00,0.0054
3600.00,0.0055
3599.00,0.0056
3598.00,0.0057
3597.00,0.0059
3596.00,0.0060
3595.00,0.0061
3594.00,0.0062
3593.00,0.0063
3592.00,0.0064
3591.00,0.0066
3590.00,0.0067
3589.00,0.0068
3588.00,0.0069
3587.00,0.0070
3586.00,0.0071
3585.00,0.0072
3584.00,0.0073
3583.00,0.0073
3582.00,0.0074
3581.00,0.0075
3580.00,0.0076
3579.00,0.0077
3578.00,0.0078
3577.00,0.0079
3576.00,0.0080
3575.00,0.0081
3574.00,0.0083
3573.00,0.0084
3572.00,0.0085
3571.00,0.0087
3570.00,0.0089
3569.00,0.0092
3568.00,0.0094
3567.00,0.0095
3566.00,0.0097
3565.00,0.0098
3564.00,0.0099
3563.00,0.0100
3562.00,0.0100
3561.00,0.0101
3560.00,0.0102
3559.00,0.0103
3558.00,0.0105
3557.00,0.0106
3556.00,0.0107
3555.00,0.0109
3554.00,0.0110
3553.00,0.0111
3552.00,0.0113
3551.00,0.0115
3550.00,0.0117
3549.00,0.0119
3548.00,0.0120
3547.00,0.0122
3546.00,0.0123
3545.00,0.0124
3544.00,0.0125
3543.00,0.0126
3542.00,0.0127
3541.00,0.0128
3540.00,0.0129
3539.00,0.0131
3538.00,0.0132
3537.00,0.0134
3536.00,0.0135
3535.00,0.0136
3534.00,0.0138
3533.00,0.0139
3532.00,0.0141
3531.00,0.0142
3530.00,0.0144
3529.00,0.0145
3528.00,0.0147
3527.00,0.0149
3526.00,0.0150
3525.00,0.0151
3524.00,0.0153
3523.00,0.0154
3522.00,0.0156
3521.00,0.0157
3520.00,0.0158
3519.00,0.0160
3518.00,0.0161
3517.00,0.0162
3516.00,0.0163
3515.00,0.0165
3514.00,0.0166
3513.00,0.0167
3512.00,0.0169
3511.00,0.0171
3510.00,0.0172
3509.00,0.0174
3508.00,0.0175
3507.00,0.0176
3506.00,0.0178
3505.00,0.0179
3504.00,0.0181
3503.00,0.0182
3502.00,0.0184
3501.00,0.0185
3500.00,0.0187
3499.00,0.0188
3498.00,0.0189
3497.00,0.0191
3496.00,0.0192
3495.00,0.0194
3494.00,0.0195
3493.00,0.0196
3492.00,0.0198
3491.00,0.0199
3490.00,0.0200
3489.00,0.0201
3488.00,0.0203
3487.00,0.0204
3486.00,0.0205
3485.00,0.0207
3484.00,0.0208
3483.00,0.0209
3482.00,0.0210
3481.00,0.0212
3480.00,0.0214
3479.00,0.0216
3478.00,0.0217
3477.00,0.0219
3476.00,0.0221
3475.00,0.0222
3474.00,0.0223
3473.00,0.0224
3472.00,0.0225
3471.00,0.0226
3470.00,0.0227
3469.00,0.0228
3468.00,0.0230
3467.00,0.0231
3466.00,0.0233
3465.00,0.0234
3464.00,0.0236
3463.00,0.0237
3462.00,0.0239
3461.00,0.0240
3460.00,0.0241
3459.00,0.0243
3458.00,0.0244
3457.00,0.0245
3456.00,0.0247
3455.00,0.0248
3454.00,0.0249
3453.00,0.0251
3452.00,0.0252
3451.00,0.0253
3450.00,0.0254
3449.00,0.0255
3448.00,0.0256
3447.00,0.0258
3446.00,0.0259
3445.00,0.0260
3444.00,0.0262
3443.00,0.0263
3442.00,0.0264
3441.00,0.0266
3440.00,0.0267
3439.00,0.0268
3438.00,0.0269
3437.00,0.0270
3436.00,0.0272
3435.00,0.0273
3434.00,0.0274
3433.00,0.0275
3432.00,0.0277
3431.00,0.0278
3430.00,0.0280
3429.00,0.0281
3428.00,0.0283
3427.00,0.0284
3426.00,0.0285
3425.00,0.0287
3424.00,0.0288
3423.00,0.0289
3422.00,0.0290
3421.00,0.0291
3420.00,0.0293
3419.00,0.0294
3418.00,0.0295
3417.00,0.0297
3416.00,0.0298
3415.00,0.0299
3414.00,0.0300
3413.00,0.0301
3412.00,0.0302
3411.00,0.0304
3410.00,0.0305
3409.00,0.0306
3408.00,0.0308
3407.00,0.0309
3406.00,0.0310
3405.00,0.0311
3404.00,0.0312
3403.00,0.0313
3402.00,0.0313
3401.00,0.0314
3400.00,0.0315
3399.00,0.0316
3398.00,0.0317
3397.00,0.0318
3396.00,0.0320
3395.00,0.0321
3394.00,0.0322
3393.00,0.0323
3392.00,0.0324
3391.00,0.0326
3390.00,0.0327
3389.00,0.0329
3388.00,0.0330
3387.00,0.0331
3386.00,0.0332
3385.00,0.0333
3384.00,0.0334
3383.00,0.0335
3382.00,0.0337
3381.00,0.0338
3380.00,0.0339
3379.00,0.0340
3378.00,0.0341
3377.00,0.0342
3376.00,0.0343
3375.00,0.0345
3374.00,0.0346
3373.00,0.0347
3372.00,0.0348
3371.00,0.0350
3370.00,0.0351
3369.00,0.0352
3368.00,0.0353
3367.00,0.0354
3366.00,0.0356
3365.00,0.0357
3364.00,0.0358
3363.00,0.0360
3362.00,0.0361
3361.00,0.0362
3360.00,0.0363
3359.00,0.0365
3358.00,0.0366
3357.00,0.0367
3356.00,0.0368
3355.00,0.0369
3354.00,0.0370
3353.00,0.0371
3352.00,0.0373
3351.00,0.0374
3350.00,0.0375
3349.00,0.0376
3348.00,0.0377
3347.00,0.0379
3346.00,0.0380
3345.00,0.0381
3344.00,0.0383
3343.00,0.0384
3342.00,0.0385
3341.00,0.0386
3340.00,0.0387
3339.00,0.0389
3338.00,0.0391
3337.00,0.0393
3336.00,0.0394
3335.00,0.0396
3334.00,0.0397
3333.00,0.0398
3332.00,0.0400
3331.00,0.0401
3330.00,0.0402
3329.00,0.0404
3328.00,0.0405
3327.00,0.0407
3326.00,0.0408
3325.00,0.0410
3324.00,0.0412
3323.00,0.0414
3322.00,0.0416
3321.00,0.0417
3320.00,0.0419
3319.00,0.0421
3318.00,0.0422
3317.00,0.0424
3316.00,0.0425
3315.00,0.0426
3314.00,0.0428
3313.00,0.0429
3312.00,0.0430
3311.00,0.0432
3310.00,0.0433
3309.00,0.0434
3308.00,0.0435
3307.00,0.0436
3306.00,0.0438
3305.00,0.0440
3304.00,0.0442
3303.00,0.0444
3302.00,0.0446
3301.00,0.0448
3300.00,0.0449
3299.00,0.0450
3298.00,0.0451
3297.00,0.0452
3296.00,0.0452
3295.00,0.0453
3294.00,0.0454
3293.00,0.0455
3292.00,0.0456
3291.00,0.0457
3290.00,0.0458
3289.00,0.0459
3288.00,0.0460
3287.00,0.0460
3286.00,0.0461
3285.00,0.0461
3284.00,0.0461
3283.00,0.0462
3282.00,0.0462
3281.00,0.0462
3280.00,0.0462
3279.00,0.0461
3278.00,0.0460
3277.00,0.0460
3276.00,0.0459
3275.00,0.0458
3274.00,0.0457
3273.00,0.0456
3272.00,0.0455
3271.00,0.0454
3270.00,0.0454
3269.00,0.0453
3268.00,0.0453
3267.00,0.0452
3266.00,0.0450
3265.00,0.0449
3264.00,0.0448
3263.00,0.0447
3262.00,0.0445
3261.00,0.0444
3260.00,0.0443
3259.00,0.0441
3258.00,0.0439
3257.00,0.0438
3256.00,0.0436
3255.00,0.0435
3254.00,0.0433
3253.00,0.0432
3252.00,0.0430
3251.00,0.0428
3250.00,0.0426
3249.00,0.0424
3248.00,0.0422
3247.00,0.0420
3246.00,0.0419
3245.00,0.0418
3244.00,0.0417
3243.00,0.0415
3242.00,0.0414
3241.00,0.0413
3240.00,0.0411
3239.00,0.0410
3238.00,0.0408
3237.00,0.0406
3236.00,0.0404
3235.00,0.0403
3234.00,0.0401
3233.00,0.0400
3232.00,0.0400
3231.00,0.0399
3230.00,0.0398
3229.00,0.0397
3228.00,0.0396
3227.00,0.0395
3226.00,0.0394
3225.00,0.0393
3224.00,0.0392
3223.00,0.0391
3222.00,0.0390
3221.00,0.0389
3220.00,0.0388
3219.00,0.0387
3218.00,0.0386
3217.00,0.0384
3216.00,0.0383
3215.00,0.0383
3214.00,0.0382
3213.00,0.0381
3212.00,0.0380
3211.00,0.0380
3210.00,0.0379
3209.00,0.0378
3208.00,0.0377
3207.00,0.0376
3206.00,0.0375
3205.00,0.0373
3204.00,0.0372
3203.00,0.0372
3202.00,0.0371
3201.00,0.0370
3200.00,0.0369
3199.00,0.0368
3198.00,0.0367
3197.00,0.0365
3196.00,0.0364
3195.00,0.0363
3194.00,0.0363
3193.00,0.0362
3192.00,0.0361
3191.00,0.0360
3190.00,0.0358
3189.00,0.0357
3188.00,0.0356
3187.00,0.0355
3186.00,0.0353
3185.00,0.0352
3184.00,0.0351
3183.00,0.0350
3182.00,0.0349
3181.00,0.0347
3180.00,0.0346
3179.00,0.0345
3178.00,0.0344
3177.00,0.0342
3176.00,0.0341
3175.00,0.0340
3174.00,0.0338
3173.00,0.0337
3172.00,0.0336
3171.00,0.0335
3170.00,0.0333
3169.00,0.0332
3168.00,0.0330
3167.00,0.0329
3166.00,0.0328
3165.00,0.0327
3164.00,0.0325
3163.00,0.0324
3162.00,0.0323
3161.00,0.0322
3160.00,0.0320
3159.00,0.0319
3158.00,0.0318
3157.00,0.0316
3156.00,0.0315
3155.00,0.0314
3154.00,0.0313
3153.00,0.0312
3152.00,0.0310
3151.00,0.0309
3150.00,0.0308
3149.00,0.0307
3148.00,0.0306
3147.00,0.0305
3146.00,0.0304
3145.00,0.0303
3144.00,0.0302
3143.00,0.0300
3142.00,0.0299
3141.00,0.0298
3140.00,0.0297
3139.00,0.0296
3138.00,0.0295
3137.00,0.0295
3136.00,0.0294
3135.00,0.0294
3134.00,0.0293
3133.00,0.0292
3132.00,0.0291
3131.00,0.0290
3130.00,0.0289
3129.00,0.0288
3128.00,0.0287
3127.00,0.0286
3126.00,0.0285
3125.00,0.0285
3124.00,0.0284
3123.00,0.0283
3122.00,0.0282
3121.00,0.0281
3120.00,0.0280
3119.00,0.0280
3118.00,0.0279
3117.00,0.0279
3116.00,0.0279
3115.00,0.0279
3114.00,0.0280
3113.00,0.0280
3112.00,0.0279
3111.00,0.0279
3110.00,0.0278
3109.00,0.0278
3108.00,0.0279
3107.00,0.0279
3106.00,0.0279
3105.00,0.0279
3104.00,0.0279
3103.00,0.0279
3102.00,0.0279
3101.00,0.0279
3100.00,0.0280
3099.00,0.0280
3098.00,0.0280
3097.00,0.0280
3096.00,0.0280
3095.00,0.0280
3094.00,0.0280
3093.00,0.0280
3092.00,0.0280
3091.00,0.0280
3090.00,0.0281
3089.00,0.0281
3088.00,0.0281
3087.00,0.0280
3086.00,0.0280
3085.00,0.0280
3084.00,0.0281
3083.00,0.0281
3082.00,0.0281
3081.00,0.0281
3080.00,0.0280
3079.00,0.0280
3078.00,0.0281
3077.00,0.0281
3076.00,0.0282
3075.00,0.0283
3074.00,0.0283
3073.00,0.0283
3072.00,0.0283
3071.00,0.0283
3070.00,0.0282
3069.00,0.0282
3068.00,0.0282
3067.00,0.0282
3066.00,0.0282
3065.00,0.0283
3064.00,0.0283
3063.00,0.0283
3062.00,0.0282
3061.00,0.0282
3060.00,0.0281
3059.00,0.0280
3058.00,0.0280
3057.00,0.0279
3056.00,0.0278
3055.00,0.0278
3054.00,0.0277
3053.00,0.0276
3052.00,0.0275
3051.00,0.0275
3050.00,0.0274
3049.00,0.0273
3048.00,0.0273
3047.00,0.0272
3046.00,0.0271
3045.00,0.0270
3044.00,0.0269
3043.00,0.0268
3042.00,0.0268
3041.00,0.0268
3040.00,0.0267
3039.00,0.0267
3038.00,0.0267
3037.00,0.0267
3036.00,0.0266
3035.00,0.0266
3034.00,0.0265
3033.00,0.0265
3032.00,0.0265
3031.00,0.0265
3030.00,0.0265
3029.00,0.0265
3028.00,0.0266
3027.00,0.0266
3026.00,0.0266
3025.00,0.0266
3024.00,0.0267
3023.00,0.0268
3022.00,0.0268
3021.00,0.0269
3020.00,0.0270
3019.00,0.0271
3018.00,0.0272
3017.00,0.0273
3016.00,0.0274
3015.00,0.0275
3014.00,0.0275
3013.00,0.0276
3012.00,0.0277
3011.00,0.0277
3010.00,0.0276
3009.00,0.0276
3008.00,0.0274
3007.00,0.0273
3006.00,0.0271
3005.00,0.0270
3004.00,0.0268
3003.00,0.0266
3002.00,0.0265
3001.00,0.0263
3000.00,0.0262
2999.00,0.0261
2998.00,0.0260
2997.00,0.0260
2996.00,0.0260
2995.00,0.0260
2994.00,0.0261
2993.00,0.0261
2992.00,0.0263
2991.00,0.0264
2990.00,0.0267
2989.00,0.0269
2988.00,0.0272
2987.00,0.0275
2986.00,0.0279
2985.00,0.0282
2984.00,0.0286
2983.00,0.0290
2982.00,0.0295
2981.00,0.0299
2980.00,0.0305
2979.00,0.0311
2978.00,0.0318
2977.00,0.0325
2976.00,0.0332
2975.00,0.0340
2974.00,0.0348
2973.00,0.0356
2972.00,0.0365
2971.00,0.0375
2970.00,0.0385
2969.00,0.0395
2968.00,0.0406
2967.00,0.0417
2966.00,0.0428
2965.00,0.0440
2964.00,0.0451
2963.00,0.0461
2962.00,0.0471
2961.00,0.0480
2960.00,0.0489
2959.00,0.0497
2958.00,0.0504
2957.00,0.0509
2956.00,0.0513
2955.00,0.0515
2954.00,0.0515
2953.00,0.0513
2952.00,0.0512
2951.00,0.0510
2950.00,0.0508
2949.00,0.0509
2948.00,0.0511
2947.00,0.0516
2946.00,0.0523
2945.00,0.0531
2944.00,0.0542
2943.00,0.0554
2942.00,0.0569
2941.00,0.0584
2940.00,0.0602
2939.00,0.0621
2938.00,0.0641
2937.00,0.0662
2936.00,0.0684
2935.00,0.0706
2934.00,0.0730
2933.00,0.0753
2932.00,0.0776
2931.00,0.0800
2930.00,0.0822
2929.00,0.0844
2928.00,0.0865
2927.00,0.0884
2926.00,0.0902
2925.00,0.0919
2924.00,0.0933
2923.00,0.0946
2922.00,0.0956
2921.00,0.0964
2920.00,0.0969
2919.00,0.0970
2918.00,0.0965
2917.00,0.0952
2916.00,0.0928
2915.00,0.0894
2914.00,0.0853
2913.00,0.0810
2912.00,0.0769
2911.00,0.0733
2910.00,0.0702
2909.00,0.0675
2908.00,0.0653
2907.00,0.0634
2906.00,0.0617
2905.00,0.0602
2904.00,0.0588
2903.00,0.0576
2902.00,0.0565
2901.00,0.0555
2900.00,0.0545
2899.00,0.0535
2898.00,0.0525
2897.00,0.0516
2896.00,0.0507
2895.00,0.0499
2894.00,0.0491
2893.00,0.0483
2892.00,0.0475
2891.00,0.0467
2890.00,0.0460
2889.00,0.0452
2888.00,0.0446
2887.00,0.0439
2886.00,0.0433
2885.00,0.0428
2884.00,0.0423
2883.00,0.0419
2882.00,0.0417
2881.00,0.0415
2880.00,0.0415
2879.00,0.0416
2878.00,0.0419
2877.00,0.0423
2876.00,0.0428
2875.00,0.0433
2874.00,0.0438
2873.00,0.0443
2872.00,0.0446
2871.00,0.0448
2870.00,0.0449
2869.00,0.0449
2868.00,0.0450
2867.00,0.0452
2866.00,0.0456
2865.00,0.0463
2864.00,0.0472
2863.00,0.0484
2862.00,0.0498
2861.00,0.0515
2860.00,0.0535
2859.00,0.0557
2858.00,0.0580
2857.00,0.0605
2856.00,0.0630
2855.00,0.0656
2854.00,0.0679
2853.00,0.0698
2852.00,0.0709
2851.00,0.0709
2850.00,0.0693
2849.00,0.0664
2848.00,0.0624
2847.00,0.0578
2846.00,0.0533
2845.00,0.0491
2844.00,0.0454
2843.00,0.0423
2842.00,0.0396
2841.00,0.0374
2840.00,0.0356
2839.00,0.0341
2838.00,0.0328
2837.00,0.0317
2836.00,0.0308
2835.00,0.0300
2834.00,0.0293
2833.00,0.0287
2832.00,0.0281
2831.00,0.0276
2830.00,0.0271
2829.00,0.0267
2828.00,0.0262
2827.00,0.0258
2826.00,0.0255
2825.00,0.0251
2824.00,0.0247
2823.00,0.0244
2822.00,0.0241
2821.00,0.0238
2820.00,0.0235
2819.00,0.0233
2818.00,0.0230
2817.00,0.0228
2816.00,0.0225
2815.00,0.0223
2814.00,0.0221
2813.00,0.0219
2812.00,0.0217
2811.00,0.0215
2810.00,0.0214
2809.00,0.0212
2808.00,0.0210
2807.00,0.0209
2806.00,0.0207
2805.00,0.0206
2804.00,0.0204
2803.00,0.0203
2802.00,0.0202
2801.00,0.0200
2800.00,0.0199
2799.00,0.0197
2798.00,0.0196
2797.00,0.0195
2796.00,0.0194
2795.00,0.0193
2794.00,0.0192
2793.00,0.0191
2792.00,0.0189
2791.00,0.0188
2790.00,0.0187
2789.00,0.0186
2788.00,0.0185
2787.00,0.0184
2786.00,0.0183
2785.00,0.0183
2784.00,0.0182
2783.00,0.0181
2782.00,0.0180
2781.00,0.0180
2780.00,0.0179
2779.00,0.0178
2778.00,0.0177
2777.00,0.0176
2776.00,0.0175
2775.00,0.0175
2774.00,0.0174
2773.00,0.0173
2772.00,0.0173
2771.00,0.0172
2770.00,0.0172
2769.00,0.0172
2768.00,0.0171
2767.00,0.0170
2766.00,0.0170
2765.00,0.0169
2764.00,0.0168
2763.00,0.0168
2762.00,0.0167
2761.00,0.0167
2760.00,0.0167
2759.00,0.0166
2758.00,0.0165
2757.00,0.0165
2756.00,0.0164
2755.00,0.0164
2754.00,0.0163
2753.00,0.0163
2752.00,0.0162
2751.00,0.0162
2750.00,0.0161
2749.00,0.0161
2748.00,0.0161
2747.00,0.0160
2746.00,0.0160
2745.00,0.0160
2744.00,0.0159
2743.00,0.0159
2742.00,0.0158
2741.00,0.0158
2740.00,0.0158
2739.00,0.0157
2738.00,0.0156
2737.00,0.0156
2736.00,0.0156
2735.00,0.0155
2734.00,0.0155
2733.00,0.0155
2732.00,0.0155
2731.00,0.0155
2730.00,0.0154
2729.00,0.0154
2728.00,0.0153
2727.00,0.0152
2726.00,0.0152
2725.00,0.0151
2724.00,0.0150
2723.00,0.0150
2722.00,0.0150
2721.00,0.0149
2720.00,0.0149
2719.00,0.0149
2718.00,0.0148
2717.00,0.0148
2716.00,0.0147
2715.00,0.0147
2714.00,0.0146
2713.00,0.0146
2712.00,0.0145
2711.00,0.0145
2710.00,0.0145
2709.00,0.0144
2708.00,0.0144
2707.00,0.0144
2706.00,0.0143
2705.00,0.0143
2704.00,0.0143
2703.00,0.0142
2702.00,0.0142
2701.00,0.0142
2700.00,0.0141
2699.00,0.0141
2698.00,0.0141
2697.00,0.0141
2696.00,0.0141
2695.00,0.0141
2694.00,0.0141
2693.00,0.0140
2692.00,0.0140
2691.00,0.0140
2690.00,0.0140
2689.00,0.0140
2688.00,0.0140
2687.00,0.0140
2686.00,0.0140
2685.00,0.0139
2684.00,0.0139
2683.00,0.0139
2682.00,0.0139
2681.00,0.0138
2680.00,0.0138
2679.00,0.0138
2678.00,0.0138
2677.00,0.0138
2676.00,0.0138
2675.00,0.0137
2674.00,0.0137
2673.00,0.0137
2672.00,0.0137
2671.00,0.0137
2670.00,0.0137
2669.00,0.0137
2668.00,0.0136
2667.00,0.0136
2666.00,0.0136
2665.00,0.0136
2664.00,0.0136
2663.00,0.0136
2662.00,0.0136
2661.00,0.0136
2660.00,0.0136
2659.00,0.0136
2658.00,0.0136
2657.00,0.0136
2656.00,0.0136
2655.00,0.0136
2654.00,0.0135
2653.00,0.0135
2652.00,0.0134
2651.00,0.0134
2650.00,0.0134
2649.00,0.0134
2648.00,0.0134
2647.00,0.0133
2646.00,0.0133
2645.00,0.0132
2644.00,0.0132
2643.00,0.0131
2642.00,0.0131
2641.00,0.0130
2640.00,0.0130
2639.00,0.0130
2638.00,0.0129
2637.00,0.0129
2636.00,0.0129
2635.00,0.0129
2634.00,0.0128
2633.00,0.0128
2632.00,0.0128
2631.00,0.0127
2630.00,0.0127
2629.00,0.0126
2628.00,0.0126
2627.00,0.0126
2626.00,0.0126
2625.00,0.0126
2624.00,0.0125
2623.00,0.0125
2622.00,0.0124
2621.00,0.0124
2620.00,0.0123
2619.00,0.0123
2618.00,0.0123
2617.00,0.0123
2616.00,0.0122
2615.00,0.0122
2614.00,0.0122
2613.00,0.0121
2612.00,0.0121
2611.00,0.0121
2610.00,0.0120
2609.00,0.0120
2608.00,0.0120
2607.00,0.0119
2606.00,0.0119
2605.00,0.0119
2604.00,0.0118
2603.00,0.0118
2602.00,0.0117
2601.00,0.0117
2600.00,0.0117
2599.00,0.0117
2598.00,0.0117
2597.00,0.0116
2596.00,0.0116
2595.00,0.0115
2594.00,0.0115
2593.00,0.0114
2592.00,0.0114
2591.00,0.0114
2590.00,0.0114
2589.00,0.0114
2588.00,0.0114
2587.00,0.0114
2586.00,0.0114
2585.00,0.0114
2584.00,0.0114
2583.00,0.0113
2582.00,0.0112
2581.00,0.0112
2580.00,0.0112
2579.00,0.0111
2578.00,0.0111
2577.00,0.0111
2576.00,0.0111
2575.00,0.0111
2574.00,0.0110
2573.00,0.0110
2572.00,0.0110
2571.00,0.0110
2570.00,0.0110
2569.00,0.0109
2568.00,0.0109
2567.00,0.0109
2566.00,0.0109
2565.00,0.0109
2564.00,0.0109
2563.00,0.0109
2562.00,0.0108
2561.00,0.0108
2560.00,0.0107
2559.00,0.0107
2558.00,0.0107
2557.00,0.0107
2556.00,0.0107
2555.00,0.0107
2554.00,0.0107
2553.00,0.0107
2552.00,0.0107
2551.00,0.0107
2550.00,0.0106
2549.00,0.0106
2548.00,0.0106
2547.00,0.0105
2546.00,0.0105
2545.00,0.0105
2544.00,0.0105
2543.00,0.0105
2542.00,0.0104
2541.00,0.0104
2540.00,0.0104
2539.00,0.0104
2538.00,0.0104
2537.00,0.0104
2536.00,0.0103
2535.00,0.0103
2534.00,0.0103
2533.00,0.0103
2532.00,0.0103
2531.00,0.0103
2530.00,0.0103
2529.00,0.0103
2528.00,0.0103
2527.00,0.0102
2526.00,0.0102
2525.00,0.0101
2524.00,0.0101
2523.00,0.0100
2522.00,0.0100
2521.00,0.0100
2520.00,0.0100
2519.00,0.0099
2518.00,0.0099
2517.00,0.0099
2516.00,0.0098
2515.00,0.0098
2514.00,0.0099
2513.00,0.0099
2512.00,0.0098
2511.00,0.0097
2510.00,0.0097
2509.00,0.0096
2508.00,0.0096
2507.00,0.0096
2506.00,0.0096
2505.00,0.0096
2504.00,0.0095
2503.00,0.0095
2502.00,0.0095
2501.00,0.0095
2500.00,0.0094
2499.00,0.0094
2498.00,0.0094
2497.00,0.0094
2496.00,0.0094
2495.00,0.0094
2494.00,0.0093
2493.00,0.0093
2492.00,0.0093
2491.00,0.0093
2490.00,0.0093
2489.00,0.0092
2488.00,0.0092
2487.00,0.0092
2486.00,0.0091
2485.00,0.0092
2484.00,0.0092
2483.00,0.0092
2482.00,0.0091
2481.00,0.0091
2480.00,0.0090
2479.00,0.0090
2478.00,0.0090
2477.00,0.0090
2476.00,0.0090
2475.00,0.0090
2474.00,0.0089
2473.00,0.0089
2472.00,0.0088
2471.00,0.0088
2470.00,0.0088
2469.00,0.0087
2468.00,0.0087
2467.00,0.0087
2466.00,0.0087
2465.00,0.0087
2464.00,0.0087
2463.00,0.0087
2462.00,0.0087
2461.00,0.0087
2460.00,0.0087
2459.00,0.0087
2458.00,0.0087
2457.00,0.0086
2456.00,0.0086
2455.00,0.0086
2454.00,0.0086
2453.00,0.0085
2452.00,0.0085
2451.00,0.0085
2450.00,0.0085
2449.00,0.0084
2448.00,0.0084
2447.00,0.0083
2446.00,0.0083
2445.00,0.0083
2444.00,0.0083
2443.00,0.0082
2442.00,0.0082
2441.00,0.0082
2440.00,0.0082
2439.00,0.0081
2438.00,0.0081
2437.00,0.0081
2436.00,0.0081
2435.00,0.0080
2434.00,0.0080
2433.00,0.0080
2432.00,0.0080
2431.00,0.0080
2430.00,0.0080
2429.00,0.0080
2428.00,0.0080
2427.00,0.0079
2426.00,0.0079
2425.00,0.0079
2424.00,0.0079
2423.00,0.0078
2422.00,0.0078
2421.00,0.0077
2420.00,0.0076
2419.00,0.0076
2418.00,0.0076
2417.00,0.0076
2416.00,0.0076
2415.00,0.0076
2414.00,0.0076
2413.00,0.0076
2412.00,0.0076
2411.00,0.0075
2410.00,0.0075
2409.00,0.0074
2408.00,0.0074
2407.00,0.0074
2406.00,0.0073
2405.00,0.0073
2404.00,0.0073
2403.00,0.0073
2402.00,0.0073
2401.00,0.0073
2400.00,0.0072
2399.00,0.0072
2398.00,0.0072
2397.00,0.0071
2396.00,0.0071
2395.00,0.0071
2394.00,0.0071
2393.00,0.0071
2392.00,0.0071
2391.00,0.0071
2390.00,0.0070
2389.00,0.0069
2388.00,0.0068
2387.00,0.0067
2386.00,0.0066
2385.00,0.0065
2384.00,0.0063
2383.00,0.0063
2382.00,0.0062
2381.00,0.0062
2380.00,0.0062
2379.00,0.0063
2378.00,0.0063
2377.00,0.0063
2376.00,0.0063
2375.00,0.0063
2374.00,0.0063
2373.00,0.0063
2372.00,0.0063
2371.00,0.0063
2370.00,0.0062
2369.00,0.0062
2368.00,0.0062
2367.00,0.0062
2366.00,0.0062
2365.00,0.0062
2364.00,0.0063
2363.00,0.0063
2362.00,0.0062
2361.00,0.0062
2360.00,0.0062
2359.00,0.0062
2358.00,0.0062
2357.00,0.0061
2356.00,0.0062
2355.00,0.0062
2354.00,0.0062
2353.00,0.0062
2352.00,0.0062
2351.00,0.0062
2350.00,0.0062
2349.00,0.0062
2348.00,0.0062
2347.00,0.0062
2346.00,0.0062
2345.00,0.0062
2344.00,0.0062
2343.00,0.0063
2342.00,0.0063
2341.00,0.0063
2340.00,0.0063
2339.00,0.0063
2338.00,0.0063
2337.00,0.0063
2336.00,0.0062
2335.00,0.0061
2334.00,0.0061
2333.00,0.0060
2332.00,0.0061
2331.00,0.0061
2330.00,0.0062
2329.00,0.0064
2328.00,0.0067
2327.00,0.0069
2326.00,0.0071
2325.00,0.0071
2324.00,0.0070
2323.00,0.0068
2322.00,0.0067
2321.00,0.0066
2320.00,0.0066
2319.00,0.0065
2318.00,0.0065
2317.00,0.0065
2316.00,0.0065
2315.00,0.0064
2314.00,0.0064
2313.00,0.0063
2312.00,0.0063
2311.00,0.0063
2310.00,0.0063
2309.00,0.0063
2308.00,0.0063
2307.00,0.0064
2306.00,0.0064
2305.00,0.0064
2304.00,0.0064
2303.00,0.0064
2302.00,0.0064
2301.00,0.0064
2300.00,0.0064
2299.00,0.0064
2298.00,0.0064
2297.00,0.0065
2296.00,0.0066
2295.00,0.0067
2294.00,0.0068
2293.00,0.0068
2292.00,0.0069
2291.00,0.0069
2290.00,0.0070
2289.00,0.0070
2288.00,0.0071
2287.00,0.0071
2286.00,0.0070
2285.00,0.0070
2284.00,0.0069
2283.00,0.0068
2282.00,0.0067
2281.00,0.0067
2280.00,0.0067
2279.00,0.0067
2278.00,0.0066
2277.00,0.0066
2276.00,0.0066
2275.00,0.0066
2274.00,0.0066
2273.00,0.0066
2272.00,0.0066
2271.00,0.0066
2270.00,0.0066
2269.00,0.0066
2268.00,0.0065
2267.00,0.0065
2266.00,0.0065
2265.00,0.0065
2264.00,0.0065
2263.00,0.0065
2262.00,0.0065
2261.00,0.0065
2260.00,0.0065
2259.00,0.0065
2258.00,0.0063
2257.00,0.0062
2256.00,0.0061
2255.00,0.0060
2254.00,0.0059
2253.00,0.0059
2252.00,0.0060
2251.00,0.0060
2250.00,0.0060
2249.00,0.0061
2248.00,0.0061
2247.00,0.0062
2246.00,0.0062
2245.00,0.0061
2244.00,0.0061
2243.00,0.0061
2242.00,0.0060
2241.00,0.0061
2240.00,0.0061
2239.00,0.0062
2238.00,0.0062
2237.00,0.0062
2236.00,0.0061
2235.00,0.0061
2234.00,0.0060
2233.00,0.0060
2232.00,0.0060
2231.00,0.0060
2230.00,0.0060
2229.00,0.0060
2228.00,0.0060
2227.00,0.0060
2226.00,0.0060
2225.00,0.0060
2224.00,0.0061
2223.00,0.0062
2222.00,0.0061
2221.00,0.0061
2220.00,0.0060
2219.00,0.0060
2218.00,0.0059
2217.00,0.0059
2216.00,0.0058
2215.00,0.0058
2214.00,0.0057
2213.00,0.0058
2212.00,0.0058
2211.00,0.0059
2210.00,0.0059
2209.00,0.0059
2208.00,0.0059
2207.00,0.0060
2206.00,0.0060
2205.00,0.0060
2204.00,0.0059
2203.00,0.0058
2202.00,0.0056
2201.00,0.0055
2200.00,0.0054
2199.00,0.0055
2198.00,0.0056
2197.00,0.0057
2196.00,0.0058
2195.00,0.0058
2194.00,0.0058
2193.00,0.0059
2192.00,0.0059
2191.00,0.0058
2190.00,0.0058
2189.00,0.0058
2188.00,0.0059
2187.00,0.0059
2186.00,0.0058
2185.00,0.0057
2184.00,0.0054
2183.00,0.0052
2182.00,0.0051
2181.00,0.0051
2180.00,0.0053
2179.00,0.0053
2178.00,0.0053
2177.00,0.0052
2176.00,0.0052
2175.00,0.0053
2174.00,0.0053
2173.00,0.0054
2172.00,0.0056
2171.00,0.0058
2170.00,0.0059
2169.00,0.0061
2168.00,0.0061
2167.00,0.0061
2166.00,0.0061
2165.00,0.0061
2164.00,0.0061
2163.00,0.0060
2162.00,0.0055
2161.00,0.0046
2160.00,0.0036
2159.00,0.0029
2158.00,0.0028
2157.00,0.0031
2156.00,0.0034
2155.00,0.0037
2154.00,0.0038
2153.00,0.0039
2152.00,0.0040
2151.00,0.0041
2150.00,0.0042
2149.00,0.0043
2148.00,0.0042
2147.00,0.0042
2146.00,0.0042
2145.00,0.0044
2144.00,0.0045
2143.00,0.0046
2142.00,0.0046
2141.00,0.0046
2140.00,0.0045
2139.00,0.0045
2138.00,0.0043
2137.00,0.0042
2136.00,0.0041
2135.00,0.0040
2134.00,0.0041
2133.00,0.0043
2132.00,0.0044
2131.00,0.0045
2130.00,0.0046
2129.00,0.0047
2128.00,0.0049
2127.00,0.0050
2126.00,0.0051
2125.00,0.0053
2124.00,0.0055
2123.00,0.0056
2122.00,0.0056
2121.00,0.0056
2120.00,0.0056
2119.00,0.0057
2118.00,0.0058
2117.00,0.0059
2116.00,0.0059
2115.00,0.0059
2114.00,0.0059
2113.00,0.0058
2112.00,0.0058
2111.00,0.0058
2110.00,0.0058
2109.00,0.0058
2108.00,0.0058
2107.00,0.0058
2106.00,0.0058
2105.00,0.0058
2104.00,0.0058
2103.00,0.0058
2102.00,0.0059
2101.00,0.0059
2100.00,0.0059
2099.00,0.0058
2098.00,0.0057
2097.00,0.0056
2096.00,0.0055
2095.00,0.0055
2094.00,0.0055
2093.00,0.0056
2092.00,0.0056
2091.00,0.0057
2090.00,0.0057
2089.00,0.0057
2088.00,0.0058
2087.00,0.0058
2086.00,0.0058
2085.00,0.0059
2084.00,0.0058
2083.00,0.0058
2082.00,0.0058
2081.00,0.0058
2080.00,0.0058
2079.00,0.0058
2078.00,0.0057
2077.00,0.0057
2076.00,0.0057
2075.00,0.0057
2074.00,0.0056
2073.00,0.0056
2072.00,0.0057
2071.00,0.0057
2070.00,0.0057
2069.00,0.0056
2068.00,0.0056
2067.00,0.0054
2066.00,0.0053
2065.00,0.0052
2064.00,0.0052
2063.00,0.0052
2062.00,0.0053
2061.00,0.0053
2060.00,0.0052
2059.00,0.0052
2058.00,0.0052
2057.00,0.0052
2056.00,0.0053
2055.00,0.0054
2054.00,0.0056
2053.00,0.0059
2052.00,0.0060
2051.00,0.0059
2050.00,0.0056
2049.00,0.0054
2048.00,0.0053
2047.00,0.0053
2046.00,0.0052
2045.00,0.0051
2044.00,0.0051
2043.00,0.0051
2042.00,0.0051
2041.00,0.0051
2040.00,0.0051
2039.00,0.0050
2038.00,0.0049
2037.00,0.0049
2036.00,0.0050
2035.00,0.0050
2034.00,0.0048
2033.00,0.0046
2032.00,0.0044
2031.00,0.0042
2030.00,0.0041
2029.00,0.0042
2028.00,0.0042
2027.00,0.0043
2026.00,0.0042
2025.00,0.0042
2024.00,0.0043
2023.00,0.0043
2022.00,0.0044
2021.00,0.0044
2020.00,0.0045
2019.00,0.0044
2018.00,0.0043
2017.00,0.0042
2016.00,0.0043
2015.00,0.0043
2014.00,0.0044
2013.00,0.0044
2012.00,0.0045
2011.00,0.0046
2010.00,0.0046
2009.00,0.0044
2008.00,0.0042
2007.00,0.0040
2006.00,0.0040
2005.00,0.0042
2004.00,0.0044
2003.00,0.0045
2002.00,0.0045
2001.00,0.0045
2000.00,0.0045
1999.00,0.0045
1998.00,0.0046
1997.00,0.0048
1996.00,0.0049
1995.00,0.0050
1994.00,0.0051
1993.00,0.0052
1992.00,0.0053
1991.00,0.0054
1990.00,0.0054
1989.00,0.0053
1988.00,0.0052
1987.00,0.0051
1986.00,0.0051
1985.00,0.0053
1984.00,0.0056
1983.00,0.0058
1982.00,0.0059
1981.00,0.0060
1980.00,0.0058
1979.00,0.0054
1978.00,0.0048
1977.00,0.0044
1976.00,0.0042
1975.00,0.0042
1974.00,0.0043
1973.00,0.0043
1972.00,0.0044
1971.00,0.0043
1970.00,0.0042
1969.00,0.0043
1968.00,0.0044
1967.00,0.0045
1966.00,0.0046
1965.00,0.0046
1964.00,0.0046
1963.00,0.0046
1962.00,0.0045
1961.00,0.0045
1960.00,0.0045
1959.00,0.0045
1958.00,0.0045
1957.00,0.0046
1956.00,0.0047
1955.00,0.0048
1954.00,0.0049
1953.00,0.0049
1952.00,0.0049
1951.00,0.0048
1950.00,0.0048
1949.00,0.0049
1948.00,0.0051
1947.00,0.0052
1946.00,0.0054
1945.00,0.0054
1944.00,0.0054
1943.00,0.0053
1942.00,0.0050
1941.00,0.0049
1940.00,0.0049
1939.00,0.0050
1938.00,0.0052
1937.00,0.0053
1936.00,0.0054
1935.00,0.0054
1934.00,0.0054
1933.00,0.0054
1932.00,0.0053
1931.00,0.0053
1930.00,0.0053
1929.00,0.0053
1928.00,0.0053
1927.00,0.0053
1926.00,0.0054
1925.00,0.0055
1924.00,0.0056
1923.00,0.0055
1922.00,0.0055
1921.00,0.0056
1920.00,0.0057
1919.00,0.0056
1918.00,0.0055
1917.00,0.0054
1916.00,0.0054
1915.00,0.0055
1914.00,0.0056
1913.00,0.0057
1912.00,0.0057
1911.00,0.0056
1910.00,0.0055
1909.00,0.0055
1908.00,0.0055
1907.00,0.0055
1906.00,0.0056
1905.00,0.0056
1904.00,0.0057
1903.00,0.0057
1902.00,0.0057
1901.00,0.0057
1900.00,0.0057
1899.00,0.0056
1898.00,0.0057
1897.00,0.0057
1896.00,0.0058
1895.00,0.0058
1894.00,0.0058
1893.00,0.0058
1892.00,0.0059
1891.00,0.0058
1890.00,0.0057
1889.00,0.0057
1888.00,0.0057
1887.00,0.0057
1886.00,0.0058
1885.00,0.0059
1884.00,0.0058
1883.00,0.0058
1882.00,0.0058
1881.00,0.0058
1880.00,0.0058
1879.00,0.0058
1878.00,0.0058
1877.00,0.0058
1876.00,0.0058
1875.00,0.0058
1874.00,0.0059
1873.00,0.0059
1872.00,0.0060
1871.00,0.0060
1870.00,0.0060
1869.00,0.0059
1868.00,0.0057
1867.00,0.0057
1866.00,0.0057
1865.00,0.0058
1864.00,0.0058
1863.00,0.0058
1862.00,0.0058
1861.00,0.0058
1860.00,0.0058
1859.00,0.0058
1858.00,0.0058
1857.00,0.0059
1856.00,0.0059
1855.00,0.0060
1854.00,0.0060
1853.00,0.0060
1852.00,0.0060
1851.00,0.0061
1850.00,0.0060
1849.00,0.0060
1848.00,0.0060
1847.00,0.0060
1846.00,0.0059
1845.00,0.0058
1844.00,0.0057
1843.00,0.0056
1842.00,0.0057
1841.00,0.0058
1840.00,0.0060
1839.00,0.0060
1838.00,0.0060
1837.00,0.0060
1836.00,0.0060
1835.00,0.0061
1834.00,0.0061
1833.00,0.0062
1832.00,0.0064
1831.00,0.0064
1830.00,0.0064
1829.00,0.0063
1828.00,0.0063
1827.00,0.0064
1826.00,0.0063
1825.00,0.0063
1824.00,0.0062
1823.00,0.0062
1822.00,0.0063
1821.00,0.0064
1820.00,0.0064
1819.00,0.0063
1818.00,0.0063
1817.00,0.0064
1816.00,0.0065
1815.00,0.0066
1814.00,0.0067
1813.00,0.0068
1812.00,0.0068
1811.00,0.0068
1810.00,0.0068
1809.00,0.0069
1808.00,0.0069
1807.00,0.0070
1806.00,0.0071
1805.00,0.0072
1804.00,0.0072
1803.00,0.0072
1802.00,0.0072
1801.00,0.0073
1800.00,0.0075
1799.00,0.0077
1798.00,0.0079
1797.00,0.0080
1796.00,0.0081
1795.00,0.0083
1794.00,0.0084
1793.00,0.0085
1792.00,0.0085
1791.00,0.0085
1790.00,0.0086
1789.00,0.0088
1788.00,0.0091
1787.00,0.0093
1786.00,0.0094
1785.00,0.0094
1784.00,0.0096
1783.00,0.0099
1782.00,0.0101
1781.00,0.0103
1780.00,0.0105
1779.00,0.0107
1778.00,0.0110
1777.00,0.0112
1776.00,0.0115
1775.00,0.0117
1774.00,0.0118
1773.00,0.0119
1772.00,0.0120
1771.00,0.0120
1770.00,0.0120
1769.00,0.0120
1768.00,0.0121
1767.00,0.0124
1766.00,0.0128
1765.00,0.0132
1764.00,0.0137
1763.00,0.0141
1762.00,0.0146
1761.00,0.0152
1760.00,0.0160
1759.00,0.0168
1758.00,0.0178
1757.00,0.0189
1756.00,0.0202
1755.00,0.0216
1754.00,0.0230
1753.00,0.0244
1752.00,0.0261
1751.00,0.0279
1750.00,0.0298
1749.00,0.0318
1748.00,0.0336
1747.00,0.0353
1746.00,0.0368
1745.00,0.0383
1744.00,0.0397
1743.00,0.0410
1742.00,0.0421
1741.00,0.0434
1740.00,0.0446
1739.00,0.0456
1738.00,0.0462
1737.00,0.0462
1736.00,0.0460
1735.00,0.0458
1734.00,0.0457
1733.00,0.0456
1732.00,0.0456
1731.00,0.0454
1730.00,0.0450
1729.00,0.0445
1728.00,0.0440
1727.00,0.0434
1726.00,0.0429
1725.00,0.0424
1724.00,0.0420
1723.00,0.0417
1722.00,0.0415
1721.00,0.0413
1720.00,0.0412
1719.00,0.0411
1718.00,0.0411
1717.00,0.0412
1716.00,0.0415
1715.00,0.0417
1714.00,0.0419
1713.00,0.0421
1712.00,0.0422
1711.00,0.0423
1710.00,0.0423
1709.00,0.0423
1708.00,0.0423
1707.00,0.0423
1706.00,0.0423
1705.00,0.0423
1704.00,0.0422
1703.00,0.0420
1702.00,0.0419
1701.00,0.0423
1700.00,0.0431
1699.00,0.0437
1698.00,0.0442
1697.00,0.0447
1696.00,0.0454
1695.00,0.0463
1694.00,0.0473
1693.00,0.0483
1692.00,0.0492
1691.00,0.0500
1690.00,0.0508
1689.00,0.0517
1688.00,0.0525
1687.00,0.0531
1686.00,0.0540
1685.00,0.0554
1684.00,0.0573
1683.00,0.0589
1682.00,0.0603
1681.00,0.0615
1680.00,0.0627
1679.00,0.0640
1678.00,0.0653
1677.00,0.0666
1676.00,0.0684
1675.00,0.0704
1674.00,0.0724
1673.00,0.0740
1672.00,0.0756
1671.00,0.0773
1670.00,0.0792
1669.00,0.0814
1668.00,0.0835
1667.00,0.0854
1666.00,0.0870
1665.00,0.0887
1664.00,0.0909
1663.00,0.0936
1662.00,0.0964
1661.00,0.0989
1660.00,0.1013
1659.00,0.1035
1658.00,0.1055
1657.00,0.1070
1656.00,0.1082
1655.00,0.1094
1654.00,0.1118
1653.00,0.1156
1652.00,0.1189
1651.00,0.1206
1650.00,0.1213
1649.00,0.1217
1648.00,0.1224
1647.00,0.1236
1646.00,0.1248
1645.00,0.1257
1644.00,0.1262
1643.00,0.1266
1642.00,0.1267
1641.00,0.1269
1640.00,0.1271
1639.00,0.1271
1638.00,0.1268
1637.00,0.1267
1636.00,0.1269
1635.00,0.1270
1634.00,0.1266
1633.00,0.1257
1632.00,0.1245
1631.00,0.1231
1630.00,0.1217
1629.00,0.1203
1628.00,0.1188
1627.00,0.1172
1626.00,0.1155
1625.00,0.1136
1624.00,0.1118
1623.00,0.1099
1622.00,0.1079
1621.00,0.1058
1620.00,0.1038
1619.00,0.1017
1618.00,0.0996
1617.00,0.0976
1616.00,0.0957
1615.00,0.0939
1614.00,0.0921
1613.00,0.0903
1612.00,0.0884
1611.00,0.0865
1610.00,0.0848
1609.00,0.0830
1608.00,0.0813
1607.00,0.0797
1606.00,0.0782
1605.00,0.0767
1604.00,0.0753
1603.00,0.0740
1602.00,0.0729
1601.00,0.0718
1600.00,0.0708
1599.00,0.0699
1598.00,0.0692
1597.00,0.0685
1596.00,0.0679
1595.00,0.0673
1594.00,0.0668
1593.00,0.0663
1592.00,0.0659
1591.00,0.0654
1590.00,0.0651
1589.00,0.0648
1588.00,0.0645
1587.00,0.0643
1586.00,0.0643
1585.00,0.0642
1584.00,0.0642
1583.00,0.0642
1582.00,0.0644
1581.00,0.0645
1580.00,0.0646
1579.00,0.0646
1578.00,0.0648
1577.00,0.0651
1576.00,0.0657
1575.00,0.0665
1574.00,0.0671
1573.00,0.0676
1572.00,0.0681
1571.00,0.0687
1570.00,0.0696
1569.00,0.0706
1568.00,0.0714
1567.00,0.0722
1566.00,0.0731
1565.00,0.0740
1564.00,0.0749
1563.00,0.0756
1562.00,0.0759
1561.00,0.0765
1560.00,0.0783
1559.00,0.0812
1558.00,0.0837
1557.00,0.0853
1556.00,0.0864
1555.00,0.0875
1554.00,0.0889
1553.00,0.0904
1552.00,0.0917
1551.00,0.0928
1550.00,0.0938
1549.00,0.0948
1548.00,0.0956
1547.00,0.0962
1546.00,0.0964
1545.00,0.0966
1544.00,0.0967
1543.00,0.0967
1542.00,0.0967
1541.00,0.0967
1540.00,0.0967
1539.00,0.0964
1538.00,0.0960
1537.00,0.0954
1536.00,0.0946
1535.00,0.0937
1534.00,0.0929
1533.00,0.0920
1532.00,0.0912
1531.00,0.0903
1530.00,0.0894
1529.00,0.0885
1528.00,0.0875
1527.00,0.0864
1526.00,0.0855
1525.00,0.0846
1524.00,0.0839
1523.00,0.0831
1522.00,0.0823
1521.00,0.0817
1520.00,0.0813
1519.00,0.0811
1518.00,0.0807
1517.00,0.0801
1516.00,0.0793
1515.00,0.0783
1514.00,0.0772
1513.00,0.0759
1512.00,0.0745
1511.00,0.0730
1510.00,0.0715
1509.00,0.0699
1508.00,0.0685
1507.00,0.0670
1506.00,0.0659
1505.00,0.0653
1504.00,0.0650
1503.00,0.0646
1502.00,0.0642
1501.00,0.0637
1500.00,0.0633
1499.00,0.0630
1498.00,0.0625
1497.00,0.0621
1496.00,0.0617
1495.00,0.0614
1494.00,0.0611
1493.00,0.0607
1492.00,0.0600
1491.00,0.0590
1490.00,0.0578
1489.00,0.0567
1488.00,0.0556
1487.00,0.0547
1486.00,0.0539
1485.00,0.0533
1484.00,0.0528
1483.00,0.0525
1482.00,0.0524
1481.00,0.0525
1480.00,0.0529
1479.00,0.0533
1478.00,0.0541
1477.00,0.0552
1476.00,0.0567
1475.00,0.0585
1474.00,0.0607
1473.00,0.0631
1472.00,0.0653
1471.00,0.0671
1470.00,0.0685
1469.00,0.0697
1468.00,0.0706
1467.00,0.0711
1466.00,0.0714
1465.00,0.0716
1464.00,0.0716
1463.00,0.0715
1462.00,0.0713
1461.00,0.0711
1460.00,0.0709
1459.00,0.0709
1458.00,0.0714
1457.00,0.0724
1456.00,0.0734
1455.00,0.0740
1454.00,0.0740
1453.00,0.0737
1452.00,0.0732
1451.00,0.0726
1450.00,0.0720
1449.00,0.0714
1448.00,0.0709
1447.00,0.0704
1446.00,0.0699
1445.00,0.0694
1444.00,0.0690
1443.00,0.0685
1442.00,0.0681
1441.00,0.0677
1440.00,0.0672
1439.00,0.0667
1438.00,0.0660
1437.00,0.0656
1436.00,0.0654
1435.00,0.0652
1434.00,0.0651
1433.00,0.0648
1432.00,0.0645
1431.00,0.0643
1430.00,0.0641
1429.00,0.0640
1428.00,0.0640
1427.00,0.0640
1426.00,0.0642
1425.00,0.0645
1424.00,0.0650
1423.00,0.0656
1422.00,0.0661
1421.00,0.0667
1420.00,0.0675
1419.00,0.0687
1418.00,0.0699
1417.00,0.0710
1416.00,0.0719
1415.00,0.0724
1414.00,0.0728
1413.00,0.0729
1412.00,0.0731
1411.00,0.0732
1410.00,0.0734
1409.00,0.0737
1408.00,0.0741
1407.00,0.0745
1406.00,0.0750
1405.00,0.0756
1404.00,0.0763
1403.00,0.0768
1402.00,0.0772
1401.00,0.0775
1400.00,0.0778
1399.00,0.0781
1398.00,0.0781
1397.00,0.0781
1396.00,0.0780
1395.00,0.0778
1394.00,0.0777
1393.00,0.0776
1392.00,0.0775
1391.00,0.0773
1390.00,0.0770
1389.00,0.0767
1388.00,0.0765
1387.00,0.0765
1386.00,0.0767
1385.00,0.0769
1384.00,0.0772
1383.00,0.0775
1382.00,0.0778
1381.00,0.0782
1380.00,0.0786
1379.00,0.0789
1378.00,0.0789
1377.00,0.0786
1376.00,0.0781
1375.00,0.0774
1374.00,0.0765
1373.00,0.0757
1372.00,0.0750
1371.00,0.0744
1370.00,0.0739
1369.00,0.0733
1368.00,0.0728
1367.00,0.0723
1366.00,0.0717
1365.00,0.0709
1364.00,0.0701
1363.00,0.0693
1362.00,0.0687
1361.00,0.0683
1360.00,0.0680
1359.00,0.0679
1358.00,0.0677
1357.00,0.0675
1356.00,0.0674
1355.00,0.0673
1354.00,0.0673
1353.00,0.0674
1352.00,0.0676
1351.00,0.0679
1350.00,0.0683
1349.00,0.0686
1348.00,0.0690
1347.00,0.0694
1346.00,0.0698
1345.00,0.0701
1344.00,0.0705
1343.00,0.0707
1342.00,0.0708
1341.00,0.0709
1340.00,0.0709
1339.00,0.0709
1338.00,0.0710
1337.00,0.0711
1336.00,0.0712
1335.00,0.0713
1334.00,0.0713
1333.00,0.0713
1332.00,0.0713
1331.00,0.0712
1330.00,0.0709
1329.00,0.0706
1328.00,0.0702
1327.00,0.0699
1326.00,0.0695
1325.00,0.0693
1324.00,0.0690
1323.00,0.0689
1322.00,0.0687
1321.00,0.0686
1320.00,0.0685
1319.00,0.0685
1318.00,0.0686
1317.00,0.0687
1316.00,0.0690
1315.00,0.0692
1314.00,0.0694
1313.00,0.0695
1312.00,0.0695
1311.00,0.0695
1310.00,0.0694
1309.00,0.0692
1308.00,0.0690
1307.00,0.0687
1306.00,0.0685
1305.00,0.0682
1304.00,0.0680
1303.00,0.0677
1302.00,0.0674
1301.00,0.0671
1300.00,0.0668
1299.00,0.0665
1298.00,0.0662
1297.00,0.0659
1296.00,0.0657
1295.00,0.0655
1294.00,0.0654
1293.00,0.0653
1292.00,0.0652
1291.00,0.0652
1290.00,0.0652
1289.00,0.0654
1288.00,0.0656
1287.00,0.0658
1286.00,0.0660
1285.00,0.0663
1284.00,0.0665
1283.00,0.0668
1282.00,0.0670
1281.00,0.0671
1280.00,0.0673
1279.00,0.0673
1278.00,0.0673
1277.00,0.0674
1276.00,0.0676
1275.00,0.0678
1274.00,0.0681
1273.00,0.0684
1272.00,0.0688
1271.00,0.0693
1270.00,0.0698
1269.00,0.0703
1268.00,0.0709
1267.00,0.0714
1266.00,0.0718
1265.00,0.0720
1264.00,0.0723
1263.00,0.0725
1262.00,0.0728
1261.00,0.0732
1260.00,0.0737
1259.00,0.0743
1258.00,0.0749
1257.00,0.0755
1256.00,0.0763
1255.00,0.0771
1254.00,0.0779
1253.00,0.0788
1252.00,0.0797
1251.00,0.0805
1250.00,0.0814
1249.00,0.0823
1248.00,0.0832
1247.00,0.0840
1246.00,0.0849
1245.00,0.0857
1244.00,0.0864
1243.00,0.0871
1242.00,0.0876
1241.00,0.0880
1240.00,0.0885
1239.00,0.0888
1238.00,0.0892
1237.00,0.0895
1236.00,0.0898
1235.00,0.0901
1234.00,0.0903
1233.00,0.0906
1232.00,0.0908
1231.00,0.0910
1230.00,0.0912
1229.00,0.0913
1228.00,0.0915
1227.00,0.0917
1226.00,0.0918
1225.00,0.0921
1224.00,0.0924
1223.00,0.0927
1222.00,0.0928
1221.00,0.0928
1220.00,0.0926
1219.00,0.0923
1218.00,0.0920
1217.00,0.0917
1216.00,0.0915
1215.00,0.0914
1214.00,0.0913
1213.00,0.0912
1212.00,0.0911
1211.00,0.0911
1210.00,0.0911
1209.00,0.0911
1208.00,0.0912
1207.00,0.0913
1206.00,0.0914
1205.00,0.0917
1204.00,0.0920
1203.00,0.0924
1202.00,0.0927
1201.00,0.0930
1200.00,0.0932
1199.00,0.0932
1198.00,0.0929
1197.00,0.0926
1196.00,0.0922
1195.00,0.0918
1194.00,0.0913
1193.00,0.0910
1192.00,0.0907
1191.00,0.0905
1190.00,0.0904
1189.00,0.0905
1188.00,0.0908
1187.00,0.0912
1186.00,0.0916
1185.00,0.0921
1184.00,0.0924
1183.00,0.0926
1182.00,0.0925
1181.00,0.0925
1180.00,0.0924
1179.00,0.0924
1178.00,0.0923
1177.00,0.0923
1176.00,0.0924
1175.00,0.0926
1174.00,0.0929
1173.00,0.0933
1172.00,0.0938
1171.00,0.0943
1170.00,0.0948
1169.00,0.0953
1168.00,0.0958
1167.00,0.0963
1166.00,0.0967
1165.00,0.0971
1164.00,0.0975
1163.00,0.0978
1162.00,0.0981
1161.00,0.0982
1160.00,0.0983
1159.00,0.0983
1158.00,0.0981
1157.00,0.0978
1156.00,0.0975
1155.00,0.0971
1154.00,0.0965
1153.00,0.0959
1152.00,0.0953
1151.00,0.0947
1150.00,0.0940
1149.00,0.0933
1148.00,0.0926
1147.00,0.0920
1146.00,0.0914
1145.00,0.0908
1144.00,0.0902
1143.00,0.0896
1142.00,0.0891
1141.00,0.0886
1140.00,0.0882
1139.00,0.0879
1138.00,0.0878
1137.00,0.0877
1136.00,0.0878
1135.00,0.0880
1134.00,0.0883
1133.00,0.0887
1132.00,0.0892
1131.00,0.0898
1130.00,0.0904
1129.00,0.0910
1128.00,0.0918
1127.00,0.0926
1126.00,0.0933
1125.00,0.0941
1124.00,0.0949
1123.00,0.0957
1122.00,0.0965
1121.00,0.0974
1120.00,0.0984
1119.00,0.0993
1118.00,0.1001
1117.00,0.1010
1116.00,0.1019
1115.00,0.1028
1114.00,0.1036
1113.00,0.1042
1112.00,0.1048
1111.00,0.1053
1110.00,0.1056
1109.00,0.1058
1108.00,0.1061
1107.00,0.1062
1106.00,0.1063
1105.00,0.1065
1104.00,0.1069
1103.00,0.1073
1102.00,0.1077
1101.00,0.1083
1100.00,0.1089
1099.00,0.1095
1098.00,0.1102
1097.00,0.1110
1096.00,0.1119
1095.00,0.1129
1094.00,0.1140
1093.00,0.1152
1092.00,0.1166
1091.00,0.1180
1090.00,0.1195
1089.00,0.1211
1088.00,0.1227
1087.00,0.1243
1086.00,0.1259
1085.00,0.1275
1084.00,0.1291
1083.00,0.1305
1082.00,0.1318
1081.00,0.1329
1080.00,0.1339
1079.00,0.1347
1078.00,0.1353
1077.00,0.1357
1076.00,0.1360
1075.00,0.1362
1074.00,0.1362
1073.00,0.1362
1072.00,0.1361
1071.00,0.1360
1070.00,0.1359
1069.00,0.1359
1068.00,0.1360
1067.00,0.1361
1066.00,0.1363
1065.00,0.1366
1064.00,0.1370
1063.00,0.1374
1062.00,0.1378
1061.00,0.1383
1060.00,0.1389
1059.00,0.1394
1058.00,0.1399
1057.00,0.1404
1056.00,0.1410
1055.00,0.1416
1054.00,0.1422
1053.00,0.1429
1052.00,0.1437
1051.00,0.1445
1050.00,0.1452
1049.00,0.1460
1048.00,0.1467
1047.00,0.1474
1046.00,0.1480
1045.00,0.1484
1044.00,0.1488
1043.00,0.1490
1042.00,0.1490
1041.00,0.1489
1040.00,0.1488
1039.00,0.1485
1038.00,0.1480
1037.00,0.1475
1036.00,0.1470
1035.00,0.1465
1034.00,0.1459
1033.00,0.1455
1032.00,0.1450
1031.00,0.1446
1030.00,0.1440
1029.00,0.1435
1028.00,0.1429
1027.00,0.1423
1026.00,0.1415
1025.00,0.1408
1024.00,0.1400
1023.00,0.1392
1022.00,0.1382
1021.00,0.1371
1020.00,0.1359
1019.00,0.1345
1018.00,0.1331
1017.00,0.1318
1016.00,0.1304
1015.00,0.1291
1014.00,0.1278
1013.00,0.1265
1012.00,0.1251
1011.00,0.1237
1010.00,0.1223
1009.00,0.1208
1008.00,0.1194
1007.00,0.1179
1006.00,0.1165
1005.00,0.1152
1004.00,0.1140
1003.00,0.1127
1002.00,0.1115
1001.00,0.1103
1000.00,0.1091
999.00,0.1079
998.00,0.1066
997.00,0.1053
996.00,0.1040
995.00,0.1025
994.00,0.1010
993.00,0.0995
992.00,0.0981
991.00,0.0967
990.00,0.0953
989.00,0.0941
988.00,0.0929
987.00,0.0918
986.00,0.0909
985.00,0.0901
984.00,0.0894
983.00,0.0888
982.00,0.0881
981.00,0.0875
980.00,0.0869
979.00,0.0863
978.00,0.0858
977.00,0.0852
976.00,0.0847
975.00,0.0843
974.00,0.0839
973.00,0.0836
972.00,0.0833
971.00,0.0831
970.00,0.0828
969.00,0.0826
968.00,0.0824
967.00,0.0822
966.00,0.0819
965.00,0.0815
964.00,0.0810
963.00,0.0803
962.00,0.0796
961.00,0.0787
960.00,0.0779
959.00,0.0770
958.00,0.0761
957.00,0.0752
956.00,0.0744
955.00,0.0737
954.00,0.0729
953.00,0.0722
952.00,0.0715
951.00,0.0709
950.00,0.0702
949.00,0.0696
948.00,0.0691
947.00,0.0687
946.00,0.0682
945.00,0.0679
944.00,0.0678
943.00,0.0679
942.00,0.0680
941.00,0.0683
940.00,0.0687
939.00,0.0692
938.00,0.0697
937.00,0.0702
936.00,0.0706
935.00,0.0709
934.00,0.0709
933.00,0.0707
932.00,0.0702
931.00,0.0695
930.00,0.0687
929.00,0.0679
928.00,0.0671
927.00,0.0663
926.00,0.0656
925.00,0.0650
924.00,0.0646
923.00,0.0642
922.00,0.0639
921.00,0.0637
920.00,0.0637
919.00,0.0636
918.00,0.0636
917.00,0.0636
916.00,0.0636
915.00,0.0636
914.00,0.0636
913.00,0.0636
912.00,0.0636
911.00,0.0637
910.00,0.0638
909.00,0.0639
908.00,0.0641
907.00,0.0643
906.00,0.0646
905.00,0.0649
904.00,0.0652
903.00,0.0655
902.00,0.0658
901.00,0.0661
900.00,0.0664
899.00,0.0665
898.00,0.0665
897.00,0.0664
896.00,0.0661
895.00,0.0655
894.00,0.0649
893.00,0.0642
892.00,0.0635
891.00,0.0629
890.00,0.0624
889.00,0.0620
888.00,0.0618
887.00,0.0618
886.00,0.0620
885.00,0.0623
884.00,0.0626
883.00,0.0630
882.00,0.0634
881.00,0.0636
880.00,0.0639
879.00,0.0639
878.00,0.0638
877.00,0.0635
876.00,0.0632
875.00,0.0629
874.00,0.0627
873.00,0.0625
872.00,0.0624
871.00,0.0623
870.00,0.0623
869.00,0.0624
868.00,0.0626
867.00,0.0628
866.00,0.0630
865.00,0.0633
864.00,0.0635
863.00,0.0638
862.00,0.0640
861.00,0.0643
860.00,0.0646
859.00,0.0649
858.00,0.0653
857.00,0.0656
856.00,0.0661
855.00,0.0666
854.00,0.0670
853.00,0.0674
852.00,0.0678
851.00,0.0681
850.00,0.0683
849.00,0.0684
848.00,0.0685
847.00,0.0686
846.00,0.0686
845.00,0.0686
844.00,0.0687
843.00,0.0687
842.00,0.0688
841.00,0.0689
840.00,0.0690
839.00,0.0692
838.00,0.0693
837.00,0.0695
836.00,0.0697
835.00,0.0700
834.00,0.0703
833.00,0.0707
832.00,0.0712
831.00,0.0717
830.00,0.0722
829.00,0.0728
828.00,0.0735
827.00,0.0743
826.00,0.0751
825.00,0.0759
824.00,0.0768
823.00,0.0777
822.00,0.0785
821.00,0.0792
820.00,0.0799
819.00,0.0806
818.00,0.0812
817.00,0.0817
816.00,0.0823
815.00,0.0828
814.00,0.0833
813.00,0.0840
812.00,0.0847
811.00,0.0853
810.00,0.0859
809.00,0.0862
808.00,0.0862
807.00,0.0860
806.00,0.0856
805.00,0.0851
804.00,0.0847
803.00,0.0844
802.00,0.0842
801.00,0.0841
800.00,0.0842
799.00,0.0843
798.00,0.0845
797.00,0.0847
796.00,0.0848
795.00,0.0849
794.00,0.0848
793.00,0.0846
792.00,0.0846
791.00,0.0845
790.00,0.0845
789.00,0.0846
788.00,0.0848
787.00,0.0849
786.00,0.0851
785.00,0.0852
784.00,0.0855
783.00,0.0859
782.00,0.0863
781.00,0.0867
780.00,0.0871
779.00,0.0874
778.00,0.0875
777.00,0.0877
776.00,0.0880
775.00,0.0883
774.00,0.0886
773.00,0.0890
772.00,0.0893
771.00,0.0897
770.00,0.0899
769.00,0.0902
768.00,0.0904
767.00,0.0906
766.00,0.0906
765.00,0.0906
764.00,0.0905
763.00,0.0904
762.00,0.0903
761.00,0.0902
760.00,0.0903
759.00,0.0906
758.00,0.0909
757.00,0.0913
756.00,0.0918
755.00,0.0922
754.00,0.0926
753.00,0.0930
752.00,0.0934
751.00,0.0938
750.00,0.0942
749.00,0.0945
748.00,0.0949
747.00,0.0953
746.00,0.0956
745.00,0.0959
744.00,0.0962
743.00,0.0964
742.00,0.0965
741.00,0.0967
740.00,0.0967
739.00,0.0967
738.00,0.0966
737.00,0.0964
736.00,0.0963
735.00,0.0963
734.00,0.0966
733.00,0.0973
732.00,0.0985
731.00,0.1001
730.00,0.1020
729.00,0.1042
728.00,0.1066
727.00,0.1092
726.00,0.1121
725.00,0.1154
724.00,0.1191
723.00,0.1230
722.00,0.1267
721.00,0.1300
720.00,0.1325
719.00,0.1341
718.00,0.1348
717.00,0.1348
716.00,0.1342
715.00,0.1332
714.00,0.1321
713.00,0.1310
712.00,0.1301
711.00,0.1294
710.00,0.1287
709.00,0.1283
708.00,0.1281
707.00,0.1282
706.00,0.1284
705.00,0.1288
704.00,0.1293
703.00,0.1296
702.00,0.1299
701.00,0.1300
700.00,0.1300
699.00,0.1299
698.00,0.1296
697.00,0.1293
696.00,0.1289
695.00,0.1285
694.00,0.1281
693.00,0.1279
692.00,0.1277
691.00,0.1276
690.00,0.1275
689.00,0.1275
688.00,0.1277
687.00,0.1279
686.00,0.1281
685.00,0.1283
684.00,0.1286
683.00,0.1289
682.00,0.1291
681.00,0.1293
680.00,0.1296
679.00,0.1299
678.00,0.1300
677.00,0.1302
676.00,0.1304
675.00,0.1306
674.00,0.1307
673.00,0.1307
672.00,0.1306
671.00,0.1302
670.00,0.1299
669.00,0.1301
668.00,0.1313
667.00,0.1326
666.00,0.1330
665.00,0.1329
664.00,0.1328
663.00,0.1328
662.00,0.1329
661.00,0.1331
660.00,0.1334
659.00,0.1336
658.00,0.1339
657.00,0.1341
656.00,0.1345
655.00,0.1347
654.00,0.1349
653.00,0.1350
652.00,0.1353
651.00,0.1356
650.00,0.1359
649.00,0.1364
648.00,0.1369
647.00,0.1374
646.00,0.1379
645.00,0.1384
644.00,0.1389
643.00,0.1394
642.00,0.1398
641.00,0.1401
640.00,0.1405
639.00,0.1410
638.00,0.1415
637.00,0.1421
636.00,0.1428
635.00,0.1436
634.00,0.1443
633.00,0.1450
632.00,0.1456
631.00,0.1461
630.00,0.1465
629.00,0.1468
628.00,0.1474
627.00,0.1480
626.00,0.1487
625.00,0.1494
624.00,0.1502
623.00,0.1510
622.00,0.1516
621.00,0.1522
620.00,0.1527
619.00,0.1532
618.00,0.1535
617.00,0.1537
616.00,0.1537
615.00,0.1536
614.00,0.1533
613.00,0.1533
612.00,0.1536
611.00,0.1542
610.00,0.1547
609.00,0.1555
608.00,0.1567
607.00,0.1582
606.00,0.1599
605.00,0.1619
604.00,0.1639
603.00,0.1657
602.00,0.1667
601.00,0.1671
600.00,0.1669
599.00,0.1663
598.00,0.1656
597.00,0.1651
596.00,0.1647
595.00,0.1644
594.00,0.1641
593.00,0.1638
592.00,0.1636
591.00,0.1636
590.00,0.1634
589.00,0.1633
588.00,0.1633
587.00,0.1633
586.00,0.1632
585.00,0.1631
584.00,0.1632
583.00,0.1633
582.00,0.1632
581.00,0.1632
580.00,0.1632
579.00,0.1633
578.00,0.1632
577.00,0.1632
576.00,0.1633
575.00,0.1636
574.00,0.1638
573.00,0.1642
572.00,0.1648
571.00,0.1657
570.00,0.1667
569.00,0.1680
568.00,0.1697
567.00,0.1711
566.00,0.1719
565.00,0.1723
564.00,0.1725
563.00,0.1724
562.00,0.1721
561.00,0.1717
560.00,0.1715
559.00,0.1714
558.00,0.1711
557.00,0.1709
556.00,0.1709
555.00,0.1710
554.00,0.1709
553.00,0.1709
552.00,0.1710
551.00,0.1711
550.00,0.1709
549.00,0.1708
548.00,0.1709
547.00,0.1710
546.00,0.1709
545.00,0.1706
544.00,0.1705
543.00,0.1703
542.00,0.1701
541.00,0.1698
540.00,0.1695
539.00,0.1690
538.00,0.1683
537.00,0.1677
536.00,0.1672
535.00,0.1667
534.00,0.1663
533.00,0.1663
532.00,0.1672
531.00,0.1685
530.00,0.1700
529.00,0.1714
528.00,0.1727
527.00,0.1739
526.00,0.1747
525.00,0.1755
524.00,0.1764
523.00,0.1773
522.00,0.1781
521.00,0.1792
520.00,0.1806
519.00,0.1821
518.00,0.1835
517.00,0.1847
516.00,0.1857
515.00,0.1865
514.00,0.1868
513.00,0.1872
512.00,0.1877
511.00,0.1882
510.00,0.1884
509.00,0.1886
508.00,0.1887
507.00,0.1886
506.00,0.1880
505.00,0.1873
504.00,0.1867
503.00,0.1859
502.00,0.1850
501.00,0.1843
500.00,0.1840
499.00,0.1839
498.00,0.1837
497.00,0.1834
496.00,0.1831
495.00,0.1825
494.00,0.1817
493.00,0.1810
492.00,0.1807
491.00,0.1806
490.00,0.1803
489.00,0.1801
488.00,0.1799
487.00,0.1797
486.00,0.1790
485.00,0.1784
484.00,0.1780
483.00,0.1776
482.00,0.1773
481.00,0.1771
480.00,0.1772
479.00,0.1771
478.00,0.1765
477.00,0.1759
476.00,0.1756
475.00,0.1755
474.00,0.1752
473.00,0.1750
472.00,0.1753
471.00,0.1754
470.00,0.1753
469.00,0.1754
468.00,0.1760
467.00,0.1767
466.00,0.1770
465.00,0.1770
464.00,0.1771
463.00,0.1769
462.00,0.1762
461.00,0.1756
460.00,0.1754
459.00,0.1755
458.00,0.1755
457.00,0.1756
456.00,0.1759
455.00,0.1756
454.00,0.1747
453.00,0.1739
452.00,0.1735
451.00,0.1734
450.00,0.1729
449.00,0.1725
448.00,0.1725
447.00,0.1726
446.00,0.1723
445.00,0.1719
444.00,0.1717
443.00,0.1715
442.00,0.1713
441.00,0.1715
440.00,0.1722
439.00,0.1725
438.00,0.1720
437.00,0.1713
436.00,0.1712
435.00,0.1715
434.00,0.1720
433.00,0.1728
432.00,0.1742
431.00,0.1755
430.00,0.1762
429.00,0.1767
428.00,0.1777
427.00,0.1788
426.00,0.1792
425.00,0.1791
424.00,0.1793
423.00,0.1796
422.00,0.1795
421.00,0.1793
420.00,0.1793
419.00,0.1790
418.00,0.1781
417.00,0.1774
416.00,0.1772
415.00,0.1764
414.00,0.1750
413.00,0.1741
412.00,0.1740
411.00,0.1738
410.00,0.1728
409.00,0.1721
408.00,0.1726
407.00,0.1729
406.00,0.1719
405.00,0.1705
404.00,0.1700
403.00,0.1695
402.00,0.1677
401.00,0.1654
400.00,0.1641
