Created as New Dataset,Sample 367 By YargerLab Date Friday, November 14 2025
cm-1,A
4000.00,0.0012
3999.00,0.0011
3998.00,0.0011
3997.00,0.0011
3996.00,0.0011
3995.00,0.0011
3994.00,0.0011
3993.00,0.0011
3992.00,0.0010
3991.00,0.0010
3990.00,0.0010
3989.00,0.0010
3988.00,0.0011
3987.00,0.0011
3986.00,0.0011
3985.00,0.0011
3984.00,0.0011
3983.00,0.0011
3982.00,0.0010
3981.00,0.0010
3980.00,0.0011
3979.00,0.0011
3978.00,0.0011
3977.00,0.0011
3976.00,0.0011
3975.00,0.0010
3974.00,0.0010
3973.00,0.0010
3972.00,0.0010
3971.00,0.0010
3970.00,0.0010
3969.00,0.0010
3968.00,0.0010
3967.00,0.0010
3966.00,0.0010
3965.00,0.0010
3964.00,0.0010
3963.00,0.0010
3962.00,0.0010
3961.00,0.0010
3960.00,0.0009
3959.00,0.0009
3958.00,0.0009
3957.00,0.0009
3956.00,0.0009
3955.00,0.0010
3954.00,0.0010
3953.00,0.0010
3952.00,0.0010
3951.00,0.0010
3950.00,0.0010
3949.00,0.0010
3948.00,0.0010
3947.00,0.0010
3946.00,0.0010
3945.00,0.0010
3944.00,0.0009
3943.00,0.0009
3942.00,0.0009
3941.00,0.0009
3940.00,0.0009
3939.00,0.0009
3938.00,0.0009
3937.00,0.0009
3936.00,0.0009
3935.00,0.0009
3934.00,0.0009
3933.00,0.0009
3932.00,0.0009
3931.00,0.0009
3930.00,0.0009
3929.00,0.0009
3928.00,0.0009
3927.00,0.0010
3926.00,0.0010
3925.00,0.0010
3924.00,0.0010
3923.00,0.0009
3922.00,0.0009
3921.00,0.0009
3920.00,0.0009
3919.00,0.0009
3918.00,0.0009
3917.00,0.0009
3916.00,0.0009
3915.00,0.0009
3914.00,0.0010
3913.00,0.0010
3912.00,0.0010
3911.00,0.0010
3910.00,0.0010
3909.00,0.0010
3908.00,0.0010
3907.00,0.0010
3906.00,0.0009
3905.00,0.0009
3904.00,0.0009
3903.00,0.0009
3902.00,0.0009
3901.00,0.0009
3900.00,0.0009
3899.00,0.0009
3898.00,0.0009
3897.00,0.0009
3896.00,0.0008
3895.00,0.0008
3894.00,0.0008
3893.00,0.0008
3892.00,0.0008
3891.00,0.0009
3890.00,0.0009
3889.00,0.0009
3888.00,0.0009
3887.00,0.0009
3886.00,0.0009
3885.00,0.0009
3884.00,0.0009
3883.00,0.0009
3882.00,0.0009
3881.00,0.0009
3880.00,0.0009
3879.00,0.0009
3878.00,0.0009
3877.00,0.0009
3876.00,0.0009
3875.00,0.0009
3874.00,0.0009
3873.00,0.0009
3872.00,0.0009
3871.00,0.0009
3870.00,0.0009
3869.00,0.0009
3868.00,0.0009
3867.00,0.0009
3866.00,0.0009
3865.00,0.0009
3864.00,0.0009
3863.00,0.0009
3862.00,0.0009
3861.00,0.0009
3860.00,0.0009
3859.00,0.0009
3858.00,0.0009
3857.00,0.0009
3856.00,0.0009
3855.00,0.0008
3854.00,0.0008
3853.00,0.0008
3852.00,0.0008
3851.00,0.0008
3850.00,0.0008
3849.00,0.0008
3848.00,0.0008
3847.00,0.0008
3846.00,0.0008
3845.00,0.0008
3844.00,0.0008
3843.00,0.0009
3842.00,0.0009
3841.00,0.0009
3840.00,0.0008
3839.00,0.0008
3838.00,0.0008
3837.00,0.0009
3836.00,0.0009
3835.00,0.0009
3834.00,0.0009
3833.00,0.0009
3832.00,0.0009
3831.00,0.0009
3830.00,0.0009
3829.00,0.0009
3828.00,0.0009
3827.00,0.0009
3826.00,0.0009
3825.00,0.0009
3824.00,0.0009
3823.00,0.0009
3822.00,0.0009
3821.00,0.0009
3820.00,0.0009
3819.00,0.0009
3818.00,0.0009
3817.00,0.0008
3816.00,0.0008
3815.00,0.0008
3814.00,0.0008
3813.00,0.0008
3812.00,0.0008
3811.00,0.0008
3810.00,0.0008
3809.00,0.0008
3808.00,0.0008
3807.00,0.0008
3806.00,0.0008
3805.00,0.0008
3804.00,0.0008
3803.00,0.0008
3802.00,0.0008
3801.00,0.0008
3800.00,0.0008
3799.00,0.0008
3798.00,0.0008
3797.00,0.0008
3796.00,0.0008
3795.00,0.0008
3794.00,0.0008
3793.00,0.0008
3792.00,0.0008
3791.00,0.0008
3790.00,0.0008
3789.00,0.0008
3788.00,0.0008
3787.00,0.0008
3786.00,0.0008
3785.00,0.0007
3784.00,0.0007
3783.00,0.0008
3782.00,0.0008
3781.00,0.0008
3780.00,0.0008
3779.00,0.0008
3778.00,0.0008
3777.00,0.0007
3776.00,0.0007
3775.00,0.0007
3774.00,0.0007
3773.00,0.0008
3772.00,0.0008
3771.00,0.0008
3770.00,0.0008
3769.00,0.0008
3768.00,0.0007
3767.00,0.0007
3766.00,0.0007
3765.00,0.0008
3764.00,0.0008
3763.00,0.0008
3762.00,0.0008
3761.00,0.0008
3760.00,0.0008
3759.00,0.0008
3758.00,0.0008
3757.00,0.0008
3756.00,0.0008
3755.00,0.0008
3754.00,0.0008
3753.00,0.0009
3752.00,0.0009
3751.00,0.0009
3750.00,0.0009
3749.00,0.0008
3748.00,0.0008
3747.00,0.0008
3746.00,0.0007
3745.00,0.0007
3744.00,0.0007
3743.00,0.0007
3742.00,0.0007
3741.00,0.0007
3740.00,0.0007
3739.00,0.0007
3738.00,0.0007
3737.00,0.0007
3736.00,0.0007
3735.00,0.0007
3734.00,0.0007
3733.00,0.0007
3732.00,0.0007
3731.00,0.0006
3730.00,0.0006
3729.00,0.0006
3728.00,0.0006
3727.00,0.0006
3726.00,0.0006
3725.00,0.0006
3724.00,0.0006
3723.00,0.0006
3722.00,0.0007
3721.00,0.0007
3720.00,0.0007
3719.00,0.0007
3718.00,0.0007
3717.00,0.0007
3716.00,0.0007
3715.00,0.0006
3714.00,0.0006
3713.00,0.0007
3712.00,0.0007
3711.00,0.0007
3710.00,0.0007
3709.00,0.0007
3708.00,0.0007
3707.00,0.0007
3706.00,0.0007
3705.00,0.0007
3704.00,0.0007
3703.00,0.0007
3702.00,0.0007
3701.00,0.0007
3700.00,0.0007
3699.00,0.0007
3698.00,0.0006
3697.00,0.0006
3696.00,0.0006
3695.00,0.0006
3694.00,0.0007
3693.00,0.0007
3692.00,0.0007
3691.00,0.0007
3690.00,0.0006
3689.00,0.0006
3688.00,0.0006
3687.00,0.0005
3686.00,0.0005
3685.00,0.0006
3684.00,0.0006
3683.00,0.0007
3682.00,0.0007
3681.00,0.0008
3680.00,0.0008
3679.00,0.0009
3678.00,0.0009
3677.00,0.0009
3676.00,0.0009
3675.00,0.0009
3674.00,0.0008
3673.00,0.0008
3672.00,0.0008
3671.00,0.0008
3670.00,0.0008
3669.00,0.0008
3668.00,0.0007
3667.00,0.0007
3666.00,0.0007
3665.00,0.0008
3664.00,0.0008
3663.00,0.0008
3662.00,0.0009
3661.00,0.0009
3660.00,0.0009
3659.00,0.0009
3658.00,0.0009
3657.00,0.0009
3656.00,0.0009
3655.00,0.0009
3654.00,0.0010
3653.00,0.0010
3652.00,0.0010
3651.00,0.0010
3650.00,0.0011
3649.00,0.0011
3648.00,0.0011
3647.00,0.0011
3646.00,0.0011
3645.00,0.0011
3644.00,0.0011
3643.00,0.0011
3642.00,0.0011
3641.00,0.0011
3640.00,0.0011
3639.00,0.0011
3638.00,0.0011
3637.00,0.0012
3636.00,0.0012
3635.00,0.0012
3634.00,0.0012
3633.00,0.0011
3632.00,0.0011
3631.00,0.0011
3630.00,0.0011
3629.00,0.0011
3628.00,0.0012
3627.00,0.0012
3626.00,0.0012
3625.00,0.0012
3624.00,0.0012
3623.00,0.0012
3622.00,0.0012
3621.00,0.0012
3620.00,0.0012
3619.00,0.0013
3618.00,0.0013
3617.00,0.0013
3616.00,0.0013
3615.00,0.0013
3614.00,0.0013
3613.00,0.0013
3612.00,0.0013
3611.00,0.0013
3610.00,0.0013
3609.00,0.0014
3608.00,0.0014
3607.00,0.0015
3606.00,0.0015
3605.00,0.0015
3604.00,0.0015
3603.00,0.0015
3602.00,0.0015
3601.00,0.0016
3600.00,0.0016
3599.00,0.0016
3598.00,0.0016
3597.00,0.0016
3596.00,0.0016
3595.00,0.0016
3594.00,0.0016
3593.00,0.0017
3592.00,0.0017
3591.00,0.0017
3590.00,0.0017
3589.00,0.0017
3588.00,0.0017
3587.00,0.0017
3586.00,0.0017
3585.00,0.0018
3584.00,0.0018
3583.00,0.0018
3582.00,0.0018
3581.00,0.0019
3580.00,0.0019
3579.00,0.0020
3578.00,0.0020
3577.00,0.0020
3576.00,0.0020
3575.00,0.0020
3574.00,0.0020
3573.00,0.0020
3572.00,0.0021
3571.00,0.0021
3570.00,0.0021
3569.00,0.0022
3568.00,0.0022
3567.00,0.0022
3566.00,0.0022
3565.00,0.0023
3564.00,0.0023
3563.00,0.0024
3562.00,0.0024
3561.00,0.0024
3560.00,0.0024
3559.00,0.0024
3558.00,0.0025
3557.00,0.0025
3556.00,0.0025
3555.00,0.0026
3554.00,0.0026
3553.00,0.0026
3552.00,0.0027
3551.00,0.0027
3550.00,0.0027
3549.00,0.0027
3548.00,0.0027
3547.00,0.0028
3546.00,0.0028
3545.00,0.0028
3544.00,0.0029
3543.00,0.0029
3542.00,0.0029
3541.00,0.0029
3540.00,0.0030
3539.00,0.0030
3538.00,0.0030
3537.00,0.0030
3536.00,0.0030
3535.00,0.0031
3534.00,0.0031
3533.00,0.0032
3532.00,0.0032
3531.00,0.0032
3530.00,0.0033
3529.00,0.0033
3528.00,0.0033
3527.00,0.0033
3526.00,0.0033
3525.00,0.0033
3524.00,0.0033
3523.00,0.0034
3522.00,0.0035
3521.00,0.0035
3520.00,0.0036
3519.00,0.0036
3518.00,0.0036
3517.00,0.0036
3516.00,0.0036
3515.00,0.0036
3514.00,0.0036
3513.00,0.0036
3512.00,0.0036
3511.00,0.0036
3510.00,0.0037
3509.00,0.0038
3508.00,0.0038
3507.00,0.0038
3506.00,0.0038
3505.00,0.0038
3504.00,0.0038
3503.00,0.0039
3502.00,0.0039
3501.00,0.0040
3500.00,0.0040
3499.00,0.0040
3498.00,0.0041
3497.00,0.0041
3496.00,0.0041
3495.00,0.0041
3494.00,0.0042
3493.00,0.0042
3492.00,0.0042
3491.00,0.0043
3490.00,0.0043
3489.00,0.0043
3488.00,0.0043
3487.00,0.0043
3486.00,0.0043
3485.00,0.0043
3484.00,0.0044
3483.00,0.0044
3482.00,0.0045
3481.00,0.0045
3480.00,0.0046
3479.00,0.0046
3478.00,0.0046
3477.00,0.0047
3476.00,0.0047
3475.00,0.0048
3474.00,0.0048
3473.00,0.0048
3472.00,0.0048
3471.00,0.0048
3470.00,0.0047
3469.00,0.0048
3468.00,0.0048
3467.00,0.0048
3466.00,0.0048
3465.00,0.0049
3464.00,0.0049
3463.00,0.0049
3462.00,0.0049
3461.00,0.0049
3460.00,0.0049
3459.00,0.0050
3458.00,0.0050
3457.00,0.0050
3456.00,0.0051
3455.00,0.0051
3454.00,0.0052
3453.00,0.0052
3452.00,0.0052
3451.00,0.0052
3450.00,0.0052
3449.00,0.0052
3448.00,0.0052
3447.00,0.0052
3446.00,0.0052
3445.00,0.0052
3444.00,0.0052
3443.00,0.0052
3442.00,0.0052
3441.00,0.0053
3440.00,0.0053
3439.00,0.0053
3438.00,0.0053
3437.00,0.0053
3436.00,0.0054
3435.00,0.0054
3434.00,0.0054
3433.00,0.0054
3432.00,0.0055
3431.00,0.0055
3430.00,0.0055
3429.00,0.0056
3428.00,0.0056
3427.00,0.0056
3426.00,0.0056
3425.00,0.0056
3424.00,0.0056
3423.00,0.0056
3422.00,0.0056
3421.00,0.0057
3420.00,0.0057
3419.00,0.0057
3418.00,0.0058
3417.00,0.0058
3416.00,0.0058
3415.00,0.0058
3414.00,0.0058
3413.00,0.0058
3412.00,0.0058
3411.00,0.0058
3410.00,0.0058
3409.00,0.0059
3408.00,0.0059
3407.00,0.0059
3406.00,0.0059
3405.00,0.0060
3404.00,0.0060
3403.00,0.0060
3402.00,0.0060
3401.00,0.0060
3400.00,0.0060
3399.00,0.0060
3398.00,0.0060
3397.00,0.0060
3396.00,0.0061
3395.00,0.0061
3394.00,0.0061
3393.00,0.0061
3392.00,0.0062
3391.00,0.0062
3390.00,0.0062
3389.00,0.0062
3388.00,0.0062
3387.00,0.0063
3386.00,0.0063
3385.00,0.0064
3384.00,0.0064
3383.00,0.0064
3382.00,0.0064
3381.00,0.0064
3380.00,0.0064
3379.00,0.0064
3378.00,0.0064
3377.00,0.0064
3376.00,0.0065
3375.00,0.0065
3374.00,0.0065
3373.00,0.0065
3372.00,0.0065
3371.00,0.0065
3370.00,0.0065
3369.00,0.0066
3368.00,0.0066
3367.00,0.0066
3366.00,0.0066
3365.00,0.0067
3364.00,0.0067
3363.00,0.0067
3362.00,0.0067
3361.00,0.0068
3360.00,0.0068
3359.00,0.0068
3358.00,0.0069
3357.00,0.0069
3356.00,0.0069
3355.00,0.0069
3354.00,0.0069
3353.00,0.0069
3352.00,0.0069
3351.00,0.0069
3350.00,0.0069
3349.00,0.0069
3348.00,0.0070
3347.00,0.0070
3346.00,0.0070
3345.00,0.0070
3344.00,0.0070
3343.00,0.0071
3342.00,0.0071
3341.00,0.0071
3340.00,0.0071
3339.00,0.0071
3338.00,0.0071
3337.00,0.0072
3336.00,0.0072
3335.00,0.0073
3334.00,0.0073
3333.00,0.0073
3332.00,0.0074
3331.00,0.0074
3330.00,0.0074
3329.00,0.0074
3328.00,0.0074
3327.00,0.0074
3326.00,0.0074
3325.00,0.0074
3324.00,0.0074
3323.00,0.0075
3322.00,0.0075
3321.00,0.0076
3320.00,0.0076
3319.00,0.0076
3318.00,0.0076
3317.00,0.0076
3316.00,0.0076
3315.00,0.0077
3314.00,0.0077
3313.00,0.0077
3312.00,0.0077
3311.00,0.0076
3310.00,0.0076
3309.00,0.0076
3308.00,0.0076
3307.00,0.0076
3306.00,0.0077
3305.00,0.0077
3304.00,0.0077
3303.00,0.0078
3302.00,0.0078
3301.00,0.0078
3300.00,0.0078
3299.00,0.0078
3298.00,0.0078
3297.00,0.0078
3296.00,0.0079
3295.00,0.0079
3294.00,0.0078
3293.00,0.0078
3292.00,0.0078
3291.00,0.0078
3290.00,0.0078
3289.00,0.0079
3288.00,0.0079
3287.00,0.0079
3286.00,0.0078
3285.00,0.0078
3284.00,0.0078
3283.00,0.0078
3282.00,0.0078
3281.00,0.0078
3280.00,0.0078
3279.00,0.0078
3278.00,0.0078
3277.00,0.0077
3276.00,0.0077
3275.00,0.0076
3274.00,0.0076
3273.00,0.0075
3272.00,0.0075
3271.00,0.0075
3270.00,0.0074
3269.00,0.0075
3268.00,0.0075
3267.00,0.0075
3266.00,0.0074
3265.00,0.0074
3264.00,0.0074
3263.00,0.0074
3262.00,0.0073
3261.00,0.0073
3260.00,0.0072
3259.00,0.0072
3258.00,0.0072
3257.00,0.0071
3256.00,0.0071
3255.00,0.0071
3254.00,0.0070
3253.00,0.0070
3252.00,0.0070
3251.00,0.0069
3250.00,0.0068
3249.00,0.0068
3248.00,0.0068
3247.00,0.0068
3246.00,0.0068
3245.00,0.0067
3244.00,0.0067
3243.00,0.0067
3242.00,0.0066
3241.00,0.0066
3240.00,0.0066
3239.00,0.0066
3238.00,0.0065
3237.00,0.0065
3236.00,0.0065
3235.00,0.0064
3234.00,0.0064
3233.00,0.0064
3232.00,0.0064
3231.00,0.0064
3230.00,0.0063
3229.00,0.0063
3228.00,0.0063
3227.00,0.0063
3226.00,0.0063
3225.00,0.0062
3224.00,0.0062
3223.00,0.0062
3222.00,0.0062
3221.00,0.0061
3220.00,0.0061
3219.00,0.0061
3218.00,0.0061
3217.00,0.0061
3216.00,0.0061
3215.00,0.0061
3214.00,0.0061
3213.00,0.0061
3212.00,0.0061
3211.00,0.0061
3210.00,0.0061
3209.00,0.0061
3208.00,0.0061
3207.00,0.0061
3206.00,0.0061
3205.00,0.0061
3204.00,0.0060
3203.00,0.0060
3202.00,0.0060
3201.00,0.0060
3200.00,0.0060
3199.00,0.0060
3198.00,0.0059
3197.00,0.0059
3196.00,0.0059
3195.00,0.0058
3194.00,0.0058
3193.00,0.0057
3192.00,0.0057
3191.00,0.0056
3190.00,0.0056
3189.00,0.0055
3188.00,0.0055
3187.00,0.0055
3186.00,0.0055
3185.00,0.0055
3184.00,0.0055
3183.00,0.0055
3182.00,0.0055
3181.00,0.0054
3180.00,0.0054
3179.00,0.0054
3178.00,0.0054
3177.00,0.0053
3176.00,0.0053
3175.00,0.0052
3174.00,0.0052
3173.00,0.0052
3172.00,0.0052
3171.00,0.0052
3170.00,0.0052
3169.00,0.0052
3168.00,0.0053
3167.00,0.0053
3166.00,0.0053
3165.00,0.0053
3164.00,0.0053
3163.00,0.0053
3162.00,0.0052
3161.00,0.0052
3160.00,0.0052
3159.00,0.0051
3158.00,0.0051
3157.00,0.0050
3156.00,0.0049
3155.00,0.0049
3154.00,0.0048
3153.00,0.0048
3152.00,0.0048
3151.00,0.0048
3150.00,0.0048
3149.00,0.0048
3148.00,0.0047
3147.00,0.0047
3146.00,0.0047
3145.00,0.0046
3144.00,0.0045
3143.00,0.0045
3142.00,0.0045
3141.00,0.0045
3140.00,0.0045
3139.00,0.0045
3138.00,0.0045
3137.00,0.0046
3136.00,0.0046
3135.00,0.0046
3134.00,0.0046
3133.00,0.0046
3132.00,0.0046
3131.00,0.0045
3130.00,0.0045
3129.00,0.0045
3128.00,0.0045
3127.00,0.0045
3126.00,0.0045
3125.00,0.0045
3124.00,0.0045
3123.00,0.0045
3122.00,0.0045
3121.00,0.0045
3120.00,0.0045
3119.00,0.0046
3118.00,0.0046
3117.00,0.0047
3116.00,0.0048
3115.00,0.0049
3114.00,0.0051
3113.00,0.0052
3112.00,0.0054
3111.00,0.0056
3110.00,0.0058
3109.00,0.0061
3108.00,0.0063
3107.00,0.0066
3106.00,0.0069
3105.00,0.0071
3104.00,0.0072
3103.00,0.0072
3102.00,0.0072
3101.00,0.0072
3100.00,0.0071
3099.00,0.0070
3098.00,0.0070
3097.00,0.0069
3096.00,0.0069
3095.00,0.0070
3094.00,0.0071
3093.00,0.0074
3092.00,0.0077
3091.00,0.0082
3090.00,0.0088
3089.00,0.0095
3088.00,0.0103
3087.00,0.0112
3086.00,0.0121
3085.00,0.0130
3084.00,0.0137
3083.00,0.0141
3082.00,0.0142
3081.00,0.0140
3080.00,0.0136
3079.00,0.0130
3078.00,0.0124
3077.00,0.0119
3076.00,0.0115
3075.00,0.0111
3074.00,0.0109
3073.00,0.0109
3072.00,0.0110
3071.00,0.0112
3070.00,0.0116
3069.00,0.0121
3068.00,0.0127
3067.00,0.0134
3066.00,0.0143
3065.00,0.0153
3064.00,0.0163
3063.00,0.0173
3062.00,0.0181
3061.00,0.0187
3060.00,0.0190
3059.00,0.0189
3058.00,0.0185
3057.00,0.0178
3056.00,0.0169
3055.00,0.0159
3054.00,0.0149
3053.00,0.0140
3052.00,0.0132
3051.00,0.0125
3050.00,0.0119
3049.00,0.0114
3048.00,0.0110
3047.00,0.0107
3046.00,0.0105
3045.00,0.0104
3044.00,0.0104
3043.00,0.0106
3042.00,0.0108
3041.00,0.0112
3040.00,0.0117
3039.00,0.0123
3038.00,0.0131
3037.00,0.0140
3036.00,0.0151
3035.00,0.0164
3034.00,0.0180
3033.00,0.0198
3032.00,0.0219
3031.00,0.0242
3030.00,0.0266
3029.00,0.0289
3028.00,0.0310
3027.00,0.0327
3026.00,0.0337
3025.00,0.0339
3024.00,0.0332
3023.00,0.0317
3022.00,0.0294
3021.00,0.0268
3020.00,0.0240
3019.00,0.0213
3018.00,0.0189
3017.00,0.0168
3016.00,0.0150
3015.00,0.0135
3014.00,0.0123
3013.00,0.0114
3012.00,0.0107
3011.00,0.0102
3010.00,0.0098
3009.00,0.0097
3008.00,0.0096
3007.00,0.0097
3006.00,0.0099
3005.00,0.0102
3004.00,0.0105
3003.00,0.0108
3002.00,0.0110
3001.00,0.0110
3000.00,0.0109
2999.00,0.0106
2998.00,0.0101
2997.00,0.0096
2996.00,0.0090
2995.00,0.0085
2994.00,0.0081
2993.00,0.0078
2992.00,0.0076
2991.00,0.0075
2990.00,0.0074
2989.00,0.0074
2988.00,0.0074
2987.00,0.0075
2986.00,0.0075
2985.00,0.0076
2984.00,0.0076
2983.00,0.0077
2982.00,0.0077
2981.00,0.0079
2980.00,0.0080
2979.00,0.0082
2978.00,0.0084
2977.00,0.0086
2976.00,0.0088
2975.00,0.0090
2974.00,0.0092
2973.00,0.0095
2972.00,0.0097
2971.00,0.0100
2970.00,0.0103
2969.00,0.0106
2968.00,0.0110
2967.00,0.0113
2966.00,0.0117
2965.00,0.0121
2964.00,0.0125
2963.00,0.0130
2962.00,0.0134
2961.00,0.0138
2960.00,0.0143
2959.00,0.0147
2958.00,0.0151
2957.00,0.0155
2956.00,0.0159
2955.00,0.0162
2954.00,0.0166
2953.00,0.0170
2952.00,0.0175
2951.00,0.0180
2950.00,0.0185
2949.00,0.0191
2948.00,0.0198
2947.00,0.0206
2946.00,0.0214
2945.00,0.0224
2944.00,0.0234
2943.00,0.0245
2942.00,0.0257
2941.00,0.0271
2940.00,0.0285
2939.00,0.0300
2938.00,0.0317
2937.00,0.0334
2936.00,0.0351
2935.00,0.0370
2934.00,0.0389
2933.00,0.0408
2932.00,0.0427
2931.00,0.0446
2930.00,0.0464
2929.00,0.0482
2928.00,0.0498
2927.00,0.0513
2926.00,0.0526
2925.00,0.0538
2924.00,0.0547
2923.00,0.0554
2922.00,0.0559
2921.00,0.0561
2920.00,0.0561
2919.00,0.0557
2918.00,0.0550
2917.00,0.0539
2916.00,0.0523
2915.00,0.0506
2914.00,0.0486
2913.00,0.0467
2912.00,0.0449
2911.00,0.0432
2910.00,0.0416
2909.00,0.0400
2908.00,0.0386
2907.00,0.0372
2906.00,0.0358
2905.00,0.0345
2904.00,0.0332
2903.00,0.0320
2902.00,0.0307
2901.00,0.0295
2900.00,0.0283
2899.00,0.0272
2898.00,0.0261
2897.00,0.0251
2896.00,0.0241
2895.00,0.0233
2894.00,0.0225
2893.00,0.0218
2892.00,0.0212
2891.00,0.0206
2890.00,0.0200
2889.00,0.0195
2888.00,0.0190
2887.00,0.0185
2886.00,0.0181
2885.00,0.0176
2884.00,0.0172
2883.00,0.0168
2882.00,0.0165
2881.00,0.0162
2880.00,0.0160
2879.00,0.0158
2878.00,0.0156
2877.00,0.0154
2876.00,0.0153
2875.00,0.0151
2874.00,0.0150
2873.00,0.0149
2872.00,0.0148
2871.00,0.0148
2870.00,0.0148
2869.00,0.0148
2868.00,0.0149
2867.00,0.0151
2866.00,0.0153
2865.00,0.0157
2864.00,0.0162
2863.00,0.0168
2862.00,0.0176
2861.00,0.0184
2860.00,0.0193
2859.00,0.0204
2858.00,0.0214
2857.00,0.0225
2856.00,0.0236
2855.00,0.0247
2854.00,0.0257
2853.00,0.0264
2852.00,0.0269
2851.00,0.0270
2850.00,0.0266
2849.00,0.0259
2848.00,0.0248
2847.00,0.0235
2846.00,0.0221
2845.00,0.0207
2844.00,0.0192
2843.00,0.0177
2842.00,0.0162
2841.00,0.0148
2840.00,0.0134
2839.00,0.0122
2838.00,0.0110
2837.00,0.0100
2836.00,0.0091
2835.00,0.0084
2834.00,0.0078
2833.00,0.0072
2832.00,0.0068
2831.00,0.0065
2830.00,0.0062
2829.00,0.0059
2828.00,0.0057
2827.00,0.0055
2826.00,0.0053
2825.00,0.0052
2824.00,0.0051
2823.00,0.0050
2822.00,0.0049
2821.00,0.0048
2820.00,0.0047
2819.00,0.0047
2818.00,0.0046
2817.00,0.0046
2816.00,0.0045
2815.00,0.0045
2814.00,0.0044
2813.00,0.0043
2812.00,0.0043
2811.00,0.0042
2810.00,0.0042
2809.00,0.0041
2808.00,0.0041
2807.00,0.0040
2806.00,0.0040
2805.00,0.0039
2804.00,0.0039
2803.00,0.0038
2802.00,0.0038
2801.00,0.0037
2800.00,0.0037
2799.00,0.0036
2798.00,0.0036
2797.00,0.0035
2796.00,0.0035
2795.00,0.0035
2794.00,0.0034
2793.00,0.0034
2792.00,0.0033
2791.00,0.0033
2790.00,0.0033
2789.00,0.0032
2788.00,0.0032
2787.00,0.0032
2786.00,0.0032
2785.00,0.0032
2784.00,0.0032
2783.00,0.0032
2782.00,0.0032
2781.00,0.0031
2780.00,0.0031
2779.00,0.0031
2778.00,0.0031
2777.00,0.0030
2776.00,0.0030
2775.00,0.0030
2774.00,0.0029
2773.00,0.0029
2772.00,0.0029
2771.00,0.0029
2770.00,0.0028
2769.00,0.0028
2768.00,0.0028
2767.00,0.0028
2766.00,0.0027
2765.00,0.0027
2764.00,0.0027
2763.00,0.0027
2762.00,0.0027
2761.00,0.0027
2760.00,0.0027
2759.00,0.0027
2758.00,0.0026
2757.00,0.0026
2756.00,0.0026
2755.00,0.0026
2754.00,0.0025
2753.00,0.0025
2752.00,0.0025
2751.00,0.0025
2750.00,0.0025
2749.00,0.0025
2748.00,0.0025
2747.00,0.0025
2746.00,0.0025
2745.00,0.0025
2744.00,0.0025
2743.00,0.0024
2742.00,0.0024
2741.00,0.0024
2740.00,0.0024
2739.00,0.0024
2738.00,0.0024
2737.00,0.0025
2736.00,0.0025
2735.00,0.0025
2734.00,0.0025
2733.00,0.0025
2732.00,0.0025
2731.00,0.0025
2730.00,0.0025
2729.00,0.0025
2728.00,0.0025
2727.00,0.0024
2726.00,0.0024
2725.00,0.0024
2724.00,0.0024
2723.00,0.0024
2722.00,0.0024
2721.00,0.0024
2720.00,0.0024
2719.00,0.0024
2718.00,0.0024
2717.00,0.0024
2716.00,0.0023
2715.00,0.0023
2714.00,0.0023
2713.00,0.0023
2712.00,0.0023
2711.00,0.0023
2710.00,0.0023
2709.00,0.0023
2708.00,0.0023
2707.00,0.0023
2706.00,0.0023
2705.00,0.0023
2704.00,0.0022
2703.00,0.0022
2702.00,0.0022
2701.00,0.0022
2700.00,0.0022
2699.00,0.0022
2698.00,0.0022
2697.00,0.0022
2696.00,0.0022
2695.00,0.0022
2694.00,0.0022
2693.00,0.0022
2692.00,0.0022
2691.00,0.0022
2690.00,0.0022
2689.00,0.0022
2688.00,0.0022
2687.00,0.0022
2686.00,0.0022
2685.00,0.0022
2684.00,0.0022
2683.00,0.0022
2682.00,0.0022
2681.00,0.0022
2680.00,0.0022
2679.00,0.0022
2678.00,0.0022
2677.00,0.0022
2676.00,0.0022
2675.00,0.0022
2674.00,0.0022
2673.00,0.0022
2672.00,0.0022
2671.00,0.0022
2670.00,0.0022
2669.00,0.0022
2668.00,0.0022
2667.00,0.0022
2666.00,0.0022
2665.00,0.0022
2664.00,0.0023
2663.00,0.0023
2662.00,0.0024
2661.00,0.0024
2660.00,0.0025
2659.00,0.0025
2658.00,0.0025
2657.00,0.0025
2656.00,0.0025
2655.00,0.0025
2654.00,0.0025
2653.00,0.0025
2652.00,0.0025
2651.00,0.0025
2650.00,0.0025
2649.00,0.0025
2648.00,0.0025
2647.00,0.0025
2646.00,0.0025
2645.00,0.0025
2644.00,0.0025
2643.00,0.0025
2642.00,0.0025
2641.00,0.0025
2640.00,0.0025
2639.00,0.0025
2638.00,0.0025
2637.00,0.0025
2636.00,0.0025
2635.00,0.0025
2634.00,0.0025
2633.00,0.0025
2632.00,0.0025
2631.00,0.0025
2630.00,0.0025
2629.00,0.0024
2628.00,0.0024
2627.00,0.0024
2626.00,0.0023
2625.00,0.0023
2624.00,0.0022
2623.00,0.0022
2622.00,0.0022
2621.00,0.0022
2620.00,0.0022
2619.00,0.0021
2618.00,0.0021
2617.00,0.0021
2616.00,0.0021
2615.00,0.0020
2614.00,0.0020
2613.00,0.0020
2612.00,0.0020
2611.00,0.0021
2610.00,0.0021
2609.00,0.0021
2608.00,0.0021
2607.00,0.0021
2606.00,0.0021
2605.00,0.0021
2604.00,0.0021
2603.00,0.0021
2602.00,0.0021
2601.00,0.0020
2600.00,0.0020
2599.00,0.0020
2598.00,0.0019
2597.00,0.0019
2596.00,0.0019
2595.00,0.0019
2594.00,0.0018
2593.00,0.0018
2592.00,0.0018
2591.00,0.0018
2590.00,0.0017
2589.00,0.0017
2588.00,0.0017
2587.00,0.0018
2586.00,0.0018
2585.00,0.0018
2584.00,0.0018
2583.00,0.0018
2582.00,0.0018
2581.00,0.0018
2580.00,0.0018
2579.00,0.0017
2578.00,0.0017
2577.00,0.0017
2576.00,0.0016
2575.00,0.0016
2574.00,0.0016
2573.00,0.0015
2572.00,0.0015
2571.00,0.0015
2570.00,0.0015
2569.00,0.0015
2568.00,0.0015
2567.00,0.0015
2566.00,0.0015
2565.00,0.0015
2564.00,0.0014
2563.00,0.0014
2562.00,0.0014
2561.00,0.0014
2560.00,0.0014
2559.00,0.0014
2558.00,0.0014
2557.00,0.0014
2556.00,0.0014
2555.00,0.0014
2554.00,0.0014
2553.00,0.0014
2552.00,0.0013
2551.00,0.0013
2550.00,0.0013
2549.00,0.0013
2548.00,0.0013
2547.00,0.0013
2546.00,0.0013
2545.00,0.0014
2544.00,0.0014
2543.00,0.0014
2542.00,0.0014
2541.00,0.0013
2540.00,0.0013
2539.00,0.0012
2538.00,0.0012
2537.00,0.0012
2536.00,0.0012
2535.00,0.0012
2534.00,0.0011
2533.00,0.0012
2532.00,0.0012
2531.00,0.0012
2530.00,0.0012
2529.00,0.0012
2528.00,0.0012
2527.00,0.0012
2526.00,0.0012
2525.00,0.0012
2524.00,0.0012
2523.00,0.0012
2522.00,0.0012
2521.00,0.0012
2520.00,0.0012
2519.00,0.0012
2518.00,0.0012
2517.00,0.0012
2516.00,0.0011
2515.00,0.0011
2514.00,0.0012
2513.00,0.0012
2512.00,0.0012
2511.00,0.0011
2510.00,0.0011
2509.00,0.0011
2508.00,0.0011
2507.00,0.0011
2506.00,0.0011
2505.00,0.0011
2504.00,0.0011
2503.00,0.0010
2502.00,0.0010
2501.00,0.0010
2500.00,0.0009
2499.00,0.0009
2498.00,0.0009
2497.00,0.0009
2496.00,0.0010
2495.00,0.0010
2494.00,0.0010
2493.00,0.0009
2492.00,0.0009
2491.00,0.0008
2490.00,0.0008
2489.00,0.0008
2488.00,0.0008
2487.00,0.0008
2486.00,0.0008
2485.00,0.0007
2484.00,0.0007
2483.00,0.0007
2482.00,0.0007
2481.00,0.0008
2480.00,0.0007
2479.00,0.0007
2478.00,0.0007
2477.00,0.0007
2476.00,0.0007
2475.00,0.0007
2474.00,0.0007
2473.00,0.0007
2472.00,0.0007
2471.00,0.0007
2470.00,0.0007
2469.00,0.0007
2468.00,0.0007
2467.00,0.0007
2466.00,0.0007
2465.00,0.0006
2464.00,0.0006
2463.00,0.0006
2462.00,0.0006
2461.00,0.0007
2460.00,0.0007
2459.00,0.0007
2458.00,0.0007
2457.00,0.0007
2456.00,0.0007
2455.00,0.0007
2454.00,0.0006
2453.00,0.0006
2452.00,0.0006
2451.00,0.0006
2450.00,0.0006
2449.00,0.0006
2448.00,0.0006
2447.00,0.0006
2446.00,0.0006
2445.00,0.0005
2444.00,0.0005
2443.00,0.0005
2442.00,0.0004
2441.00,0.0004
2440.00,0.0004
2439.00,0.0004
2438.00,0.0004
2437.00,0.0004
2436.00,0.0003
2435.00,0.0003
2434.00,0.0002
2433.00,0.0002
2432.00,0.0002
2431.00,0.0002
2430.00,0.0002
2429.00,0.0002
2428.00,0.0002
2427.00,0.0002
2426.00,0.0002
2425.00,0.0002
2424.00,0.0002
2423.00,0.0002
2422.00,0.0001
2421.00,0.0001
2420.00,0.0001
2419.00,0.0001
2418.00,0.0001
2417.00,0.0001
2416.00,0.0001
2415.00,0.0001
2414.00,0.0001
2413.00,0.0001
2412.00,0.0001
2411.00,0.0001
2410.00,0.0001
2409.00,0.0001
2408.00,0.0000
2407.00,-0.0000
2406.00,-0.0001
2405.00,-0.0001
2404.00,-0.0001
2403.00,-0.0001
2402.00,-0.0001
2401.00,-0.0001
2400.00,-0.0001
2399.00,-0.0001
2398.00,-0.0001
2397.00,-0.0001
2396.00,-0.0001
2395.00,-0.0001
2394.00,-0.0001
2393.00,-0.0001
2392.00,-0.0001
2391.00,-0.0001
2390.00,-0.0001
2389.00,-0.0001
2388.00,-0.0001
2387.00,-0.0001
2386.00,-0.0001
2385.00,-0.0001
2384.00,-0.0001
2383.00,-0.0001
2382.00,-0.0001
2381.00,-0.0001
2380.00,-0.0000
2379.00,-0.0000
2378.00,0.0000
2377.00,0.0000
2376.00,0.0000
2375.00,0.0000
2374.00,-0.0000
2373.00,-0.0000
2372.00,-0.0000
2371.00,-0.0000
2370.00,0.0000
2369.00,0.0000
2368.00,0.0000
2367.00,0.0000
2366.00,0.0000
2365.00,0.0001
2364.00,0.0001
2363.00,0.0002
2362.00,0.0002
2361.00,0.0002
2360.00,0.0002
2359.00,0.0002
2358.00,0.0002
2357.00,0.0002
2356.00,0.0002
2355.00,0.0001
2354.00,0.0001
2353.00,0.0001
2352.00,0.0002
2351.00,0.0003
2350.00,0.0003
2349.00,0.0004
2348.00,0.0005
2347.00,0.0005
2346.00,0.0005
2345.00,0.0006
2344.00,0.0006
2343.00,0.0007
2342.00,0.0007
2341.00,0.0008
2340.00,0.0008
2339.00,0.0008
2338.00,0.0008
2337.00,0.0008
2336.00,0.0008
2335.00,0.0008
2334.00,0.0007
2333.00,0.0007
2332.00,0.0006
2331.00,0.0006
2330.00,0.0006
2329.00,0.0008
2328.00,0.0012
2327.00,0.0016
2326.00,0.0019
2325.00,0.0019
2324.00,0.0018
2323.00,0.0015
2322.00,0.0013
2321.00,0.0011
2320.00,0.0011
2319.00,0.0010
2318.00,0.0011
2317.00,0.0011
2316.00,0.0011
2315.00,0.0011
2314.00,0.0011
2313.00,0.0011
2312.00,0.0011
2311.00,0.0011
2310.00,0.0011
2309.00,0.0011
2308.00,0.0010
2307.00,0.0010
2306.00,0.0009
2305.00,0.0009
2304.00,0.0008
2303.00,0.0008
2302.00,0.0008
2301.00,0.0007
2300.00,0.0007
2299.00,0.0008
2298.00,0.0008
2297.00,0.0008
2296.00,0.0009
2295.00,0.0009
2294.00,0.0009
2293.00,0.0009
2292.00,0.0010
2291.00,0.0010
2290.00,0.0011
2289.00,0.0011
2288.00,0.0011
2287.00,0.0011
2286.00,0.0011
2285.00,0.0010
2284.00,0.0010
2283.00,0.0009
2282.00,0.0008
2281.00,0.0007
2280.00,0.0007
2279.00,0.0006
2278.00,0.0005
2277.00,0.0005
2276.00,0.0005
2275.00,0.0006
2274.00,0.0006
2273.00,0.0005
2272.00,0.0005
2271.00,0.0004
2270.00,0.0004
2269.00,0.0003
2268.00,0.0003
2267.00,0.0002
2266.00,0.0002
2265.00,0.0002
2264.00,0.0002
2263.00,0.0002
2262.00,0.0002
2261.00,0.0002
2260.00,0.0003
2259.00,0.0004
2258.00,0.0003
2257.00,0.0002
2256.00,0.0000
2255.00,-0.0001
2254.00,-0.0001
2253.00,-0.0001
2252.00,-0.0000
2251.00,0.0000
2250.00,0.0000
2249.00,-0.0000
2248.00,-0.0001
2247.00,-0.0000
2246.00,0.0000
2245.00,0.0001
2244.00,0.0001
2243.00,0.0001
2242.00,0.0001
2241.00,0.0001
2240.00,0.0001
2239.00,0.0000
2238.00,-0.0000
2237.00,-0.0000
2236.00,-0.0000
2235.00,-0.0000
2234.00,-0.0001
2233.00,-0.0001
2232.00,-0.0001
2231.00,-0.0001
2230.00,-0.0001
2229.00,-0.0001
2228.00,-0.0001
2227.00,-0.0002
2226.00,-0.0002
2225.00,-0.0002
2224.00,-0.0002
2223.00,-0.0003
2222.00,-0.0003
2221.00,-0.0005
2220.00,-0.0006
2219.00,-0.0006
2218.00,-0.0006
2217.00,-0.0005
2216.00,-0.0003
2215.00,-0.0002
2214.00,-0.0002
2213.00,-0.0004
2212.00,-0.0005
2211.00,-0.0005
2210.00,-0.0004
2209.00,-0.0003
2208.00,-0.0003
2207.00,-0.0003
2206.00,-0.0003
2205.00,-0.0003
2204.00,-0.0003
2203.00,-0.0003
2202.00,-0.0002
2201.00,-0.0002
2200.00,-0.0002
2199.00,-0.0002
2198.00,-0.0002
2197.00,-0.0002
2196.00,-0.0002
2195.00,-0.0001
2194.00,-0.0001
2193.00,-0.0001
2192.00,0.0000
2191.00,0.0001
2190.00,0.0000
2189.00,-0.0001
2188.00,-0.0002
2187.00,-0.0004
2186.00,-0.0005
2185.00,-0.0006
2184.00,-0.0007
2183.00,-0.0007
2182.00,-0.0007
2181.00,-0.0007
2180.00,-0.0006
2179.00,-0.0006
2178.00,-0.0007
2177.00,-0.0009
2176.00,-0.0010
2175.00,-0.0010
2174.00,-0.0008
2173.00,-0.0005
2172.00,-0.0002
2171.00,-0.0000
2170.00,0.0001
2169.00,0.0002
2168.00,0.0002
2167.00,0.0003
2166.00,0.0005
2165.00,0.0007
2164.00,0.0009
2163.00,0.0009
2162.00,0.0002
2161.00,-0.0010
2160.00,-0.0025
2159.00,-0.0037
2158.00,-0.0042
2157.00,-0.0042
2156.00,-0.0039
2155.00,-0.0035
2154.00,-0.0031
2153.00,-0.0028
2152.00,-0.0026
2151.00,-0.0023
2150.00,-0.0022
2149.00,-0.0022
2148.00,-0.0022
2147.00,-0.0023
2146.00,-0.0024
2145.00,-0.0024
2144.00,-0.0024
2143.00,-0.0023
2142.00,-0.0023
2141.00,-0.0022
2140.00,-0.0023
2139.00,-0.0023
2138.00,-0.0025
2137.00,-0.0026
2136.00,-0.0027
2135.00,-0.0027
2134.00,-0.0026
2133.00,-0.0025
2132.00,-0.0024
2131.00,-0.0023
2130.00,-0.0023
2129.00,-0.0021
2128.00,-0.0020
2127.00,-0.0018
2126.00,-0.0016
2125.00,-0.0015
2124.00,-0.0015
2123.00,-0.0014
2122.00,-0.0013
2121.00,-0.0013
2120.00,-0.0012
2119.00,-0.0011
2118.00,-0.0010
2117.00,-0.0009
2116.00,-0.0007
2115.00,-0.0006
2114.00,-0.0006
2113.00,-0.0006
2112.00,-0.0007
2111.00,-0.0007
2110.00,-0.0007
2109.00,-0.0007
2108.00,-0.0006
2107.00,-0.0006
2106.00,-0.0006
2105.00,-0.0006
2104.00,-0.0006
2103.00,-0.0005
2102.00,-0.0005
2101.00,-0.0005
2100.00,-0.0006
2099.00,-0.0007
2098.00,-0.0009
2097.00,-0.0011
2096.00,-0.0013
2095.00,-0.0014
2094.00,-0.0014
2093.00,-0.0013
2092.00,-0.0011
2091.00,-0.0010
2090.00,-0.0009
2089.00,-0.0008
2088.00,-0.0007
2087.00,-0.0006
2086.00,-0.0006
2085.00,-0.0006
2084.00,-0.0006
2083.00,-0.0007
2082.00,-0.0006
2081.00,-0.0005
2080.00,-0.0005
2079.00,-0.0004
2078.00,-0.0004
2077.00,-0.0005
2076.00,-0.0005
2075.00,-0.0005
2074.00,-0.0006
2073.00,-0.0007
2072.00,-0.0007
2071.00,-0.0007
2070.00,-0.0008
2069.00,-0.0008
2068.00,-0.0008
2067.00,-0.0009
2066.00,-0.0009
2065.00,-0.0009
2064.00,-0.0009
2063.00,-0.0010
2062.00,-0.0010
2061.00,-0.0011
2060.00,-0.0010
2059.00,-0.0009
2058.00,-0.0009
2057.00,-0.0009
2056.00,-0.0010
2055.00,-0.0010
2054.00,-0.0007
2053.00,-0.0003
2052.00,-0.0000
2051.00,0.0000
2050.00,-0.0002
2049.00,-0.0004
2048.00,-0.0005
2047.00,-0.0005
2046.00,-0.0006
2045.00,-0.0006
2044.00,-0.0006
2043.00,-0.0006
2042.00,-0.0005
2041.00,-0.0005
2040.00,-0.0006
2039.00,-0.0005
2038.00,-0.0005
2037.00,-0.0004
2036.00,-0.0003
2035.00,-0.0004
2034.00,-0.0006
2033.00,-0.0008
2032.00,-0.0010
2031.00,-0.0012
2030.00,-0.0012
2029.00,-0.0012
2028.00,-0.0012
2027.00,-0.0011
2026.00,-0.0012
2025.00,-0.0013
2024.00,-0.0014
2023.00,-0.0014
2022.00,-0.0015
2021.00,-0.0015
2020.00,-0.0016
2019.00,-0.0016
2018.00,-0.0016
2017.00,-0.0016
2016.00,-0.0017
2015.00,-0.0016
2014.00,-0.0015
2013.00,-0.0013
2012.00,-0.0010
2011.00,-0.0007
2010.00,-0.0007
2009.00,-0.0010
2008.00,-0.0013
2007.00,-0.0016
2006.00,-0.0018
2005.00,-0.0018
2004.00,-0.0017
2003.00,-0.0016
2002.00,-0.0015
2001.00,-0.0013
2000.00,-0.0011
1999.00,-0.0010
1998.00,-0.0009
1997.00,-0.0007
1996.00,-0.0006
1995.00,-0.0005
1994.00,-0.0004
1993.00,-0.0004
1992.00,-0.0003
1991.00,-0.0003
1990.00,-0.0002
1989.00,-0.0001
1988.00,-0.0001
1987.00,-0.0001
1986.00,0.0000
1985.00,0.0001
1984.00,0.0004
1983.00,0.0007
1982.00,0.0010
1981.00,0.0011
1980.00,0.0008
1979.00,0.0002
1978.00,-0.0004
1977.00,-0.0008
1976.00,-0.0009
1975.00,-0.0009
1974.00,-0.0009
1973.00,-0.0009
1972.00,-0.0008
1971.00,-0.0007
1970.00,-0.0006
1969.00,-0.0005
1968.00,-0.0003
1967.00,-0.0001
1966.00,0.0001
1965.00,0.0003
1964.00,0.0006
1963.00,0.0008
1962.00,0.0009
1961.00,0.0008
1960.00,0.0007
1959.00,0.0007
1958.00,0.0008
1957.00,0.0010
1956.00,0.0012
1955.00,0.0014
1954.00,0.0015
1953.00,0.0016
1952.00,0.0017
1951.00,0.0019
1950.00,0.0021
1949.00,0.0024
1948.00,0.0026
1947.00,0.0029
1946.00,0.0031
1945.00,0.0032
1944.00,0.0033
1943.00,0.0033
1942.00,0.0033
1941.00,0.0032
1940.00,0.0031
1939.00,0.0030
1938.00,0.0027
1937.00,0.0024
1936.00,0.0021
1935.00,0.0018
1934.00,0.0015
1933.00,0.0013
1932.00,0.0011
1931.00,0.0009
1930.00,0.0007
1929.00,0.0005
1928.00,0.0004
1927.00,0.0003
1926.00,0.0003
1925.00,0.0002
1924.00,0.0001
1923.00,0.0000
1922.00,0.0000
1921.00,0.0000
1920.00,0.0001
1919.00,0.0001
1918.00,-0.0000
1917.00,-0.0002
1916.00,-0.0002
1915.00,-0.0002
1914.00,-0.0002
1913.00,-0.0002
1912.00,-0.0002
1911.00,-0.0002
1910.00,-0.0002
1909.00,-0.0002
1908.00,-0.0002
1907.00,-0.0002
1906.00,-0.0002
1905.00,-0.0002
1904.00,-0.0002
1903.00,-0.0001
1902.00,-0.0000
1901.00,0.0000
1900.00,0.0001
1899.00,0.0003
1898.00,0.0004
1897.00,0.0005
1896.00,0.0007
1895.00,0.0009
1894.00,0.0010
1893.00,0.0012
1892.00,0.0014
1891.00,0.0016
1890.00,0.0017
1889.00,0.0017
1888.00,0.0018
1887.00,0.0019
1886.00,0.0020
1885.00,0.0021
1884.00,0.0022
1883.00,0.0022
1882.00,0.0023
1881.00,0.0024
1880.00,0.0025
1879.00,0.0026
1878.00,0.0027
1877.00,0.0027
1876.00,0.0028
1875.00,0.0028
1874.00,0.0029
1873.00,0.0030
1872.00,0.0032
1871.00,0.0033
1870.00,0.0033
1869.00,0.0032
1868.00,0.0030
1867.00,0.0029
1866.00,0.0028
1865.00,0.0027
1864.00,0.0025
1863.00,0.0023
1862.00,0.0021
1861.00,0.0018
1860.00,0.0016
1859.00,0.0014
1858.00,0.0012
1857.00,0.0010
1856.00,0.0009
1855.00,0.0008
1854.00,0.0007
1853.00,0.0006
1852.00,0.0005
1851.00,0.0004
1850.00,0.0004
1849.00,0.0004
1848.00,0.0004
1847.00,0.0005
1846.00,0.0005
1845.00,0.0004
1844.00,0.0003
1843.00,0.0001
1842.00,0.0001
1841.00,0.0002
1840.00,0.0002
1839.00,0.0003
1838.00,0.0003
1837.00,0.0003
1836.00,0.0004
1835.00,0.0004
1834.00,0.0006
1833.00,0.0007
1832.00,0.0009
1831.00,0.0010
1830.00,0.0010
1829.00,0.0011
1828.00,0.0011
1827.00,0.0012
1826.00,0.0013
1825.00,0.0014
1824.00,0.0015
1823.00,0.0016
1822.00,0.0017
1821.00,0.0018
1820.00,0.0019
1819.00,0.0019
1818.00,0.0019
1817.00,0.0020
1816.00,0.0022
1815.00,0.0025
1814.00,0.0027
1813.00,0.0030
1812.00,0.0032
1811.00,0.0034
1810.00,0.0036
1809.00,0.0037
1808.00,0.0038
1807.00,0.0040
1806.00,0.0041
1805.00,0.0043
1804.00,0.0045
1803.00,0.0047
1802.00,0.0048
1801.00,0.0048
1800.00,0.0047
1799.00,0.0046
1798.00,0.0045
1797.00,0.0044
1796.00,0.0043
1795.00,0.0041
1794.00,0.0040
1793.00,0.0038
1792.00,0.0035
1791.00,0.0032
1790.00,0.0031
1789.00,0.0030
1788.00,0.0030
1787.00,0.0030
1786.00,0.0030
1785.00,0.0030
1784.00,0.0031
1783.00,0.0032
1782.00,0.0033
1781.00,0.0034
1780.00,0.0035
1779.00,0.0036
1778.00,0.0037
1777.00,0.0038
1776.00,0.0040
1775.00,0.0041
1774.00,0.0042
1773.00,0.0042
1772.00,0.0043
1771.00,0.0043
1770.00,0.0044
1769.00,0.0045
1768.00,0.0045
1767.00,0.0047
1766.00,0.0049
1765.00,0.0051
1764.00,0.0054
1763.00,0.0057
1762.00,0.0060
1761.00,0.0064
1760.00,0.0068
1759.00,0.0073
1758.00,0.0078
1757.00,0.0084
1756.00,0.0091
1755.00,0.0098
1754.00,0.0105
1753.00,0.0112
1752.00,0.0121
1751.00,0.0130
1750.00,0.0139
1749.00,0.0147
1748.00,0.0154
1747.00,0.0161
1746.00,0.0166
1745.00,0.0171
1744.00,0.0175
1743.00,0.0179
1742.00,0.0181
1741.00,0.0182
1740.00,0.0181
1739.00,0.0178
1738.00,0.0176
1737.00,0.0174
1736.00,0.0171
1735.00,0.0166
1734.00,0.0160
1733.00,0.0154
1732.00,0.0150
1731.00,0.0148
1730.00,0.0144
1729.00,0.0141
1728.00,0.0137
1727.00,0.0133
1726.00,0.0130
1725.00,0.0127
1724.00,0.0124
1723.00,0.0121
1722.00,0.0119
1721.00,0.0117
1720.00,0.0116
1719.00,0.0114
1718.00,0.0111
1717.00,0.0108
1716.00,0.0107
1715.00,0.0106
1714.00,0.0105
1713.00,0.0104
1712.00,0.0104
1711.00,0.0104
1710.00,0.0103
1709.00,0.0103
1708.00,0.0104
1707.00,0.0104
1706.00,0.0104
1705.00,0.0104
1704.00,0.0104
1703.00,0.0103
1702.00,0.0103
1701.00,0.0104
1700.00,0.0103
1699.00,0.0103
1698.00,0.0103
1697.00,0.0104
1696.00,0.0104
1695.00,0.0105
1694.00,0.0107
1693.00,0.0109
1692.00,0.0112
1691.00,0.0115
1690.00,0.0118
1689.00,0.0120
1688.00,0.0122
1687.00,0.0123
1686.00,0.0124
1685.00,0.0128
1684.00,0.0132
1683.00,0.0135
1682.00,0.0138
1681.00,0.0140
1680.00,0.0142
1679.00,0.0144
1678.00,0.0146
1677.00,0.0148
1676.00,0.0151
1675.00,0.0154
1674.00,0.0157
1673.00,0.0159
1672.00,0.0161
1671.00,0.0164
1670.00,0.0167
1669.00,0.0169
1668.00,0.0171
1667.00,0.0172
1666.00,0.0173
1665.00,0.0174
1664.00,0.0176
1663.00,0.0179
1662.00,0.0181
1661.00,0.0182
1660.00,0.0182
1659.00,0.0183
1658.00,0.0183
1657.00,0.0183
1656.00,0.0181
1655.00,0.0179
1654.00,0.0179
1653.00,0.0181
1652.00,0.0181
1651.00,0.0180
1650.00,0.0180
1649.00,0.0180
1648.00,0.0179
1647.00,0.0178
1646.00,0.0176
1645.00,0.0174
1644.00,0.0172
1643.00,0.0171
1642.00,0.0169
1641.00,0.0168
1640.00,0.0166
1639.00,0.0165
1638.00,0.0164
1637.00,0.0162
1636.00,0.0161
1635.00,0.0159
1634.00,0.0157
1633.00,0.0154
1632.00,0.0152
1631.00,0.0150
1630.00,0.0148
1629.00,0.0146
1628.00,0.0144
1627.00,0.0143
1626.00,0.0141
1625.00,0.0139
1624.00,0.0137
1623.00,0.0136
1622.00,0.0133
1621.00,0.0131
1620.00,0.0129
1619.00,0.0127
1618.00,0.0126
1617.00,0.0125
1616.00,0.0125
1615.00,0.0126
1614.00,0.0128
1613.00,0.0131
1612.00,0.0135
1611.00,0.0142
1610.00,0.0153
1609.00,0.0168
1608.00,0.0189
1607.00,0.0217
1606.00,0.0250
1605.00,0.0287
1604.00,0.0325
1603.00,0.0360
1602.00,0.0384
1601.00,0.0391
1600.00,0.0382
1599.00,0.0357
1598.00,0.0323
1597.00,0.0287
1596.00,0.0254
1595.00,0.0226
1594.00,0.0204
1593.00,0.0186
1592.00,0.0173
1591.00,0.0162
1590.00,0.0155
1589.00,0.0151
1588.00,0.0152
1587.00,0.0158
1586.00,0.0169
1585.00,0.0181
1584.00,0.0191
1583.00,0.0194
1582.00,0.0189
1581.00,0.0177
1580.00,0.0162
1579.00,0.0148
1578.00,0.0135
1577.00,0.0125
1576.00,0.0118
1575.00,0.0114
1574.00,0.0112
1573.00,0.0111
1572.00,0.0110
1571.00,0.0109
1570.00,0.0109
1569.00,0.0108
1568.00,0.0107
1567.00,0.0108
1566.00,0.0108
1565.00,0.0109
1564.00,0.0109
1563.00,0.0109
1562.00,0.0109
1561.00,0.0110
1560.00,0.0114
1559.00,0.0118
1558.00,0.0121
1557.00,0.0122
1556.00,0.0124
1555.00,0.0125
1554.00,0.0127
1553.00,0.0130
1552.00,0.0133
1551.00,0.0136
1550.00,0.0138
1549.00,0.0140
1548.00,0.0141
1547.00,0.0142
1546.00,0.0143
1545.00,0.0145
1544.00,0.0145
1543.00,0.0145
1542.00,0.0144
1541.00,0.0142
1540.00,0.0139
1539.00,0.0135
1538.00,0.0133
1537.00,0.0131
1536.00,0.0130
1535.00,0.0128
1534.00,0.0126
1533.00,0.0122
1532.00,0.0118
1531.00,0.0115
1530.00,0.0113
1529.00,0.0111
1528.00,0.0109
1527.00,0.0107
1526.00,0.0105
1525.00,0.0104
1524.00,0.0102
1523.00,0.0101
1522.00,0.0100
1521.00,0.0098
1520.00,0.0098
1519.00,0.0098
1518.00,0.0098
1517.00,0.0097
1516.00,0.0096
1515.00,0.0094
1514.00,0.0093
1513.00,0.0092
1512.00,0.0092
1511.00,0.0093
1510.00,0.0094
1509.00,0.0095
1508.00,0.0096
1507.00,0.0096
1506.00,0.0097
1505.00,0.0099
1504.00,0.0105
1503.00,0.0114
1502.00,0.0126
1501.00,0.0143
1500.00,0.0168
1499.00,0.0208
1498.00,0.0272
1497.00,0.0373
1496.00,0.0508
1495.00,0.0652
1494.00,0.0772
1493.00,0.0840
1492.00,0.0841
1491.00,0.0770
1490.00,0.0650
1489.00,0.0522
1488.00,0.0418
1487.00,0.0341
1486.00,0.0285
1485.00,0.0243
1484.00,0.0211
1483.00,0.0185
1482.00,0.0166
1481.00,0.0151
1480.00,0.0142
1479.00,0.0136
1478.00,0.0133
1477.00,0.0132
1476.00,0.0133
1475.00,0.0134
1474.00,0.0136
1473.00,0.0138
1472.00,0.0141
1471.00,0.0143
1470.00,0.0146
1469.00,0.0150
1468.00,0.0154
1467.00,0.0158
1466.00,0.0162
1465.00,0.0166
1464.00,0.0170
1463.00,0.0176
1462.00,0.0183
1461.00,0.0193
1460.00,0.0209
1459.00,0.0235
1458.00,0.0289
1457.00,0.0388
1456.00,0.0518
1455.00,0.0650
1454.00,0.0764
1453.00,0.0852
1452.00,0.0896
1451.00,0.0889
1450.00,0.0843
1449.00,0.0778
1448.00,0.0712
1447.00,0.0654
1446.00,0.0606
1445.00,0.0565
1444.00,0.0525
1443.00,0.0487
1442.00,0.0452
1441.00,0.0420
1440.00,0.0393
1439.00,0.0367
1438.00,0.0342
1437.00,0.0314
1436.00,0.0286
1435.00,0.0263
1434.00,0.0244
1433.00,0.0228
1432.00,0.0213
1431.00,0.0200
1430.00,0.0188
1429.00,0.0179
1428.00,0.0171
1427.00,0.0165
1426.00,0.0161
1425.00,0.0158
1424.00,0.0156
1423.00,0.0154
1422.00,0.0153
1421.00,0.0152
1420.00,0.0152
1419.00,0.0152
1418.00,0.0152
1417.00,0.0152
1416.00,0.0151
1415.00,0.0149
1414.00,0.0148
1413.00,0.0147
1412.00,0.0146
1411.00,0.0145
1410.00,0.0145
1409.00,0.0144
1408.00,0.0144
1407.00,0.0144
1406.00,0.0145
1405.00,0.0145
1404.00,0.0145
1403.00,0.0146
1402.00,0.0146
1401.00,0.0147
1400.00,0.0148
1399.00,0.0149
1398.00,0.0151
1397.00,0.0152
1396.00,0.0154
1395.00,0.0155
1394.00,0.0158
1393.00,0.0161
1392.00,0.0164
1391.00,0.0168
1390.00,0.0172
1389.00,0.0178
1388.00,0.0183
1387.00,0.0190
1386.00,0.0196
1385.00,0.0202
1384.00,0.0207
1383.00,0.0212
1382.00,0.0218
1381.00,0.0223
1380.00,0.0228
1379.00,0.0232
1378.00,0.0237
1377.00,0.0241
1376.00,0.0244
1375.00,0.0247
1374.00,0.0249
1373.00,0.0249
1372.00,0.0248
1371.00,0.0247
1370.00,0.0246
1369.00,0.0244
1368.00,0.0242
1367.00,0.0240
1366.00,0.0239
1365.00,0.0237
1364.00,0.0236
1363.00,0.0233
1362.00,0.0230
1361.00,0.0227
1360.00,0.0223
1359.00,0.0220
1358.00,0.0217
1357.00,0.0214
1356.00,0.0212
1355.00,0.0211
1354.00,0.0210
1353.00,0.0210
1352.00,0.0210
1351.00,0.0211
1350.00,0.0211
1349.00,0.0211
1348.00,0.0210
1347.00,0.0209
1346.00,0.0207
1345.00,0.0205
1344.00,0.0203
1343.00,0.0200
1342.00,0.0198
1341.00,0.0196
1340.00,0.0194
1339.00,0.0193
1338.00,0.0193
1337.00,0.0193
1336.00,0.0194
1335.00,0.0197
1334.00,0.0200
1333.00,0.0204
1332.00,0.0208
1331.00,0.0212
1330.00,0.0215
1329.00,0.0217
1328.00,0.0217
1327.00,0.0215
1326.00,0.0213
1325.00,0.0210
1324.00,0.0208
1323.00,0.0205
1322.00,0.0204
1321.00,0.0203
1320.00,0.0203
1319.00,0.0203
1318.00,0.0205
1317.00,0.0207
1316.00,0.0209
1315.00,0.0212
1314.00,0.0214
1313.00,0.0216
1312.00,0.0216
1311.00,0.0215
1310.00,0.0214
1309.00,0.0211
1308.00,0.0209
1307.00,0.0206
1306.00,0.0203
1305.00,0.0200
1304.00,0.0198
1303.00,0.0196
1302.00,0.0193
1301.00,0.0191
1300.00,0.0189
1299.00,0.0188
1298.00,0.0187
1297.00,0.0187
1296.00,0.0187
1295.00,0.0187
1294.00,0.0187
1293.00,0.0187
1292.00,0.0187
1291.00,0.0187
1290.00,0.0186
1289.00,0.0185
1288.00,0.0184
1287.00,0.0183
1286.00,0.0182
1285.00,0.0181
1284.00,0.0181
1283.00,0.0181
1282.00,0.0181
1281.00,0.0180
1280.00,0.0180
1279.00,0.0179
1278.00,0.0178
1277.00,0.0177
1276.00,0.0176
1275.00,0.0174
1274.00,0.0173
1273.00,0.0172
1272.00,0.0171
1271.00,0.0169
1270.00,0.0169
1269.00,0.0168
1268.00,0.0168
1267.00,0.0168
1266.00,0.0167
1265.00,0.0166
1264.00,0.0165
1263.00,0.0164
1262.00,0.0163
1261.00,0.0163
1260.00,0.0163
1259.00,0.0163
1258.00,0.0163
1257.00,0.0163
1256.00,0.0164
1255.00,0.0165
1254.00,0.0166
1253.00,0.0168
1252.00,0.0169
1251.00,0.0171
1250.00,0.0173
1249.00,0.0174
1248.00,0.0175
1247.00,0.0175
1246.00,0.0176
1245.00,0.0176
1244.00,0.0176
1243.00,0.0176
1242.00,0.0175
1241.00,0.0175
1240.00,0.0174
1239.00,0.0174
1238.00,0.0173
1237.00,0.0172
1236.00,0.0172
1235.00,0.0171
1234.00,0.0171
1233.00,0.0171
1232.00,0.0171
1231.00,0.0171
1230.00,0.0171
1229.00,0.0172
1228.00,0.0172
1227.00,0.0172
1226.00,0.0172
1225.00,0.0172
1224.00,0.0173
1223.00,0.0173
1222.00,0.0173
1221.00,0.0172
1220.00,0.0171
1219.00,0.0170
1218.00,0.0170
1217.00,0.0169
1216.00,0.0169
1215.00,0.0169
1214.00,0.0170
1213.00,0.0171
1212.00,0.0172
1211.00,0.0174
1210.00,0.0176
1209.00,0.0178
1208.00,0.0180
1207.00,0.0183
1206.00,0.0187
1205.00,0.0191
1204.00,0.0195
1203.00,0.0200
1202.00,0.0204
1201.00,0.0209
1200.00,0.0212
1199.00,0.0215
1198.00,0.0218
1197.00,0.0219
1196.00,0.0220
1195.00,0.0220
1194.00,0.0220
1193.00,0.0220
1192.00,0.0220
1191.00,0.0221
1190.00,0.0223
1189.00,0.0226
1188.00,0.0230
1187.00,0.0237
1186.00,0.0246
1185.00,0.0256
1184.00,0.0266
1183.00,0.0275
1182.00,0.0282
1181.00,0.0285
1180.00,0.0282
1179.00,0.0275
1178.00,0.0264
1177.00,0.0253
1176.00,0.0241
1175.00,0.0232
1174.00,0.0225
1173.00,0.0220
1172.00,0.0217
1171.00,0.0214
1170.00,0.0212
1169.00,0.0211
1168.00,0.0210
1167.00,0.0209
1166.00,0.0209
1165.00,0.0209
1164.00,0.0210
1163.00,0.0213
1162.00,0.0216
1161.00,0.0222
1160.00,0.0230
1159.00,0.0240
1158.00,0.0252
1157.00,0.0264
1156.00,0.0274
1155.00,0.0280
1154.00,0.0279
1153.00,0.0273
1152.00,0.0261
1151.00,0.0246
1150.00,0.0231
1149.00,0.0218
1148.00,0.0206
1147.00,0.0197
1146.00,0.0189
1145.00,0.0183
1144.00,0.0178
1143.00,0.0173
1142.00,0.0169
1141.00,0.0166
1140.00,0.0163
1139.00,0.0160
1138.00,0.0158
1137.00,0.0156
1136.00,0.0155
1135.00,0.0154
1134.00,0.0153
1133.00,0.0153
1132.00,0.0153
1131.00,0.0154
1130.00,0.0155
1129.00,0.0156
1128.00,0.0157
1127.00,0.0158
1126.00,0.0161
1125.00,0.0163
1124.00,0.0165
1123.00,0.0167
1122.00,0.0169
1121.00,0.0172
1120.00,0.0176
1119.00,0.0179
1118.00,0.0183
1117.00,0.0187
1116.00,0.0191
1115.00,0.0194
1114.00,0.0197
1113.00,0.0199
1112.00,0.0200
1111.00,0.0201
1110.00,0.0201
1109.00,0.0201
1108.00,0.0201
1107.00,0.0201
1106.00,0.0201
1105.00,0.0201
1104.00,0.0201
1103.00,0.0201
1102.00,0.0201
1101.00,0.0202
1100.00,0.0202
1099.00,0.0202
1098.00,0.0203
1097.00,0.0205
1096.00,0.0206
1095.00,0.0207
1094.00,0.0209
1093.00,0.0210
1092.00,0.0212
1091.00,0.0214
1090.00,0.0216
1089.00,0.0219
1088.00,0.0222
1087.00,0.0225
1086.00,0.0230
1085.00,0.0235
1084.00,0.0240
1083.00,0.0246
1082.00,0.0252
1081.00,0.0258
1080.00,0.0264
1079.00,0.0269
1078.00,0.0274
1077.00,0.0281
1076.00,0.0288
1075.00,0.0297
1074.00,0.0307
1073.00,0.0316
1072.00,0.0325
1071.00,0.0332
1070.00,0.0337
1069.00,0.0339
1068.00,0.0338
1067.00,0.0334
1066.00,0.0329
1065.00,0.0321
1064.00,0.0312
1063.00,0.0302
1062.00,0.0293
1061.00,0.0285
1060.00,0.0277
1059.00,0.0270
1058.00,0.0265
1057.00,0.0260
1056.00,0.0256
1055.00,0.0251
1054.00,0.0247
1053.00,0.0244
1052.00,0.0240
1051.00,0.0237
1050.00,0.0234
1049.00,0.0232
1048.00,0.0230
1047.00,0.0229
1046.00,0.0227
1045.00,0.0225
1044.00,0.0223
1043.00,0.0221
1042.00,0.0221
1041.00,0.0221
1040.00,0.0224
1039.00,0.0229
1038.00,0.0238
1037.00,0.0252
1036.00,0.0272
1035.00,0.0300
1034.00,0.0336
1033.00,0.0377
1032.00,0.0420
1031.00,0.0460
1030.00,0.0494
1029.00,0.0518
1028.00,0.0528
1027.00,0.0522
1026.00,0.0503
1025.00,0.0474
1024.00,0.0442
1023.00,0.0412
1022.00,0.0386
1021.00,0.0364
1020.00,0.0345
1019.00,0.0329
1018.00,0.0314
1017.00,0.0301
1016.00,0.0289
1015.00,0.0279
1014.00,0.0270
1013.00,0.0261
1012.00,0.0253
1011.00,0.0247
1010.00,0.0241
1009.00,0.0237
1008.00,0.0236
1007.00,0.0237
1006.00,0.0240
1005.00,0.0245
1004.00,0.0247
1003.00,0.0247
1002.00,0.0242
1001.00,0.0232
1000.00,0.0220
999.00,0.0208
998.00,0.0198
997.00,0.0190
996.00,0.0185
995.00,0.0182
994.00,0.0180
993.00,0.0178
992.00,0.0177
991.00,0.0177
990.00,0.0177
989.00,0.0179
988.00,0.0181
987.00,0.0184
986.00,0.0188
985.00,0.0192
984.00,0.0196
983.00,0.0199
982.00,0.0201
981.00,0.0203
980.00,0.0203
979.00,0.0201
978.00,0.0199
977.00,0.0195
976.00,0.0190
975.00,0.0186
974.00,0.0183
973.00,0.0182
972.00,0.0182
971.00,0.0184
970.00,0.0188
969.00,0.0194
968.00,0.0199
967.00,0.0204
966.00,0.0209
965.00,0.0212
964.00,0.0212
963.00,0.0209
962.00,0.0204
961.00,0.0197
960.00,0.0189
959.00,0.0181
958.00,0.0174
957.00,0.0168
956.00,0.0162
955.00,0.0159
954.00,0.0156
953.00,0.0154
952.00,0.0153
951.00,0.0153
950.00,0.0154
949.00,0.0155
948.00,0.0157
947.00,0.0159
946.00,0.0162
945.00,0.0165
944.00,0.0166
943.00,0.0167
942.00,0.0168
941.00,0.0167
940.00,0.0165
939.00,0.0162
938.00,0.0158
937.00,0.0154
936.00,0.0149
935.00,0.0144
934.00,0.0140
933.00,0.0135
932.00,0.0131
931.00,0.0128
930.00,0.0125
929.00,0.0123
928.00,0.0122
927.00,0.0122
926.00,0.0123
925.00,0.0124
924.00,0.0125
923.00,0.0126
922.00,0.0129
921.00,0.0132
920.00,0.0135
919.00,0.0140
918.00,0.0147
917.00,0.0155
916.00,0.0166
915.00,0.0179
914.00,0.0196
913.00,0.0214
912.00,0.0234
911.00,0.0254
910.00,0.0275
909.00,0.0292
908.00,0.0306
907.00,0.0314
906.00,0.0316
905.00,0.0311
904.00,0.0299
903.00,0.0283
902.00,0.0263
901.00,0.0241
900.00,0.0219
899.00,0.0198
898.00,0.0181
897.00,0.0166
896.00,0.0154
895.00,0.0145
894.00,0.0138
893.00,0.0132
892.00,0.0126
891.00,0.0121
890.00,0.0118
889.00,0.0114
888.00,0.0111
887.00,0.0108
886.00,0.0106
885.00,0.0103
884.00,0.0101
883.00,0.0100
882.00,0.0098
881.00,0.0097
880.00,0.0096
879.00,0.0095
878.00,0.0094
877.00,0.0093
876.00,0.0093
875.00,0.0092
874.00,0.0092
873.00,0.0092
872.00,0.0091
871.00,0.0090
870.00,0.0090
869.00,0.0090
868.00,0.0090
867.00,0.0090
866.00,0.0091
865.00,0.0091
864.00,0.0090
863.00,0.0090
862.00,0.0090
861.00,0.0090
860.00,0.0090
859.00,0.0091
858.00,0.0091
857.00,0.0093
856.00,0.0094
855.00,0.0095
854.00,0.0098
853.00,0.0101
852.00,0.0105
851.00,0.0111
850.00,0.0118
849.00,0.0125
848.00,0.0133
847.00,0.0141
846.00,0.0149
845.00,0.0157
844.00,0.0163
843.00,0.0167
842.00,0.0169
841.00,0.0169
840.00,0.0167
839.00,0.0161
838.00,0.0154
837.00,0.0146
836.00,0.0135
835.00,0.0125
834.00,0.0117
833.00,0.0109
832.00,0.0103
831.00,0.0099
830.00,0.0096
829.00,0.0093
828.00,0.0091
827.00,0.0090
826.00,0.0089
825.00,0.0089
824.00,0.0088
823.00,0.0088
822.00,0.0088
821.00,0.0088
820.00,0.0088
819.00,0.0088
818.00,0.0088
817.00,0.0089
816.00,0.0089
815.00,0.0090
814.00,0.0091
813.00,0.0092
812.00,0.0092
811.00,0.0093
810.00,0.0093
809.00,0.0094
808.00,0.0094
807.00,0.0094
806.00,0.0095
805.00,0.0096
804.00,0.0097
803.00,0.0098
802.00,0.0099
801.00,0.0102
800.00,0.0104
799.00,0.0107
798.00,0.0111
797.00,0.0115
796.00,0.0119
795.00,0.0123
794.00,0.0129
793.00,0.0135
792.00,0.0141
791.00,0.0148
790.00,0.0157
789.00,0.0166
788.00,0.0175
787.00,0.0185
786.00,0.0195
785.00,0.0206
784.00,0.0217
783.00,0.0230
782.00,0.0245
781.00,0.0262
780.00,0.0280
779.00,0.0302
778.00,0.0327
777.00,0.0356
776.00,0.0387
775.00,0.0422
774.00,0.0460
773.00,0.0501
772.00,0.0545
771.00,0.0593
770.00,0.0644
769.00,0.0697
768.00,0.0749
767.00,0.0800
766.00,0.0851
765.00,0.0900
764.00,0.0949
763.00,0.1000
762.00,0.1052
761.00,0.1104
760.00,0.1156
759.00,0.1204
758.00,0.1246
757.00,0.1279
756.00,0.1301
755.00,0.1311
754.00,0.1313
753.00,0.1310
752.00,0.1305
751.00,0.1303
750.00,0.1304
749.00,0.1304
748.00,0.1299
747.00,0.1283
746.00,0.1249
745.00,0.1195
744.00,0.1123
743.00,0.1038
742.00,0.0950
741.00,0.0863
740.00,0.0781
739.00,0.0706
738.00,0.0639
737.00,0.0576
736.00,0.0517
735.00,0.0461
734.00,0.0408
733.00,0.0360
732.00,0.0318
731.00,0.0284
730.00,0.0256
729.00,0.0236
728.00,0.0221
727.00,0.0210
726.00,0.0203
725.00,0.0198
724.00,0.0193
723.00,0.0189
722.00,0.0187
721.00,0.0186
720.00,0.0185
719.00,0.0186
718.00,0.0188
717.00,0.0193
716.00,0.0199
715.00,0.0210
714.00,0.0227
713.00,0.0252
712.00,0.0288
711.00,0.0338
710.00,0.0408
709.00,0.0501
708.00,0.0621
707.00,0.0769
706.00,0.0949
705.00,0.1159
704.00,0.1400
703.00,0.1672
702.00,0.1976
701.00,0.2311
700.00,0.2675
699.00,0.3064
698.00,0.3469
697.00,0.3861
696.00,0.4176
695.00,0.4333
694.00,0.4265
693.00,0.3968
692.00,0.3518
691.00,0.3025
690.00,0.2571
689.00,0.2189
688.00,0.1882
687.00,0.1641
686.00,0.1455
685.00,0.1307
684.00,0.1187
683.00,0.1088
682.00,0.1007
681.00,0.0938
680.00,0.0878
679.00,0.0827
678.00,0.0785
677.00,0.0748
676.00,0.0715
675.00,0.0686
674.00,0.0661
673.00,0.0639
672.00,0.0619
671.00,0.0601
670.00,0.0584
669.00,0.0566
668.00,0.0546
667.00,0.0527
666.00,0.0512
665.00,0.0497
664.00,0.0481
663.00,0.0464
662.00,0.0447
661.00,0.0431
660.00,0.0415
659.00,0.0399
658.00,0.0386
657.00,0.0374
656.00,0.0361
655.00,0.0350
654.00,0.0341
653.00,0.0333
652.00,0.0324
651.00,0.0316
650.00,0.0310
649.00,0.0304
648.00,0.0298
647.00,0.0292
646.00,0.0288
645.00,0.0284
644.00,0.0280
643.00,0.0276
642.00,0.0274
641.00,0.0274
640.00,0.0275
639.00,0.0277
638.00,0.0281
637.00,0.0286
636.00,0.0290
635.00,0.0294
634.00,0.0300
633.00,0.0305
632.00,0.0310
631.00,0.0315
630.00,0.0320
629.00,0.0325
628.00,0.0328
627.00,0.0330
626.00,0.0334
625.00,0.0337
624.00,0.0341
623.00,0.0346
622.00,0.0351
621.00,0.0355
620.00,0.0353
619.00,0.0347
618.00,0.0339
617.00,0.0331
616.00,0.0322
615.00,0.0315
614.00,0.0311
613.00,0.0308
612.00,0.0304
611.00,0.0301
610.00,0.0298
609.00,0.0295
608.00,0.0292
607.00,0.0289
606.00,0.0287
605.00,0.0287
604.00,0.0287
603.00,0.0288
602.00,0.0290
601.00,0.0292
600.00,0.0293
599.00,0.0294
598.00,0.0297
597.00,0.0300
596.00,0.0302
595.00,0.0304
594.00,0.0307
593.00,0.0310
592.00,0.0313
591.00,0.0315
590.00,0.0318
589.00,0.0322
588.00,0.0325
587.00,0.0330
586.00,0.0337
585.00,0.0343
584.00,0.0348
583.00,0.0354
582.00,0.0361
581.00,0.0371
580.00,0.0382
579.00,0.0394
578.00,0.0409
577.00,0.0424
576.00,0.0439
575.00,0.0454
574.00,0.0471
573.00,0.0488
572.00,0.0506
571.00,0.0523
570.00,0.0542
569.00,0.0559
568.00,0.0574
567.00,0.0589
566.00,0.0605
565.00,0.0622
564.00,0.0638
563.00,0.0655
562.00,0.0672
561.00,0.0689
560.00,0.0705
559.00,0.0723
558.00,0.0741
557.00,0.0759
556.00,0.0775
555.00,0.0792
554.00,0.0812
553.00,0.0833
552.00,0.0856
551.00,0.0881
550.00,0.0909
549.00,0.0939
548.00,0.0972
547.00,0.1008
546.00,0.1048
545.00,0.1091
544.00,0.1135
543.00,0.1180
542.00,0.1223
541.00,0.1263
540.00,0.1295
539.00,0.1317
538.00,0.1327
537.00,0.1322
536.00,0.1299
535.00,0.1261
534.00,0.1213
533.00,0.1156
532.00,0.1094
531.00,0.1030
530.00,0.0967
529.00,0.0906
528.00,0.0847
527.00,0.0792
526.00,0.0743
525.00,0.0699
524.00,0.0659
523.00,0.0626
522.00,0.0599
521.00,0.0574
520.00,0.0551
519.00,0.0530
518.00,0.0514
517.00,0.0499
516.00,0.0483
515.00,0.0468
514.00,0.0456
513.00,0.0444
512.00,0.0430
511.00,0.0417
510.00,0.0405
509.00,0.0393
508.00,0.0380
507.00,0.0370
506.00,0.0364
505.00,0.0359
504.00,0.0351
503.00,0.0342
502.00,0.0335
501.00,0.0327
500.00,0.0317
499.00,0.0308
498.00,0.0303
497.00,0.0299
496.00,0.0296
495.00,0.0293
494.00,0.0291
493.00,0.0287
492.00,0.0280
491.00,0.0274
490.00,0.0270
489.00,0.0266
488.00,0.0262
487.00,0.0259
486.00,0.0259
485.00,0.0259
484.00,0.0257
483.00,0.0255
482.00,0.0255
481.00,0.0254
480.00,0.0250
479.00,0.0247
478.00,0.0246
477.00,0.0245
476.00,0.0241
475.00,0.0238
474.00,0.0240
473.00,0.0243
472.00,0.0243
471.00,0.0241
470.00,0.0240
469.00,0.0237
468.00,0.0231
467.00,0.0227
466.00,0.0226
465.00,0.0226
464.00,0.0222
463.00,0.0219
462.00,0.0218
461.00,0.0216
460.00,0.0212
459.00,0.0212
458.00,0.0218
457.00,0.0220
456.00,0.0216
455.00,0.0212
454.00,0.0215
453.00,0.0219
452.00,0.0219
451.00,0.0217
450.00,0.0215
449.00,0.0212
448.00,0.0205
447.00,0.0199
446.00,0.0198
445.00,0.0197
444.00,0.0194
443.00,0.0191
442.00,0.0193
441.00,0.0194
440.00,0.0192
439.00,0.0190
438.00,0.0192
437.00,0.0193
436.00,0.0191
435.00,0.0189
434.00,0.0192
433.00,0.0194
432.00,0.0193
431.00,0.0191
430.00,0.0191
429.00,0.0188
428.00,0.0181
427.00,0.0178
426.00,0.0182
425.00,0.0185
424.00,0.0180
423.00,0.0174
422.00,0.0173
421.00,0.0171
420.00,0.0164
419.00,0.0160
418.00,0.0166
417.00,0.0171
416.00,0.0168
415.00,0.0166
414.00,0.0170
413.00,0.0175
412.00,0.0174
411.00,0.0175
410.00,0.0185
409.00,0.0192
408.00,0.0189
407.00,0.0185
406.00,0.0191
405.00,0.0199
404.00,0.0198
403.00,0.0191
402.00,0.0185
401.00,0.0171
400.00,0.0147
