Created as New Dataset,Sample 519 By YargerLab Date Monday, May 19 2025
cm-1,A
4000.00,-0.0062
3999.00,-0.0062
3998.00,-0.0063
3997.00,-0.0063
3996.00,-0.0063
3995.00,-0.0063
3994.00,-0.0063
3993.00,-0.0063
3992.00,-0.0063
3991.00,-0.0063
3990.00,-0.0063
3989.00,-0.0063
3988.00,-0.0063
3987.00,-0.0063
3986.00,-0.0063
3985.00,-0.0064
3984.00,-0.0064
3983.00,-0.0064
3982.00,-0.0064
3981.00,-0.0064
3980.00,-0.0064
3979.00,-0.0064
3978.00,-0.0064
3977.00,-0.0064
3976.00,-0.0065
3975.00,-0.0065
3974.00,-0.0065
3973.00,-0.0065
3972.00,-0.0065
3971.00,-0.0065
3970.00,-0.0065
3969.00,-0.0065
3968.00,-0.0065
3967.00,-0.0065
3966.00,-0.0066
3965.00,-0.0066
3964.00,-0.0066
3963.00,-0.0066
3962.00,-0.0065
3961.00,-0.0065
3960.00,-0.0065
3959.00,-0.0065
3958.00,-0.0065
3957.00,-0.0065
3956.00,-0.0065
3955.00,-0.0065
3954.00,-0.0066
3953.00,-0.0066
3952.00,-0.0066
3951.00,-0.0066
3950.00,-0.0066
3949.00,-0.0066
3948.00,-0.0066
3947.00,-0.0066
3946.00,-0.0066
3945.00,-0.0067
3944.00,-0.0067
3943.00,-0.0067
3942.00,-0.0067
3941.00,-0.0067
3940.00,-0.0067
3939.00,-0.0067
3938.00,-0.0067
3937.00,-0.0067
3936.00,-0.0067
3935.00,-0.0067
3934.00,-0.0067
3933.00,-0.0067
3932.00,-0.0067
3931.00,-0.0067
3930.00,-0.0067
3929.00,-0.0067
3928.00,-0.0067
3927.00,-0.0067
3926.00,-0.0067
3925.00,-0.0067
3924.00,-0.0067
3923.00,-0.0067
3922.00,-0.0067
3921.00,-0.0067
3920.00,-0.0067
3919.00,-0.0067
3918.00,-0.0067
3917.00,-0.0067
3916.00,-0.0067
3915.00,-0.0067
3914.00,-0.0067
3913.00,-0.0068
3912.00,-0.0068
3911.00,-0.0068
3910.00,-0.0068
3909.00,-0.0068
3908.00,-0.0068
3907.00,-0.0067
3906.00,-0.0067
3905.00,-0.0067
3904.00,-0.0067
3903.00,-0.0067
3902.00,-0.0067
3901.00,-0.0067
3900.00,-0.0067
3899.00,-0.0067
3898.00,-0.0068
3897.00,-0.0068
3896.00,-0.0068
3895.00,-0.0068
3894.00,-0.0068
3893.00,-0.0068
3892.00,-0.0068
3891.00,-0.0068
3890.00,-0.0068
3889.00,-0.0067
3888.00,-0.0067
3887.00,-0.0067
3886.00,-0.0068
3885.00,-0.0068
3884.00,-0.0068
3883.00,-0.0068
3882.00,-0.0069
3881.00,-0.0069
3880.00,-0.0069
3879.00,-0.0069
3878.00,-0.0069
3877.00,-0.0069
3876.00,-0.0070
3875.00,-0.0070
3874.00,-0.0070
3873.00,-0.0070
3872.00,-0.0070
3871.00,-0.0070
3870.00,-0.0070
3869.00,-0.0070
3868.00,-0.0070
3867.00,-0.0070
3866.00,-0.0070
3865.00,-0.0071
3864.00,-0.0071
3863.00,-0.0071
3862.00,-0.0071
3861.00,-0.0071
3860.00,-0.0071
3859.00,-0.0071
3858.00,-0.0070
3857.00,-0.0070
3856.00,-0.0069
3855.00,-0.0069
3854.00,-0.0069
3853.00,-0.0069
3852.00,-0.0069
3851.00,-0.0069
3850.00,-0.0070
3849.00,-0.0071
3848.00,-0.0071
3847.00,-0.0071
3846.00,-0.0071
3845.00,-0.0072
3844.00,-0.0072
3843.00,-0.0072
3842.00,-0.0071
3841.00,-0.0071
3840.00,-0.0071
3839.00,-0.0071
3838.00,-0.0071
3837.00,-0.0072
3836.00,-0.0072
3835.00,-0.0072
3834.00,-0.0072
3833.00,-0.0072
3832.00,-0.0072
3831.00,-0.0072
3830.00,-0.0072
3829.00,-0.0072
3828.00,-0.0072
3827.00,-0.0073
3826.00,-0.0073
3825.00,-0.0072
3824.00,-0.0072
3823.00,-0.0072
3822.00,-0.0073
3821.00,-0.0073
3820.00,-0.0073
3819.00,-0.0072
3818.00,-0.0072
3817.00,-0.0072
3816.00,-0.0073
3815.00,-0.0073
3814.00,-0.0072
3813.00,-0.0073
3812.00,-0.0073
3811.00,-0.0073
3810.00,-0.0073
3809.00,-0.0073
3808.00,-0.0074
3807.00,-0.0074
3806.00,-0.0074
3805.00,-0.0073
3804.00,-0.0073
3803.00,-0.0073
3802.00,-0.0074
3801.00,-0.0074
3800.00,-0.0074
3799.00,-0.0074
3798.00,-0.0075
3797.00,-0.0075
3796.00,-0.0076
3795.00,-0.0076
3794.00,-0.0076
3793.00,-0.0076
3792.00,-0.0076
3791.00,-0.0076
3790.00,-0.0076
3789.00,-0.0076
3788.00,-0.0076
3787.00,-0.0076
3786.00,-0.0077
3785.00,-0.0077
3784.00,-0.0078
3783.00,-0.0078
3782.00,-0.0078
3781.00,-0.0078
3780.00,-0.0078
3779.00,-0.0078
3778.00,-0.0078
3777.00,-0.0078
3776.00,-0.0078
3775.00,-0.0079
3774.00,-0.0079
3773.00,-0.0079
3772.00,-0.0079
3771.00,-0.0079
3770.00,-0.0079
3769.00,-0.0080
3768.00,-0.0080
3767.00,-0.0080
3766.00,-0.0081
3765.00,-0.0081
3764.00,-0.0081
3763.00,-0.0081
3762.00,-0.0081
3761.00,-0.0081
3760.00,-0.0082
3759.00,-0.0082
3758.00,-0.0082
3757.00,-0.0082
3756.00,-0.0081
3755.00,-0.0081
3754.00,-0.0080
3753.00,-0.0080
3752.00,-0.0080
3751.00,-0.0080
3750.00,-0.0080
3749.00,-0.0080
3748.00,-0.0080
3747.00,-0.0080
3746.00,-0.0080
3745.00,-0.0080
3744.00,-0.0081
3743.00,-0.0080
3742.00,-0.0080
3741.00,-0.0081
3740.00,-0.0081
3739.00,-0.0081
3738.00,-0.0081
3737.00,-0.0081
3736.00,-0.0082
3735.00,-0.0082
3734.00,-0.0082
3733.00,-0.0082
3732.00,-0.0082
3731.00,-0.0081
3730.00,-0.0081
3729.00,-0.0081
3728.00,-0.0081
3727.00,-0.0082
3726.00,-0.0082
3725.00,-0.0082
3724.00,-0.0082
3723.00,-0.0082
3722.00,-0.0083
3721.00,-0.0082
3720.00,-0.0082
3719.00,-0.0082
3718.00,-0.0082
3717.00,-0.0082
3716.00,-0.0081
3715.00,-0.0081
3714.00,-0.0081
3713.00,-0.0081
3712.00,-0.0081
3711.00,-0.0082
3710.00,-0.0082
3709.00,-0.0082
3708.00,-0.0082
3707.00,-0.0082
3706.00,-0.0082
3705.00,-0.0082
3704.00,-0.0082
3703.00,-0.0081
3702.00,-0.0081
3701.00,-0.0081
3700.00,-0.0080
3699.00,-0.0080
3698.00,-0.0080
3697.00,-0.0079
3696.00,-0.0078
3695.00,-0.0078
3694.00,-0.0077
3693.00,-0.0076
3692.00,-0.0075
3691.00,-0.0073
3690.00,-0.0072
3689.00,-0.0069
3688.00,-0.0067
3687.00,-0.0064
3686.00,-0.0061
3685.00,-0.0057
3684.00,-0.0054
3683.00,-0.0050
3682.00,-0.0045
3681.00,-0.0041
3680.00,-0.0036
3679.00,-0.0031
3678.00,-0.0025
3677.00,-0.0020
3676.00,-0.0014
3675.00,-0.0008
3674.00,-0.0002
3673.00,0.0002
3672.00,0.0005
3671.00,0.0008
3670.00,0.0010
3669.00,0.0012
3668.00,0.0014
3667.00,0.0016
3666.00,0.0017
3665.00,0.0019
3664.00,0.0022
3663.00,0.0024
3662.00,0.0027
3661.00,0.0029
3660.00,0.0030
3659.00,0.0031
3658.00,0.0032
3657.00,0.0032
3656.00,0.0031
3655.00,0.0030
3654.00,0.0029
3653.00,0.0028
3652.00,0.0027
3651.00,0.0026
3650.00,0.0026
3649.00,0.0025
3648.00,0.0023
3647.00,0.0022
3646.00,0.0019
3645.00,0.0017
3644.00,0.0014
3643.00,0.0010
3642.00,0.0007
3641.00,0.0004
3640.00,0.0003
3639.00,0.0003
3638.00,0.0004
3637.00,0.0003
3636.00,-0.0002
3635.00,-0.0010
3634.00,-0.0018
3633.00,-0.0025
3632.00,-0.0030
3631.00,-0.0033
3630.00,-0.0035
3629.00,-0.0037
3628.00,-0.0039
3627.00,-0.0040
3626.00,-0.0041
3625.00,-0.0043
3624.00,-0.0044
3623.00,-0.0045
3622.00,-0.0045
3621.00,-0.0045
3620.00,-0.0046
3619.00,-0.0046
3618.00,-0.0047
3617.00,-0.0047
3616.00,-0.0048
3615.00,-0.0048
3614.00,-0.0049
3613.00,-0.0049
3612.00,-0.0049
3611.00,-0.0048
3610.00,-0.0048
3609.00,-0.0049
3608.00,-0.0049
3607.00,-0.0049
3606.00,-0.0049
3605.00,-0.0049
3604.00,-0.0049
3603.00,-0.0049
3602.00,-0.0049
3601.00,-0.0048
3600.00,-0.0048
3599.00,-0.0047
3598.00,-0.0046
3597.00,-0.0046
3596.00,-0.0046
3595.00,-0.0045
3594.00,-0.0045
3593.00,-0.0044
3592.00,-0.0043
3591.00,-0.0043
3590.00,-0.0042
3589.00,-0.0042
3588.00,-0.0041
3587.00,-0.0040
3586.00,-0.0040
3585.00,-0.0039
3584.00,-0.0039
3583.00,-0.0038
3582.00,-0.0038
3581.00,-0.0038
3580.00,-0.0037
3579.00,-0.0037
3578.00,-0.0036
3577.00,-0.0035
3576.00,-0.0034
3575.00,-0.0033
3574.00,-0.0033
3573.00,-0.0032
3572.00,-0.0031
3571.00,-0.0031
3570.00,-0.0030
3569.00,-0.0030
3568.00,-0.0029
3567.00,-0.0028
3566.00,-0.0027
3565.00,-0.0027
3564.00,-0.0026
3563.00,-0.0026
3562.00,-0.0025
3561.00,-0.0024
3560.00,-0.0023
3559.00,-0.0023
3558.00,-0.0022
3557.00,-0.0021
3556.00,-0.0020
3555.00,-0.0019
3554.00,-0.0019
3553.00,-0.0018
3552.00,-0.0017
3551.00,-0.0017
3550.00,-0.0017
3549.00,-0.0016
3548.00,-0.0015
3547.00,-0.0014
3546.00,-0.0013
3545.00,-0.0012
3544.00,-0.0011
3543.00,-0.0011
3542.00,-0.0010
3541.00,-0.0010
3540.00,-0.0009
3539.00,-0.0009
3538.00,-0.0008
3537.00,-0.0008
3536.00,-0.0007
3535.00,-0.0007
3534.00,-0.0006
3533.00,-0.0005
3532.00,-0.0005
3531.00,-0.0004
3530.00,-0.0003
3529.00,-0.0003
3528.00,-0.0002
3527.00,-0.0002
3526.00,-0.0001
3525.00,-0.0000
3524.00,0.0001
3523.00,0.0001
3522.00,0.0002
3521.00,0.0002
3520.00,0.0002
3519.00,0.0003
3518.00,0.0003
3517.00,0.0004
3516.00,0.0005
3515.00,0.0006
3514.00,0.0007
3513.00,0.0007
3512.00,0.0007
3511.00,0.0008
3510.00,0.0009
3509.00,0.0009
3508.00,0.0010
3507.00,0.0011
3506.00,0.0012
3505.00,0.0012
3504.00,0.0013
3503.00,0.0014
3502.00,0.0014
3501.00,0.0015
3500.00,0.0015
3499.00,0.0016
3498.00,0.0016
3497.00,0.0017
3496.00,0.0018
3495.00,0.0018
3494.00,0.0019
3493.00,0.0019
3492.00,0.0020
3491.00,0.0020
3490.00,0.0021
3489.00,0.0022
3488.00,0.0022
3487.00,0.0023
3486.00,0.0023
3485.00,0.0024
3484.00,0.0024
3483.00,0.0025
3482.00,0.0026
3481.00,0.0027
3480.00,0.0027
3479.00,0.0028
3478.00,0.0028
3477.00,0.0029
3476.00,0.0029
3475.00,0.0030
3474.00,0.0031
3473.00,0.0031
3472.00,0.0032
3471.00,0.0033
3470.00,0.0034
3469.00,0.0034
3468.00,0.0035
3467.00,0.0035
3466.00,0.0035
3465.00,0.0036
3464.00,0.0036
3463.00,0.0037
3462.00,0.0038
3461.00,0.0038
3460.00,0.0038
3459.00,0.0039
3458.00,0.0039
3457.00,0.0039
3456.00,0.0040
3455.00,0.0040
3454.00,0.0041
3453.00,0.0042
3452.00,0.0043
3451.00,0.0044
3450.00,0.0044
3449.00,0.0045
3448.00,0.0045
3447.00,0.0046
3446.00,0.0046
3445.00,0.0047
3444.00,0.0047
3443.00,0.0047
3442.00,0.0048
3441.00,0.0048
3440.00,0.0048
3439.00,0.0049
3438.00,0.0050
3437.00,0.0050
3436.00,0.0051
3435.00,0.0052
3434.00,0.0053
3433.00,0.0054
3432.00,0.0054
3431.00,0.0055
3430.00,0.0056
3429.00,0.0057
3428.00,0.0058
3427.00,0.0058
3426.00,0.0059
3425.00,0.0060
3424.00,0.0061
3423.00,0.0062
3422.00,0.0063
3421.00,0.0064
3420.00,0.0065
3419.00,0.0065
3418.00,0.0066
3417.00,0.0067
3416.00,0.0068
3415.00,0.0069
3414.00,0.0069
3413.00,0.0070
3412.00,0.0071
3411.00,0.0072
3410.00,0.0073
3409.00,0.0074
3408.00,0.0075
3407.00,0.0077
3406.00,0.0077
3405.00,0.0078
3404.00,0.0079
3403.00,0.0079
3402.00,0.0080
3401.00,0.0081
3400.00,0.0082
3399.00,0.0083
3398.00,0.0084
3397.00,0.0085
3396.00,0.0086
3395.00,0.0087
3394.00,0.0087
3393.00,0.0088
3392.00,0.0089
3391.00,0.0090
3390.00,0.0091
3389.00,0.0093
3388.00,0.0094
3387.00,0.0095
3386.00,0.0096
3385.00,0.0097
3384.00,0.0098
3383.00,0.0098
3382.00,0.0099
3381.00,0.0101
3380.00,0.0102
3379.00,0.0103
3378.00,0.0105
3377.00,0.0106
3376.00,0.0107
3375.00,0.0109
3374.00,0.0110
3373.00,0.0112
3372.00,0.0113
3371.00,0.0114
3370.00,0.0116
3369.00,0.0117
3368.00,0.0119
3367.00,0.0121
3366.00,0.0123
3365.00,0.0125
3364.00,0.0128
3363.00,0.0130
3362.00,0.0132
3361.00,0.0134
3360.00,0.0136
3359.00,0.0138
3358.00,0.0141
3357.00,0.0143
3356.00,0.0146
3355.00,0.0148
3354.00,0.0150
3353.00,0.0153
3352.00,0.0155
3351.00,0.0158
3350.00,0.0161
3349.00,0.0164
3348.00,0.0168
3347.00,0.0171
3346.00,0.0174
3345.00,0.0177
3344.00,0.0180
3343.00,0.0183
3342.00,0.0187
3341.00,0.0190
3340.00,0.0194
3339.00,0.0198
3338.00,0.0202
3337.00,0.0207
3336.00,0.0212
3335.00,0.0216
3334.00,0.0221
3333.00,0.0226
3332.00,0.0230
3331.00,0.0235
3330.00,0.0240
3329.00,0.0244
3328.00,0.0249
3327.00,0.0254
3326.00,0.0260
3325.00,0.0266
3324.00,0.0272
3323.00,0.0278
3322.00,0.0284
3321.00,0.0290
3320.00,0.0297
3319.00,0.0304
3318.00,0.0310
3317.00,0.0317
3316.00,0.0324
3315.00,0.0330
3314.00,0.0337
3313.00,0.0344
3312.00,0.0351
3311.00,0.0357
3310.00,0.0364
3309.00,0.0371
3308.00,0.0378
3307.00,0.0385
3306.00,0.0393
3305.00,0.0401
3304.00,0.0410
3303.00,0.0419
3302.00,0.0427
3301.00,0.0435
3300.00,0.0443
3299.00,0.0450
3298.00,0.0457
3297.00,0.0464
3296.00,0.0470
3295.00,0.0476
3294.00,0.0482
3293.00,0.0489
3292.00,0.0495
3291.00,0.0501
3290.00,0.0507
3289.00,0.0512
3288.00,0.0516
3287.00,0.0520
3286.00,0.0523
3285.00,0.0526
3284.00,0.0528
3283.00,0.0529
3282.00,0.0529
3281.00,0.0530
3280.00,0.0529
3279.00,0.0528
3278.00,0.0525
3277.00,0.0522
3276.00,0.0519
3275.00,0.0515
3274.00,0.0510
3273.00,0.0505
3272.00,0.0500
3271.00,0.0495
3270.00,0.0490
3269.00,0.0485
3268.00,0.0480
3267.00,0.0474
3266.00,0.0467
3265.00,0.0461
3264.00,0.0454
3263.00,0.0447
3262.00,0.0440
3261.00,0.0433
3260.00,0.0426
3259.00,0.0419
3258.00,0.0411
3257.00,0.0404
3256.00,0.0397
3255.00,0.0391
3254.00,0.0385
3253.00,0.0380
3252.00,0.0374
3251.00,0.0368
3250.00,0.0362
3249.00,0.0356
3248.00,0.0350
3247.00,0.0344
3246.00,0.0339
3245.00,0.0335
3244.00,0.0331
3243.00,0.0327
3242.00,0.0322
3241.00,0.0318
3240.00,0.0313
3239.00,0.0309
3238.00,0.0304
3237.00,0.0299
3236.00,0.0294
3235.00,0.0289
3234.00,0.0285
3233.00,0.0281
3232.00,0.0278
3231.00,0.0276
3230.00,0.0273
3229.00,0.0270
3228.00,0.0267
3227.00,0.0263
3226.00,0.0260
3225.00,0.0257
3224.00,0.0253
3223.00,0.0250
3222.00,0.0246
3221.00,0.0243
3220.00,0.0240
3219.00,0.0237
3218.00,0.0234
3217.00,0.0231
3216.00,0.0228
3215.00,0.0225
3214.00,0.0222
3213.00,0.0219
3212.00,0.0216
3211.00,0.0213
3210.00,0.0210
3209.00,0.0207
3208.00,0.0205
3207.00,0.0202
3206.00,0.0199
3205.00,0.0196
3204.00,0.0194
3203.00,0.0191
3202.00,0.0189
3201.00,0.0186
3200.00,0.0184
3199.00,0.0181
3198.00,0.0178
3197.00,0.0175
3196.00,0.0172
3195.00,0.0170
3194.00,0.0167
3193.00,0.0164
3192.00,0.0162
3191.00,0.0159
3190.00,0.0156
3189.00,0.0154
3188.00,0.0151
3187.00,0.0148
3186.00,0.0145
3185.00,0.0142
3184.00,0.0139
3183.00,0.0136
3182.00,0.0134
3181.00,0.0131
3180.00,0.0128
3179.00,0.0126
3178.00,0.0123
3177.00,0.0121
3176.00,0.0118
3175.00,0.0116
3174.00,0.0113
3173.00,0.0111
3172.00,0.0108
3171.00,0.0106
3170.00,0.0103
3169.00,0.0101
3168.00,0.0098
3167.00,0.0096
3166.00,0.0093
3165.00,0.0091
3164.00,0.0089
3163.00,0.0087
3162.00,0.0084
3161.00,0.0082
3160.00,0.0080
3159.00,0.0078
3158.00,0.0075
3157.00,0.0073
3156.00,0.0071
3155.00,0.0069
3154.00,0.0067
3153.00,0.0065
3152.00,0.0064
3151.00,0.0062
3150.00,0.0061
3149.00,0.0060
3148.00,0.0059
3147.00,0.0058
3146.00,0.0056
3145.00,0.0055
3144.00,0.0053
3143.00,0.0052
3142.00,0.0050
3141.00,0.0049
3140.00,0.0048
3139.00,0.0047
3138.00,0.0046
3137.00,0.0046
3136.00,0.0045
3135.00,0.0045
3134.00,0.0044
3133.00,0.0043
3132.00,0.0042
3131.00,0.0041
3130.00,0.0040
3129.00,0.0040
3128.00,0.0040
3127.00,0.0039
3126.00,0.0039
3125.00,0.0038
3124.00,0.0038
3123.00,0.0037
3122.00,0.0036
3121.00,0.0035
3120.00,0.0035
3119.00,0.0035
3118.00,0.0035
3117.00,0.0035
3116.00,0.0035
3115.00,0.0036
3114.00,0.0037
3113.00,0.0038
3112.00,0.0038
3111.00,0.0039
3110.00,0.0039
3109.00,0.0039
3108.00,0.0040
3107.00,0.0041
3106.00,0.0042
3105.00,0.0043
3104.00,0.0043
3103.00,0.0044
3102.00,0.0044
3101.00,0.0044
3100.00,0.0045
3099.00,0.0046
3098.00,0.0047
3097.00,0.0048
3096.00,0.0049
3095.00,0.0050
3094.00,0.0050
3093.00,0.0050
3092.00,0.0051
3091.00,0.0051
3090.00,0.0051
3089.00,0.0052
3088.00,0.0053
3087.00,0.0053
3086.00,0.0053
3085.00,0.0053
3084.00,0.0054
3083.00,0.0055
3082.00,0.0055
3081.00,0.0055
3080.00,0.0056
3079.00,0.0056
3078.00,0.0056
3077.00,0.0057
3076.00,0.0058
3075.00,0.0059
3074.00,0.0059
3073.00,0.0060
3072.00,0.0059
3071.00,0.0059
3070.00,0.0058
3069.00,0.0057
3068.00,0.0056
3067.00,0.0055
3066.00,0.0055
3065.00,0.0055
3064.00,0.0054
3063.00,0.0054
3062.00,0.0053
3061.00,0.0052
3060.00,0.0051
3059.00,0.0050
3058.00,0.0048
3057.00,0.0046
3056.00,0.0045
3055.00,0.0043
3054.00,0.0041
3053.00,0.0040
3052.00,0.0038
3051.00,0.0036
3050.00,0.0035
3049.00,0.0034
3048.00,0.0033
3047.00,0.0030
3046.00,0.0028
3045.00,0.0026
3044.00,0.0024
3043.00,0.0022
3042.00,0.0021
3041.00,0.0021
3040.00,0.0020
3039.00,0.0019
3038.00,0.0018
3037.00,0.0017
3036.00,0.0015
3035.00,0.0013
3034.00,0.0012
3033.00,0.0012
3032.00,0.0011
3031.00,0.0011
3030.00,0.0011
3029.00,0.0011
3028.00,0.0011
3027.00,0.0011
3026.00,0.0011
3025.00,0.0011
3024.00,0.0012
3023.00,0.0014
3022.00,0.0016
3021.00,0.0018
3020.00,0.0021
3019.00,0.0025
3018.00,0.0030
3017.00,0.0036
3016.00,0.0043
3015.00,0.0052
3014.00,0.0063
3013.00,0.0077
3012.00,0.0093
3011.00,0.0113
3010.00,0.0134
3009.00,0.0158
3008.00,0.0183
3007.00,0.0210
3006.00,0.0239
3005.00,0.0269
3004.00,0.0299
3003.00,0.0330
3002.00,0.0361
3001.00,0.0391
3000.00,0.0419
2999.00,0.0445
2998.00,0.0469
2997.00,0.0491
2996.00,0.0511
2995.00,0.0529
2994.00,0.0547
2993.00,0.0563
2992.00,0.0580
2991.00,0.0596
2990.00,0.0611
2989.00,0.0628
2988.00,0.0648
2987.00,0.0677
2986.00,0.0722
2985.00,0.0790
2984.00,0.0880
2983.00,0.0971
2982.00,0.1040
2981.00,0.1066
2980.00,0.1050
2979.00,0.1008
2978.00,0.0957
2977.00,0.0911
2976.00,0.0879
2975.00,0.0863
2974.00,0.0864
2973.00,0.0874
2972.00,0.0883
2971.00,0.0875
2970.00,0.0849
2969.00,0.0809
2968.00,0.0768
2967.00,0.0733
2966.00,0.0704
2965.00,0.0678
2964.00,0.0654
2963.00,0.0631
2962.00,0.0610
2961.00,0.0591
2960.00,0.0573
2959.00,0.0556
2958.00,0.0540
2957.00,0.0523
2956.00,0.0507
2955.00,0.0490
2954.00,0.0472
2953.00,0.0454
2952.00,0.0436
2951.00,0.0419
2950.00,0.0404
2949.00,0.0390
2948.00,0.0376
2947.00,0.0361
2946.00,0.0347
2945.00,0.0334
2944.00,0.0323
2943.00,0.0315
2942.00,0.0311
2941.00,0.0310
2940.00,0.0312
2939.00,0.0314
2938.00,0.0316
2937.00,0.0318
2936.00,0.0321
2935.00,0.0326
2934.00,0.0333
2933.00,0.0341
2932.00,0.0348
2931.00,0.0353
2930.00,0.0356
2929.00,0.0358
2928.00,0.0358
2927.00,0.0358
2926.00,0.0358
2925.00,0.0358
2924.00,0.0357
2923.00,0.0357
2922.00,0.0356
2921.00,0.0356
2920.00,0.0355
2919.00,0.0353
2918.00,0.0351
2917.00,0.0347
2916.00,0.0341
2915.00,0.0334
2914.00,0.0326
2913.00,0.0318
2912.00,0.0311
2911.00,0.0306
2910.00,0.0303
2909.00,0.0301
2908.00,0.0300
2907.00,0.0299
2906.00,0.0298
2905.00,0.0297
2904.00,0.0297
2903.00,0.0296
2902.00,0.0295
2901.00,0.0295
2900.00,0.0294
2899.00,0.0293
2898.00,0.0293
2897.00,0.0293
2896.00,0.0296
2895.00,0.0300
2894.00,0.0305
2893.00,0.0311
2892.00,0.0316
2891.00,0.0321
2890.00,0.0323
2889.00,0.0323
2888.00,0.0320
2887.00,0.0317
2886.00,0.0315
2885.00,0.0313
2884.00,0.0310
2883.00,0.0302
2882.00,0.0290
2881.00,0.0273
2880.00,0.0256
2879.00,0.0240
2878.00,0.0227
2877.00,0.0216
2876.00,0.0208
2875.00,0.0201
2874.00,0.0196
2873.00,0.0191
2872.00,0.0185
2871.00,0.0179
2870.00,0.0172
2869.00,0.0165
2868.00,0.0157
2867.00,0.0150
2866.00,0.0143
2865.00,0.0136
2864.00,0.0129
2863.00,0.0123
2862.00,0.0118
2861.00,0.0114
2860.00,0.0110
2859.00,0.0108
2858.00,0.0107
2857.00,0.0106
2856.00,0.0106
2855.00,0.0107
2854.00,0.0107
2853.00,0.0106
2852.00,0.0105
2851.00,0.0101
2850.00,0.0094
2849.00,0.0085
2848.00,0.0073
2847.00,0.0060
2846.00,0.0047
2845.00,0.0035
2844.00,0.0025
2843.00,0.0017
2842.00,0.0009
2841.00,0.0003
2840.00,-0.0002
2839.00,-0.0006
2838.00,-0.0009
2837.00,-0.0012
2836.00,-0.0014
2835.00,-0.0016
2834.00,-0.0017
2833.00,-0.0019
2832.00,-0.0020
2831.00,-0.0022
2830.00,-0.0023
2829.00,-0.0024
2828.00,-0.0026
2827.00,-0.0027
2826.00,-0.0029
2825.00,-0.0030
2824.00,-0.0031
2823.00,-0.0032
2822.00,-0.0033
2821.00,-0.0034
2820.00,-0.0035
2819.00,-0.0036
2818.00,-0.0037
2817.00,-0.0037
2816.00,-0.0038
2815.00,-0.0039
2814.00,-0.0040
2813.00,-0.0042
2812.00,-0.0043
2811.00,-0.0044
2810.00,-0.0045
2809.00,-0.0046
2808.00,-0.0046
2807.00,-0.0047
2806.00,-0.0048
2805.00,-0.0049
2804.00,-0.0049
2803.00,-0.0049
2802.00,-0.0050
2801.00,-0.0051
2800.00,-0.0051
2799.00,-0.0052
2798.00,-0.0053
2797.00,-0.0053
2796.00,-0.0054
2795.00,-0.0054
2794.00,-0.0055
2793.00,-0.0056
2792.00,-0.0057
2791.00,-0.0058
2790.00,-0.0059
2789.00,-0.0059
2788.00,-0.0059
2787.00,-0.0060
2786.00,-0.0060
2785.00,-0.0061
2784.00,-0.0061
2783.00,-0.0062
2782.00,-0.0063
2781.00,-0.0064
2780.00,-0.0064
2779.00,-0.0065
2778.00,-0.0066
2777.00,-0.0066
2776.00,-0.0067
2775.00,-0.0068
2774.00,-0.0068
2773.00,-0.0068
2772.00,-0.0069
2771.00,-0.0069
2770.00,-0.0070
2769.00,-0.0070
2768.00,-0.0071
2767.00,-0.0071
2766.00,-0.0072
2765.00,-0.0073
2764.00,-0.0073
2763.00,-0.0074
2762.00,-0.0075
2761.00,-0.0075
2760.00,-0.0076
2759.00,-0.0077
2758.00,-0.0077
2757.00,-0.0078
2756.00,-0.0078
2755.00,-0.0079
2754.00,-0.0079
2753.00,-0.0080
2752.00,-0.0081
2751.00,-0.0081
2750.00,-0.0082
2749.00,-0.0082
2748.00,-0.0082
2747.00,-0.0083
2746.00,-0.0083
2745.00,-0.0083
2744.00,-0.0083
2743.00,-0.0083
2742.00,-0.0084
2741.00,-0.0085
2740.00,-0.0085
2739.00,-0.0086
2738.00,-0.0086
2737.00,-0.0086
2736.00,-0.0086
2735.00,-0.0087
2734.00,-0.0087
2733.00,-0.0088
2732.00,-0.0089
2731.00,-0.0089
2730.00,-0.0090
2729.00,-0.0090
2728.00,-0.0091
2727.00,-0.0092
2726.00,-0.0093
2725.00,-0.0093
2724.00,-0.0093
2723.00,-0.0094
2722.00,-0.0094
2721.00,-0.0094
2720.00,-0.0095
2719.00,-0.0096
2718.00,-0.0096
2717.00,-0.0097
2716.00,-0.0097
2715.00,-0.0097
2714.00,-0.0098
2713.00,-0.0098
2712.00,-0.0099
2711.00,-0.0100
2710.00,-0.0100
2709.00,-0.0101
2708.00,-0.0101
2707.00,-0.0102
2706.00,-0.0102
2705.00,-0.0103
2704.00,-0.0103
2703.00,-0.0103
2702.00,-0.0104
2701.00,-0.0104
2700.00,-0.0104
2699.00,-0.0104
2698.00,-0.0104
2697.00,-0.0104
2696.00,-0.0105
2695.00,-0.0105
2694.00,-0.0105
2693.00,-0.0104
2692.00,-0.0104
2691.00,-0.0104
2690.00,-0.0104
2689.00,-0.0104
2688.00,-0.0104
2687.00,-0.0104
2686.00,-0.0104
2685.00,-0.0104
2684.00,-0.0104
2683.00,-0.0104
2682.00,-0.0104
2681.00,-0.0104
2680.00,-0.0104
2679.00,-0.0105
2678.00,-0.0105
2677.00,-0.0105
2676.00,-0.0105
2675.00,-0.0104
2674.00,-0.0104
2673.00,-0.0103
2672.00,-0.0103
2671.00,-0.0102
2670.00,-0.0102
2669.00,-0.0102
2668.00,-0.0102
2667.00,-0.0102
2666.00,-0.0102
2665.00,-0.0102
2664.00,-0.0102
2663.00,-0.0103
2662.00,-0.0103
2661.00,-0.0104
2660.00,-0.0104
2659.00,-0.0105
2658.00,-0.0105
2657.00,-0.0105
2656.00,-0.0106
2655.00,-0.0106
2654.00,-0.0106
2653.00,-0.0107
2652.00,-0.0107
2651.00,-0.0107
2650.00,-0.0107
2649.00,-0.0107
2648.00,-0.0108
2647.00,-0.0108
2646.00,-0.0108
2645.00,-0.0108
2644.00,-0.0108
2643.00,-0.0108
2642.00,-0.0108
2641.00,-0.0109
2640.00,-0.0109
2639.00,-0.0110
2638.00,-0.0110
2637.00,-0.0111
2636.00,-0.0112
2635.00,-0.0113
2634.00,-0.0113
2633.00,-0.0113
2632.00,-0.0114
2631.00,-0.0114
2630.00,-0.0114
2629.00,-0.0114
2628.00,-0.0114
2627.00,-0.0115
2626.00,-0.0116
2625.00,-0.0116
2624.00,-0.0117
2623.00,-0.0117
2622.00,-0.0118
2621.00,-0.0118
2620.00,-0.0119
2619.00,-0.0119
2618.00,-0.0120
2617.00,-0.0120
2616.00,-0.0120
2615.00,-0.0120
2614.00,-0.0120
2613.00,-0.0121
2612.00,-0.0121
2611.00,-0.0121
2610.00,-0.0121
2609.00,-0.0121
2608.00,-0.0122
2607.00,-0.0122
2606.00,-0.0122
2605.00,-0.0123
2604.00,-0.0123
2603.00,-0.0124
2602.00,-0.0125
2601.00,-0.0125
2600.00,-0.0126
2599.00,-0.0126
2598.00,-0.0126
2597.00,-0.0127
2596.00,-0.0127
2595.00,-0.0128
2594.00,-0.0128
2593.00,-0.0129
2592.00,-0.0129
2591.00,-0.0129
2590.00,-0.0130
2589.00,-0.0130
2588.00,-0.0130
2587.00,-0.0131
2586.00,-0.0131
2585.00,-0.0131
2584.00,-0.0131
2583.00,-0.0131
2582.00,-0.0131
2581.00,-0.0131
2580.00,-0.0132
2579.00,-0.0133
2578.00,-0.0133
2577.00,-0.0134
2576.00,-0.0134
2575.00,-0.0135
2574.00,-0.0135
2573.00,-0.0135
2572.00,-0.0135
2571.00,-0.0136
2570.00,-0.0136
2569.00,-0.0136
2568.00,-0.0137
2567.00,-0.0137
2566.00,-0.0137
2565.00,-0.0137
2564.00,-0.0137
2563.00,-0.0137
2562.00,-0.0137
2561.00,-0.0137
2560.00,-0.0137
2559.00,-0.0138
2558.00,-0.0138
2557.00,-0.0138
2556.00,-0.0138
2555.00,-0.0138
2554.00,-0.0138
2553.00,-0.0138
2552.00,-0.0139
2551.00,-0.0139
2550.00,-0.0139
2549.00,-0.0139
2548.00,-0.0139
2547.00,-0.0139
2546.00,-0.0140
2545.00,-0.0140
2544.00,-0.0140
2543.00,-0.0140
2542.00,-0.0140
2541.00,-0.0140
2540.00,-0.0140
2539.00,-0.0140
2538.00,-0.0140
2537.00,-0.0140
2536.00,-0.0140
2535.00,-0.0140
2534.00,-0.0140
2533.00,-0.0140
2532.00,-0.0140
2531.00,-0.0141
2530.00,-0.0141
2529.00,-0.0141
2528.00,-0.0142
2527.00,-0.0142
2526.00,-0.0142
2525.00,-0.0142
2524.00,-0.0142
2523.00,-0.0142
2522.00,-0.0142
2521.00,-0.0141
2520.00,-0.0142
2519.00,-0.0142
2518.00,-0.0143
2517.00,-0.0143
2516.00,-0.0143
2515.00,-0.0143
2514.00,-0.0143
2513.00,-0.0143
2512.00,-0.0142
2511.00,-0.0142
2510.00,-0.0142
2509.00,-0.0143
2508.00,-0.0143
2507.00,-0.0143
2506.00,-0.0143
2505.00,-0.0143
2504.00,-0.0143
2503.00,-0.0143
2502.00,-0.0143
2501.00,-0.0144
2500.00,-0.0144
2499.00,-0.0144
2498.00,-0.0144
2497.00,-0.0144
2496.00,-0.0144
2495.00,-0.0144
2494.00,-0.0145
2493.00,-0.0145
2492.00,-0.0145
2491.00,-0.0145
2490.00,-0.0145
2489.00,-0.0146
2488.00,-0.0146
2487.00,-0.0146
2486.00,-0.0146
2485.00,-0.0147
2484.00,-0.0147
2483.00,-0.0147
2482.00,-0.0147
2481.00,-0.0147
2480.00,-0.0148
2479.00,-0.0148
2478.00,-0.0148
2477.00,-0.0148
2476.00,-0.0148
2475.00,-0.0148
2474.00,-0.0149
2473.00,-0.0149
2472.00,-0.0149
2471.00,-0.0150
2470.00,-0.0150
2469.00,-0.0151
2468.00,-0.0151
2467.00,-0.0151
2466.00,-0.0151
2465.00,-0.0151
2464.00,-0.0151
2463.00,-0.0151
2462.00,-0.0151
2461.00,-0.0151
2460.00,-0.0152
2459.00,-0.0152
2458.00,-0.0153
2457.00,-0.0153
2456.00,-0.0153
2455.00,-0.0152
2454.00,-0.0152
2453.00,-0.0151
2452.00,-0.0151
2451.00,-0.0151
2450.00,-0.0152
2449.00,-0.0152
2448.00,-0.0153
2447.00,-0.0153
2446.00,-0.0153
2445.00,-0.0153
2444.00,-0.0153
2443.00,-0.0153
2442.00,-0.0154
2441.00,-0.0154
2440.00,-0.0154
2439.00,-0.0154
2438.00,-0.0155
2437.00,-0.0155
2436.00,-0.0155
2435.00,-0.0156
2434.00,-0.0156
2433.00,-0.0156
2432.00,-0.0157
2431.00,-0.0157
2430.00,-0.0157
2429.00,-0.0157
2428.00,-0.0157
2427.00,-0.0157
2426.00,-0.0157
2425.00,-0.0157
2424.00,-0.0157
2423.00,-0.0157
2422.00,-0.0157
2421.00,-0.0158
2420.00,-0.0158
2419.00,-0.0158
2418.00,-0.0158
2417.00,-0.0158
2416.00,-0.0159
2415.00,-0.0159
2414.00,-0.0160
2413.00,-0.0160
2412.00,-0.0160
2411.00,-0.0160
2410.00,-0.0160
2409.00,-0.0160
2408.00,-0.0161
2407.00,-0.0161
2406.00,-0.0162
2405.00,-0.0162
2404.00,-0.0162
2403.00,-0.0162
2402.00,-0.0162
2401.00,-0.0162
2400.00,-0.0162
2399.00,-0.0162
2398.00,-0.0162
2397.00,-0.0162
2396.00,-0.0162
2395.00,-0.0162
2394.00,-0.0163
2393.00,-0.0163
2392.00,-0.0163
2391.00,-0.0164
2390.00,-0.0164
2389.00,-0.0164
2388.00,-0.0164
2387.00,-0.0164
2386.00,-0.0164
2385.00,-0.0164
2384.00,-0.0163
2383.00,-0.0163
2382.00,-0.0163
2381.00,-0.0163
2380.00,-0.0163
2379.00,-0.0163
2378.00,-0.0163
2377.00,-0.0164
2376.00,-0.0164
2375.00,-0.0164
2374.00,-0.0164
2373.00,-0.0164
2372.00,-0.0163
2371.00,-0.0163
2370.00,-0.0163
2369.00,-0.0164
2368.00,-0.0164
2367.00,-0.0164
2366.00,-0.0164
2365.00,-0.0163
2364.00,-0.0163
2363.00,-0.0164
2362.00,-0.0165
2361.00,-0.0165
2360.00,-0.0165
2359.00,-0.0165
2358.00,-0.0165
2357.00,-0.0166
2356.00,-0.0167
2355.00,-0.0167
2354.00,-0.0167
2353.00,-0.0167
2352.00,-0.0166
2351.00,-0.0165
2350.00,-0.0165
2349.00,-0.0165
2348.00,-0.0166
2347.00,-0.0166
2346.00,-0.0166
2345.00,-0.0165
2344.00,-0.0165
2343.00,-0.0165
2342.00,-0.0165
2341.00,-0.0165
2340.00,-0.0165
2339.00,-0.0165
2338.00,-0.0166
2337.00,-0.0166
2336.00,-0.0166
2335.00,-0.0166
2334.00,-0.0167
2333.00,-0.0167
2332.00,-0.0167
2331.00,-0.0167
2330.00,-0.0167
2329.00,-0.0167
2328.00,-0.0168
2327.00,-0.0168
2326.00,-0.0168
2325.00,-0.0168
2324.00,-0.0168
2323.00,-0.0168
2322.00,-0.0168
2321.00,-0.0168
2320.00,-0.0168
2319.00,-0.0168
2318.00,-0.0169
2317.00,-0.0169
2316.00,-0.0168
2315.00,-0.0168
2314.00,-0.0168
2313.00,-0.0169
2312.00,-0.0169
2311.00,-0.0169
2310.00,-0.0169
2309.00,-0.0170
2308.00,-0.0170
2307.00,-0.0170
2306.00,-0.0171
2305.00,-0.0171
2304.00,-0.0172
2303.00,-0.0172
2302.00,-0.0172
2301.00,-0.0172
2300.00,-0.0172
2299.00,-0.0172
2298.00,-0.0172
2297.00,-0.0173
2296.00,-0.0173
2295.00,-0.0174
2294.00,-0.0175
2293.00,-0.0175
2292.00,-0.0175
2291.00,-0.0176
2290.00,-0.0176
2289.00,-0.0176
2288.00,-0.0177
2287.00,-0.0177
2286.00,-0.0177
2285.00,-0.0177
2284.00,-0.0177
2283.00,-0.0177
2282.00,-0.0177
2281.00,-0.0178
2280.00,-0.0179
2279.00,-0.0179
2278.00,-0.0179
2277.00,-0.0179
2276.00,-0.0179
2275.00,-0.0179
2274.00,-0.0179
2273.00,-0.0178
2272.00,-0.0178
2271.00,-0.0178
2270.00,-0.0179
2269.00,-0.0180
2268.00,-0.0180
2267.00,-0.0180
2266.00,-0.0180
2265.00,-0.0180
2264.00,-0.0181
2263.00,-0.0182
2262.00,-0.0182
2261.00,-0.0181
2260.00,-0.0181
2259.00,-0.0181
2258.00,-0.0181
2257.00,-0.0181
2256.00,-0.0182
2255.00,-0.0182
2254.00,-0.0182
2253.00,-0.0183
2252.00,-0.0182
2251.00,-0.0182
2250.00,-0.0182
2249.00,-0.0182
2248.00,-0.0182
2247.00,-0.0182
2246.00,-0.0183
2245.00,-0.0183
2244.00,-0.0183
2243.00,-0.0183
2242.00,-0.0184
2241.00,-0.0184
2240.00,-0.0184
2239.00,-0.0183
2238.00,-0.0183
2237.00,-0.0183
2236.00,-0.0183
2235.00,-0.0184
2234.00,-0.0184
2233.00,-0.0183
2232.00,-0.0183
2231.00,-0.0184
2230.00,-0.0185
2229.00,-0.0186
2228.00,-0.0187
2227.00,-0.0187
2226.00,-0.0188
2225.00,-0.0188
2224.00,-0.0188
2223.00,-0.0188
2222.00,-0.0188
2221.00,-0.0187
2220.00,-0.0187
2219.00,-0.0187
2218.00,-0.0186
2217.00,-0.0186
2216.00,-0.0185
2215.00,-0.0185
2214.00,-0.0185
2213.00,-0.0185
2212.00,-0.0185
2211.00,-0.0185
2210.00,-0.0185
2209.00,-0.0184
2208.00,-0.0183
2207.00,-0.0183
2206.00,-0.0185
2205.00,-0.0187
2204.00,-0.0189
2203.00,-0.0189
2202.00,-0.0188
2201.00,-0.0188
2200.00,-0.0188
2199.00,-0.0187
2198.00,-0.0187
2197.00,-0.0187
2196.00,-0.0187
2195.00,-0.0187
2194.00,-0.0187
2193.00,-0.0187
2192.00,-0.0186
2191.00,-0.0187
2190.00,-0.0188
2189.00,-0.0189
2188.00,-0.0189
2187.00,-0.0189
2186.00,-0.0190
2185.00,-0.0190
2184.00,-0.0190
2183.00,-0.0191
2182.00,-0.0192
2181.00,-0.0193
2180.00,-0.0193
2179.00,-0.0193
2178.00,-0.0193
2177.00,-0.0191
2176.00,-0.0189
2175.00,-0.0189
2174.00,-0.0190
2173.00,-0.0191
2172.00,-0.0191
2171.00,-0.0191
2170.00,-0.0191
2169.00,-0.0192
2168.00,-0.0194
2167.00,-0.0196
2166.00,-0.0197
2165.00,-0.0197
2164.00,-0.0196
2163.00,-0.0195
2162.00,-0.0194
2161.00,-0.0193
2160.00,-0.0192
2159.00,-0.0192
2158.00,-0.0193
2157.00,-0.0194
2156.00,-0.0194
2155.00,-0.0195
2154.00,-0.0196
2153.00,-0.0197
2152.00,-0.0197
2151.00,-0.0196
2150.00,-0.0195
2149.00,-0.0194
2148.00,-0.0194
2147.00,-0.0194
2146.00,-0.0195
2145.00,-0.0196
2144.00,-0.0196
2143.00,-0.0196
2142.00,-0.0196
2141.00,-0.0196
2140.00,-0.0196
2139.00,-0.0196
2138.00,-0.0195
2137.00,-0.0195
2136.00,-0.0194
2135.00,-0.0194
2134.00,-0.0195
2133.00,-0.0195
2132.00,-0.0195
2131.00,-0.0194
2130.00,-0.0194
2129.00,-0.0195
2128.00,-0.0195
2127.00,-0.0196
2126.00,-0.0197
2125.00,-0.0197
2124.00,-0.0197
2123.00,-0.0197
2122.00,-0.0198
2121.00,-0.0198
2120.00,-0.0198
2119.00,-0.0198
2118.00,-0.0198
2117.00,-0.0198
2116.00,-0.0198
2115.00,-0.0198
2114.00,-0.0199
2113.00,-0.0199
2112.00,-0.0199
2111.00,-0.0199
2110.00,-0.0199
2109.00,-0.0199
2108.00,-0.0199
2107.00,-0.0200
2106.00,-0.0200
2105.00,-0.0199
2104.00,-0.0199
2103.00,-0.0198
2102.00,-0.0199
2101.00,-0.0199
2100.00,-0.0199
2099.00,-0.0198
2098.00,-0.0198
2097.00,-0.0198
2096.00,-0.0198
2095.00,-0.0198
2094.00,-0.0198
2093.00,-0.0199
2092.00,-0.0199
2091.00,-0.0199
2090.00,-0.0199
2089.00,-0.0199
2088.00,-0.0198
2087.00,-0.0198
2086.00,-0.0199
2085.00,-0.0200
2084.00,-0.0200
2083.00,-0.0201
2082.00,-0.0201
2081.00,-0.0201
2080.00,-0.0201
2079.00,-0.0200
2078.00,-0.0201
2077.00,-0.0201
2076.00,-0.0201
2075.00,-0.0201
2074.00,-0.0202
2073.00,-0.0202
2072.00,-0.0203
2071.00,-0.0203
2070.00,-0.0202
2069.00,-0.0202
2068.00,-0.0202
2067.00,-0.0202
2066.00,-0.0203
2065.00,-0.0203
2064.00,-0.0202
2063.00,-0.0202
2062.00,-0.0203
2061.00,-0.0203
2060.00,-0.0204
2059.00,-0.0206
2058.00,-0.0207
2057.00,-0.0207
2056.00,-0.0207
2055.00,-0.0207
2054.00,-0.0207
2053.00,-0.0208
2052.00,-0.0209
2051.00,-0.0210
2050.00,-0.0210
2049.00,-0.0210
2048.00,-0.0209
2047.00,-0.0208
2046.00,-0.0207
2045.00,-0.0207
2044.00,-0.0207
2043.00,-0.0208
2042.00,-0.0208
2041.00,-0.0208
2040.00,-0.0208
2039.00,-0.0207
2038.00,-0.0207
2037.00,-0.0208
2036.00,-0.0208
2035.00,-0.0208
2034.00,-0.0209
2033.00,-0.0209
2032.00,-0.0208
2031.00,-0.0209
2030.00,-0.0211
2029.00,-0.0213
2028.00,-0.0213
2027.00,-0.0213
2026.00,-0.0213
2025.00,-0.0212
2024.00,-0.0212
2023.00,-0.0214
2022.00,-0.0216
2021.00,-0.0217
2020.00,-0.0217
2019.00,-0.0217
2018.00,-0.0217
2017.00,-0.0216
2016.00,-0.0215
2015.00,-0.0213
2014.00,-0.0213
2013.00,-0.0213
2012.00,-0.0213
2011.00,-0.0213
2010.00,-0.0213
2009.00,-0.0214
2008.00,-0.0215
2007.00,-0.0218
2006.00,-0.0219
2005.00,-0.0219
2004.00,-0.0218
2003.00,-0.0217
2002.00,-0.0218
2001.00,-0.0219
2000.00,-0.0219
1999.00,-0.0219
1998.00,-0.0218
1997.00,-0.0217
1996.00,-0.0217
1995.00,-0.0218
1994.00,-0.0219
1993.00,-0.0220
1992.00,-0.0220
1991.00,-0.0221
1990.00,-0.0221
1989.00,-0.0222
1988.00,-0.0221
1987.00,-0.0221
1986.00,-0.0220
1985.00,-0.0219
1984.00,-0.0218
1983.00,-0.0218
1982.00,-0.0219
1981.00,-0.0219
1980.00,-0.0218
1979.00,-0.0218
1978.00,-0.0219
1977.00,-0.0220
1976.00,-0.0220
1975.00,-0.0221
1974.00,-0.0221
1973.00,-0.0220
1972.00,-0.0219
1971.00,-0.0220
1970.00,-0.0222
1969.00,-0.0224
1968.00,-0.0225
1967.00,-0.0226
1966.00,-0.0226
1965.00,-0.0226
1964.00,-0.0225
1963.00,-0.0223
1962.00,-0.0223
1961.00,-0.0223
1960.00,-0.0224
1959.00,-0.0225
1958.00,-0.0226
1957.00,-0.0226
1956.00,-0.0225
1955.00,-0.0226
1954.00,-0.0226
1953.00,-0.0227
1952.00,-0.0226
1951.00,-0.0227
1950.00,-0.0228
1949.00,-0.0229
1948.00,-0.0230
1947.00,-0.0230
1946.00,-0.0231
1945.00,-0.0231
1944.00,-0.0232
1943.00,-0.0233
1942.00,-0.0234
1941.00,-0.0233
1940.00,-0.0232
1939.00,-0.0231
1938.00,-0.0232
1937.00,-0.0232
1936.00,-0.0233
1935.00,-0.0233
1934.00,-0.0233
1933.00,-0.0233
1932.00,-0.0233
1931.00,-0.0232
1930.00,-0.0232
1929.00,-0.0232
1928.00,-0.0232
1927.00,-0.0231
1926.00,-0.0232
1925.00,-0.0232
1924.00,-0.0232
1923.00,-0.0233
1922.00,-0.0233
1921.00,-0.0233
1920.00,-0.0232
1919.00,-0.0231
1918.00,-0.0231
1917.00,-0.0231
1916.00,-0.0230
1915.00,-0.0230
1914.00,-0.0231
1913.00,-0.0231
1912.00,-0.0232
1911.00,-0.0233
1910.00,-0.0234
1909.00,-0.0234
1908.00,-0.0233
1907.00,-0.0232
1906.00,-0.0232
1905.00,-0.0231
1904.00,-0.0231
1903.00,-0.0231
1902.00,-0.0232
1901.00,-0.0232
1900.00,-0.0232
1899.00,-0.0232
1898.00,-0.0232
1897.00,-0.0233
1896.00,-0.0233
1895.00,-0.0233
1894.00,-0.0233
1893.00,-0.0233
1892.00,-0.0233
1891.00,-0.0233
1890.00,-0.0235
1889.00,-0.0235
1888.00,-0.0235
1887.00,-0.0235
1886.00,-0.0235
1885.00,-0.0235
1884.00,-0.0235
1883.00,-0.0236
1882.00,-0.0236
1881.00,-0.0236
1880.00,-0.0236
1879.00,-0.0236
1878.00,-0.0236
1877.00,-0.0236
1876.00,-0.0236
1875.00,-0.0237
1874.00,-0.0238
1873.00,-0.0238
1872.00,-0.0239
1871.00,-0.0240
1870.00,-0.0241
1869.00,-0.0242
1868.00,-0.0242
1867.00,-0.0242
1866.00,-0.0241
1865.00,-0.0241
1864.00,-0.0240
1863.00,-0.0239
1862.00,-0.0239
1861.00,-0.0240
1860.00,-0.0240
1859.00,-0.0240
1858.00,-0.0240
1857.00,-0.0240
1856.00,-0.0240
1855.00,-0.0240
1854.00,-0.0241
1853.00,-0.0241
1852.00,-0.0241
1851.00,-0.0241
1850.00,-0.0242
1849.00,-0.0243
1848.00,-0.0243
1847.00,-0.0244
1846.00,-0.0245
1845.00,-0.0245
1844.00,-0.0245
1843.00,-0.0244
1842.00,-0.0244
1841.00,-0.0244
1840.00,-0.0244
1839.00,-0.0244
1838.00,-0.0244
1837.00,-0.0244
1836.00,-0.0244
1835.00,-0.0244
1834.00,-0.0244
1833.00,-0.0244
1832.00,-0.0244
1831.00,-0.0245
1830.00,-0.0247
1829.00,-0.0247
1828.00,-0.0247
1827.00,-0.0246
1826.00,-0.0247
1825.00,-0.0246
1824.00,-0.0246
1823.00,-0.0245
1822.00,-0.0245
1821.00,-0.0245
1820.00,-0.0245
1819.00,-0.0245
1818.00,-0.0246
1817.00,-0.0246
1816.00,-0.0246
1815.00,-0.0246
1814.00,-0.0246
1813.00,-0.0246
1812.00,-0.0247
1811.00,-0.0248
1810.00,-0.0248
1809.00,-0.0248
1808.00,-0.0247
1807.00,-0.0246
1806.00,-0.0246
1805.00,-0.0246
1804.00,-0.0246
1803.00,-0.0247
1802.00,-0.0248
1801.00,-0.0249
1800.00,-0.0249
1799.00,-0.0248
1798.00,-0.0248
1797.00,-0.0248
1796.00,-0.0248
1795.00,-0.0248
1794.00,-0.0248
1793.00,-0.0249
1792.00,-0.0248
1791.00,-0.0248
1790.00,-0.0247
1789.00,-0.0245
1788.00,-0.0243
1787.00,-0.0242
1786.00,-0.0242
1785.00,-0.0242
1784.00,-0.0242
1783.00,-0.0242
1782.00,-0.0242
1781.00,-0.0243
1780.00,-0.0242
1779.00,-0.0242
1778.00,-0.0242
1777.00,-0.0241
1776.00,-0.0241
1775.00,-0.0242
1774.00,-0.0243
1773.00,-0.0243
1772.00,-0.0243
1771.00,-0.0242
1770.00,-0.0242
1769.00,-0.0242
1768.00,-0.0241
1767.00,-0.0240
1766.00,-0.0239
1765.00,-0.0239
1764.00,-0.0239
1763.00,-0.0239
1762.00,-0.0240
1761.00,-0.0240
1760.00,-0.0239
1759.00,-0.0240
1758.00,-0.0240
1757.00,-0.0240
1756.00,-0.0239
1755.00,-0.0238
1754.00,-0.0239
1753.00,-0.0239
1752.00,-0.0239
1751.00,-0.0240
1750.00,-0.0242
1749.00,-0.0243
1748.00,-0.0243
1747.00,-0.0243
1746.00,-0.0242
1745.00,-0.0242
1744.00,-0.0241
1743.00,-0.0240
1742.00,-0.0240
1741.00,-0.0239
1740.00,-0.0238
1739.00,-0.0237
1738.00,-0.0238
1737.00,-0.0238
1736.00,-0.0238
1735.00,-0.0238
1734.00,-0.0239
1733.00,-0.0239
1732.00,-0.0239
1731.00,-0.0239
1730.00,-0.0239
1729.00,-0.0238
1728.00,-0.0235
1727.00,-0.0233
1726.00,-0.0231
1725.00,-0.0230
1724.00,-0.0228
1723.00,-0.0227
1722.00,-0.0225
1721.00,-0.0224
1720.00,-0.0222
1719.00,-0.0219
1718.00,-0.0217
1717.00,-0.0214
1716.00,-0.0208
1715.00,-0.0202
1714.00,-0.0195
1713.00,-0.0186
1712.00,-0.0175
1711.00,-0.0164
1710.00,-0.0151
1709.00,-0.0137
1708.00,-0.0119
1707.00,-0.0097
1706.00,-0.0069
1705.00,-0.0037
1704.00,-0.0005
1703.00,0.0023
1702.00,0.0052
1701.00,0.0088
1700.00,0.0124
1699.00,0.0146
1698.00,0.0153
1697.00,0.0155
1696.00,0.0160
1695.00,0.0167
1694.00,0.0173
1693.00,0.0175
1692.00,0.0178
1691.00,0.0183
1690.00,0.0191
1689.00,0.0199
1688.00,0.0208
1687.00,0.0216
1686.00,0.0228
1685.00,0.0246
1684.00,0.0270
1683.00,0.0292
1682.00,0.0307
1681.00,0.0320
1680.00,0.0336
1679.00,0.0352
1678.00,0.0368
1677.00,0.0385
1676.00,0.0407
1675.00,0.0432
1674.00,0.0453
1673.00,0.0469
1672.00,0.0484
1671.00,0.0503
1670.00,0.0528
1669.00,0.0555
1668.00,0.0581
1667.00,0.0602
1666.00,0.0619
1665.00,0.0637
1664.00,0.0660
1663.00,0.0687
1662.00,0.0715
1661.00,0.0740
1660.00,0.0763
1659.00,0.0783
1658.00,0.0802
1657.00,0.0817
1656.00,0.0829
1655.00,0.0845
1654.00,0.0872
1653.00,0.0913
1652.00,0.0947
1651.00,0.0959
1650.00,0.0958
1649.00,0.0960
1648.00,0.0973
1647.00,0.0996
1646.00,0.1022
1645.00,0.1042
1644.00,0.1058
1643.00,0.1071
1642.00,0.1085
1641.00,0.1102
1640.00,0.1121
1639.00,0.1138
1638.00,0.1156
1637.00,0.1182
1636.00,0.1223
1635.00,0.1270
1634.00,0.1307
1633.00,0.1332
1632.00,0.1353
1631.00,0.1377
1630.00,0.1405
1629.00,0.1436
1628.00,0.1468
1627.00,0.1495
1626.00,0.1516
1625.00,0.1531
1624.00,0.1545
1623.00,0.1554
1622.00,0.1552
1621.00,0.1535
1620.00,0.1508
1619.00,0.1476
1618.00,0.1437
1617.00,0.1391
1616.00,0.1340
1615.00,0.1287
1614.00,0.1232
1613.00,0.1176
1612.00,0.1118
1611.00,0.1058
1610.00,0.0997
1609.00,0.0934
1608.00,0.0872
1607.00,0.0812
1606.00,0.0756
1605.00,0.0702
1604.00,0.0651
1603.00,0.0604
1602.00,0.0561
1601.00,0.0523
1600.00,0.0489
1599.00,0.0458
1598.00,0.0430
1597.00,0.0405
1596.00,0.0380
1595.00,0.0357
1594.00,0.0335
1593.00,0.0315
1592.00,0.0295
1591.00,0.0277
1590.00,0.0261
1589.00,0.0247
1588.00,0.0234
1587.00,0.0223
1586.00,0.0215
1585.00,0.0209
1584.00,0.0204
1583.00,0.0200
1582.00,0.0199
1581.00,0.0199
1580.00,0.0199
1579.00,0.0200
1578.00,0.0204
1577.00,0.0213
1576.00,0.0225
1575.00,0.0238
1574.00,0.0248
1573.00,0.0256
1572.00,0.0265
1571.00,0.0278
1570.00,0.0297
1569.00,0.0318
1568.00,0.0337
1567.00,0.0353
1566.00,0.0371
1565.00,0.0391
1564.00,0.0411
1563.00,0.0426
1562.00,0.0439
1561.00,0.0455
1560.00,0.0480
1559.00,0.0518
1558.00,0.0555
1557.00,0.0579
1556.00,0.0594
1555.00,0.0611
1554.00,0.0633
1553.00,0.0655
1552.00,0.0674
1551.00,0.0693
1550.00,0.0714
1549.00,0.0737
1548.00,0.0755
1547.00,0.0771
1546.00,0.0787
1545.00,0.0805
1544.00,0.0822
1543.00,0.0838
1542.00,0.0855
1541.00,0.0880
1540.00,0.0912
1539.00,0.0944
1538.00,0.0965
1537.00,0.0974
1536.00,0.0980
1535.00,0.0991
1534.00,0.1012
1533.00,0.1037
1532.00,0.1057
1531.00,0.1070
1530.00,0.1081
1529.00,0.1093
1528.00,0.1106
1527.00,0.1121
1526.00,0.1137
1525.00,0.1150
1524.00,0.1159
1523.00,0.1171
1522.00,0.1191
1521.00,0.1218
1520.00,0.1240
1519.00,0.1254
1518.00,0.1269
1517.00,0.1286
1516.00,0.1300
1515.00,0.1304
1514.00,0.1297
1513.00,0.1283
1512.00,0.1262
1511.00,0.1236
1510.00,0.1207
1509.00,0.1175
1508.00,0.1144
1507.00,0.1114
1506.00,0.1087
1505.00,0.1059
1504.00,0.1027
1503.00,0.0992
1502.00,0.0958
1501.00,0.0923
1500.00,0.0889
1499.00,0.0854
1498.00,0.0820
1497.00,0.0785
1496.00,0.0751
1495.00,0.0718
1494.00,0.0686
1493.00,0.0655
1492.00,0.0623
1491.00,0.0592
1490.00,0.0561
1489.00,0.0531
1488.00,0.0505
1487.00,0.0483
1486.00,0.0462
1485.00,0.0442
1484.00,0.0423
1483.00,0.0405
1482.00,0.0388
1481.00,0.0372
1480.00,0.0359
1479.00,0.0349
1478.00,0.0343
1477.00,0.0341
1476.00,0.0345
1475.00,0.0354
1474.00,0.0364
1473.00,0.0370
1472.00,0.0369
1471.00,0.0361
1470.00,0.0350
1469.00,0.0341
1468.00,0.0337
1467.00,0.0340
1466.00,0.0350
1465.00,0.0369
1464.00,0.0388
1463.00,0.0400
1462.00,0.0404
1461.00,0.0403
1460.00,0.0401
1459.00,0.0403
1458.00,0.0410
1457.00,0.0426
1456.00,0.0444
1455.00,0.0458
1454.00,0.0468
1453.00,0.0478
1452.00,0.0489
1451.00,0.0499
1450.00,0.0507
1449.00,0.0513
1448.00,0.0516
1447.00,0.0518
1446.00,0.0515
1445.00,0.0511
1444.00,0.0504
1443.00,0.0496
1442.00,0.0487
1441.00,0.0475
1440.00,0.0462
1439.00,0.0447
1438.00,0.0429
1437.00,0.0409
1436.00,0.0388
1435.00,0.0367
1434.00,0.0348
1433.00,0.0329
1432.00,0.0312
1431.00,0.0297
1430.00,0.0283
1429.00,0.0272
1428.00,0.0264
1427.00,0.0258
1426.00,0.0254
1425.00,0.0251
1424.00,0.0250
1423.00,0.0250
1422.00,0.0252
1421.00,0.0254
1420.00,0.0259
1419.00,0.0266
1418.00,0.0275
1417.00,0.0282
1416.00,0.0291
1415.00,0.0300
1414.00,0.0310
1413.00,0.0319
1412.00,0.0329
1411.00,0.0338
1410.00,0.0348
1409.00,0.0358
1408.00,0.0367
1407.00,0.0375
1406.00,0.0384
1405.00,0.0394
1404.00,0.0406
1403.00,0.0418
1402.00,0.0431
1401.00,0.0443
1400.00,0.0458
1399.00,0.0473
1398.00,0.0487
1397.00,0.0500
1396.00,0.0514
1395.00,0.0529
1394.00,0.0542
1393.00,0.0549
1392.00,0.0552
1391.00,0.0552
1390.00,0.0551
1389.00,0.0552
1388.00,0.0554
1387.00,0.0558
1386.00,0.0561
1385.00,0.0565
1384.00,0.0569
1383.00,0.0573
1382.00,0.0572
1381.00,0.0567
1380.00,0.0557
1379.00,0.0544
1378.00,0.0529
1377.00,0.0514
1376.00,0.0499
1375.00,0.0484
1374.00,0.0470
1373.00,0.0457
1372.00,0.0444
1371.00,0.0430
1370.00,0.0414
1369.00,0.0397
1368.00,0.0380
1367.00,0.0362
1366.00,0.0345
1365.00,0.0326
1364.00,0.0307
1363.00,0.0288
1362.00,0.0271
1361.00,0.0257
1360.00,0.0246
1359.00,0.0236
1358.00,0.0228
1357.00,0.0219
1356.00,0.0211
1355.00,0.0203
1354.00,0.0196
1353.00,0.0190
1352.00,0.0186
1351.00,0.0182
1350.00,0.0179
1349.00,0.0177
1348.00,0.0176
1347.00,0.0174
1346.00,0.0173
1345.00,0.0173
1344.00,0.0172
1343.00,0.0172
1342.00,0.0170
1341.00,0.0168
1340.00,0.0165
1339.00,0.0163
1338.00,0.0161
1337.00,0.0160
1336.00,0.0158
1335.00,0.0156
1334.00,0.0153
1333.00,0.0149
1332.00,0.0144
1331.00,0.0139
1330.00,0.0133
1329.00,0.0127
1328.00,0.0121
1327.00,0.0116
1326.00,0.0110
1325.00,0.0104
1324.00,0.0099
1323.00,0.0095
1322.00,0.0091
1321.00,0.0087
1320.00,0.0084
1319.00,0.0082
1318.00,0.0081
1317.00,0.0080
1316.00,0.0079
1315.00,0.0078
1314.00,0.0078
1313.00,0.0078
1312.00,0.0078
1311.00,0.0079
1310.00,0.0079
1309.00,0.0080
1308.00,0.0080
1307.00,0.0080
1306.00,0.0081
1305.00,0.0081
1304.00,0.0081
1303.00,0.0082
1302.00,0.0082
1301.00,0.0083
1300.00,0.0083
1299.00,0.0084
1298.00,0.0084
1297.00,0.0085
1296.00,0.0086
1295.00,0.0088
1294.00,0.0090
1293.00,0.0093
1292.00,0.0097
1291.00,0.0101
1290.00,0.0105
1289.00,0.0109
1288.00,0.0113
1287.00,0.0119
1286.00,0.0124
1285.00,0.0130
1284.00,0.0137
1283.00,0.0144
1282.00,0.0151
1281.00,0.0160
1280.00,0.0169
1279.00,0.0180
1278.00,0.0193
1277.00,0.0207
1276.00,0.0222
1275.00,0.0239
1274.00,0.0256
1273.00,0.0275
1272.00,0.0295
1271.00,0.0314
1270.00,0.0334
1269.00,0.0353
1268.00,0.0370
1267.00,0.0387
1266.00,0.0401
1265.00,0.0414
1264.00,0.0424
1263.00,0.0431
1262.00,0.0437
1261.00,0.0441
1260.00,0.0444
1259.00,0.0448
1258.00,0.0453
1257.00,0.0459
1256.00,0.0467
1255.00,0.0476
1254.00,0.0485
1253.00,0.0494
1252.00,0.0501
1251.00,0.0504
1250.00,0.0504
1249.00,0.0501
1248.00,0.0498
1247.00,0.0495
1246.00,0.0494
1245.00,0.0495
1244.00,0.0499
1243.00,0.0504
1242.00,0.0510
1241.00,0.0516
1240.00,0.0521
1239.00,0.0526
1238.00,0.0530
1237.00,0.0533
1236.00,0.0535
1235.00,0.0535
1234.00,0.0534
1233.00,0.0531
1232.00,0.0527
1231.00,0.0521
1230.00,0.0512
1229.00,0.0501
1228.00,0.0488
1227.00,0.0474
1226.00,0.0459
1225.00,0.0442
1224.00,0.0425
1223.00,0.0408
1222.00,0.0391
1221.00,0.0374
1220.00,0.0356
1219.00,0.0339
1218.00,0.0321
1217.00,0.0303
1216.00,0.0285
1215.00,0.0267
1214.00,0.0248
1213.00,0.0230
1212.00,0.0211
1211.00,0.0193
1210.00,0.0176
1209.00,0.0159
1208.00,0.0142
1207.00,0.0127
1206.00,0.0112
1205.00,0.0097
1204.00,0.0084
1203.00,0.0072
1202.00,0.0060
1201.00,0.0050
1200.00,0.0041
1199.00,0.0033
1198.00,0.0026
1197.00,0.0021
1196.00,0.0017
1195.00,0.0015
1194.00,0.0014
1193.00,0.0014
1192.00,0.0015
1191.00,0.0017
1190.00,0.0021
1189.00,0.0025
1188.00,0.0031
1187.00,0.0038
1186.00,0.0046
1185.00,0.0055
1184.00,0.0065
1183.00,0.0077
1182.00,0.0090
1181.00,0.0103
1180.00,0.0118
1179.00,0.0133
1178.00,0.0149
1177.00,0.0167
1176.00,0.0184
1175.00,0.0202
1174.00,0.0220
1173.00,0.0236
1172.00,0.0252
1171.00,0.0266
1170.00,0.0280
1169.00,0.0291
1168.00,0.0301
1167.00,0.0309
1166.00,0.0317
1165.00,0.0325
1164.00,0.0331
1163.00,0.0336
1162.00,0.0338
1161.00,0.0339
1160.00,0.0339
1159.00,0.0340
1158.00,0.0340
1157.00,0.0338
1156.00,0.0336
1155.00,0.0332
1154.00,0.0327
1153.00,0.0321
1152.00,0.0314
1151.00,0.0305
1150.00,0.0295
1149.00,0.0284
1148.00,0.0270
1147.00,0.0256
1146.00,0.0242
1145.00,0.0227
1144.00,0.0214
1143.00,0.0202
1142.00,0.0190
1141.00,0.0180
1140.00,0.0172
1139.00,0.0163
1138.00,0.0155
1137.00,0.0145
1136.00,0.0135
1135.00,0.0125
1134.00,0.0116
1133.00,0.0108
1132.00,0.0103
1131.00,0.0098
1130.00,0.0092
1129.00,0.0086
1128.00,0.0079
1127.00,0.0073
1126.00,0.0066
1125.00,0.0058
1124.00,0.0051
1123.00,0.0044
1122.00,0.0037
1121.00,0.0030
1120.00,0.0023
1119.00,0.0016
1118.00,0.0010
1117.00,0.0003
1116.00,-0.0003
1115.00,-0.0009
1114.00,-0.0014
1113.00,-0.0019
1112.00,-0.0024
1111.00,-0.0027
1110.00,-0.0030
1109.00,-0.0032
1108.00,-0.0033
1107.00,-0.0033
1106.00,-0.0032
1105.00,-0.0031
1104.00,-0.0030
1103.00,-0.0028
1102.00,-0.0026
1101.00,-0.0023
1100.00,-0.0019
1099.00,-0.0015
1098.00,-0.0009
1097.00,-0.0003
1096.00,0.0004
1095.00,0.0013
1094.00,0.0023
1093.00,0.0033
1092.00,0.0044
1091.00,0.0054
1090.00,0.0064
1089.00,0.0072
1088.00,0.0079
1087.00,0.0086
1086.00,0.0092
1085.00,0.0099
1084.00,0.0106
1083.00,0.0113
1082.00,0.0120
1081.00,0.0126
1080.00,0.0132
1079.00,0.0137
1078.00,0.0141
1077.00,0.0145
1076.00,0.0150
1075.00,0.0155
1074.00,0.0161
1073.00,0.0166
1072.00,0.0167
1071.00,0.0164
1070.00,0.0159
1069.00,0.0152
1068.00,0.0143
1067.00,0.0133
1066.00,0.0123
1065.00,0.0114
1064.00,0.0106
1063.00,0.0099
1062.00,0.0092
1061.00,0.0084
1060.00,0.0076
1059.00,0.0066
1058.00,0.0054
1057.00,0.0042
1056.00,0.0030
1055.00,0.0017
1054.00,0.0005
1053.00,-0.0008
1052.00,-0.0020
1051.00,-0.0033
1050.00,-0.0046
1049.00,-0.0058
1048.00,-0.0069
1047.00,-0.0080
1046.00,-0.0091
1045.00,-0.0101
1044.00,-0.0112
1043.00,-0.0122
1042.00,-0.0131
1041.00,-0.0139
1040.00,-0.0146
1039.00,-0.0153
1038.00,-0.0159
1037.00,-0.0165
1036.00,-0.0170
1035.00,-0.0174
1034.00,-0.0177
1033.00,-0.0181
1032.00,-0.0183
1031.00,-0.0186
1030.00,-0.0189
1029.00,-0.0191
1028.00,-0.0193
1027.00,-0.0195
1026.00,-0.0196
1025.00,-0.0197
1024.00,-0.0197
1023.00,-0.0196
1022.00,-0.0195
1021.00,-0.0193
1020.00,-0.0190
1019.00,-0.0187
1018.00,-0.0183
1017.00,-0.0180
1016.00,-0.0178
1015.00,-0.0177
1014.00,-0.0176
1013.00,-0.0176
1012.00,-0.0177
1011.00,-0.0178
1010.00,-0.0178
1009.00,-0.0179
1008.00,-0.0179
1007.00,-0.0177
1006.00,-0.0176
1005.00,-0.0173
1004.00,-0.0171
1003.00,-0.0168
1002.00,-0.0166
1001.00,-0.0164
1000.00,-0.0163
999.00,-0.0164
998.00,-0.0166
997.00,-0.0169
996.00,-0.0174
995.00,-0.0180
994.00,-0.0187
993.00,-0.0193
992.00,-0.0199
991.00,-0.0204
990.00,-0.0208
989.00,-0.0211
988.00,-0.0212
987.00,-0.0212
986.00,-0.0209
985.00,-0.0205
984.00,-0.0199
983.00,-0.0190
982.00,-0.0179
981.00,-0.0166
980.00,-0.0151
979.00,-0.0134
978.00,-0.0116
977.00,-0.0098
976.00,-0.0078
975.00,-0.0058
974.00,-0.0038
973.00,-0.0018
972.00,0.0001
971.00,0.0018
970.00,0.0033
969.00,0.0045
968.00,0.0053
967.00,0.0057
966.00,0.0057
965.00,0.0055
964.00,0.0050
963.00,0.0045
962.00,0.0042
961.00,0.0044
960.00,0.0052
959.00,0.0064
958.00,0.0076
957.00,0.0084
956.00,0.0087
955.00,0.0086
954.00,0.0085
953.00,0.0083
952.00,0.0078
951.00,0.0070
950.00,0.0059
949.00,0.0048
948.00,0.0038
947.00,0.0031
946.00,0.0025
945.00,0.0021
944.00,0.0016
943.00,0.0010
942.00,0.0004
941.00,-0.0004
940.00,-0.0013
939.00,-0.0024
938.00,-0.0036
937.00,-0.0050
936.00,-0.0065
935.00,-0.0081
934.00,-0.0096
933.00,-0.0112
932.00,-0.0127
931.00,-0.0141
930.00,-0.0155
929.00,-0.0168
928.00,-0.0180
927.00,-0.0192
926.00,-0.0203
925.00,-0.0214
924.00,-0.0224
923.00,-0.0233
922.00,-0.0242
921.00,-0.0251
920.00,-0.0259
919.00,-0.0267
918.00,-0.0274
917.00,-0.0280
916.00,-0.0285
915.00,-0.0290
914.00,-0.0294
913.00,-0.0298
912.00,-0.0302
911.00,-0.0305
910.00,-0.0308
909.00,-0.0310
908.00,-0.0313
907.00,-0.0315
906.00,-0.0317
905.00,-0.0318
904.00,-0.0320
903.00,-0.0321
902.00,-0.0322
901.00,-0.0323
900.00,-0.0324
899.00,-0.0324
898.00,-0.0324
897.00,-0.0325
896.00,-0.0327
895.00,-0.0328
894.00,-0.0329
893.00,-0.0329
892.00,-0.0330
891.00,-0.0331
890.00,-0.0332
889.00,-0.0333
888.00,-0.0333
887.00,-0.0334
886.00,-0.0334
885.00,-0.0335
884.00,-0.0335
883.00,-0.0335
882.00,-0.0335
881.00,-0.0336
880.00,-0.0336
879.00,-0.0337
878.00,-0.0338
877.00,-0.0338
876.00,-0.0339
875.00,-0.0339
874.00,-0.0339
873.00,-0.0339
872.00,-0.0339
871.00,-0.0339
870.00,-0.0338
869.00,-0.0338
868.00,-0.0337
867.00,-0.0337
866.00,-0.0336
865.00,-0.0335
864.00,-0.0333
863.00,-0.0330
862.00,-0.0327
861.00,-0.0324
860.00,-0.0321
859.00,-0.0318
858.00,-0.0314
857.00,-0.0310
856.00,-0.0305
855.00,-0.0301
854.00,-0.0297
853.00,-0.0294
852.00,-0.0293
851.00,-0.0291
850.00,-0.0291
849.00,-0.0291
848.00,-0.0291
847.00,-0.0292
846.00,-0.0291
845.00,-0.0290
844.00,-0.0289
843.00,-0.0286
842.00,-0.0284
841.00,-0.0280
840.00,-0.0276
839.00,-0.0270
838.00,-0.0264
837.00,-0.0257
836.00,-0.0250
835.00,-0.0243
834.00,-0.0236
833.00,-0.0231
832.00,-0.0225
831.00,-0.0221
830.00,-0.0218
829.00,-0.0215
828.00,-0.0214
827.00,-0.0214
826.00,-0.0215
825.00,-0.0216
824.00,-0.0218
823.00,-0.0218
822.00,-0.0218
821.00,-0.0217
820.00,-0.0216
819.00,-0.0216
818.00,-0.0215
817.00,-0.0213
816.00,-0.0212
815.00,-0.0212
814.00,-0.0212
813.00,-0.0213
812.00,-0.0214
811.00,-0.0214
810.00,-0.0213
809.00,-0.0213
808.00,-0.0212
807.00,-0.0211
806.00,-0.0210
805.00,-0.0209
804.00,-0.0209
803.00,-0.0209
802.00,-0.0210
801.00,-0.0211
800.00,-0.0212
799.00,-0.0213
798.00,-0.0214
797.00,-0.0215
796.00,-0.0216
795.00,-0.0217
794.00,-0.0217
793.00,-0.0216
792.00,-0.0216
791.00,-0.0215
790.00,-0.0213
789.00,-0.0211
788.00,-0.0209
787.00,-0.0206
786.00,-0.0204
785.00,-0.0201
784.00,-0.0198
783.00,-0.0195
782.00,-0.0193
781.00,-0.0190
780.00,-0.0187
779.00,-0.0184
778.00,-0.0180
777.00,-0.0177
776.00,-0.0172
775.00,-0.0168
774.00,-0.0163
773.00,-0.0159
772.00,-0.0155
771.00,-0.0151
770.00,-0.0147
769.00,-0.0143
768.00,-0.0139
767.00,-0.0137
766.00,-0.0134
765.00,-0.0132
764.00,-0.0129
763.00,-0.0127
762.00,-0.0125
761.00,-0.0123
760.00,-0.0121
759.00,-0.0117
758.00,-0.0114
757.00,-0.0110
756.00,-0.0106
755.00,-0.0102
754.00,-0.0098
753.00,-0.0095
752.00,-0.0090
751.00,-0.0084
750.00,-0.0078
749.00,-0.0072
748.00,-0.0066
747.00,-0.0059
746.00,-0.0052
745.00,-0.0046
744.00,-0.0040
743.00,-0.0033
742.00,-0.0026
741.00,-0.0018
740.00,-0.0010
739.00,-0.0002
738.00,0.0006
737.00,0.0015
736.00,0.0023
735.00,0.0032
734.00,0.0041
733.00,0.0050
732.00,0.0060
731.00,0.0070
730.00,0.0079
729.00,0.0088
728.00,0.0097
727.00,0.0106
726.00,0.0114
725.00,0.0123
724.00,0.0133
723.00,0.0142
722.00,0.0151
721.00,0.0160
720.00,0.0168
719.00,0.0174
718.00,0.0180
717.00,0.0186
716.00,0.0191
715.00,0.0197
714.00,0.0203
713.00,0.0209
712.00,0.0216
711.00,0.0222
710.00,0.0228
709.00,0.0235
708.00,0.0241
707.00,0.0248
706.00,0.0255
705.00,0.0262
704.00,0.0269
703.00,0.0275
702.00,0.0282
701.00,0.0287
700.00,0.0293
699.00,0.0298
698.00,0.0302
697.00,0.0306
696.00,0.0308
695.00,0.0310
694.00,0.0312
693.00,0.0313
692.00,0.0315
691.00,0.0317
690.00,0.0319
689.00,0.0321
688.00,0.0322
687.00,0.0324
686.00,0.0326
685.00,0.0327
684.00,0.0328
683.00,0.0328
682.00,0.0329
681.00,0.0330
680.00,0.0330
679.00,0.0331
678.00,0.0332
677.00,0.0333
676.00,0.0334
675.00,0.0334
674.00,0.0335
673.00,0.0335
672.00,0.0336
671.00,0.0335
670.00,0.0334
669.00,0.0334
668.00,0.0336
667.00,0.0338
666.00,0.0341
665.00,0.0343
664.00,0.0346
663.00,0.0348
662.00,0.0350
661.00,0.0352
660.00,0.0355
659.00,0.0358
658.00,0.0361
657.00,0.0365
656.00,0.0368
655.00,0.0371
654.00,0.0373
653.00,0.0375
652.00,0.0378
651.00,0.0380
650.00,0.0384
649.00,0.0386
648.00,0.0389
647.00,0.0391
646.00,0.0392
645.00,0.0393
644.00,0.0395
643.00,0.0397
642.00,0.0398
641.00,0.0399
640.00,0.0400
639.00,0.0400
638.00,0.0399
637.00,0.0398
636.00,0.0396
635.00,0.0393
634.00,0.0391
633.00,0.0390
632.00,0.0388
631.00,0.0387
630.00,0.0386
629.00,0.0384
628.00,0.0383
627.00,0.0383
626.00,0.0383
625.00,0.0384
624.00,0.0385
623.00,0.0387
622.00,0.0390
621.00,0.0394
620.00,0.0400
619.00,0.0406
618.00,0.0413
617.00,0.0420
616.00,0.0426
615.00,0.0431
614.00,0.0435
613.00,0.0436
612.00,0.0436
611.00,0.0434
610.00,0.0431
609.00,0.0428
608.00,0.0423
607.00,0.0416
606.00,0.0408
605.00,0.0400
604.00,0.0392
603.00,0.0384
602.00,0.0377
601.00,0.0370
600.00,0.0363
599.00,0.0357
598.00,0.0353
597.00,0.0350
596.00,0.0347
595.00,0.0345
594.00,0.0342
593.00,0.0338
592.00,0.0335
591.00,0.0333
590.00,0.0332
589.00,0.0332
588.00,0.0332
587.00,0.0331
586.00,0.0330
585.00,0.0330
584.00,0.0331
583.00,0.0333
582.00,0.0333
581.00,0.0334
580.00,0.0335
579.00,0.0337
578.00,0.0338
577.00,0.0340
576.00,0.0341
575.00,0.0344
574.00,0.0346
573.00,0.0349
572.00,0.0352
571.00,0.0356
570.00,0.0360
569.00,0.0365
568.00,0.0370
567.00,0.0377
566.00,0.0384
565.00,0.0393
564.00,0.0404
563.00,0.0415
562.00,0.0427
561.00,0.0439
560.00,0.0452
559.00,0.0466
558.00,0.0479
557.00,0.0491
556.00,0.0502
555.00,0.0511
554.00,0.0518
553.00,0.0523
552.00,0.0526
551.00,0.0527
550.00,0.0526
549.00,0.0524
548.00,0.0520
547.00,0.0515
546.00,0.0509
545.00,0.0503
544.00,0.0497
543.00,0.0490
542.00,0.0483
541.00,0.0475
540.00,0.0468
539.00,0.0461
538.00,0.0454
537.00,0.0447
536.00,0.0441
535.00,0.0435
534.00,0.0428
533.00,0.0420
532.00,0.0412
531.00,0.0406
530.00,0.0401
529.00,0.0397
528.00,0.0392
527.00,0.0386
526.00,0.0380
525.00,0.0376
524.00,0.0373
523.00,0.0372
522.00,0.0370
521.00,0.0368
520.00,0.0364
519.00,0.0360
518.00,0.0355
517.00,0.0350
516.00,0.0346
515.00,0.0344
514.00,0.0341
513.00,0.0339
512.00,0.0338
511.00,0.0336
510.00,0.0333
509.00,0.0329
508.00,0.0325
507.00,0.0323
506.00,0.0323
505.00,0.0323
504.00,0.0321
503.00,0.0316
502.00,0.0309
501.00,0.0303
500.00,0.0300
499.00,0.0300
498.00,0.0300
497.00,0.0301
496.00,0.0300
495.00,0.0298
494.00,0.0295
493.00,0.0293
492.00,0.0293
491.00,0.0294
490.00,0.0295
489.00,0.0294
488.00,0.0291
487.00,0.0288
486.00,0.0284
485.00,0.0279
484.00,0.0273
483.00,0.0266
482.00,0.0260
481.00,0.0255
480.00,0.0253
479.00,0.0251
478.00,0.0250
477.00,0.0248
476.00,0.0244
475.00,0.0239
474.00,0.0232
473.00,0.0225
472.00,0.0219
471.00,0.0216
470.00,0.0213
469.00,0.0212
468.00,0.0211
467.00,0.0211
466.00,0.0211
465.00,0.0209
464.00,0.0206
463.00,0.0203
462.00,0.0199
461.00,0.0197
460.00,0.0196
459.00,0.0194
458.00,0.0192
457.00,0.0191
456.00,0.0192
455.00,0.0194
454.00,0.0192
453.00,0.0188
452.00,0.0184
451.00,0.0183
450.00,0.0183
449.00,0.0182
448.00,0.0181
447.00,0.0181
446.00,0.0184
445.00,0.0186
444.00,0.0188
443.00,0.0192
442.00,0.0198
441.00,0.0206
440.00,0.0213
439.00,0.0218
438.00,0.0223
437.00,0.0228
436.00,0.0234
435.00,0.0241
434.00,0.0249
433.00,0.0257
432.00,0.0267
431.00,0.0277
430.00,0.0285
429.00,0.0291
428.00,0.0298
427.00,0.0305
426.00,0.0312
425.00,0.0317
424.00,0.0318
423.00,0.0315
422.00,0.0309
421.00,0.0300
420.00,0.0288
419.00,0.0274
418.00,0.0263
417.00,0.0258
416.00,0.0255
415.00,0.0253
414.00,0.0247
413.00,0.0237
412.00,0.0224
411.00,0.0214
410.00,0.0209
409.00,0.0207
408.00,0.0203
407.00,0.0200
406.00,0.0202
405.00,0.0209
404.00,0.0216
403.00,0.0213
402.00,0.0201
401.00,0.0180
400.00,0.0156
