Created as New Dataset,Sample 466 By YargerLab Date Saturday, March 01 2025
cm-1,A
4000.00,-0.0124
3999.00,-0.0125
3998.00,-0.0125
3997.00,-0.0125
3996.00,-0.0125
3995.00,-0.0125
3994.00,-0.0125
3993.00,-0.0126
3992.00,-0.0126
3991.00,-0.0126
3990.00,-0.0126
3989.00,-0.0126
3988.00,-0.0126
3987.00,-0.0126
3986.00,-0.0126
3985.00,-0.0126
3984.00,-0.0126
3983.00,-0.0126
3982.00,-0.0126
3981.00,-0.0126
3980.00,-0.0126
3979.00,-0.0126
3978.00,-0.0125
3977.00,-0.0125
3976.00,-0.0125
3975.00,-0.0125
3974.00,-0.0126
3973.00,-0.0126
3972.00,-0.0126
3971.00,-0.0127
3970.00,-0.0127
3969.00,-0.0127
3968.00,-0.0127
3967.00,-0.0127
3966.00,-0.0127
3965.00,-0.0126
3964.00,-0.0126
3963.00,-0.0126
3962.00,-0.0127
3961.00,-0.0127
3960.00,-0.0127
3959.00,-0.0127
3958.00,-0.0127
3957.00,-0.0127
3956.00,-0.0127
3955.00,-0.0127
3954.00,-0.0127
3953.00,-0.0127
3952.00,-0.0127
3951.00,-0.0127
3950.00,-0.0127
3949.00,-0.0127
3948.00,-0.0127
3947.00,-0.0127
3946.00,-0.0127
3945.00,-0.0127
3944.00,-0.0127
3943.00,-0.0127
3942.00,-0.0127
3941.00,-0.0127
3940.00,-0.0127
3939.00,-0.0128
3938.00,-0.0128
3937.00,-0.0128
3936.00,-0.0128
3935.00,-0.0128
3934.00,-0.0128
3933.00,-0.0128
3932.00,-0.0128
3931.00,-0.0128
3930.00,-0.0128
3929.00,-0.0128
3928.00,-0.0128
3927.00,-0.0129
3926.00,-0.0129
3925.00,-0.0129
3924.00,-0.0128
3923.00,-0.0128
3922.00,-0.0128
3921.00,-0.0128
3920.00,-0.0128
3919.00,-0.0128
3918.00,-0.0128
3917.00,-0.0129
3916.00,-0.0129
3915.00,-0.0129
3914.00,-0.0129
3913.00,-0.0129
3912.00,-0.0129
3911.00,-0.0129
3910.00,-0.0129
3909.00,-0.0129
3908.00,-0.0129
3907.00,-0.0130
3906.00,-0.0130
3905.00,-0.0130
3904.00,-0.0130
3903.00,-0.0131
3902.00,-0.0131
3901.00,-0.0131
3900.00,-0.0131
3899.00,-0.0130
3898.00,-0.0130
3897.00,-0.0130
3896.00,-0.0130
3895.00,-0.0130
3894.00,-0.0130
3893.00,-0.0130
3892.00,-0.0131
3891.00,-0.0131
3890.00,-0.0131
3889.00,-0.0131
3888.00,-0.0131
3887.00,-0.0131
3886.00,-0.0131
3885.00,-0.0131
3884.00,-0.0131
3883.00,-0.0131
3882.00,-0.0131
3881.00,-0.0131
3880.00,-0.0131
3879.00,-0.0131
3878.00,-0.0131
3877.00,-0.0131
3876.00,-0.0131
3875.00,-0.0131
3874.00,-0.0131
3873.00,-0.0131
3872.00,-0.0132
3871.00,-0.0132
3870.00,-0.0132
3869.00,-0.0132
3868.00,-0.0132
3867.00,-0.0132
3866.00,-0.0132
3865.00,-0.0132
3864.00,-0.0132
3863.00,-0.0131
3862.00,-0.0131
3861.00,-0.0132
3860.00,-0.0132
3859.00,-0.0132
3858.00,-0.0133
3857.00,-0.0133
3856.00,-0.0133
3855.00,-0.0133
3854.00,-0.0133
3853.00,-0.0133
3852.00,-0.0133
3851.00,-0.0133
3850.00,-0.0133
3849.00,-0.0133
3848.00,-0.0133
3847.00,-0.0133
3846.00,-0.0133
3845.00,-0.0133
3844.00,-0.0133
3843.00,-0.0133
3842.00,-0.0133
3841.00,-0.0133
3840.00,-0.0133
3839.00,-0.0133
3838.00,-0.0133
3837.00,-0.0133
3836.00,-0.0134
3835.00,-0.0134
3834.00,-0.0134
3833.00,-0.0133
3832.00,-0.0133
3831.00,-0.0133
3830.00,-0.0133
3829.00,-0.0133
3828.00,-0.0133
3827.00,-0.0133
3826.00,-0.0133
3825.00,-0.0133
3824.00,-0.0133
3823.00,-0.0133
3822.00,-0.0134
3821.00,-0.0134
3820.00,-0.0134
3819.00,-0.0134
3818.00,-0.0134
3817.00,-0.0134
3816.00,-0.0134
3815.00,-0.0134
3814.00,-0.0134
3813.00,-0.0134
3812.00,-0.0134
3811.00,-0.0134
3810.00,-0.0134
3809.00,-0.0135
3808.00,-0.0135
3807.00,-0.0135
3806.00,-0.0135
3805.00,-0.0135
3804.00,-0.0135
3803.00,-0.0135
3802.00,-0.0135
3801.00,-0.0135
3800.00,-0.0135
3799.00,-0.0135
3798.00,-0.0135
3797.00,-0.0135
3796.00,-0.0135
3795.00,-0.0135
3794.00,-0.0134
3793.00,-0.0134
3792.00,-0.0134
3791.00,-0.0134
3790.00,-0.0134
3789.00,-0.0134
3788.00,-0.0134
3787.00,-0.0134
3786.00,-0.0134
3785.00,-0.0134
3784.00,-0.0134
3783.00,-0.0134
3782.00,-0.0134
3781.00,-0.0134
3780.00,-0.0134
3779.00,-0.0134
3778.00,-0.0134
3777.00,-0.0134
3776.00,-0.0134
3775.00,-0.0134
3774.00,-0.0134
3773.00,-0.0135
3772.00,-0.0135
3771.00,-0.0135
3770.00,-0.0136
3769.00,-0.0136
3768.00,-0.0136
3767.00,-0.0135
3766.00,-0.0135
3765.00,-0.0135
3764.00,-0.0135
3763.00,-0.0135
3762.00,-0.0135
3761.00,-0.0135
3760.00,-0.0135
3759.00,-0.0135
3758.00,-0.0135
3757.00,-0.0135
3756.00,-0.0135
3755.00,-0.0135
3754.00,-0.0136
3753.00,-0.0136
3752.00,-0.0137
3751.00,-0.0137
3750.00,-0.0138
3749.00,-0.0138
3748.00,-0.0138
3747.00,-0.0138
3746.00,-0.0138
3745.00,-0.0137
3744.00,-0.0137
3743.00,-0.0137
3742.00,-0.0137
3741.00,-0.0137
3740.00,-0.0137
3739.00,-0.0137
3738.00,-0.0137
3737.00,-0.0137
3736.00,-0.0137
3735.00,-0.0137
3734.00,-0.0137
3733.00,-0.0137
3732.00,-0.0137
3731.00,-0.0137
3730.00,-0.0137
3729.00,-0.0136
3728.00,-0.0136
3727.00,-0.0136
3726.00,-0.0137
3725.00,-0.0137
3724.00,-0.0137
3723.00,-0.0137
3722.00,-0.0137
3721.00,-0.0137
3720.00,-0.0137
3719.00,-0.0137
3718.00,-0.0137
3717.00,-0.0137
3716.00,-0.0138
3715.00,-0.0138
3714.00,-0.0138
3713.00,-0.0138
3712.00,-0.0138
3711.00,-0.0138
3710.00,-0.0138
3709.00,-0.0137
3708.00,-0.0137
3707.00,-0.0136
3706.00,-0.0136
3705.00,-0.0136
3704.00,-0.0137
3703.00,-0.0137
3702.00,-0.0137
3701.00,-0.0136
3700.00,-0.0136
3699.00,-0.0136
3698.00,-0.0136
3697.00,-0.0137
3696.00,-0.0137
3695.00,-0.0138
3694.00,-0.0138
3693.00,-0.0138
3692.00,-0.0139
3691.00,-0.0139
3690.00,-0.0140
3689.00,-0.0140
3688.00,-0.0140
3687.00,-0.0140
3686.00,-0.0140
3685.00,-0.0140
3684.00,-0.0140
3683.00,-0.0140
3682.00,-0.0140
3681.00,-0.0141
3680.00,-0.0142
3679.00,-0.0143
3678.00,-0.0143
3677.00,-0.0144
3676.00,-0.0144
3675.00,-0.0144
3674.00,-0.0145
3673.00,-0.0144
3672.00,-0.0144
3671.00,-0.0144
3670.00,-0.0144
3669.00,-0.0144
3668.00,-0.0144
3667.00,-0.0143
3666.00,-0.0143
3665.00,-0.0143
3664.00,-0.0143
3663.00,-0.0143
3662.00,-0.0143
3661.00,-0.0144
3660.00,-0.0144
3659.00,-0.0144
3658.00,-0.0144
3657.00,-0.0144
3656.00,-0.0144
3655.00,-0.0145
3654.00,-0.0145
3653.00,-0.0145
3652.00,-0.0145
3651.00,-0.0145
3650.00,-0.0145
3649.00,-0.0145
3648.00,-0.0144
3647.00,-0.0144
3646.00,-0.0143
3645.00,-0.0143
3644.00,-0.0142
3643.00,-0.0141
3642.00,-0.0141
3641.00,-0.0141
3640.00,-0.0141
3639.00,-0.0141
3638.00,-0.0141
3637.00,-0.0140
3636.00,-0.0140
3635.00,-0.0140
3634.00,-0.0139
3633.00,-0.0139
3632.00,-0.0138
3631.00,-0.0138
3630.00,-0.0138
3629.00,-0.0137
3628.00,-0.0137
3627.00,-0.0137
3626.00,-0.0136
3625.00,-0.0136
3624.00,-0.0136
3623.00,-0.0136
3622.00,-0.0136
3621.00,-0.0136
3620.00,-0.0136
3619.00,-0.0136
3618.00,-0.0136
3617.00,-0.0137
3616.00,-0.0137
3615.00,-0.0137
3614.00,-0.0137
3613.00,-0.0137
3612.00,-0.0137
3611.00,-0.0137
3610.00,-0.0137
3609.00,-0.0137
3608.00,-0.0137
3607.00,-0.0137
3606.00,-0.0136
3605.00,-0.0136
3604.00,-0.0136
3603.00,-0.0135
3602.00,-0.0135
3601.00,-0.0135
3600.00,-0.0135
3599.00,-0.0135
3598.00,-0.0135
3597.00,-0.0135
3596.00,-0.0135
3595.00,-0.0135
3594.00,-0.0135
3593.00,-0.0135
3592.00,-0.0135
3591.00,-0.0135
3590.00,-0.0135
3589.00,-0.0135
3588.00,-0.0135
3587.00,-0.0135
3586.00,-0.0135
3585.00,-0.0135
3584.00,-0.0135
3583.00,-0.0135
3582.00,-0.0135
3581.00,-0.0135
3580.00,-0.0135
3579.00,-0.0135
3578.00,-0.0135
3577.00,-0.0135
3576.00,-0.0134
3575.00,-0.0134
3574.00,-0.0134
3573.00,-0.0134
3572.00,-0.0134
3571.00,-0.0134
3570.00,-0.0134
3569.00,-0.0134
3568.00,-0.0135
3567.00,-0.0135
3566.00,-0.0136
3565.00,-0.0136
3564.00,-0.0136
3563.00,-0.0136
3562.00,-0.0136
3561.00,-0.0135
3560.00,-0.0135
3559.00,-0.0135
3558.00,-0.0135
3557.00,-0.0135
3556.00,-0.0135
3555.00,-0.0135
3554.00,-0.0135
3553.00,-0.0135
3552.00,-0.0135
3551.00,-0.0135
3550.00,-0.0135
3549.00,-0.0135
3548.00,-0.0135
3547.00,-0.0135
3546.00,-0.0135
3545.00,-0.0135
3544.00,-0.0135
3543.00,-0.0135
3542.00,-0.0135
3541.00,-0.0135
3540.00,-0.0135
3539.00,-0.0135
3538.00,-0.0134
3537.00,-0.0134
3536.00,-0.0134
3535.00,-0.0135
3534.00,-0.0135
3533.00,-0.0135
3532.00,-0.0136
3531.00,-0.0136
3530.00,-0.0136
3529.00,-0.0136
3528.00,-0.0135
3527.00,-0.0135
3526.00,-0.0135
3525.00,-0.0135
3524.00,-0.0135
3523.00,-0.0135
3522.00,-0.0135
3521.00,-0.0135
3520.00,-0.0135
3519.00,-0.0135
3518.00,-0.0134
3517.00,-0.0134
3516.00,-0.0134
3515.00,-0.0134
3514.00,-0.0134
3513.00,-0.0134
3512.00,-0.0134
3511.00,-0.0134
3510.00,-0.0134
3509.00,-0.0134
3508.00,-0.0134
3507.00,-0.0133
3506.00,-0.0133
3505.00,-0.0133
3504.00,-0.0133
3503.00,-0.0133
3502.00,-0.0133
3501.00,-0.0133
3500.00,-0.0133
3499.00,-0.0133
3498.00,-0.0133
3497.00,-0.0133
3496.00,-0.0133
3495.00,-0.0133
3494.00,-0.0133
3493.00,-0.0132
3492.00,-0.0132
3491.00,-0.0132
3490.00,-0.0132
3489.00,-0.0132
3488.00,-0.0132
3487.00,-0.0132
3486.00,-0.0132
3485.00,-0.0132
3484.00,-0.0132
3483.00,-0.0132
3482.00,-0.0132
3481.00,-0.0132
3480.00,-0.0131
3479.00,-0.0131
3478.00,-0.0131
3477.00,-0.0131
3476.00,-0.0131
3475.00,-0.0131
3474.00,-0.0131
3473.00,-0.0130
3472.00,-0.0130
3471.00,-0.0130
3470.00,-0.0130
3469.00,-0.0130
3468.00,-0.0129
3467.00,-0.0129
3466.00,-0.0129
3465.00,-0.0129
3464.00,-0.0129
3463.00,-0.0129
3462.00,-0.0129
3461.00,-0.0129
3460.00,-0.0129
3459.00,-0.0129
3458.00,-0.0129
3457.00,-0.0129
3456.00,-0.0129
3455.00,-0.0128
3454.00,-0.0128
3453.00,-0.0128
3452.00,-0.0128
3451.00,-0.0128
3450.00,-0.0128
3449.00,-0.0128
3448.00,-0.0127
3447.00,-0.0127
3446.00,-0.0127
3445.00,-0.0126
3444.00,-0.0126
3443.00,-0.0126
3442.00,-0.0126
3441.00,-0.0126
3440.00,-0.0125
3439.00,-0.0124
3438.00,-0.0124
3437.00,-0.0123
3436.00,-0.0123
3435.00,-0.0123
3434.00,-0.0123
3433.00,-0.0123
3432.00,-0.0123
3431.00,-0.0123
3430.00,-0.0123
3429.00,-0.0123
3428.00,-0.0123
3427.00,-0.0123
3426.00,-0.0122
3425.00,-0.0121
3424.00,-0.0121
3423.00,-0.0120
3422.00,-0.0120
3421.00,-0.0120
3420.00,-0.0120
3419.00,-0.0119
3418.00,-0.0119
3417.00,-0.0119
3416.00,-0.0119
3415.00,-0.0119
3414.00,-0.0118
3413.00,-0.0118
3412.00,-0.0118
3411.00,-0.0118
3410.00,-0.0117
3409.00,-0.0117
3408.00,-0.0117
3407.00,-0.0117
3406.00,-0.0116
3405.00,-0.0116
3404.00,-0.0116
3403.00,-0.0115
3402.00,-0.0115
3401.00,-0.0114
3400.00,-0.0114
3399.00,-0.0114
3398.00,-0.0114
3397.00,-0.0113
3396.00,-0.0113
3395.00,-0.0113
3394.00,-0.0113
3393.00,-0.0112
3392.00,-0.0112
3391.00,-0.0112
3390.00,-0.0111
3389.00,-0.0111
3388.00,-0.0110
3387.00,-0.0110
3386.00,-0.0110
3385.00,-0.0110
3384.00,-0.0109
3383.00,-0.0109
3382.00,-0.0109
3381.00,-0.0108
3380.00,-0.0108
3379.00,-0.0107
3378.00,-0.0107
3377.00,-0.0106
3376.00,-0.0105
3375.00,-0.0105
3374.00,-0.0104
3373.00,-0.0103
3372.00,-0.0103
3371.00,-0.0102
3370.00,-0.0102
3369.00,-0.0101
3368.00,-0.0101
3367.00,-0.0100
3366.00,-0.0100
3365.00,-0.0099
3364.00,-0.0098
3363.00,-0.0097
3362.00,-0.0096
3361.00,-0.0096
3360.00,-0.0095
3359.00,-0.0094
3358.00,-0.0093
3357.00,-0.0093
3356.00,-0.0092
3355.00,-0.0091
3354.00,-0.0090
3353.00,-0.0089
3352.00,-0.0088
3351.00,-0.0087
3350.00,-0.0086
3349.00,-0.0085
3348.00,-0.0085
3347.00,-0.0084
3346.00,-0.0083
3345.00,-0.0082
3344.00,-0.0081
3343.00,-0.0080
3342.00,-0.0079
3341.00,-0.0078
3340.00,-0.0076
3339.00,-0.0075
3338.00,-0.0074
3337.00,-0.0073
3336.00,-0.0071
3335.00,-0.0070
3334.00,-0.0069
3333.00,-0.0068
3332.00,-0.0067
3331.00,-0.0065
3330.00,-0.0063
3329.00,-0.0062
3328.00,-0.0060
3327.00,-0.0059
3326.00,-0.0057
3325.00,-0.0056
3324.00,-0.0054
3323.00,-0.0053
3322.00,-0.0051
3321.00,-0.0050
3320.00,-0.0048
3319.00,-0.0047
3318.00,-0.0045
3317.00,-0.0044
3316.00,-0.0042
3315.00,-0.0040
3314.00,-0.0039
3313.00,-0.0037
3312.00,-0.0035
3311.00,-0.0033
3310.00,-0.0031
3309.00,-0.0029
3308.00,-0.0027
3307.00,-0.0025
3306.00,-0.0023
3305.00,-0.0021
3304.00,-0.0019
3303.00,-0.0017
3302.00,-0.0014
3301.00,-0.0012
3300.00,-0.0010
3299.00,-0.0009
3298.00,-0.0007
3297.00,-0.0005
3296.00,-0.0003
3295.00,-0.0001
3294.00,0.0001
3293.00,0.0003
3292.00,0.0005
3291.00,0.0007
3290.00,0.0008
3289.00,0.0009
3288.00,0.0011
3287.00,0.0012
3286.00,0.0014
3285.00,0.0016
3284.00,0.0018
3283.00,0.0019
3282.00,0.0021
3281.00,0.0022
3280.00,0.0023
3279.00,0.0024
3278.00,0.0024
3277.00,0.0025
3276.00,0.0026
3275.00,0.0026
3274.00,0.0026
3273.00,0.0026
3272.00,0.0026
3271.00,0.0026
3270.00,0.0026
3269.00,0.0026
3268.00,0.0026
3267.00,0.0025
3266.00,0.0024
3265.00,0.0023
3264.00,0.0022
3263.00,0.0021
3262.00,0.0020
3261.00,0.0019
3260.00,0.0017
3259.00,0.0016
3258.00,0.0014
3257.00,0.0013
3256.00,0.0011
3255.00,0.0010
3254.00,0.0008
3253.00,0.0006
3252.00,0.0005
3251.00,0.0003
3250.00,0.0001
3249.00,-0.0001
3248.00,-0.0002
3247.00,-0.0003
3246.00,-0.0004
3245.00,-0.0005
3244.00,-0.0006
3243.00,-0.0008
3242.00,-0.0009
3241.00,-0.0010
3240.00,-0.0011
3239.00,-0.0012
3238.00,-0.0014
3237.00,-0.0015
3236.00,-0.0016
3235.00,-0.0017
3234.00,-0.0019
3233.00,-0.0020
3232.00,-0.0022
3231.00,-0.0023
3230.00,-0.0024
3229.00,-0.0025
3228.00,-0.0026
3227.00,-0.0027
3226.00,-0.0028
3225.00,-0.0029
3224.00,-0.0030
3223.00,-0.0030
3222.00,-0.0032
3221.00,-0.0033
3220.00,-0.0034
3219.00,-0.0035
3218.00,-0.0036
3217.00,-0.0037
3216.00,-0.0038
3215.00,-0.0038
3214.00,-0.0039
3213.00,-0.0039
3212.00,-0.0040
3211.00,-0.0041
3210.00,-0.0042
3209.00,-0.0043
3208.00,-0.0043
3207.00,-0.0044
3206.00,-0.0045
3205.00,-0.0045
3204.00,-0.0046
3203.00,-0.0047
3202.00,-0.0047
3201.00,-0.0048
3200.00,-0.0049
3199.00,-0.0050
3198.00,-0.0051
3197.00,-0.0051
3196.00,-0.0052
3195.00,-0.0052
3194.00,-0.0053
3193.00,-0.0054
3192.00,-0.0055
3191.00,-0.0055
3190.00,-0.0056
3189.00,-0.0056
3188.00,-0.0057
3187.00,-0.0058
3186.00,-0.0060
3185.00,-0.0061
3184.00,-0.0062
3183.00,-0.0063
3182.00,-0.0064
3181.00,-0.0065
3180.00,-0.0065
3179.00,-0.0066
3178.00,-0.0067
3177.00,-0.0068
3176.00,-0.0069
3175.00,-0.0070
3174.00,-0.0070
3173.00,-0.0071
3172.00,-0.0071
3171.00,-0.0072
3170.00,-0.0073
3169.00,-0.0073
3168.00,-0.0074
3167.00,-0.0075
3166.00,-0.0076
3165.00,-0.0077
3164.00,-0.0078
3163.00,-0.0079
3162.00,-0.0080
3161.00,-0.0080
3160.00,-0.0081
3159.00,-0.0082
3158.00,-0.0083
3157.00,-0.0084
3156.00,-0.0084
3155.00,-0.0084
3154.00,-0.0085
3153.00,-0.0086
3152.00,-0.0086
3151.00,-0.0087
3150.00,-0.0088
3149.00,-0.0089
3148.00,-0.0090
3147.00,-0.0090
3146.00,-0.0091
3145.00,-0.0091
3144.00,-0.0091
3143.00,-0.0092
3142.00,-0.0092
3141.00,-0.0093
3140.00,-0.0093
3139.00,-0.0094
3138.00,-0.0094
3137.00,-0.0095
3136.00,-0.0096
3135.00,-0.0096
3134.00,-0.0097
3133.00,-0.0097
3132.00,-0.0097
3131.00,-0.0097
3130.00,-0.0097
3129.00,-0.0097
3128.00,-0.0098
3127.00,-0.0099
3126.00,-0.0099
3125.00,-0.0100
3124.00,-0.0100
3123.00,-0.0101
3122.00,-0.0101
3121.00,-0.0102
3120.00,-0.0102
3119.00,-0.0103
3118.00,-0.0103
3117.00,-0.0103
3116.00,-0.0103
3115.00,-0.0103
3114.00,-0.0103
3113.00,-0.0103
3112.00,-0.0103
3111.00,-0.0103
3110.00,-0.0103
3109.00,-0.0103
3108.00,-0.0103
3107.00,-0.0103
3106.00,-0.0103
3105.00,-0.0103
3104.00,-0.0103
3103.00,-0.0103
3102.00,-0.0103
3101.00,-0.0103
3100.00,-0.0103
3099.00,-0.0103
3098.00,-0.0103
3097.00,-0.0103
3096.00,-0.0103
3095.00,-0.0102
3094.00,-0.0102
3093.00,-0.0102
3092.00,-0.0102
3091.00,-0.0102
3090.00,-0.0102
3089.00,-0.0102
3088.00,-0.0102
3087.00,-0.0102
3086.00,-0.0101
3085.00,-0.0101
3084.00,-0.0101
3083.00,-0.0101
3082.00,-0.0101
3081.00,-0.0101
3080.00,-0.0101
3079.00,-0.0101
3078.00,-0.0101
3077.00,-0.0101
3076.00,-0.0101
3075.00,-0.0100
3074.00,-0.0100
3073.00,-0.0100
3072.00,-0.0100
3071.00,-0.0100
3070.00,-0.0100
3069.00,-0.0100
3068.00,-0.0100
3067.00,-0.0100
3066.00,-0.0100
3065.00,-0.0099
3064.00,-0.0099
3063.00,-0.0099
3062.00,-0.0100
3061.00,-0.0100
3060.00,-0.0101
3059.00,-0.0101
3058.00,-0.0101
3057.00,-0.0101
3056.00,-0.0102
3055.00,-0.0102
3054.00,-0.0103
3053.00,-0.0103
3052.00,-0.0104
3051.00,-0.0105
3050.00,-0.0105
3049.00,-0.0106
3048.00,-0.0107
3047.00,-0.0108
3046.00,-0.0108
3045.00,-0.0109
3044.00,-0.0110
3043.00,-0.0110
3042.00,-0.0111
3041.00,-0.0111
3040.00,-0.0112
3039.00,-0.0113
3038.00,-0.0113
3037.00,-0.0114
3036.00,-0.0115
3035.00,-0.0116
3034.00,-0.0117
3033.00,-0.0118
3032.00,-0.0118
3031.00,-0.0119
3030.00,-0.0119
3029.00,-0.0119
3028.00,-0.0120
3027.00,-0.0121
3026.00,-0.0122
3025.00,-0.0123
3024.00,-0.0124
3023.00,-0.0124
3022.00,-0.0125
3021.00,-0.0127
3020.00,-0.0128
3019.00,-0.0129
3018.00,-0.0130
3017.00,-0.0131
3016.00,-0.0132
3015.00,-0.0133
3014.00,-0.0134
3013.00,-0.0135
3012.00,-0.0136
3011.00,-0.0137
3010.00,-0.0138
3009.00,-0.0140
3008.00,-0.0141
3007.00,-0.0143
3006.00,-0.0145
3005.00,-0.0147
3004.00,-0.0149
3003.00,-0.0151
3002.00,-0.0153
3001.00,-0.0155
3000.00,-0.0157
2999.00,-0.0159
2998.00,-0.0161
2997.00,-0.0162
2996.00,-0.0163
2995.00,-0.0164
2994.00,-0.0165
2993.00,-0.0166
2992.00,-0.0167
2991.00,-0.0167
2990.00,-0.0168
2989.00,-0.0168
2988.00,-0.0169
2987.00,-0.0170
2986.00,-0.0172
2985.00,-0.0175
2984.00,-0.0180
2983.00,-0.0185
2982.00,-0.0188
2981.00,-0.0189
2980.00,-0.0187
2979.00,-0.0184
2978.00,-0.0180
2977.00,-0.0176
2976.00,-0.0174
2975.00,-0.0172
2974.00,-0.0171
2973.00,-0.0170
2972.00,-0.0169
2971.00,-0.0168
2970.00,-0.0165
2969.00,-0.0161
2968.00,-0.0158
2967.00,-0.0155
2966.00,-0.0153
2965.00,-0.0151
2964.00,-0.0149
2963.00,-0.0147
2962.00,-0.0146
2961.00,-0.0144
2960.00,-0.0143
2959.00,-0.0142
2958.00,-0.0141
2957.00,-0.0141
2956.00,-0.0140
2955.00,-0.0140
2954.00,-0.0139
2953.00,-0.0139
2952.00,-0.0139
2951.00,-0.0139
2950.00,-0.0139
2949.00,-0.0139
2948.00,-0.0139
2947.00,-0.0138
2946.00,-0.0138
2945.00,-0.0137
2944.00,-0.0136
2943.00,-0.0135
2942.00,-0.0134
2941.00,-0.0132
2940.00,-0.0130
2939.00,-0.0129
2938.00,-0.0127
2937.00,-0.0126
2936.00,-0.0124
2935.00,-0.0123
2934.00,-0.0122
2933.00,-0.0121
2932.00,-0.0119
2931.00,-0.0118
2930.00,-0.0116
2929.00,-0.0115
2928.00,-0.0114
2927.00,-0.0113
2926.00,-0.0112
2925.00,-0.0111
2924.00,-0.0111
2923.00,-0.0111
2922.00,-0.0112
2921.00,-0.0112
2920.00,-0.0113
2919.00,-0.0114
2918.00,-0.0116
2917.00,-0.0118
2916.00,-0.0120
2915.00,-0.0122
2914.00,-0.0124
2913.00,-0.0126
2912.00,-0.0128
2911.00,-0.0129
2910.00,-0.0131
2909.00,-0.0132
2908.00,-0.0133
2907.00,-0.0134
2906.00,-0.0135
2905.00,-0.0136
2904.00,-0.0137
2903.00,-0.0138
2902.00,-0.0139
2901.00,-0.0139
2900.00,-0.0140
2899.00,-0.0140
2898.00,-0.0141
2897.00,-0.0142
2896.00,-0.0143
2895.00,-0.0144
2894.00,-0.0145
2893.00,-0.0146
2892.00,-0.0147
2891.00,-0.0148
2890.00,-0.0148
2889.00,-0.0149
2888.00,-0.0149
2887.00,-0.0149
2886.00,-0.0149
2885.00,-0.0149
2884.00,-0.0148
2883.00,-0.0148
2882.00,-0.0147
2881.00,-0.0146
2880.00,-0.0144
2879.00,-0.0143
2878.00,-0.0142
2877.00,-0.0141
2876.00,-0.0140
2875.00,-0.0140
2874.00,-0.0139
2873.00,-0.0139
2872.00,-0.0139
2871.00,-0.0139
2870.00,-0.0140
2869.00,-0.0140
2868.00,-0.0140
2867.00,-0.0140
2866.00,-0.0140
2865.00,-0.0141
2864.00,-0.0141
2863.00,-0.0141
2862.00,-0.0140
2861.00,-0.0140
2860.00,-0.0139
2859.00,-0.0139
2858.00,-0.0138
2857.00,-0.0137
2856.00,-0.0136
2855.00,-0.0135
2854.00,-0.0135
2853.00,-0.0134
2852.00,-0.0134
2851.00,-0.0135
2850.00,-0.0135
2849.00,-0.0136
2848.00,-0.0137
2847.00,-0.0139
2846.00,-0.0140
2845.00,-0.0141
2844.00,-0.0142
2843.00,-0.0143
2842.00,-0.0144
2841.00,-0.0145
2840.00,-0.0146
2839.00,-0.0146
2838.00,-0.0147
2837.00,-0.0148
2836.00,-0.0148
2835.00,-0.0149
2834.00,-0.0149
2833.00,-0.0149
2832.00,-0.0150
2831.00,-0.0150
2830.00,-0.0150
2829.00,-0.0150
2828.00,-0.0150
2827.00,-0.0151
2826.00,-0.0151
2825.00,-0.0151
2824.00,-0.0151
2823.00,-0.0151
2822.00,-0.0151
2821.00,-0.0151
2820.00,-0.0151
2819.00,-0.0151
2818.00,-0.0152
2817.00,-0.0152
2816.00,-0.0152
2815.00,-0.0152
2814.00,-0.0153
2813.00,-0.0153
2812.00,-0.0153
2811.00,-0.0153
2810.00,-0.0153
2809.00,-0.0153
2808.00,-0.0153
2807.00,-0.0153
2806.00,-0.0153
2805.00,-0.0153
2804.00,-0.0153
2803.00,-0.0154
2802.00,-0.0154
2801.00,-0.0155
2800.00,-0.0155
2799.00,-0.0155
2798.00,-0.0156
2797.00,-0.0155
2796.00,-0.0155
2795.00,-0.0155
2794.00,-0.0155
2793.00,-0.0155
2792.00,-0.0155
2791.00,-0.0156
2790.00,-0.0156
2789.00,-0.0156
2788.00,-0.0156
2787.00,-0.0156
2786.00,-0.0156
2785.00,-0.0156
2784.00,-0.0156
2783.00,-0.0156
2782.00,-0.0156
2781.00,-0.0157
2780.00,-0.0157
2779.00,-0.0157
2778.00,-0.0157
2777.00,-0.0157
2776.00,-0.0157
2775.00,-0.0157
2774.00,-0.0158
2773.00,-0.0158
2772.00,-0.0158
2771.00,-0.0159
2770.00,-0.0159
2769.00,-0.0159
2768.00,-0.0160
2767.00,-0.0160
2766.00,-0.0160
2765.00,-0.0160
2764.00,-0.0160
2763.00,-0.0160
2762.00,-0.0160
2761.00,-0.0160
2760.00,-0.0161
2759.00,-0.0161
2758.00,-0.0161
2757.00,-0.0161
2756.00,-0.0161
2755.00,-0.0162
2754.00,-0.0162
2753.00,-0.0162
2752.00,-0.0162
2751.00,-0.0162
2750.00,-0.0162
2749.00,-0.0163
2748.00,-0.0163
2747.00,-0.0163
2746.00,-0.0164
2745.00,-0.0164
2744.00,-0.0164
2743.00,-0.0164
2742.00,-0.0164
2741.00,-0.0164
2740.00,-0.0164
2739.00,-0.0165
2738.00,-0.0165
2737.00,-0.0165
2736.00,-0.0165
2735.00,-0.0166
2734.00,-0.0166
2733.00,-0.0166
2732.00,-0.0167
2731.00,-0.0167
2730.00,-0.0166
2729.00,-0.0167
2728.00,-0.0167
2727.00,-0.0167
2726.00,-0.0167
2725.00,-0.0167
2724.00,-0.0168
2723.00,-0.0168
2722.00,-0.0168
2721.00,-0.0168
2720.00,-0.0168
2719.00,-0.0169
2718.00,-0.0169
2717.00,-0.0169
2716.00,-0.0169
2715.00,-0.0169
2714.00,-0.0169
2713.00,-0.0169
2712.00,-0.0170
2711.00,-0.0170
2710.00,-0.0170
2709.00,-0.0170
2708.00,-0.0170
2707.00,-0.0170
2706.00,-0.0170
2705.00,-0.0171
2704.00,-0.0171
2703.00,-0.0171
2702.00,-0.0172
2701.00,-0.0172
2700.00,-0.0172
2699.00,-0.0172
2698.00,-0.0172
2697.00,-0.0172
2696.00,-0.0172
2695.00,-0.0172
2694.00,-0.0172
2693.00,-0.0172
2692.00,-0.0173
2691.00,-0.0173
2690.00,-0.0173
2689.00,-0.0174
2688.00,-0.0174
2687.00,-0.0174
2686.00,-0.0174
2685.00,-0.0174
2684.00,-0.0174
2683.00,-0.0175
2682.00,-0.0175
2681.00,-0.0176
2680.00,-0.0176
2679.00,-0.0176
2678.00,-0.0175
2677.00,-0.0176
2676.00,-0.0176
2675.00,-0.0176
2674.00,-0.0176
2673.00,-0.0176
2672.00,-0.0176
2671.00,-0.0177
2670.00,-0.0177
2669.00,-0.0177
2668.00,-0.0177
2667.00,-0.0177
2666.00,-0.0178
2665.00,-0.0178
2664.00,-0.0178
2663.00,-0.0178
2662.00,-0.0179
2661.00,-0.0179
2660.00,-0.0179
2659.00,-0.0179
2658.00,-0.0179
2657.00,-0.0179
2656.00,-0.0179
2655.00,-0.0179
2654.00,-0.0180
2653.00,-0.0180
2652.00,-0.0180
2651.00,-0.0180
2650.00,-0.0180
2649.00,-0.0180
2648.00,-0.0181
2647.00,-0.0181
2646.00,-0.0181
2645.00,-0.0181
2644.00,-0.0180
2643.00,-0.0180
2642.00,-0.0180
2641.00,-0.0180
2640.00,-0.0180
2639.00,-0.0180
2638.00,-0.0180
2637.00,-0.0180
2636.00,-0.0180
2635.00,-0.0180
2634.00,-0.0180
2633.00,-0.0180
2632.00,-0.0181
2631.00,-0.0181
2630.00,-0.0181
2629.00,-0.0181
2628.00,-0.0181
2627.00,-0.0181
2626.00,-0.0181
2625.00,-0.0181
2624.00,-0.0180
2623.00,-0.0180
2622.00,-0.0180
2621.00,-0.0181
2620.00,-0.0181
2619.00,-0.0181
2618.00,-0.0181
2617.00,-0.0181
2616.00,-0.0180
2615.00,-0.0180
2614.00,-0.0180
2613.00,-0.0180
2612.00,-0.0180
2611.00,-0.0180
2610.00,-0.0181
2609.00,-0.0181
2608.00,-0.0181
2607.00,-0.0180
2606.00,-0.0180
2605.00,-0.0181
2604.00,-0.0181
2603.00,-0.0181
2602.00,-0.0181
2601.00,-0.0182
2600.00,-0.0182
2599.00,-0.0181
2598.00,-0.0181
2597.00,-0.0181
2596.00,-0.0181
2595.00,-0.0181
2594.00,-0.0181
2593.00,-0.0181
2592.00,-0.0181
2591.00,-0.0181
2590.00,-0.0181
2589.00,-0.0181
2588.00,-0.0181
2587.00,-0.0182
2586.00,-0.0182
2585.00,-0.0182
2584.00,-0.0182
2583.00,-0.0182
2582.00,-0.0182
2581.00,-0.0183
2580.00,-0.0183
2579.00,-0.0183
2578.00,-0.0183
2577.00,-0.0183
2576.00,-0.0183
2575.00,-0.0183
2574.00,-0.0184
2573.00,-0.0184
2572.00,-0.0185
2571.00,-0.0185
2570.00,-0.0185
2569.00,-0.0184
2568.00,-0.0184
2567.00,-0.0184
2566.00,-0.0184
2565.00,-0.0184
2564.00,-0.0184
2563.00,-0.0184
2562.00,-0.0185
2561.00,-0.0185
2560.00,-0.0185
2559.00,-0.0185
2558.00,-0.0185
2557.00,-0.0185
2556.00,-0.0186
2555.00,-0.0186
2554.00,-0.0186
2553.00,-0.0186
2552.00,-0.0187
2551.00,-0.0187
2550.00,-0.0187
2549.00,-0.0187
2548.00,-0.0187
2547.00,-0.0187
2546.00,-0.0187
2545.00,-0.0187
2544.00,-0.0187
2543.00,-0.0187
2542.00,-0.0188
2541.00,-0.0188
2540.00,-0.0188
2539.00,-0.0188
2538.00,-0.0187
2537.00,-0.0187
2536.00,-0.0187
2535.00,-0.0188
2534.00,-0.0188
2533.00,-0.0188
2532.00,-0.0188
2531.00,-0.0188
2530.00,-0.0187
2529.00,-0.0187
2528.00,-0.0188
2527.00,-0.0188
2526.00,-0.0189
2525.00,-0.0190
2524.00,-0.0190
2523.00,-0.0190
2522.00,-0.0190
2521.00,-0.0189
2520.00,-0.0189
2519.00,-0.0189
2518.00,-0.0189
2517.00,-0.0189
2516.00,-0.0189
2515.00,-0.0189
2514.00,-0.0189
2513.00,-0.0189
2512.00,-0.0189
2511.00,-0.0190
2510.00,-0.0190
2509.00,-0.0190
2508.00,-0.0190
2507.00,-0.0190
2506.00,-0.0190
2505.00,-0.0190
2504.00,-0.0190
2503.00,-0.0190
2502.00,-0.0190
2501.00,-0.0190
2500.00,-0.0190
2499.00,-0.0190
2498.00,-0.0190
2497.00,-0.0190
2496.00,-0.0190
2495.00,-0.0191
2494.00,-0.0191
2493.00,-0.0191
2492.00,-0.0191
2491.00,-0.0191
2490.00,-0.0191
2489.00,-0.0192
2488.00,-0.0192
2487.00,-0.0192
2486.00,-0.0192
2485.00,-0.0191
2484.00,-0.0191
2483.00,-0.0191
2482.00,-0.0191
2481.00,-0.0192
2480.00,-0.0192
2479.00,-0.0192
2478.00,-0.0192
2477.00,-0.0192
2476.00,-0.0192
2475.00,-0.0193
2474.00,-0.0193
2473.00,-0.0193
2472.00,-0.0194
2471.00,-0.0194
2470.00,-0.0194
2469.00,-0.0194
2468.00,-0.0194
2467.00,-0.0194
2466.00,-0.0195
2465.00,-0.0195
2464.00,-0.0195
2463.00,-0.0195
2462.00,-0.0195
2461.00,-0.0195
2460.00,-0.0195
2459.00,-0.0196
2458.00,-0.0195
2457.00,-0.0195
2456.00,-0.0195
2455.00,-0.0195
2454.00,-0.0195
2453.00,-0.0195
2452.00,-0.0195
2451.00,-0.0195
2450.00,-0.0195
2449.00,-0.0196
2448.00,-0.0196
2447.00,-0.0196
2446.00,-0.0196
2445.00,-0.0196
2444.00,-0.0196
2443.00,-0.0196
2442.00,-0.0196
2441.00,-0.0196
2440.00,-0.0196
2439.00,-0.0195
2438.00,-0.0195
2437.00,-0.0196
2436.00,-0.0196
2435.00,-0.0197
2434.00,-0.0197
2433.00,-0.0198
2432.00,-0.0198
2431.00,-0.0197
2430.00,-0.0197
2429.00,-0.0197
2428.00,-0.0197
2427.00,-0.0198
2426.00,-0.0198
2425.00,-0.0198
2424.00,-0.0198
2423.00,-0.0198
2422.00,-0.0198
2421.00,-0.0198
2420.00,-0.0198
2419.00,-0.0198
2418.00,-0.0198
2417.00,-0.0198
2416.00,-0.0198
2415.00,-0.0199
2414.00,-0.0199
2413.00,-0.0199
2412.00,-0.0200
2411.00,-0.0199
2410.00,-0.0199
2409.00,-0.0199
2408.00,-0.0199
2407.00,-0.0200
2406.00,-0.0200
2405.00,-0.0201
2404.00,-0.0201
2403.00,-0.0201
2402.00,-0.0201
2401.00,-0.0201
2400.00,-0.0201
2399.00,-0.0202
2398.00,-0.0202
2397.00,-0.0202
2396.00,-0.0202
2395.00,-0.0202
2394.00,-0.0202
2393.00,-0.0202
2392.00,-0.0202
2391.00,-0.0202
2390.00,-0.0202
2389.00,-0.0203
2388.00,-0.0203
2387.00,-0.0203
2386.00,-0.0202
2385.00,-0.0203
2384.00,-0.0203
2383.00,-0.0203
2382.00,-0.0203
2381.00,-0.0203
2380.00,-0.0202
2379.00,-0.0202
2378.00,-0.0202
2377.00,-0.0202
2376.00,-0.0202
2375.00,-0.0202
2374.00,-0.0203
2373.00,-0.0203
2372.00,-0.0204
2371.00,-0.0204
2370.00,-0.0204
2369.00,-0.0204
2368.00,-0.0204
2367.00,-0.0204
2366.00,-0.0204
2365.00,-0.0204
2364.00,-0.0204
2363.00,-0.0205
2362.00,-0.0205
2361.00,-0.0205
2360.00,-0.0205
2359.00,-0.0205
2358.00,-0.0206
2357.00,-0.0206
2356.00,-0.0205
2355.00,-0.0205
2354.00,-0.0206
2353.00,-0.0206
2352.00,-0.0207
2351.00,-0.0208
2350.00,-0.0208
2349.00,-0.0208
2348.00,-0.0208
2347.00,-0.0207
2346.00,-0.0207
2345.00,-0.0206
2344.00,-0.0205
2343.00,-0.0205
2342.00,-0.0205
2341.00,-0.0205
2340.00,-0.0206
2339.00,-0.0206
2338.00,-0.0207
2337.00,-0.0207
2336.00,-0.0208
2335.00,-0.0208
2334.00,-0.0209
2333.00,-0.0209
2332.00,-0.0210
2331.00,-0.0210
2330.00,-0.0210
2329.00,-0.0211
2328.00,-0.0212
2327.00,-0.0214
2326.00,-0.0215
2325.00,-0.0214
2324.00,-0.0214
2323.00,-0.0212
2322.00,-0.0212
2321.00,-0.0211
2320.00,-0.0212
2319.00,-0.0212
2318.00,-0.0212
2317.00,-0.0213
2316.00,-0.0213
2315.00,-0.0213
2314.00,-0.0213
2313.00,-0.0213
2312.00,-0.0213
2311.00,-0.0213
2310.00,-0.0214
2309.00,-0.0214
2308.00,-0.0214
2307.00,-0.0214
2306.00,-0.0214
2305.00,-0.0214
2304.00,-0.0215
2303.00,-0.0215
2302.00,-0.0214
2301.00,-0.0214
2300.00,-0.0214
2299.00,-0.0214
2298.00,-0.0215
2297.00,-0.0216
2296.00,-0.0216
2295.00,-0.0216
2294.00,-0.0216
2293.00,-0.0217
2292.00,-0.0217
2291.00,-0.0217
2290.00,-0.0217
2289.00,-0.0217
2288.00,-0.0217
2287.00,-0.0217
2286.00,-0.0217
2285.00,-0.0217
2284.00,-0.0217
2283.00,-0.0217
2282.00,-0.0218
2281.00,-0.0218
2280.00,-0.0218
2279.00,-0.0218
2278.00,-0.0217
2277.00,-0.0216
2276.00,-0.0216
2275.00,-0.0216
2274.00,-0.0216
2273.00,-0.0217
2272.00,-0.0217
2271.00,-0.0217
2270.00,-0.0216
2269.00,-0.0215
2268.00,-0.0215
2267.00,-0.0215
2266.00,-0.0216
2265.00,-0.0217
2264.00,-0.0217
2263.00,-0.0218
2262.00,-0.0218
2261.00,-0.0217
2260.00,-0.0217
2259.00,-0.0217
2258.00,-0.0216
2257.00,-0.0216
2256.00,-0.0215
2255.00,-0.0215
2254.00,-0.0215
2253.00,-0.0215
2252.00,-0.0215
2251.00,-0.0215
2250.00,-0.0215
2249.00,-0.0215
2248.00,-0.0215
2247.00,-0.0215
2246.00,-0.0216
2245.00,-0.0218
2244.00,-0.0219
2243.00,-0.0219
2242.00,-0.0220
2241.00,-0.0219
2240.00,-0.0219
2239.00,-0.0219
2238.00,-0.0219
2237.00,-0.0219
2236.00,-0.0219
2235.00,-0.0219
2234.00,-0.0219
2233.00,-0.0220
2232.00,-0.0220
2231.00,-0.0220
2230.00,-0.0221
2229.00,-0.0221
2228.00,-0.0221
2227.00,-0.0221
2226.00,-0.0221
2225.00,-0.0221
2224.00,-0.0221
2223.00,-0.0221
2222.00,-0.0221
2221.00,-0.0221
2220.00,-0.0221
2219.00,-0.0221
2218.00,-0.0222
2217.00,-0.0222
2216.00,-0.0223
2215.00,-0.0223
2214.00,-0.0222
2213.00,-0.0222
2212.00,-0.0222
2211.00,-0.0222
2210.00,-0.0222
2209.00,-0.0222
2208.00,-0.0222
2207.00,-0.0223
2206.00,-0.0225
2205.00,-0.0226
2204.00,-0.0226
2203.00,-0.0225
2202.00,-0.0223
2201.00,-0.0222
2200.00,-0.0221
2199.00,-0.0222
2198.00,-0.0223
2197.00,-0.0224
2196.00,-0.0225
2195.00,-0.0226
2194.00,-0.0226
2193.00,-0.0225
2192.00,-0.0223
2191.00,-0.0222
2190.00,-0.0222
2189.00,-0.0223
2188.00,-0.0225
2187.00,-0.0226
2186.00,-0.0227
2185.00,-0.0227
2184.00,-0.0227
2183.00,-0.0227
2182.00,-0.0228
2181.00,-0.0230
2180.00,-0.0231
2179.00,-0.0232
2178.00,-0.0230
2177.00,-0.0227
2176.00,-0.0225
2175.00,-0.0223
2174.00,-0.0223
2173.00,-0.0225
2172.00,-0.0228
2171.00,-0.0230
2170.00,-0.0231
2169.00,-0.0231
2168.00,-0.0229
2167.00,-0.0229
2166.00,-0.0228
2165.00,-0.0228
2164.00,-0.0227
2163.00,-0.0226
2162.00,-0.0223
2161.00,-0.0221
2160.00,-0.0220
2159.00,-0.0220
2158.00,-0.0220
2157.00,-0.0221
2156.00,-0.0222
2155.00,-0.0223
2154.00,-0.0225
2153.00,-0.0227
2152.00,-0.0228
2151.00,-0.0227
2150.00,-0.0226
2149.00,-0.0224
2148.00,-0.0223
2147.00,-0.0223
2146.00,-0.0224
2145.00,-0.0226
2144.00,-0.0228
2143.00,-0.0230
2142.00,-0.0230
2141.00,-0.0229
2140.00,-0.0228
2139.00,-0.0228
2138.00,-0.0228
2137.00,-0.0228
2136.00,-0.0228
2135.00,-0.0228
2134.00,-0.0228
2133.00,-0.0230
2132.00,-0.0231
2131.00,-0.0232
2130.00,-0.0233
2129.00,-0.0232
2128.00,-0.0231
2127.00,-0.0230
2126.00,-0.0231
2125.00,-0.0231
2124.00,-0.0231
2123.00,-0.0231
2122.00,-0.0231
2121.00,-0.0231
2120.00,-0.0232
2119.00,-0.0233
2118.00,-0.0233
2117.00,-0.0234
2116.00,-0.0234
2115.00,-0.0234
2114.00,-0.0235
2113.00,-0.0235
2112.00,-0.0235
2111.00,-0.0234
2110.00,-0.0234
2109.00,-0.0234
2108.00,-0.0235
2107.00,-0.0235
2106.00,-0.0235
2105.00,-0.0235
2104.00,-0.0235
2103.00,-0.0235
2102.00,-0.0236
2101.00,-0.0236
2100.00,-0.0237
2099.00,-0.0238
2098.00,-0.0238
2097.00,-0.0237
2096.00,-0.0237
2095.00,-0.0237
2094.00,-0.0237
2093.00,-0.0238
2092.00,-0.0238
2091.00,-0.0239
2090.00,-0.0238
2089.00,-0.0238
2088.00,-0.0238
2087.00,-0.0238
2086.00,-0.0239
2085.00,-0.0239
2084.00,-0.0240
2083.00,-0.0240
2082.00,-0.0241
2081.00,-0.0242
2080.00,-0.0241
2079.00,-0.0241
2078.00,-0.0240
2077.00,-0.0240
2076.00,-0.0241
2075.00,-0.0241
2074.00,-0.0241
2073.00,-0.0241
2072.00,-0.0241
2071.00,-0.0241
2070.00,-0.0241
2069.00,-0.0241
2068.00,-0.0242
2067.00,-0.0242
2066.00,-0.0243
2065.00,-0.0243
2064.00,-0.0244
2063.00,-0.0244
2062.00,-0.0244
2061.00,-0.0244
2060.00,-0.0243
2059.00,-0.0242
2058.00,-0.0243
2057.00,-0.0243
2056.00,-0.0243
2055.00,-0.0244
2054.00,-0.0245
2053.00,-0.0247
2052.00,-0.0248
2051.00,-0.0249
2050.00,-0.0248
2049.00,-0.0247
2048.00,-0.0246
2047.00,-0.0244
2046.00,-0.0243
2045.00,-0.0242
2044.00,-0.0242
2043.00,-0.0241
2042.00,-0.0241
2041.00,-0.0242
2040.00,-0.0244
2039.00,-0.0246
2038.00,-0.0248
2037.00,-0.0250
2036.00,-0.0251
2035.00,-0.0252
2034.00,-0.0251
2033.00,-0.0249
2032.00,-0.0247
2031.00,-0.0246
2030.00,-0.0247
2029.00,-0.0248
2028.00,-0.0249
2027.00,-0.0249
2026.00,-0.0248
2025.00,-0.0248
2024.00,-0.0249
2023.00,-0.0249
2022.00,-0.0248
2021.00,-0.0248
2020.00,-0.0247
2019.00,-0.0247
2018.00,-0.0246
2017.00,-0.0246
2016.00,-0.0247
2015.00,-0.0248
2014.00,-0.0250
2013.00,-0.0251
2012.00,-0.0252
2011.00,-0.0252
2010.00,-0.0253
2009.00,-0.0253
2008.00,-0.0251
2007.00,-0.0249
2006.00,-0.0248
2005.00,-0.0247
2004.00,-0.0248
2003.00,-0.0249
2002.00,-0.0250
2001.00,-0.0251
2000.00,-0.0252
1999.00,-0.0253
1998.00,-0.0253
1997.00,-0.0252
1996.00,-0.0251
1995.00,-0.0250
1994.00,-0.0251
1993.00,-0.0251
1992.00,-0.0253
1991.00,-0.0254
1990.00,-0.0255
1989.00,-0.0256
1988.00,-0.0257
1987.00,-0.0258
1986.00,-0.0259
1985.00,-0.0259
1984.00,-0.0260
1983.00,-0.0261
1982.00,-0.0261
1981.00,-0.0260
1980.00,-0.0257
1979.00,-0.0255
1978.00,-0.0254
1977.00,-0.0253
1976.00,-0.0253
1975.00,-0.0253
1974.00,-0.0254
1973.00,-0.0255
1972.00,-0.0257
1971.00,-0.0258
1970.00,-0.0257
1969.00,-0.0256
1968.00,-0.0255
1967.00,-0.0256
1966.00,-0.0258
1965.00,-0.0259
1964.00,-0.0259
1963.00,-0.0257
1962.00,-0.0255
1961.00,-0.0255
1960.00,-0.0256
1959.00,-0.0259
1958.00,-0.0260
1957.00,-0.0261
1956.00,-0.0260
1955.00,-0.0258
1954.00,-0.0258
1953.00,-0.0258
1952.00,-0.0259
1951.00,-0.0260
1950.00,-0.0260
1949.00,-0.0260
1948.00,-0.0260
1947.00,-0.0260
1946.00,-0.0260
1945.00,-0.0261
1944.00,-0.0262
1943.00,-0.0262
1942.00,-0.0262
1941.00,-0.0262
1940.00,-0.0261
1939.00,-0.0261
1938.00,-0.0261
1937.00,-0.0262
1936.00,-0.0263
1935.00,-0.0264
1934.00,-0.0265
1933.00,-0.0265
1932.00,-0.0265
1931.00,-0.0265
1930.00,-0.0265
1929.00,-0.0265
1928.00,-0.0265
1927.00,-0.0266
1926.00,-0.0266
1925.00,-0.0267
1924.00,-0.0269
1923.00,-0.0270
1922.00,-0.0271
1921.00,-0.0271
1920.00,-0.0271
1919.00,-0.0271
1918.00,-0.0271
1917.00,-0.0272
1916.00,-0.0273
1915.00,-0.0274
1914.00,-0.0275
1913.00,-0.0275
1912.00,-0.0274
1911.00,-0.0273
1910.00,-0.0273
1909.00,-0.0272
1908.00,-0.0272
1907.00,-0.0272
1906.00,-0.0273
1905.00,-0.0273
1904.00,-0.0274
1903.00,-0.0274
1902.00,-0.0274
1901.00,-0.0274
1900.00,-0.0274
1899.00,-0.0275
1898.00,-0.0275
1897.00,-0.0275
1896.00,-0.0276
1895.00,-0.0276
1894.00,-0.0276
1893.00,-0.0276
1892.00,-0.0276
1891.00,-0.0276
1890.00,-0.0277
1889.00,-0.0277
1888.00,-0.0278
1887.00,-0.0278
1886.00,-0.0278
1885.00,-0.0279
1884.00,-0.0279
1883.00,-0.0279
1882.00,-0.0279
1881.00,-0.0279
1880.00,-0.0280
1879.00,-0.0280
1878.00,-0.0281
1877.00,-0.0281
1876.00,-0.0282
1875.00,-0.0283
1874.00,-0.0284
1873.00,-0.0285
1872.00,-0.0285
1871.00,-0.0285
1870.00,-0.0285
1869.00,-0.0285
1868.00,-0.0285
1867.00,-0.0286
1866.00,-0.0286
1865.00,-0.0287
1864.00,-0.0287
1863.00,-0.0287
1862.00,-0.0288
1861.00,-0.0288
1860.00,-0.0289
1859.00,-0.0289
1858.00,-0.0290
1857.00,-0.0290
1856.00,-0.0291
1855.00,-0.0291
1854.00,-0.0291
1853.00,-0.0291
1852.00,-0.0291
1851.00,-0.0291
1850.00,-0.0291
1849.00,-0.0291
1848.00,-0.0291
1847.00,-0.0292
1846.00,-0.0292
1845.00,-0.0292
1844.00,-0.0293
1843.00,-0.0294
1842.00,-0.0295
1841.00,-0.0296
1840.00,-0.0296
1839.00,-0.0296
1838.00,-0.0296
1837.00,-0.0296
1836.00,-0.0296
1835.00,-0.0296
1834.00,-0.0297
1833.00,-0.0297
1832.00,-0.0298
1831.00,-0.0298
1830.00,-0.0298
1829.00,-0.0299
1828.00,-0.0299
1827.00,-0.0299
1826.00,-0.0300
1825.00,-0.0301
1824.00,-0.0302
1823.00,-0.0302
1822.00,-0.0302
1821.00,-0.0303
1820.00,-0.0303
1819.00,-0.0303
1818.00,-0.0303
1817.00,-0.0303
1816.00,-0.0304
1815.00,-0.0305
1814.00,-0.0305
1813.00,-0.0305
1812.00,-0.0305
1811.00,-0.0306
1810.00,-0.0307
1809.00,-0.0307
1808.00,-0.0307
1807.00,-0.0307
1806.00,-0.0308
1805.00,-0.0308
1804.00,-0.0309
1803.00,-0.0310
1802.00,-0.0310
1801.00,-0.0311
1800.00,-0.0311
1799.00,-0.0312
1798.00,-0.0312
1797.00,-0.0313
1796.00,-0.0313
1795.00,-0.0313
1794.00,-0.0314
1793.00,-0.0314
1792.00,-0.0314
1791.00,-0.0315
1790.00,-0.0315
1789.00,-0.0316
1788.00,-0.0316
1787.00,-0.0316
1786.00,-0.0317
1785.00,-0.0317
1784.00,-0.0318
1783.00,-0.0318
1782.00,-0.0319
1781.00,-0.0319
1780.00,-0.0320
1779.00,-0.0321
1778.00,-0.0321
1777.00,-0.0322
1776.00,-0.0322
1775.00,-0.0322
1774.00,-0.0323
1773.00,-0.0324
1772.00,-0.0325
1771.00,-0.0326
1770.00,-0.0326
1769.00,-0.0326
1768.00,-0.0327
1767.00,-0.0328
1766.00,-0.0329
1765.00,-0.0329
1764.00,-0.0329
1763.00,-0.0330
1762.00,-0.0331
1761.00,-0.0332
1760.00,-0.0333
1759.00,-0.0334
1758.00,-0.0334
1757.00,-0.0335
1756.00,-0.0335
1755.00,-0.0336
1754.00,-0.0336
1753.00,-0.0336
1752.00,-0.0337
1751.00,-0.0338
1750.00,-0.0339
1749.00,-0.0339
1748.00,-0.0340
1747.00,-0.0340
1746.00,-0.0341
1745.00,-0.0342
1744.00,-0.0342
1743.00,-0.0343
1742.00,-0.0343
1741.00,-0.0344
1740.00,-0.0345
1739.00,-0.0346
1738.00,-0.0348
1737.00,-0.0348
1736.00,-0.0349
1735.00,-0.0351
1734.00,-0.0354
1733.00,-0.0357
1732.00,-0.0359
1731.00,-0.0360
1730.00,-0.0360
1729.00,-0.0361
1728.00,-0.0362
1727.00,-0.0364
1726.00,-0.0365
1725.00,-0.0366
1724.00,-0.0367
1723.00,-0.0368
1722.00,-0.0369
1721.00,-0.0369
1720.00,-0.0369
1719.00,-0.0369
1718.00,-0.0369
1717.00,-0.0369
1716.00,-0.0368
1715.00,-0.0367
1714.00,-0.0366
1713.00,-0.0364
1712.00,-0.0361
1711.00,-0.0358
1710.00,-0.0354
1709.00,-0.0349
1708.00,-0.0343
1707.00,-0.0336
1706.00,-0.0327
1705.00,-0.0317
1704.00,-0.0307
1703.00,-0.0295
1702.00,-0.0282
1701.00,-0.0267
1700.00,-0.0252
1699.00,-0.0240
1698.00,-0.0231
1697.00,-0.0225
1696.00,-0.0219
1695.00,-0.0216
1694.00,-0.0214
1693.00,-0.0212
1692.00,-0.0210
1691.00,-0.0206
1690.00,-0.0201
1689.00,-0.0197
1688.00,-0.0192
1687.00,-0.0187
1686.00,-0.0182
1685.00,-0.0175
1684.00,-0.0167
1683.00,-0.0160
1682.00,-0.0154
1681.00,-0.0149
1680.00,-0.0143
1679.00,-0.0136
1678.00,-0.0131
1677.00,-0.0125
1676.00,-0.0119
1675.00,-0.0112
1674.00,-0.0107
1673.00,-0.0102
1672.00,-0.0098
1671.00,-0.0092
1670.00,-0.0086
1669.00,-0.0081
1668.00,-0.0077
1667.00,-0.0074
1666.00,-0.0072
1665.00,-0.0070
1664.00,-0.0066
1663.00,-0.0062
1662.00,-0.0059
1661.00,-0.0057
1660.00,-0.0056
1659.00,-0.0056
1658.00,-0.0056
1657.00,-0.0057
1656.00,-0.0058
1655.00,-0.0060
1654.00,-0.0061
1653.00,-0.0061
1652.00,-0.0064
1651.00,-0.0070
1650.00,-0.0076
1649.00,-0.0080
1648.00,-0.0083
1647.00,-0.0086
1646.00,-0.0090
1645.00,-0.0095
1644.00,-0.0101
1643.00,-0.0106
1642.00,-0.0111
1641.00,-0.0116
1640.00,-0.0120
1639.00,-0.0124
1638.00,-0.0127
1637.00,-0.0129
1636.00,-0.0128
1635.00,-0.0127
1634.00,-0.0128
1633.00,-0.0130
1632.00,-0.0131
1631.00,-0.0131
1630.00,-0.0128
1629.00,-0.0124
1628.00,-0.0118
1627.00,-0.0112
1626.00,-0.0105
1625.00,-0.0098
1624.00,-0.0089
1623.00,-0.0078
1622.00,-0.0068
1621.00,-0.0061
1620.00,-0.0056
1619.00,-0.0051
1618.00,-0.0046
1617.00,-0.0041
1616.00,-0.0037
1615.00,-0.0036
1614.00,-0.0038
1613.00,-0.0043
1612.00,-0.0047
1611.00,-0.0052
1610.00,-0.0058
1609.00,-0.0064
1608.00,-0.0071
1607.00,-0.0078
1606.00,-0.0085
1605.00,-0.0091
1604.00,-0.0098
1603.00,-0.0104
1602.00,-0.0109
1601.00,-0.0114
1600.00,-0.0119
1599.00,-0.0124
1598.00,-0.0129
1597.00,-0.0133
1596.00,-0.0138
1595.00,-0.0143
1594.00,-0.0148
1593.00,-0.0153
1592.00,-0.0158
1591.00,-0.0162
1590.00,-0.0167
1589.00,-0.0171
1588.00,-0.0175
1587.00,-0.0179
1586.00,-0.0182
1585.00,-0.0185
1584.00,-0.0188
1583.00,-0.0190
1582.00,-0.0192
1581.00,-0.0194
1580.00,-0.0195
1579.00,-0.0196
1578.00,-0.0196
1577.00,-0.0194
1576.00,-0.0193
1575.00,-0.0191
1574.00,-0.0189
1573.00,-0.0187
1572.00,-0.0185
1571.00,-0.0181
1570.00,-0.0176
1569.00,-0.0171
1568.00,-0.0166
1567.00,-0.0161
1566.00,-0.0156
1565.00,-0.0149
1564.00,-0.0142
1563.00,-0.0135
1562.00,-0.0129
1561.00,-0.0122
1560.00,-0.0112
1559.00,-0.0098
1558.00,-0.0085
1557.00,-0.0076
1556.00,-0.0070
1555.00,-0.0062
1554.00,-0.0053
1553.00,-0.0044
1552.00,-0.0036
1551.00,-0.0027
1550.00,-0.0018
1549.00,-0.0009
1548.00,-0.0002
1547.00,0.0005
1546.00,0.0012
1545.00,0.0019
1544.00,0.0026
1543.00,0.0033
1542.00,0.0039
1541.00,0.0047
1540.00,0.0056
1539.00,0.0065
1538.00,0.0071
1537.00,0.0074
1536.00,0.0078
1535.00,0.0083
1534.00,0.0090
1533.00,0.0098
1532.00,0.0103
1531.00,0.0108
1530.00,0.0111
1529.00,0.0116
1528.00,0.0121
1527.00,0.0126
1526.00,0.0132
1525.00,0.0138
1524.00,0.0143
1523.00,0.0150
1522.00,0.0159
1521.00,0.0170
1520.00,0.0179
1519.00,0.0185
1518.00,0.0192
1517.00,0.0200
1516.00,0.0206
1515.00,0.0210
1514.00,0.0211
1513.00,0.0210
1512.00,0.0209
1511.00,0.0207
1510.00,0.0204
1509.00,0.0200
1508.00,0.0196
1507.00,0.0193
1506.00,0.0190
1505.00,0.0183
1504.00,0.0174
1503.00,0.0164
1502.00,0.0155
1501.00,0.0146
1500.00,0.0137
1499.00,0.0128
1498.00,0.0119
1497.00,0.0109
1496.00,0.0098
1495.00,0.0087
1494.00,0.0075
1493.00,0.0063
1492.00,0.0051
1491.00,0.0039
1490.00,0.0026
1489.00,0.0014
1488.00,0.0002
1487.00,-0.0010
1486.00,-0.0022
1485.00,-0.0034
1484.00,-0.0044
1483.00,-0.0055
1482.00,-0.0064
1481.00,-0.0073
1480.00,-0.0082
1479.00,-0.0090
1478.00,-0.0097
1477.00,-0.0103
1476.00,-0.0109
1475.00,-0.0115
1474.00,-0.0120
1473.00,-0.0123
1472.00,-0.0125
1471.00,-0.0127
1470.00,-0.0129
1469.00,-0.0132
1468.00,-0.0135
1467.00,-0.0138
1466.00,-0.0141
1465.00,-0.0143
1464.00,-0.0145
1463.00,-0.0147
1462.00,-0.0148
1461.00,-0.0148
1460.00,-0.0148
1459.00,-0.0146
1458.00,-0.0142
1457.00,-0.0136
1456.00,-0.0131
1455.00,-0.0128
1454.00,-0.0126
1453.00,-0.0125
1452.00,-0.0124
1451.00,-0.0123
1450.00,-0.0123
1449.00,-0.0123
1448.00,-0.0123
1447.00,-0.0124
1446.00,-0.0126
1445.00,-0.0129
1444.00,-0.0132
1443.00,-0.0136
1442.00,-0.0140
1441.00,-0.0145
1440.00,-0.0150
1439.00,-0.0155
1438.00,-0.0161
1437.00,-0.0166
1436.00,-0.0171
1435.00,-0.0176
1434.00,-0.0181
1433.00,-0.0185
1432.00,-0.0189
1431.00,-0.0193
1430.00,-0.0195
1429.00,-0.0198
1428.00,-0.0200
1427.00,-0.0202
1426.00,-0.0204
1425.00,-0.0204
1424.00,-0.0204
1423.00,-0.0204
1422.00,-0.0203
1421.00,-0.0202
1420.00,-0.0201
1419.00,-0.0198
1418.00,-0.0195
1417.00,-0.0192
1416.00,-0.0189
1415.00,-0.0187
1414.00,-0.0184
1413.00,-0.0182
1412.00,-0.0179
1411.00,-0.0176
1410.00,-0.0174
1409.00,-0.0171
1408.00,-0.0169
1407.00,-0.0167
1406.00,-0.0164
1405.00,-0.0163
1404.00,-0.0162
1403.00,-0.0161
1402.00,-0.0161
1401.00,-0.0162
1400.00,-0.0162
1399.00,-0.0162
1398.00,-0.0162
1397.00,-0.0162
1396.00,-0.0163
1395.00,-0.0164
1394.00,-0.0165
1393.00,-0.0166
1392.00,-0.0167
1391.00,-0.0167
1390.00,-0.0168
1389.00,-0.0169
1388.00,-0.0170
1387.00,-0.0172
1386.00,-0.0174
1385.00,-0.0177
1384.00,-0.0180
1383.00,-0.0183
1382.00,-0.0185
1381.00,-0.0187
1380.00,-0.0189
1379.00,-0.0191
1378.00,-0.0193
1377.00,-0.0194
1376.00,-0.0196
1375.00,-0.0197
1374.00,-0.0199
1373.00,-0.0201
1372.00,-0.0203
1371.00,-0.0204
1370.00,-0.0205
1369.00,-0.0206
1368.00,-0.0207
1367.00,-0.0209
1366.00,-0.0211
1365.00,-0.0213
1364.00,-0.0215
1363.00,-0.0217
1362.00,-0.0218
1361.00,-0.0219
1360.00,-0.0220
1359.00,-0.0220
1358.00,-0.0220
1357.00,-0.0219
1356.00,-0.0218
1355.00,-0.0216
1354.00,-0.0214
1353.00,-0.0212
1352.00,-0.0210
1351.00,-0.0207
1350.00,-0.0205
1349.00,-0.0203
1348.00,-0.0201
1347.00,-0.0200
1346.00,-0.0199
1345.00,-0.0198
1344.00,-0.0197
1343.00,-0.0197
1342.00,-0.0196
1341.00,-0.0195
1340.00,-0.0195
1339.00,-0.0194
1338.00,-0.0195
1337.00,-0.0195
1336.00,-0.0195
1335.00,-0.0196
1334.00,-0.0197
1333.00,-0.0197
1332.00,-0.0197
1331.00,-0.0197
1330.00,-0.0198
1329.00,-0.0198
1328.00,-0.0198
1327.00,-0.0199
1326.00,-0.0199
1325.00,-0.0199
1324.00,-0.0200
1323.00,-0.0200
1322.00,-0.0201
1321.00,-0.0201
1320.00,-0.0202
1319.00,-0.0202
1318.00,-0.0203
1317.00,-0.0203
1316.00,-0.0204
1315.00,-0.0204
1314.00,-0.0205
1313.00,-0.0205
1312.00,-0.0205
1311.00,-0.0205
1310.00,-0.0205
1309.00,-0.0205
1308.00,-0.0205
1307.00,-0.0206
1306.00,-0.0206
1305.00,-0.0207
1304.00,-0.0208
1303.00,-0.0209
1302.00,-0.0210
1301.00,-0.0211
1300.00,-0.0212
1299.00,-0.0213
1298.00,-0.0215
1297.00,-0.0216
1296.00,-0.0217
1295.00,-0.0218
1294.00,-0.0219
1293.00,-0.0220
1292.00,-0.0221
1291.00,-0.0222
1290.00,-0.0223
1289.00,-0.0223
1288.00,-0.0224
1287.00,-0.0224
1286.00,-0.0225
1285.00,-0.0227
1284.00,-0.0228
1283.00,-0.0229
1282.00,-0.0231
1281.00,-0.0232
1280.00,-0.0234
1279.00,-0.0235
1278.00,-0.0237
1277.00,-0.0239
1276.00,-0.0241
1275.00,-0.0243
1274.00,-0.0245
1273.00,-0.0246
1272.00,-0.0248
1271.00,-0.0249
1270.00,-0.0251
1269.00,-0.0253
1268.00,-0.0255
1267.00,-0.0257
1266.00,-0.0259
1265.00,-0.0261
1264.00,-0.0263
1263.00,-0.0265
1262.00,-0.0266
1261.00,-0.0268
1260.00,-0.0269
1259.00,-0.0271
1258.00,-0.0272
1257.00,-0.0273
1256.00,-0.0273
1255.00,-0.0272
1254.00,-0.0271
1253.00,-0.0270
1252.00,-0.0268
1251.00,-0.0265
1250.00,-0.0262
1249.00,-0.0258
1248.00,-0.0255
1247.00,-0.0252
1246.00,-0.0249
1245.00,-0.0245
1244.00,-0.0242
1243.00,-0.0238
1242.00,-0.0235
1241.00,-0.0231
1240.00,-0.0227
1239.00,-0.0223
1238.00,-0.0219
1237.00,-0.0215
1236.00,-0.0210
1235.00,-0.0206
1234.00,-0.0202
1233.00,-0.0198
1232.00,-0.0194
1231.00,-0.0190
1230.00,-0.0187
1229.00,-0.0183
1228.00,-0.0181
1227.00,-0.0178
1226.00,-0.0177
1225.00,-0.0175
1224.00,-0.0174
1223.00,-0.0173
1222.00,-0.0172
1221.00,-0.0171
1220.00,-0.0171
1219.00,-0.0171
1218.00,-0.0172
1217.00,-0.0173
1216.00,-0.0174
1215.00,-0.0176
1214.00,-0.0178
1213.00,-0.0180
1212.00,-0.0182
1211.00,-0.0184
1210.00,-0.0187
1209.00,-0.0190
1208.00,-0.0193
1207.00,-0.0196
1206.00,-0.0199
1205.00,-0.0202
1204.00,-0.0206
1203.00,-0.0209
1202.00,-0.0213
1201.00,-0.0217
1200.00,-0.0221
1199.00,-0.0225
1198.00,-0.0228
1197.00,-0.0232
1196.00,-0.0235
1195.00,-0.0238
1194.00,-0.0242
1193.00,-0.0245
1192.00,-0.0248
1191.00,-0.0251
1190.00,-0.0255
1189.00,-0.0257
1188.00,-0.0260
1187.00,-0.0262
1186.00,-0.0264
1185.00,-0.0266
1184.00,-0.0269
1183.00,-0.0271
1182.00,-0.0274
1181.00,-0.0277
1180.00,-0.0279
1179.00,-0.0281
1178.00,-0.0283
1177.00,-0.0284
1176.00,-0.0284
1175.00,-0.0284
1174.00,-0.0284
1173.00,-0.0285
1172.00,-0.0285
1171.00,-0.0285
1170.00,-0.0286
1169.00,-0.0286
1168.00,-0.0286
1167.00,-0.0286
1166.00,-0.0286
1165.00,-0.0286
1164.00,-0.0287
1163.00,-0.0287
1162.00,-0.0287
1161.00,-0.0287
1160.00,-0.0287
1159.00,-0.0287
1158.00,-0.0288
1157.00,-0.0289
1156.00,-0.0290
1155.00,-0.0291
1154.00,-0.0293
1153.00,-0.0295
1152.00,-0.0296
1151.00,-0.0298
1150.00,-0.0300
1149.00,-0.0303
1148.00,-0.0305
1147.00,-0.0308
1146.00,-0.0310
1145.00,-0.0312
1144.00,-0.0314
1143.00,-0.0316
1142.00,-0.0317
1141.00,-0.0319
1140.00,-0.0320
1139.00,-0.0322
1138.00,-0.0324
1137.00,-0.0327
1136.00,-0.0329
1135.00,-0.0332
1134.00,-0.0334
1133.00,-0.0336
1132.00,-0.0337
1131.00,-0.0338
1130.00,-0.0339
1129.00,-0.0340
1128.00,-0.0341
1127.00,-0.0342
1126.00,-0.0343
1125.00,-0.0344
1124.00,-0.0345
1123.00,-0.0346
1122.00,-0.0348
1121.00,-0.0349
1120.00,-0.0350
1119.00,-0.0351
1118.00,-0.0352
1117.00,-0.0352
1116.00,-0.0352
1115.00,-0.0352
1114.00,-0.0352
1113.00,-0.0353
1112.00,-0.0353
1111.00,-0.0354
1110.00,-0.0355
1109.00,-0.0356
1108.00,-0.0357
1107.00,-0.0357
1106.00,-0.0358
1105.00,-0.0358
1104.00,-0.0359
1103.00,-0.0359
1102.00,-0.0360
1101.00,-0.0360
1100.00,-0.0361
1099.00,-0.0361
1098.00,-0.0362
1097.00,-0.0362
1096.00,-0.0363
1095.00,-0.0363
1094.00,-0.0363
1093.00,-0.0363
1092.00,-0.0362
1091.00,-0.0361
1090.00,-0.0359
1089.00,-0.0357
1088.00,-0.0355
1087.00,-0.0353
1086.00,-0.0351
1085.00,-0.0348
1084.00,-0.0345
1083.00,-0.0343
1082.00,-0.0340
1081.00,-0.0337
1080.00,-0.0335
1079.00,-0.0332
1078.00,-0.0330
1077.00,-0.0328
1076.00,-0.0326
1075.00,-0.0324
1074.00,-0.0322
1073.00,-0.0319
1072.00,-0.0317
1071.00,-0.0315
1070.00,-0.0313
1069.00,-0.0312
1068.00,-0.0311
1067.00,-0.0310
1066.00,-0.0309
1065.00,-0.0308
1064.00,-0.0309
1063.00,-0.0310
1062.00,-0.0311
1061.00,-0.0312
1060.00,-0.0314
1059.00,-0.0315
1058.00,-0.0318
1057.00,-0.0320
1056.00,-0.0323
1055.00,-0.0326
1054.00,-0.0328
1053.00,-0.0331
1052.00,-0.0333
1051.00,-0.0334
1050.00,-0.0335
1049.00,-0.0336
1048.00,-0.0338
1047.00,-0.0339
1046.00,-0.0341
1045.00,-0.0343
1044.00,-0.0344
1043.00,-0.0346
1042.00,-0.0347
1041.00,-0.0349
1040.00,-0.0351
1039.00,-0.0354
1038.00,-0.0356
1037.00,-0.0357
1036.00,-0.0359
1035.00,-0.0361
1034.00,-0.0363
1033.00,-0.0365
1032.00,-0.0367
1031.00,-0.0369
1030.00,-0.0372
1029.00,-0.0374
1028.00,-0.0376
1027.00,-0.0379
1026.00,-0.0382
1025.00,-0.0386
1024.00,-0.0389
1023.00,-0.0393
1022.00,-0.0396
1021.00,-0.0398
1020.00,-0.0400
1019.00,-0.0403
1018.00,-0.0405
1017.00,-0.0408
1016.00,-0.0410
1015.00,-0.0412
1014.00,-0.0414
1013.00,-0.0416
1012.00,-0.0418
1011.00,-0.0419
1010.00,-0.0421
1009.00,-0.0422
1008.00,-0.0424
1007.00,-0.0426
1006.00,-0.0427
1005.00,-0.0428
1004.00,-0.0429
1003.00,-0.0430
1002.00,-0.0431
1001.00,-0.0432
1000.00,-0.0433
999.00,-0.0435
998.00,-0.0436
997.00,-0.0438
996.00,-0.0438
995.00,-0.0438
994.00,-0.0438
993.00,-0.0439
992.00,-0.0439
991.00,-0.0440
990.00,-0.0440
989.00,-0.0441
988.00,-0.0441
987.00,-0.0440
986.00,-0.0440
985.00,-0.0440
984.00,-0.0440
983.00,-0.0440
982.00,-0.0440
981.00,-0.0439
980.00,-0.0438
979.00,-0.0438
978.00,-0.0439
977.00,-0.0440
976.00,-0.0442
975.00,-0.0443
974.00,-0.0444
973.00,-0.0446
972.00,-0.0447
971.00,-0.0448
970.00,-0.0449
969.00,-0.0450
968.00,-0.0451
967.00,-0.0451
966.00,-0.0450
965.00,-0.0450
964.00,-0.0450
963.00,-0.0451
962.00,-0.0452
961.00,-0.0453
960.00,-0.0455
959.00,-0.0456
958.00,-0.0458
957.00,-0.0459
956.00,-0.0460
955.00,-0.0461
954.00,-0.0462
953.00,-0.0464
952.00,-0.0465
951.00,-0.0466
950.00,-0.0466
949.00,-0.0466
948.00,-0.0466
947.00,-0.0466
946.00,-0.0466
945.00,-0.0466
944.00,-0.0466
943.00,-0.0465
942.00,-0.0464
941.00,-0.0463
940.00,-0.0462
939.00,-0.0461
938.00,-0.0460
937.00,-0.0459
936.00,-0.0457
935.00,-0.0456
934.00,-0.0454
933.00,-0.0452
932.00,-0.0451
931.00,-0.0450
930.00,-0.0449
929.00,-0.0448
928.00,-0.0448
927.00,-0.0449
926.00,-0.0450
925.00,-0.0452
924.00,-0.0455
923.00,-0.0457
922.00,-0.0459
921.00,-0.0462
920.00,-0.0464
919.00,-0.0466
918.00,-0.0468
917.00,-0.0469
916.00,-0.0471
915.00,-0.0472
914.00,-0.0473
913.00,-0.0475
912.00,-0.0475
911.00,-0.0475
910.00,-0.0475
909.00,-0.0475
908.00,-0.0475
907.00,-0.0475
906.00,-0.0474
905.00,-0.0473
904.00,-0.0472
903.00,-0.0471
902.00,-0.0470
901.00,-0.0469
900.00,-0.0468
899.00,-0.0467
898.00,-0.0467
897.00,-0.0467
896.00,-0.0468
895.00,-0.0468
894.00,-0.0468
893.00,-0.0468
892.00,-0.0468
891.00,-0.0467
890.00,-0.0468
889.00,-0.0468
888.00,-0.0468
887.00,-0.0468
886.00,-0.0468
885.00,-0.0467
884.00,-0.0467
883.00,-0.0467
882.00,-0.0467
881.00,-0.0468
880.00,-0.0468
879.00,-0.0469
878.00,-0.0469
877.00,-0.0468
876.00,-0.0468
875.00,-0.0467
874.00,-0.0467
873.00,-0.0468
872.00,-0.0469
871.00,-0.0469
870.00,-0.0470
869.00,-0.0471
868.00,-0.0472
867.00,-0.0474
866.00,-0.0475
865.00,-0.0477
864.00,-0.0478
863.00,-0.0479
862.00,-0.0480
861.00,-0.0481
860.00,-0.0482
859.00,-0.0483
858.00,-0.0483
857.00,-0.0484
856.00,-0.0484
855.00,-0.0484
854.00,-0.0484
853.00,-0.0484
852.00,-0.0484
851.00,-0.0485
850.00,-0.0486
849.00,-0.0486
848.00,-0.0487
847.00,-0.0487
846.00,-0.0487
845.00,-0.0488
844.00,-0.0488
843.00,-0.0489
842.00,-0.0489
841.00,-0.0489
840.00,-0.0488
839.00,-0.0487
838.00,-0.0487
837.00,-0.0486
836.00,-0.0486
835.00,-0.0485
834.00,-0.0484
833.00,-0.0484
832.00,-0.0483
831.00,-0.0482
830.00,-0.0482
829.00,-0.0482
828.00,-0.0482
827.00,-0.0481
826.00,-0.0481
825.00,-0.0480
824.00,-0.0481
823.00,-0.0481
822.00,-0.0482
821.00,-0.0482
820.00,-0.0482
819.00,-0.0481
818.00,-0.0480
817.00,-0.0480
816.00,-0.0479
815.00,-0.0478
814.00,-0.0479
813.00,-0.0479
812.00,-0.0479
811.00,-0.0479
810.00,-0.0477
809.00,-0.0476
808.00,-0.0476
807.00,-0.0475
806.00,-0.0474
805.00,-0.0473
804.00,-0.0472
803.00,-0.0472
802.00,-0.0472
801.00,-0.0472
800.00,-0.0472
799.00,-0.0472
798.00,-0.0472
797.00,-0.0472
796.00,-0.0472
795.00,-0.0471
794.00,-0.0471
793.00,-0.0471
792.00,-0.0471
791.00,-0.0471
790.00,-0.0471
789.00,-0.0470
788.00,-0.0469
787.00,-0.0469
786.00,-0.0469
785.00,-0.0470
784.00,-0.0471
783.00,-0.0471
782.00,-0.0472
781.00,-0.0472
780.00,-0.0473
779.00,-0.0473
778.00,-0.0473
777.00,-0.0473
776.00,-0.0472
775.00,-0.0471
774.00,-0.0470
773.00,-0.0470
772.00,-0.0472
771.00,-0.0476
770.00,-0.0480
769.00,-0.0484
768.00,-0.0485
767.00,-0.0481
766.00,-0.0474
765.00,-0.0467
764.00,-0.0461
763.00,-0.0458
762.00,-0.0455
761.00,-0.0453
760.00,-0.0452
759.00,-0.0450
758.00,-0.0448
757.00,-0.0446
756.00,-0.0444
755.00,-0.0442
754.00,-0.0440
753.00,-0.0437
752.00,-0.0435
751.00,-0.0432
750.00,-0.0430
749.00,-0.0427
748.00,-0.0425
747.00,-0.0423
746.00,-0.0422
745.00,-0.0421
744.00,-0.0421
743.00,-0.0420
742.00,-0.0419
741.00,-0.0418
740.00,-0.0417
739.00,-0.0416
738.00,-0.0416
737.00,-0.0415
736.00,-0.0415
735.00,-0.0415
734.00,-0.0414
733.00,-0.0414
732.00,-0.0412
731.00,-0.0409
730.00,-0.0406
729.00,-0.0404
728.00,-0.0401
727.00,-0.0398
726.00,-0.0395
725.00,-0.0393
724.00,-0.0389
723.00,-0.0386
722.00,-0.0382
721.00,-0.0379
720.00,-0.0375
719.00,-0.0371
718.00,-0.0368
717.00,-0.0364
716.00,-0.0360
715.00,-0.0356
714.00,-0.0352
713.00,-0.0349
712.00,-0.0345
711.00,-0.0341
710.00,-0.0337
709.00,-0.0331
708.00,-0.0325
707.00,-0.0319
706.00,-0.0312
705.00,-0.0305
704.00,-0.0299
703.00,-0.0293
702.00,-0.0288
701.00,-0.0283
700.00,-0.0280
699.00,-0.0278
698.00,-0.0276
697.00,-0.0276
696.00,-0.0277
695.00,-0.0278
694.00,-0.0279
693.00,-0.0279
692.00,-0.0279
691.00,-0.0279
690.00,-0.0279
689.00,-0.0279
688.00,-0.0278
687.00,-0.0277
686.00,-0.0277
685.00,-0.0277
684.00,-0.0277
683.00,-0.0277
682.00,-0.0277
681.00,-0.0277
680.00,-0.0278
679.00,-0.0278
678.00,-0.0278
677.00,-0.0279
676.00,-0.0279
675.00,-0.0280
674.00,-0.0280
673.00,-0.0281
672.00,-0.0281
671.00,-0.0282
670.00,-0.0283
669.00,-0.0286
668.00,-0.0289
667.00,-0.0290
666.00,-0.0290
665.00,-0.0287
664.00,-0.0284
663.00,-0.0282
662.00,-0.0280
661.00,-0.0280
660.00,-0.0279
659.00,-0.0279
658.00,-0.0279
657.00,-0.0280
656.00,-0.0280
655.00,-0.0280
654.00,-0.0280
653.00,-0.0280
652.00,-0.0279
651.00,-0.0279
650.00,-0.0279
649.00,-0.0277
648.00,-0.0275
647.00,-0.0273
646.00,-0.0271
645.00,-0.0270
644.00,-0.0269
643.00,-0.0268
642.00,-0.0267
641.00,-0.0266
640.00,-0.0265
639.00,-0.0263
638.00,-0.0261
637.00,-0.0259
636.00,-0.0258
635.00,-0.0256
634.00,-0.0255
633.00,-0.0254
632.00,-0.0255
631.00,-0.0255
630.00,-0.0256
629.00,-0.0256
628.00,-0.0256
627.00,-0.0256
626.00,-0.0255
625.00,-0.0254
624.00,-0.0253
623.00,-0.0254
622.00,-0.0255
621.00,-0.0257
620.00,-0.0258
619.00,-0.0258
618.00,-0.0258
617.00,-0.0259
616.00,-0.0261
615.00,-0.0262
614.00,-0.0264
613.00,-0.0265
612.00,-0.0267
611.00,-0.0268
610.00,-0.0270
609.00,-0.0271
608.00,-0.0271
607.00,-0.0271
606.00,-0.0272
605.00,-0.0273
604.00,-0.0274
603.00,-0.0273
602.00,-0.0272
601.00,-0.0272
600.00,-0.0273
599.00,-0.0274
598.00,-0.0276
597.00,-0.0277
596.00,-0.0278
595.00,-0.0279
594.00,-0.0280
593.00,-0.0281
592.00,-0.0281
591.00,-0.0281
590.00,-0.0281
589.00,-0.0279
588.00,-0.0277
587.00,-0.0275
586.00,-0.0274
585.00,-0.0272
584.00,-0.0272
583.00,-0.0272
582.00,-0.0273
581.00,-0.0274
580.00,-0.0274
579.00,-0.0274
578.00,-0.0274
577.00,-0.0273
576.00,-0.0271
575.00,-0.0269
574.00,-0.0268
573.00,-0.0269
572.00,-0.0271
571.00,-0.0272
570.00,-0.0274
569.00,-0.0276
568.00,-0.0277
567.00,-0.0278
566.00,-0.0278
565.00,-0.0277
564.00,-0.0277
563.00,-0.0276
562.00,-0.0276
561.00,-0.0276
560.00,-0.0275
559.00,-0.0274
558.00,-0.0274
557.00,-0.0274
556.00,-0.0273
555.00,-0.0272
554.00,-0.0272
553.00,-0.0274
552.00,-0.0276
551.00,-0.0278
550.00,-0.0280
549.00,-0.0281
548.00,-0.0281
547.00,-0.0282
546.00,-0.0284
545.00,-0.0285
544.00,-0.0284
543.00,-0.0283
542.00,-0.0281
541.00,-0.0280
540.00,-0.0280
539.00,-0.0281
538.00,-0.0283
537.00,-0.0285
536.00,-0.0285
535.00,-0.0284
534.00,-0.0284
533.00,-0.0283
532.00,-0.0282
531.00,-0.0282
530.00,-0.0282
529.00,-0.0284
528.00,-0.0286
527.00,-0.0287
526.00,-0.0288
525.00,-0.0288
524.00,-0.0288
523.00,-0.0289
522.00,-0.0291
521.00,-0.0292
520.00,-0.0293
519.00,-0.0293
518.00,-0.0294
517.00,-0.0295
516.00,-0.0295
515.00,-0.0295
514.00,-0.0296
513.00,-0.0298
512.00,-0.0301
511.00,-0.0303
510.00,-0.0306
509.00,-0.0307
508.00,-0.0306
507.00,-0.0304
506.00,-0.0304
505.00,-0.0305
504.00,-0.0305
503.00,-0.0305
502.00,-0.0306
501.00,-0.0308
500.00,-0.0311
499.00,-0.0312
498.00,-0.0312
497.00,-0.0311
496.00,-0.0310
495.00,-0.0309
494.00,-0.0308
493.00,-0.0307
492.00,-0.0307
491.00,-0.0309
490.00,-0.0313
489.00,-0.0319
488.00,-0.0323
487.00,-0.0325
486.00,-0.0323
485.00,-0.0320
484.00,-0.0319
483.00,-0.0320
482.00,-0.0323
481.00,-0.0328
480.00,-0.0331
479.00,-0.0332
478.00,-0.0331
477.00,-0.0329
476.00,-0.0328
475.00,-0.0329
474.00,-0.0331
473.00,-0.0333
472.00,-0.0334
471.00,-0.0332
470.00,-0.0328
469.00,-0.0324
468.00,-0.0321
467.00,-0.0320
466.00,-0.0323
465.00,-0.0326
464.00,-0.0327
463.00,-0.0325
462.00,-0.0323
461.00,-0.0321
460.00,-0.0319
459.00,-0.0318
458.00,-0.0319
457.00,-0.0323
456.00,-0.0327
455.00,-0.0328
454.00,-0.0327
453.00,-0.0323
452.00,-0.0321
451.00,-0.0322
450.00,-0.0326
449.00,-0.0331
448.00,-0.0335
447.00,-0.0336
446.00,-0.0337
445.00,-0.0337
444.00,-0.0336
443.00,-0.0335
442.00,-0.0335
441.00,-0.0338
440.00,-0.0341
439.00,-0.0345
438.00,-0.0349
437.00,-0.0352
436.00,-0.0353
435.00,-0.0351
434.00,-0.0350
433.00,-0.0351
432.00,-0.0355
431.00,-0.0360
430.00,-0.0364
429.00,-0.0365
428.00,-0.0366
427.00,-0.0367
426.00,-0.0368
425.00,-0.0368
424.00,-0.0368
423.00,-0.0368
422.00,-0.0369
421.00,-0.0371
420.00,-0.0374
419.00,-0.0374
418.00,-0.0372
417.00,-0.0368
416.00,-0.0364
415.00,-0.0361
414.00,-0.0359
413.00,-0.0362
412.00,-0.0369
411.00,-0.0379
410.00,-0.0382
409.00,-0.0374
408.00,-0.0363
407.00,-0.0358
406.00,-0.0362
405.00,-0.0371
404.00,-0.0377
403.00,-0.0378
402.00,-0.0379
401.00,-0.0382
400.00,-0.0391
