Created as New Dataset,Sample 182 By YargerLab Date Friday, October 03 2025
cm-1,A
4000.00,0.0017
3999.00,0.0017
3998.00,0.0017
3997.00,0.0017
3996.00,0.0017
3995.00,0.0017
3994.00,0.0017
3993.00,0.0017
3992.00,0.0017
3991.00,0.0017
3990.00,0.0017
3989.00,0.0017
3988.00,0.0017
3987.00,0.0017
3986.00,0.0017
3985.00,0.0017
3984.00,0.0017
3983.00,0.0017
3982.00,0.0017
3981.00,0.0017
3980.00,0.0017
3979.00,0.0017
3978.00,0.0017
3977.00,0.0017
3976.00,0.0017
3975.00,0.0017
3974.00,0.0017
3973.00,0.0017
3972.00,0.0017
3971.00,0.0017
3970.00,0.0017
3969.00,0.0017
3968.00,0.0017
3967.00,0.0017
3966.00,0.0017
3965.00,0.0017
3964.00,0.0017
3963.00,0.0017
3962.00,0.0017
3961.00,0.0017
3960.00,0.0017
3959.00,0.0017
3958.00,0.0017
3957.00,0.0017
3956.00,0.0017
3955.00,0.0017
3954.00,0.0017
3953.00,0.0017
3952.00,0.0017
3951.00,0.0017
3950.00,0.0016
3949.00,0.0016
3948.00,0.0016
3947.00,0.0016
3946.00,0.0016
3945.00,0.0017
3944.00,0.0017
3943.00,0.0017
3942.00,0.0017
3941.00,0.0017
3940.00,0.0017
3939.00,0.0017
3938.00,0.0017
3937.00,0.0017
3936.00,0.0017
3935.00,0.0017
3934.00,0.0017
3933.00,0.0017
3932.00,0.0017
3931.00,0.0017
3930.00,0.0017
3929.00,0.0017
3928.00,0.0017
3927.00,0.0017
3926.00,0.0017
3925.00,0.0017
3924.00,0.0018
3923.00,0.0018
3922.00,0.0017
3921.00,0.0017
3920.00,0.0016
3919.00,0.0016
3918.00,0.0016
3917.00,0.0016
3916.00,0.0016
3915.00,0.0016
3914.00,0.0016
3913.00,0.0017
3912.00,0.0017
3911.00,0.0017
3910.00,0.0017
3909.00,0.0018
3908.00,0.0017
3907.00,0.0017
3906.00,0.0017
3905.00,0.0016
3904.00,0.0016
3903.00,0.0015
3902.00,0.0015
3901.00,0.0015
3900.00,0.0015
3899.00,0.0015
3898.00,0.0016
3897.00,0.0016
3896.00,0.0016
3895.00,0.0016
3894.00,0.0016
3893.00,0.0016
3892.00,0.0017
3891.00,0.0017
3890.00,0.0017
3889.00,0.0017
3888.00,0.0017
3887.00,0.0016
3886.00,0.0016
3885.00,0.0016
3884.00,0.0016
3883.00,0.0016
3882.00,0.0016
3881.00,0.0016
3880.00,0.0016
3879.00,0.0017
3878.00,0.0017
3877.00,0.0017
3876.00,0.0017
3875.00,0.0017
3874.00,0.0017
3873.00,0.0017
3872.00,0.0017
3871.00,0.0017
3870.00,0.0016
3869.00,0.0017
3868.00,0.0017
3867.00,0.0017
3866.00,0.0016
3865.00,0.0016
3864.00,0.0016
3863.00,0.0016
3862.00,0.0016
3861.00,0.0015
3860.00,0.0015
3859.00,0.0016
3858.00,0.0017
3857.00,0.0018
3856.00,0.0019
3855.00,0.0019
3854.00,0.0019
3853.00,0.0018
3852.00,0.0017
3851.00,0.0016
3850.00,0.0016
3849.00,0.0015
3848.00,0.0015
3847.00,0.0016
3846.00,0.0016
3845.00,0.0016
3844.00,0.0016
3843.00,0.0016
3842.00,0.0017
3841.00,0.0017
3840.00,0.0017
3839.00,0.0017
3838.00,0.0017
3837.00,0.0017
3836.00,0.0017
3835.00,0.0017
3834.00,0.0016
3833.00,0.0016
3832.00,0.0016
3831.00,0.0016
3830.00,0.0016
3829.00,0.0016
3828.00,0.0016
3827.00,0.0016
3826.00,0.0016
3825.00,0.0017
3824.00,0.0017
3823.00,0.0016
3822.00,0.0016
3821.00,0.0016
3820.00,0.0017
3819.00,0.0017
3818.00,0.0017
3817.00,0.0016
3816.00,0.0016
3815.00,0.0017
3814.00,0.0017
3813.00,0.0017
3812.00,0.0017
3811.00,0.0017
3810.00,0.0017
3809.00,0.0017
3808.00,0.0016
3807.00,0.0016
3806.00,0.0016
3805.00,0.0017
3804.00,0.0017
3803.00,0.0017
3802.00,0.0017
3801.00,0.0017
3800.00,0.0017
3799.00,0.0017
3798.00,0.0016
3797.00,0.0016
3796.00,0.0016
3795.00,0.0016
3794.00,0.0017
3793.00,0.0017
3792.00,0.0017
3791.00,0.0017
3790.00,0.0017
3789.00,0.0017
3788.00,0.0017
3787.00,0.0017
3786.00,0.0017
3785.00,0.0017
3784.00,0.0017
3783.00,0.0017
3782.00,0.0017
3781.00,0.0017
3780.00,0.0017
3779.00,0.0017
3778.00,0.0017
3777.00,0.0018
3776.00,0.0018
3775.00,0.0018
3774.00,0.0017
3773.00,0.0017
3772.00,0.0017
3771.00,0.0017
3770.00,0.0017
3769.00,0.0017
3768.00,0.0017
3767.00,0.0017
3766.00,0.0016
3765.00,0.0017
3764.00,0.0017
3763.00,0.0017
3762.00,0.0017
3761.00,0.0016
3760.00,0.0016
3759.00,0.0016
3758.00,0.0016
3757.00,0.0016
3756.00,0.0016
3755.00,0.0016
3754.00,0.0016
3753.00,0.0016
3752.00,0.0016
3751.00,0.0016
3750.00,0.0016
3749.00,0.0016
3748.00,0.0016
3747.00,0.0016
3746.00,0.0016
3745.00,0.0016
3744.00,0.0016
3743.00,0.0016
3742.00,0.0016
3741.00,0.0015
3740.00,0.0015
3739.00,0.0015
3738.00,0.0015
3737.00,0.0015
3736.00,0.0015
3735.00,0.0015
3734.00,0.0015
3733.00,0.0015
3732.00,0.0015
3731.00,0.0015
3730.00,0.0015
3729.00,0.0015
3728.00,0.0016
3727.00,0.0016
3726.00,0.0016
3725.00,0.0016
3724.00,0.0016
3723.00,0.0015
3722.00,0.0015
3721.00,0.0015
3720.00,0.0015
3719.00,0.0015
3718.00,0.0015
3717.00,0.0015
3716.00,0.0015
3715.00,0.0015
3714.00,0.0015
3713.00,0.0014
3712.00,0.0014
3711.00,0.0014
3710.00,0.0014
3709.00,0.0014
3708.00,0.0014
3707.00,0.0014
3706.00,0.0015
3705.00,0.0015
3704.00,0.0016
3703.00,0.0016
3702.00,0.0016
3701.00,0.0016
3700.00,0.0016
3699.00,0.0016
3698.00,0.0016
3697.00,0.0016
3696.00,0.0016
3695.00,0.0016
3694.00,0.0016
3693.00,0.0016
3692.00,0.0016
3691.00,0.0016
3690.00,0.0016
3689.00,0.0015
3688.00,0.0015
3687.00,0.0015
3686.00,0.0015
3685.00,0.0015
3684.00,0.0015
3683.00,0.0015
3682.00,0.0015
3681.00,0.0016
3680.00,0.0016
3679.00,0.0016
3678.00,0.0016
3677.00,0.0016
3676.00,0.0015
3675.00,0.0015
3674.00,0.0015
3673.00,0.0015
3672.00,0.0014
3671.00,0.0014
3670.00,0.0014
3669.00,0.0015
3668.00,0.0016
3667.00,0.0016
3666.00,0.0016
3665.00,0.0016
3664.00,0.0016
3663.00,0.0016
3662.00,0.0017
3661.00,0.0017
3660.00,0.0017
3659.00,0.0017
3658.00,0.0017
3657.00,0.0017
3656.00,0.0017
3655.00,0.0018
3654.00,0.0018
3653.00,0.0017
3652.00,0.0017
3651.00,0.0016
3650.00,0.0015
3649.00,0.0015
3648.00,0.0015
3647.00,0.0015
3646.00,0.0015
3645.00,0.0016
3644.00,0.0016
3643.00,0.0016
3642.00,0.0016
3641.00,0.0016
3640.00,0.0016
3639.00,0.0016
3638.00,0.0016
3637.00,0.0016
3636.00,0.0016
3635.00,0.0016
3634.00,0.0016
3633.00,0.0016
3632.00,0.0016
3631.00,0.0016
3630.00,0.0016
3629.00,0.0015
3628.00,0.0016
3627.00,0.0016
3626.00,0.0015
3625.00,0.0015
3624.00,0.0015
3623.00,0.0016
3622.00,0.0016
3621.00,0.0016
3620.00,0.0017
3619.00,0.0017
3618.00,0.0016
3617.00,0.0016
3616.00,0.0016
3615.00,0.0016
3614.00,0.0016
3613.00,0.0016
3612.00,0.0016
3611.00,0.0016
3610.00,0.0016
3609.00,0.0015
3608.00,0.0015
3607.00,0.0015
3606.00,0.0015
3605.00,0.0016
3604.00,0.0016
3603.00,0.0016
3602.00,0.0016
3601.00,0.0016
3600.00,0.0016
3599.00,0.0016
3598.00,0.0016
3597.00,0.0016
3596.00,0.0016
3595.00,0.0017
3594.00,0.0017
3593.00,0.0017
3592.00,0.0017
3591.00,0.0017
3590.00,0.0017
3589.00,0.0016
3588.00,0.0016
3587.00,0.0017
3586.00,0.0017
3585.00,0.0017
3584.00,0.0017
3583.00,0.0017
3582.00,0.0017
3581.00,0.0017
3580.00,0.0017
3579.00,0.0017
3578.00,0.0017
3577.00,0.0017
3576.00,0.0017
3575.00,0.0018
3574.00,0.0018
3573.00,0.0018
3572.00,0.0018
3571.00,0.0018
3570.00,0.0018
3569.00,0.0017
3568.00,0.0017
3567.00,0.0017
3566.00,0.0018
3565.00,0.0018
3564.00,0.0018
3563.00,0.0018
3562.00,0.0018
3561.00,0.0018
3560.00,0.0019
3559.00,0.0019
3558.00,0.0019
3557.00,0.0019
3556.00,0.0019
3555.00,0.0019
3554.00,0.0019
3553.00,0.0019
3552.00,0.0019
3551.00,0.0020
3550.00,0.0019
3549.00,0.0019
3548.00,0.0019
3547.00,0.0019
3546.00,0.0019
3545.00,0.0019
3544.00,0.0019
3543.00,0.0020
3542.00,0.0020
3541.00,0.0020
3540.00,0.0020
3539.00,0.0020
3538.00,0.0020
3537.00,0.0021
3536.00,0.0021
3535.00,0.0021
3534.00,0.0021
3533.00,0.0020
3532.00,0.0020
3531.00,0.0020
3530.00,0.0020
3529.00,0.0020
3528.00,0.0020
3527.00,0.0020
3526.00,0.0020
3525.00,0.0020
3524.00,0.0021
3523.00,0.0021
3522.00,0.0021
3521.00,0.0021
3520.00,0.0021
3519.00,0.0022
3518.00,0.0022
3517.00,0.0022
3516.00,0.0023
3515.00,0.0023
3514.00,0.0023
3513.00,0.0023
3512.00,0.0023
3511.00,0.0023
3510.00,0.0023
3509.00,0.0023
3508.00,0.0023
3507.00,0.0022
3506.00,0.0022
3505.00,0.0022
3504.00,0.0023
3503.00,0.0023
3502.00,0.0023
3501.00,0.0023
3500.00,0.0023
3499.00,0.0023
3498.00,0.0022
3497.00,0.0023
3496.00,0.0023
3495.00,0.0023
3494.00,0.0024
3493.00,0.0024
3492.00,0.0024
3491.00,0.0024
3490.00,0.0024
3489.00,0.0024
3488.00,0.0024
3487.00,0.0024
3486.00,0.0024
3485.00,0.0024
3484.00,0.0025
3483.00,0.0025
3482.00,0.0025
3481.00,0.0025
3480.00,0.0025
3479.00,0.0025
3478.00,0.0025
3477.00,0.0025
3476.00,0.0025
3475.00,0.0025
3474.00,0.0025
3473.00,0.0025
3472.00,0.0026
3471.00,0.0026
3470.00,0.0026
3469.00,0.0026
3468.00,0.0025
3467.00,0.0025
3466.00,0.0026
3465.00,0.0026
3464.00,0.0026
3463.00,0.0026
3462.00,0.0026
3461.00,0.0027
3460.00,0.0027
3459.00,0.0027
3458.00,0.0027
3457.00,0.0027
3456.00,0.0027
3455.00,0.0027
3454.00,0.0027
3453.00,0.0027
3452.00,0.0027
3451.00,0.0027
3450.00,0.0027
3449.00,0.0027
3448.00,0.0027
3447.00,0.0027
3446.00,0.0027
3445.00,0.0027
3444.00,0.0028
3443.00,0.0028
3442.00,0.0028
3441.00,0.0028
3440.00,0.0028
3439.00,0.0028
3438.00,0.0028
3437.00,0.0028
3436.00,0.0028
3435.00,0.0028
3434.00,0.0028
3433.00,0.0028
3432.00,0.0028
3431.00,0.0028
3430.00,0.0028
3429.00,0.0028
3428.00,0.0028
3427.00,0.0028
3426.00,0.0028
3425.00,0.0028
3424.00,0.0028
3423.00,0.0028
3422.00,0.0028
3421.00,0.0028
3420.00,0.0029
3419.00,0.0029
3418.00,0.0029
3417.00,0.0029
3416.00,0.0028
3415.00,0.0028
3414.00,0.0028
3413.00,0.0029
3412.00,0.0029
3411.00,0.0029
3410.00,0.0029
3409.00,0.0029
3408.00,0.0029
3407.00,0.0029
3406.00,0.0029
3405.00,0.0029
3404.00,0.0029
3403.00,0.0030
3402.00,0.0030
3401.00,0.0029
3400.00,0.0029
3399.00,0.0029
3398.00,0.0030
3397.00,0.0030
3396.00,0.0030
3395.00,0.0030
3394.00,0.0030
3393.00,0.0030
3392.00,0.0030
3391.00,0.0030
3390.00,0.0030
3389.00,0.0030
3388.00,0.0030
3387.00,0.0030
3386.00,0.0030
3385.00,0.0030
3384.00,0.0030
3383.00,0.0030
3382.00,0.0030
3381.00,0.0030
3380.00,0.0030
3379.00,0.0031
3378.00,0.0031
3377.00,0.0031
3376.00,0.0031
3375.00,0.0030
3374.00,0.0030
3373.00,0.0030
3372.00,0.0031
3371.00,0.0031
3370.00,0.0031
3369.00,0.0031
3368.00,0.0031
3367.00,0.0031
3366.00,0.0031
3365.00,0.0031
3364.00,0.0031
3363.00,0.0031
3362.00,0.0031
3361.00,0.0032
3360.00,0.0032
3359.00,0.0032
3358.00,0.0032
3357.00,0.0032
3356.00,0.0032
3355.00,0.0032
3354.00,0.0032
3353.00,0.0032
3352.00,0.0032
3351.00,0.0032
3350.00,0.0032
3349.00,0.0033
3348.00,0.0033
3347.00,0.0033
3346.00,0.0033
3345.00,0.0033
3344.00,0.0033
3343.00,0.0033
3342.00,0.0033
3341.00,0.0033
3340.00,0.0033
3339.00,0.0033
3338.00,0.0033
3337.00,0.0033
3336.00,0.0033
3335.00,0.0034
3334.00,0.0034
3333.00,0.0034
3332.00,0.0034
3331.00,0.0034
3330.00,0.0034
3329.00,0.0034
3328.00,0.0035
3327.00,0.0035
3326.00,0.0035
3325.00,0.0035
3324.00,0.0035
3323.00,0.0035
3322.00,0.0035
3321.00,0.0035
3320.00,0.0035
3319.00,0.0035
3318.00,0.0035
3317.00,0.0035
3316.00,0.0035
3315.00,0.0035
3314.00,0.0035
3313.00,0.0035
3312.00,0.0036
3311.00,0.0036
3310.00,0.0036
3309.00,0.0036
3308.00,0.0036
3307.00,0.0036
3306.00,0.0036
3305.00,0.0036
3304.00,0.0036
3303.00,0.0036
3302.00,0.0036
3301.00,0.0036
3300.00,0.0036
3299.00,0.0035
3298.00,0.0035
3297.00,0.0035
3296.00,0.0035
3295.00,0.0035
3294.00,0.0036
3293.00,0.0036
3292.00,0.0036
3291.00,0.0036
3290.00,0.0036
3289.00,0.0036
3288.00,0.0036
3287.00,0.0036
3286.00,0.0036
3285.00,0.0036
3284.00,0.0036
3283.00,0.0036
3282.00,0.0036
3281.00,0.0036
3280.00,0.0036
3279.00,0.0036
3278.00,0.0036
3277.00,0.0036
3276.00,0.0036
3275.00,0.0036
3274.00,0.0036
3273.00,0.0036
3272.00,0.0036
3271.00,0.0036
3270.00,0.0036
3269.00,0.0036
3268.00,0.0036
3267.00,0.0036
3266.00,0.0036
3265.00,0.0036
3264.00,0.0036
3263.00,0.0035
3262.00,0.0035
3261.00,0.0035
3260.00,0.0034
3259.00,0.0034
3258.00,0.0034
3257.00,0.0034
3256.00,0.0034
3255.00,0.0034
3254.00,0.0034
3253.00,0.0034
3252.00,0.0034
3251.00,0.0033
3250.00,0.0033
3249.00,0.0033
3248.00,0.0033
3247.00,0.0034
3246.00,0.0033
3245.00,0.0033
3244.00,0.0033
3243.00,0.0032
3242.00,0.0032
3241.00,0.0032
3240.00,0.0032
3239.00,0.0032
3238.00,0.0032
3237.00,0.0032
3236.00,0.0032
3235.00,0.0032
3234.00,0.0031
3233.00,0.0031
3232.00,0.0031
3231.00,0.0032
3230.00,0.0032
3229.00,0.0032
3228.00,0.0032
3227.00,0.0032
3226.00,0.0032
3225.00,0.0031
3224.00,0.0031
3223.00,0.0031
3222.00,0.0031
3221.00,0.0031
3220.00,0.0031
3219.00,0.0031
3218.00,0.0031
3217.00,0.0031
3216.00,0.0031
3215.00,0.0031
3214.00,0.0031
3213.00,0.0031
3212.00,0.0031
3211.00,0.0031
3210.00,0.0031
3209.00,0.0031
3208.00,0.0031
3207.00,0.0032
3206.00,0.0032
3205.00,0.0032
3204.00,0.0032
3203.00,0.0032
3202.00,0.0032
3201.00,0.0031
3200.00,0.0031
3199.00,0.0031
3198.00,0.0031
3197.00,0.0031
3196.00,0.0031
3195.00,0.0031
3194.00,0.0030
3193.00,0.0030
3192.00,0.0030
3191.00,0.0031
3190.00,0.0031
3189.00,0.0030
3188.00,0.0030
3187.00,0.0030
3186.00,0.0030
3185.00,0.0030
3184.00,0.0029
3183.00,0.0029
3182.00,0.0029
3181.00,0.0029
3180.00,0.0029
3179.00,0.0029
3178.00,0.0029
3177.00,0.0029
3176.00,0.0029
3175.00,0.0029
3174.00,0.0028
3173.00,0.0028
3172.00,0.0028
3171.00,0.0028
3170.00,0.0029
3169.00,0.0029
3168.00,0.0029
3167.00,0.0029
3166.00,0.0030
3165.00,0.0030
3164.00,0.0029
3163.00,0.0029
3162.00,0.0029
3161.00,0.0029
3160.00,0.0029
3159.00,0.0029
3158.00,0.0028
3157.00,0.0028
3156.00,0.0028
3155.00,0.0028
3154.00,0.0028
3153.00,0.0028
3152.00,0.0028
3151.00,0.0028
3150.00,0.0028
3149.00,0.0027
3148.00,0.0027
3147.00,0.0027
3146.00,0.0027
3145.00,0.0027
3144.00,0.0027
3143.00,0.0027
3142.00,0.0027
3141.00,0.0026
3140.00,0.0026
3139.00,0.0026
3138.00,0.0027
3137.00,0.0027
3136.00,0.0027
3135.00,0.0026
3134.00,0.0026
3133.00,0.0026
3132.00,0.0026
3131.00,0.0027
3130.00,0.0027
3129.00,0.0027
3128.00,0.0027
3127.00,0.0027
3126.00,0.0027
3125.00,0.0027
3124.00,0.0027
3123.00,0.0027
3122.00,0.0027
3121.00,0.0027
3120.00,0.0028
3119.00,0.0028
3118.00,0.0029
3117.00,0.0029
3116.00,0.0030
3115.00,0.0031
3114.00,0.0032
3113.00,0.0033
3112.00,0.0034
3111.00,0.0036
3110.00,0.0037
3109.00,0.0039
3108.00,0.0040
3107.00,0.0042
3106.00,0.0043
3105.00,0.0044
3104.00,0.0044
3103.00,0.0045
3102.00,0.0044
3101.00,0.0044
3100.00,0.0043
3099.00,0.0043
3098.00,0.0043
3097.00,0.0043
3096.00,0.0044
3095.00,0.0045
3094.00,0.0046
3093.00,0.0048
3092.00,0.0051
3091.00,0.0054
3090.00,0.0058
3089.00,0.0063
3088.00,0.0068
3087.00,0.0073
3086.00,0.0079
3085.00,0.0083
3084.00,0.0086
3083.00,0.0088
3082.00,0.0088
3081.00,0.0087
3080.00,0.0084
3079.00,0.0081
3078.00,0.0077
3077.00,0.0074
3076.00,0.0072
3075.00,0.0070
3074.00,0.0069
3073.00,0.0069
3072.00,0.0070
3071.00,0.0072
3070.00,0.0074
3069.00,0.0078
3068.00,0.0082
3067.00,0.0086
3066.00,0.0091
3065.00,0.0097
3064.00,0.0103
3063.00,0.0108
3062.00,0.0112
3061.00,0.0114
3060.00,0.0115
3059.00,0.0114
3058.00,0.0111
3057.00,0.0107
3056.00,0.0102
3055.00,0.0097
3054.00,0.0091
3053.00,0.0086
3052.00,0.0082
3051.00,0.0078
3050.00,0.0075
3049.00,0.0072
3048.00,0.0070
3047.00,0.0068
3046.00,0.0067
3045.00,0.0067
3044.00,0.0068
3043.00,0.0070
3042.00,0.0072
3041.00,0.0074
3040.00,0.0077
3039.00,0.0081
3038.00,0.0086
3037.00,0.0092
3036.00,0.0099
3035.00,0.0108
3034.00,0.0117
3033.00,0.0129
3032.00,0.0141
3031.00,0.0154
3030.00,0.0168
3029.00,0.0181
3028.00,0.0191
3027.00,0.0199
3026.00,0.0204
3025.00,0.0203
3024.00,0.0198
3023.00,0.0189
3022.00,0.0176
3021.00,0.0161
3020.00,0.0145
3019.00,0.0130
3018.00,0.0116
3017.00,0.0104
3016.00,0.0094
3015.00,0.0085
3014.00,0.0079
3013.00,0.0074
3012.00,0.0070
3011.00,0.0067
3010.00,0.0065
3009.00,0.0065
3008.00,0.0065
3007.00,0.0066
3006.00,0.0067
3005.00,0.0069
3004.00,0.0070
3003.00,0.0071
3002.00,0.0072
3001.00,0.0071
3000.00,0.0070
2999.00,0.0067
2998.00,0.0064
2997.00,0.0061
2996.00,0.0057
2995.00,0.0054
2994.00,0.0051
2993.00,0.0049
2992.00,0.0048
2991.00,0.0047
2990.00,0.0047
2989.00,0.0047
2988.00,0.0047
2987.00,0.0047
2986.00,0.0047
2985.00,0.0047
2984.00,0.0047
2983.00,0.0047
2982.00,0.0047
2981.00,0.0047
2980.00,0.0048
2979.00,0.0049
2978.00,0.0050
2977.00,0.0051
2976.00,0.0052
2975.00,0.0052
2974.00,0.0053
2973.00,0.0054
2972.00,0.0055
2971.00,0.0056
2970.00,0.0057
2969.00,0.0059
2968.00,0.0060
2967.00,0.0062
2966.00,0.0064
2965.00,0.0066
2964.00,0.0068
2963.00,0.0070
2962.00,0.0072
2961.00,0.0075
2960.00,0.0077
2959.00,0.0079
2958.00,0.0081
2957.00,0.0084
2956.00,0.0086
2955.00,0.0088
2954.00,0.0091
2953.00,0.0093
2952.00,0.0096
2951.00,0.0099
2950.00,0.0103
2949.00,0.0106
2948.00,0.0110
2947.00,0.0114
2946.00,0.0119
2945.00,0.0123
2944.00,0.0129
2943.00,0.0135
2942.00,0.0141
2941.00,0.0148
2940.00,0.0155
2939.00,0.0163
2938.00,0.0171
2937.00,0.0180
2936.00,0.0188
2935.00,0.0197
2934.00,0.0206
2933.00,0.0215
2932.00,0.0224
2931.00,0.0233
2930.00,0.0241
2929.00,0.0248
2928.00,0.0255
2927.00,0.0260
2926.00,0.0265
2925.00,0.0269
2924.00,0.0272
2923.00,0.0273
2922.00,0.0274
2921.00,0.0274
2920.00,0.0272
2919.00,0.0270
2918.00,0.0266
2917.00,0.0262
2916.00,0.0256
2915.00,0.0250
2914.00,0.0244
2913.00,0.0237
2912.00,0.0231
2911.00,0.0224
2910.00,0.0217
2909.00,0.0210
2908.00,0.0204
2907.00,0.0197
2906.00,0.0191
2905.00,0.0184
2904.00,0.0177
2903.00,0.0171
2902.00,0.0164
2901.00,0.0157
2900.00,0.0151
2899.00,0.0145
2898.00,0.0139
2897.00,0.0133
2896.00,0.0128
2895.00,0.0123
2894.00,0.0119
2893.00,0.0115
2892.00,0.0112
2891.00,0.0109
2890.00,0.0106
2889.00,0.0103
2888.00,0.0101
2887.00,0.0098
2886.00,0.0096
2885.00,0.0094
2884.00,0.0092
2883.00,0.0090
2882.00,0.0088
2881.00,0.0087
2880.00,0.0085
2879.00,0.0083
2878.00,0.0082
2877.00,0.0080
2876.00,0.0079
2875.00,0.0078
2874.00,0.0078
2873.00,0.0077
2872.00,0.0077
2871.00,0.0077
2870.00,0.0077
2869.00,0.0077
2868.00,0.0078
2867.00,0.0079
2866.00,0.0080
2865.00,0.0082
2864.00,0.0084
2863.00,0.0086
2862.00,0.0089
2861.00,0.0093
2860.00,0.0097
2859.00,0.0101
2858.00,0.0105
2857.00,0.0110
2856.00,0.0114
2855.00,0.0118
2854.00,0.0121
2853.00,0.0124
2852.00,0.0126
2851.00,0.0128
2850.00,0.0128
2849.00,0.0127
2848.00,0.0125
2847.00,0.0122
2846.00,0.0118
2845.00,0.0113
2844.00,0.0108
2843.00,0.0102
2842.00,0.0096
2841.00,0.0090
2840.00,0.0083
2839.00,0.0078
2838.00,0.0072
2837.00,0.0067
2836.00,0.0062
2835.00,0.0058
2834.00,0.0055
2833.00,0.0052
2832.00,0.0049
2831.00,0.0047
2830.00,0.0045
2829.00,0.0043
2828.00,0.0042
2827.00,0.0041
2826.00,0.0040
2825.00,0.0039
2824.00,0.0039
2823.00,0.0038
2822.00,0.0038
2821.00,0.0037
2820.00,0.0037
2819.00,0.0037
2818.00,0.0037
2817.00,0.0036
2816.00,0.0036
2815.00,0.0036
2814.00,0.0035
2813.00,0.0035
2812.00,0.0035
2811.00,0.0035
2810.00,0.0034
2809.00,0.0034
2808.00,0.0034
2807.00,0.0034
2806.00,0.0034
2805.00,0.0034
2804.00,0.0033
2803.00,0.0033
2802.00,0.0033
2801.00,0.0033
2800.00,0.0032
2799.00,0.0032
2798.00,0.0032
2797.00,0.0032
2796.00,0.0032
2795.00,0.0032
2794.00,0.0032
2793.00,0.0031
2792.00,0.0031
2791.00,0.0031
2790.00,0.0031
2789.00,0.0031
2788.00,0.0031
2787.00,0.0031
2786.00,0.0031
2785.00,0.0031
2784.00,0.0031
2783.00,0.0031
2782.00,0.0031
2781.00,0.0031
2780.00,0.0031
2779.00,0.0031
2778.00,0.0031
2777.00,0.0030
2776.00,0.0030
2775.00,0.0030
2774.00,0.0030
2773.00,0.0030
2772.00,0.0030
2771.00,0.0030
2770.00,0.0029
2769.00,0.0029
2768.00,0.0029
2767.00,0.0029
2766.00,0.0029
2765.00,0.0029
2764.00,0.0029
2763.00,0.0028
2762.00,0.0028
2761.00,0.0028
2760.00,0.0028
2759.00,0.0028
2758.00,0.0028
2757.00,0.0028
2756.00,0.0028
2755.00,0.0028
2754.00,0.0028
2753.00,0.0028
2752.00,0.0028
2751.00,0.0028
2750.00,0.0028
2749.00,0.0028
2748.00,0.0027
2747.00,0.0027
2746.00,0.0027
2745.00,0.0027
2744.00,0.0027
2743.00,0.0027
2742.00,0.0027
2741.00,0.0027
2740.00,0.0027
2739.00,0.0027
2738.00,0.0027
2737.00,0.0027
2736.00,0.0028
2735.00,0.0028
2734.00,0.0028
2733.00,0.0028
2732.00,0.0028
2731.00,0.0028
2730.00,0.0028
2729.00,0.0028
2728.00,0.0028
2727.00,0.0028
2726.00,0.0028
2725.00,0.0028
2724.00,0.0028
2723.00,0.0028
2722.00,0.0028
2721.00,0.0028
2720.00,0.0028
2719.00,0.0028
2718.00,0.0028
2717.00,0.0028
2716.00,0.0028
2715.00,0.0028
2714.00,0.0028
2713.00,0.0027
2712.00,0.0027
2711.00,0.0027
2710.00,0.0027
2709.00,0.0027
2708.00,0.0027
2707.00,0.0027
2706.00,0.0027
2705.00,0.0027
2704.00,0.0027
2703.00,0.0027
2702.00,0.0027
2701.00,0.0027
2700.00,0.0027
2699.00,0.0027
2698.00,0.0027
2697.00,0.0027
2696.00,0.0027
2695.00,0.0027
2694.00,0.0027
2693.00,0.0027
2692.00,0.0027
2691.00,0.0027
2690.00,0.0027
2689.00,0.0027
2688.00,0.0027
2687.00,0.0027
2686.00,0.0027
2685.00,0.0027
2684.00,0.0027
2683.00,0.0027
2682.00,0.0027
2681.00,0.0027
2680.00,0.0027
2679.00,0.0027
2678.00,0.0027
2677.00,0.0027
2676.00,0.0027
2675.00,0.0027
2674.00,0.0027
2673.00,0.0027
2672.00,0.0027
2671.00,0.0027
2670.00,0.0027
2669.00,0.0027
2668.00,0.0027
2667.00,0.0027
2666.00,0.0028
2665.00,0.0029
2664.00,0.0029
2663.00,0.0030
2662.00,0.0030
2661.00,0.0030
2660.00,0.0031
2659.00,0.0031
2658.00,0.0031
2657.00,0.0031
2656.00,0.0031
2655.00,0.0031
2654.00,0.0031
2653.00,0.0031
2652.00,0.0031
2651.00,0.0031
2650.00,0.0031
2649.00,0.0031
2648.00,0.0031
2647.00,0.0032
2646.00,0.0032
2645.00,0.0032
2644.00,0.0032
2643.00,0.0032
2642.00,0.0032
2641.00,0.0031
2640.00,0.0031
2639.00,0.0031
2638.00,0.0031
2637.00,0.0031
2636.00,0.0031
2635.00,0.0031
2634.00,0.0032
2633.00,0.0032
2632.00,0.0032
2631.00,0.0032
2630.00,0.0032
2629.00,0.0031
2628.00,0.0031
2627.00,0.0031
2626.00,0.0030
2625.00,0.0030
2624.00,0.0030
2623.00,0.0030
2622.00,0.0029
2621.00,0.0029
2620.00,0.0029
2619.00,0.0029
2618.00,0.0028
2617.00,0.0028
2616.00,0.0029
2615.00,0.0029
2614.00,0.0029
2613.00,0.0029
2612.00,0.0029
2611.00,0.0029
2610.00,0.0029
2609.00,0.0029
2608.00,0.0029
2607.00,0.0029
2606.00,0.0029
2605.00,0.0029
2604.00,0.0029
2603.00,0.0029
2602.00,0.0029
2601.00,0.0029
2600.00,0.0029
2599.00,0.0029
2598.00,0.0028
2597.00,0.0028
2596.00,0.0028
2595.00,0.0028
2594.00,0.0027
2593.00,0.0027
2592.00,0.0027
2591.00,0.0027
2590.00,0.0027
2589.00,0.0026
2588.00,0.0026
2587.00,0.0026
2586.00,0.0026
2585.00,0.0026
2584.00,0.0027
2583.00,0.0027
2582.00,0.0027
2581.00,0.0026
2580.00,0.0026
2579.00,0.0026
2578.00,0.0026
2577.00,0.0026
2576.00,0.0026
2575.00,0.0026
2574.00,0.0026
2573.00,0.0026
2572.00,0.0025
2571.00,0.0025
2570.00,0.0025
2569.00,0.0025
2568.00,0.0025
2567.00,0.0025
2566.00,0.0025
2565.00,0.0025
2564.00,0.0025
2563.00,0.0025
2562.00,0.0025
2561.00,0.0025
2560.00,0.0025
2559.00,0.0025
2558.00,0.0024
2557.00,0.0024
2556.00,0.0024
2555.00,0.0024
2554.00,0.0024
2553.00,0.0024
2552.00,0.0024
2551.00,0.0024
2550.00,0.0024
2549.00,0.0024
2548.00,0.0024
2547.00,0.0024
2546.00,0.0024
2545.00,0.0024
2544.00,0.0024
2543.00,0.0024
2542.00,0.0024
2541.00,0.0024
2540.00,0.0023
2539.00,0.0023
2538.00,0.0023
2537.00,0.0023
2536.00,0.0023
2535.00,0.0023
2534.00,0.0023
2533.00,0.0023
2532.00,0.0023
2531.00,0.0023
2530.00,0.0023
2529.00,0.0023
2528.00,0.0023
2527.00,0.0023
2526.00,0.0022
2525.00,0.0022
2524.00,0.0022
2523.00,0.0022
2522.00,0.0022
2521.00,0.0023
2520.00,0.0023
2519.00,0.0023
2518.00,0.0023
2517.00,0.0022
2516.00,0.0022
2515.00,0.0022
2514.00,0.0022
2513.00,0.0022
2512.00,0.0022
2511.00,0.0022
2510.00,0.0022
2509.00,0.0022
2508.00,0.0022
2507.00,0.0022
2506.00,0.0021
2505.00,0.0021
2504.00,0.0022
2503.00,0.0022
2502.00,0.0021
2501.00,0.0021
2500.00,0.0021
2499.00,0.0022
2498.00,0.0022
2497.00,0.0022
2496.00,0.0022
2495.00,0.0021
2494.00,0.0021
2493.00,0.0021
2492.00,0.0021
2491.00,0.0022
2490.00,0.0022
2489.00,0.0022
2488.00,0.0022
2487.00,0.0022
2486.00,0.0022
2485.00,0.0022
2484.00,0.0022
2483.00,0.0022
2482.00,0.0022
2481.00,0.0021
2480.00,0.0021
2479.00,0.0021
2478.00,0.0021
2477.00,0.0021
2476.00,0.0021
2475.00,0.0021
2474.00,0.0021
2473.00,0.0021
2472.00,0.0020
2471.00,0.0020
2470.00,0.0020
2469.00,0.0020
2468.00,0.0020
2467.00,0.0021
2466.00,0.0020
2465.00,0.0020
2464.00,0.0020
2463.00,0.0020
2462.00,0.0021
2461.00,0.0021
2460.00,0.0021
2459.00,0.0021
2458.00,0.0021
2457.00,0.0021
2456.00,0.0022
2455.00,0.0022
2454.00,0.0021
2453.00,0.0021
2452.00,0.0021
2451.00,0.0021
2450.00,0.0020
2449.00,0.0020
2448.00,0.0020
2447.00,0.0020
2446.00,0.0020
2445.00,0.0020
2444.00,0.0020
2443.00,0.0020
2442.00,0.0020
2441.00,0.0020
2440.00,0.0020
2439.00,0.0019
2438.00,0.0019
2437.00,0.0019
2436.00,0.0018
2435.00,0.0018
2434.00,0.0019
2433.00,0.0019
2432.00,0.0019
2431.00,0.0018
2430.00,0.0018
2429.00,0.0018
2428.00,0.0018
2427.00,0.0018
2426.00,0.0018
2425.00,0.0018
2424.00,0.0018
2423.00,0.0018
2422.00,0.0017
2421.00,0.0017
2420.00,0.0017
2419.00,0.0017
2418.00,0.0017
2417.00,0.0017
2416.00,0.0017
2415.00,0.0017
2414.00,0.0018
2413.00,0.0018
2412.00,0.0018
2411.00,0.0018
2410.00,0.0017
2409.00,0.0017
2408.00,0.0016
2407.00,0.0016
2406.00,0.0016
2405.00,0.0016
2404.00,0.0016
2403.00,0.0016
2402.00,0.0016
2401.00,0.0016
2400.00,0.0016
2399.00,0.0016
2398.00,0.0016
2397.00,0.0016
2396.00,0.0016
2395.00,0.0016
2394.00,0.0015
2393.00,0.0015
2392.00,0.0015
2391.00,0.0015
2390.00,0.0015
2389.00,0.0016
2388.00,0.0016
2387.00,0.0015
2386.00,0.0015
2385.00,0.0015
2384.00,0.0015
2383.00,0.0015
2382.00,0.0015
2381.00,0.0015
2380.00,0.0016
2379.00,0.0016
2378.00,0.0016
2377.00,0.0015
2376.00,0.0015
2375.00,0.0016
2374.00,0.0016
2373.00,0.0016
2372.00,0.0016
2371.00,0.0016
2370.00,0.0015
2369.00,0.0015
2368.00,0.0015
2367.00,0.0015
2366.00,0.0016
2365.00,0.0016
2364.00,0.0017
2363.00,0.0017
2362.00,0.0017
2361.00,0.0017
2360.00,0.0018
2359.00,0.0018
2358.00,0.0018
2357.00,0.0018
2356.00,0.0018
2355.00,0.0017
2354.00,0.0017
2353.00,0.0016
2352.00,0.0016
2351.00,0.0017
2350.00,0.0018
2349.00,0.0019
2348.00,0.0021
2347.00,0.0021
2346.00,0.0021
2345.00,0.0021
2344.00,0.0021
2343.00,0.0021
2342.00,0.0022
2341.00,0.0022
2340.00,0.0022
2339.00,0.0023
2338.00,0.0023
2337.00,0.0023
2336.00,0.0023
2335.00,0.0023
2334.00,0.0022
2333.00,0.0022
2332.00,0.0022
2331.00,0.0022
2330.00,0.0023
2329.00,0.0024
2328.00,0.0027
2327.00,0.0030
2326.00,0.0033
2325.00,0.0034
2324.00,0.0034
2323.00,0.0032
2322.00,0.0030
2321.00,0.0029
2320.00,0.0028
2319.00,0.0027
2318.00,0.0027
2317.00,0.0026
2316.00,0.0026
2315.00,0.0027
2314.00,0.0027
2313.00,0.0026
2312.00,0.0026
2311.00,0.0025
2310.00,0.0025
2309.00,0.0024
2308.00,0.0024
2307.00,0.0024
2306.00,0.0024
2305.00,0.0024
2304.00,0.0024
2303.00,0.0024
2302.00,0.0024
2301.00,0.0024
2300.00,0.0024
2299.00,0.0024
2298.00,0.0024
2297.00,0.0024
2296.00,0.0024
2295.00,0.0025
2294.00,0.0026
2293.00,0.0027
2292.00,0.0027
2291.00,0.0028
2290.00,0.0028
2289.00,0.0029
2288.00,0.0029
2287.00,0.0029
2286.00,0.0028
2285.00,0.0028
2284.00,0.0027
2283.00,0.0027
2282.00,0.0026
2281.00,0.0025
2280.00,0.0025
2279.00,0.0025
2278.00,0.0024
2277.00,0.0024
2276.00,0.0024
2275.00,0.0023
2274.00,0.0023
2273.00,0.0023
2272.00,0.0023
2271.00,0.0023
2270.00,0.0023
2269.00,0.0023
2268.00,0.0023
2267.00,0.0022
2266.00,0.0022
2265.00,0.0021
2264.00,0.0021
2263.00,0.0021
2262.00,0.0021
2261.00,0.0022
2260.00,0.0022
2259.00,0.0023
2258.00,0.0022
2257.00,0.0022
2256.00,0.0021
2255.00,0.0020
2254.00,0.0019
2253.00,0.0019
2252.00,0.0019
2251.00,0.0020
2250.00,0.0020
2249.00,0.0020
2248.00,0.0020
2247.00,0.0020
2246.00,0.0020
2245.00,0.0020
2244.00,0.0020
2243.00,0.0020
2242.00,0.0020
2241.00,0.0020
2240.00,0.0019
2239.00,0.0019
2238.00,0.0018
2237.00,0.0018
2236.00,0.0018
2235.00,0.0019
2234.00,0.0019
2233.00,0.0019
2232.00,0.0019
2231.00,0.0018
2230.00,0.0018
2229.00,0.0018
2228.00,0.0018
2227.00,0.0019
2226.00,0.0019
2225.00,0.0019
2224.00,0.0019
2223.00,0.0019
2222.00,0.0018
2221.00,0.0018
2220.00,0.0018
2219.00,0.0018
2218.00,0.0018
2217.00,0.0019
2216.00,0.0019
2215.00,0.0018
2214.00,0.0017
2213.00,0.0016
2212.00,0.0016
2211.00,0.0017
2210.00,0.0018
2209.00,0.0019
2208.00,0.0019
2207.00,0.0019
2206.00,0.0019
2205.00,0.0019
2204.00,0.0019
2203.00,0.0019
2202.00,0.0019
2201.00,0.0019
2200.00,0.0019
2199.00,0.0019
2198.00,0.0019
2197.00,0.0019
2196.00,0.0018
2195.00,0.0019
2194.00,0.0020
2193.00,0.0020
2192.00,0.0021
2191.00,0.0021
2190.00,0.0021
2189.00,0.0021
2188.00,0.0021
2187.00,0.0021
2186.00,0.0020
2185.00,0.0018
2184.00,0.0016
2183.00,0.0015
2182.00,0.0015
2181.00,0.0015
2180.00,0.0015
2179.00,0.0015
2178.00,0.0015
2177.00,0.0014
2176.00,0.0012
2175.00,0.0011
2174.00,0.0012
2173.00,0.0014
2172.00,0.0018
2171.00,0.0022
2170.00,0.0025
2169.00,0.0027
2168.00,0.0027
2167.00,0.0027
2166.00,0.0028
2165.00,0.0029
2164.00,0.0031
2163.00,0.0030
2162.00,0.0025
2161.00,0.0014
2160.00,0.0001
2159.00,-0.0009
2158.00,-0.0013
2157.00,-0.0013
2156.00,-0.0011
2155.00,-0.0008
2154.00,-0.0005
2153.00,-0.0003
2152.00,-0.0002
2151.00,-0.0002
2150.00,-0.0003
2149.00,-0.0004
2148.00,-0.0004
2147.00,-0.0004
2146.00,-0.0003
2145.00,-0.0002
2144.00,-0.0002
2143.00,-0.0001
2142.00,-0.0001
2141.00,-0.0001
2140.00,-0.0001
2139.00,-0.0001
2138.00,-0.0002
2137.00,-0.0003
2136.00,-0.0005
2135.00,-0.0006
2134.00,-0.0006
2133.00,-0.0004
2132.00,-0.0002
2131.00,0.0000
2130.00,0.0002
2129.00,0.0003
2128.00,0.0004
2127.00,0.0005
2126.00,0.0006
2125.00,0.0007
2124.00,0.0008
2123.00,0.0008
2122.00,0.0009
2121.00,0.0009
2120.00,0.0010
2119.00,0.0011
2118.00,0.0012
2117.00,0.0013
2116.00,0.0015
2115.00,0.0015
2114.00,0.0015
2113.00,0.0015
2112.00,0.0015
2111.00,0.0015
2110.00,0.0015
2109.00,0.0015
2108.00,0.0014
2107.00,0.0013
2106.00,0.0013
2105.00,0.0014
2104.00,0.0014
2103.00,0.0014
2102.00,0.0015
2101.00,0.0015
2100.00,0.0014
2099.00,0.0013
2098.00,0.0012
2097.00,0.0010
2096.00,0.0009
2095.00,0.0009
2094.00,0.0009
2093.00,0.0010
2092.00,0.0011
2091.00,0.0013
2090.00,0.0014
2089.00,0.0015
2088.00,0.0015
2087.00,0.0014
2086.00,0.0014
2085.00,0.0014
2084.00,0.0014
2083.00,0.0015
2082.00,0.0016
2081.00,0.0017
2080.00,0.0017
2079.00,0.0016
2078.00,0.0015
2077.00,0.0015
2076.00,0.0015
2075.00,0.0015
2074.00,0.0016
2073.00,0.0016
2072.00,0.0016
2071.00,0.0016
2070.00,0.0015
2069.00,0.0015
2068.00,0.0015
2067.00,0.0014
2066.00,0.0013
2065.00,0.0012
2064.00,0.0011
2063.00,0.0011
2062.00,0.0012
2061.00,0.0012
2060.00,0.0012
2059.00,0.0012
2058.00,0.0012
2057.00,0.0012
2056.00,0.0012
2055.00,0.0013
2054.00,0.0016
2053.00,0.0020
2052.00,0.0023
2051.00,0.0024
2050.00,0.0022
2049.00,0.0019
2048.00,0.0017
2047.00,0.0017
2046.00,0.0016
2045.00,0.0015
2044.00,0.0014
2043.00,0.0013
2042.00,0.0012
2041.00,0.0013
2040.00,0.0014
2039.00,0.0015
2038.00,0.0015
2037.00,0.0014
2036.00,0.0013
2035.00,0.0010
2034.00,0.0008
2033.00,0.0008
2032.00,0.0009
2031.00,0.0010
2030.00,0.0010
2029.00,0.0009
2028.00,0.0008
2027.00,0.0008
2026.00,0.0008
2025.00,0.0008
2024.00,0.0007
2023.00,0.0006
2022.00,0.0005
2021.00,0.0005
2020.00,0.0006
2019.00,0.0006
2018.00,0.0006
2017.00,0.0006
2016.00,0.0006
2015.00,0.0007
2014.00,0.0009
2013.00,0.0009
2012.00,0.0010
2011.00,0.0009
2010.00,0.0007
2009.00,0.0005
2008.00,0.0002
2007.00,0.0001
2006.00,0.0001
2005.00,0.0003
2004.00,0.0005
2003.00,0.0006
2002.00,0.0006
2001.00,0.0007
2000.00,0.0007
1999.00,0.0008
1998.00,0.0008
1997.00,0.0009
1996.00,0.0009
1995.00,0.0010
1994.00,0.0011
1993.00,0.0013
1992.00,0.0014
1991.00,0.0016
1990.00,0.0017
1989.00,0.0017
1988.00,0.0018
1987.00,0.0018
1986.00,0.0019
1985.00,0.0021
1984.00,0.0023
1983.00,0.0026
1982.00,0.0028
1981.00,0.0028
1980.00,0.0024
1979.00,0.0018
1978.00,0.0012
1977.00,0.0008
1976.00,0.0007
1975.00,0.0007
1974.00,0.0007
1973.00,0.0006
1972.00,0.0007
1971.00,0.0010
1970.00,0.0012
1969.00,0.0014
1968.00,0.0015
1967.00,0.0016
1966.00,0.0016
1965.00,0.0016
1964.00,0.0016
1963.00,0.0016
1962.00,0.0017
1961.00,0.0017
1960.00,0.0017
1959.00,0.0018
1958.00,0.0019
1957.00,0.0020
1956.00,0.0021
1955.00,0.0022
1954.00,0.0022
1953.00,0.0021
1952.00,0.0022
1951.00,0.0023
1950.00,0.0026
1949.00,0.0028
1948.00,0.0030
1947.00,0.0031
1946.00,0.0032
1945.00,0.0032
1944.00,0.0032
1943.00,0.0032
1942.00,0.0032
1941.00,0.0032
1940.00,0.0032
1939.00,0.0031
1938.00,0.0030
1937.00,0.0028
1936.00,0.0026
1935.00,0.0024
1934.00,0.0023
1933.00,0.0022
1932.00,0.0020
1931.00,0.0019
1930.00,0.0017
1929.00,0.0016
1928.00,0.0015
1927.00,0.0014
1926.00,0.0014
1925.00,0.0014
1924.00,0.0015
1923.00,0.0015
1922.00,0.0015
1921.00,0.0015
1920.00,0.0015
1919.00,0.0014
1918.00,0.0014
1917.00,0.0013
1916.00,0.0013
1915.00,0.0013
1914.00,0.0013
1913.00,0.0014
1912.00,0.0014
1911.00,0.0014
1910.00,0.0014
1909.00,0.0014
1908.00,0.0014
1907.00,0.0014
1906.00,0.0015
1905.00,0.0015
1904.00,0.0015
1903.00,0.0015
1902.00,0.0015
1901.00,0.0015
1900.00,0.0016
1899.00,0.0016
1898.00,0.0017
1897.00,0.0017
1896.00,0.0018
1895.00,0.0019
1894.00,0.0020
1893.00,0.0021
1892.00,0.0022
1891.00,0.0022
1890.00,0.0023
1889.00,0.0023
1888.00,0.0024
1887.00,0.0024
1886.00,0.0025
1885.00,0.0026
1884.00,0.0027
1883.00,0.0027
1882.00,0.0028
1881.00,0.0028
1880.00,0.0029
1879.00,0.0029
1878.00,0.0030
1877.00,0.0030
1876.00,0.0031
1875.00,0.0032
1874.00,0.0032
1873.00,0.0033
1872.00,0.0033
1871.00,0.0033
1870.00,0.0032
1869.00,0.0032
1868.00,0.0032
1867.00,0.0032
1866.00,0.0031
1865.00,0.0030
1864.00,0.0029
1863.00,0.0028
1862.00,0.0027
1861.00,0.0026
1860.00,0.0025
1859.00,0.0024
1858.00,0.0023
1857.00,0.0022
1856.00,0.0021
1855.00,0.0020
1854.00,0.0019
1853.00,0.0019
1852.00,0.0018
1851.00,0.0018
1850.00,0.0018
1849.00,0.0017
1848.00,0.0016
1847.00,0.0015
1846.00,0.0015
1845.00,0.0015
1844.00,0.0015
1843.00,0.0015
1842.00,0.0014
1841.00,0.0014
1840.00,0.0014
1839.00,0.0015
1838.00,0.0015
1837.00,0.0015
1836.00,0.0015
1835.00,0.0016
1834.00,0.0016
1833.00,0.0016
1832.00,0.0016
1831.00,0.0017
1830.00,0.0018
1829.00,0.0018
1828.00,0.0019
1827.00,0.0019
1826.00,0.0020
1825.00,0.0021
1824.00,0.0022
1823.00,0.0023
1822.00,0.0023
1821.00,0.0024
1820.00,0.0023
1819.00,0.0023
1818.00,0.0023
1817.00,0.0024
1816.00,0.0025
1815.00,0.0026
1814.00,0.0028
1813.00,0.0029
1812.00,0.0030
1811.00,0.0032
1810.00,0.0033
1809.00,0.0034
1808.00,0.0035
1807.00,0.0035
1806.00,0.0036
1805.00,0.0036
1804.00,0.0037
1803.00,0.0037
1802.00,0.0037
1801.00,0.0037
1800.00,0.0037
1799.00,0.0036
1798.00,0.0035
1797.00,0.0034
1796.00,0.0033
1795.00,0.0032
1794.00,0.0030
1793.00,0.0029
1792.00,0.0028
1791.00,0.0027
1790.00,0.0026
1789.00,0.0025
1788.00,0.0025
1787.00,0.0025
1786.00,0.0024
1785.00,0.0024
1784.00,0.0023
1783.00,0.0023
1782.00,0.0023
1781.00,0.0023
1780.00,0.0024
1779.00,0.0024
1778.00,0.0024
1777.00,0.0024
1776.00,0.0024
1775.00,0.0024
1774.00,0.0024
1773.00,0.0024
1772.00,0.0024
1771.00,0.0024
1770.00,0.0024
1769.00,0.0025
1768.00,0.0025
1767.00,0.0026
1766.00,0.0027
1765.00,0.0027
1764.00,0.0028
1763.00,0.0029
1762.00,0.0030
1761.00,0.0031
1760.00,0.0033
1759.00,0.0034
1758.00,0.0035
1757.00,0.0037
1756.00,0.0039
1755.00,0.0040
1754.00,0.0042
1753.00,0.0043
1752.00,0.0045
1751.00,0.0047
1750.00,0.0049
1749.00,0.0051
1748.00,0.0053
1747.00,0.0055
1746.00,0.0057
1745.00,0.0059
1744.00,0.0061
1743.00,0.0063
1742.00,0.0064
1741.00,0.0066
1740.00,0.0067
1739.00,0.0069
1738.00,0.0069
1737.00,0.0069
1736.00,0.0069
1735.00,0.0069
1734.00,0.0070
1733.00,0.0069
1732.00,0.0068
1731.00,0.0067
1730.00,0.0066
1729.00,0.0065
1728.00,0.0063
1727.00,0.0062
1726.00,0.0060
1725.00,0.0058
1724.00,0.0056
1723.00,0.0054
1722.00,0.0053
1721.00,0.0051
1720.00,0.0049
1719.00,0.0047
1718.00,0.0046
1717.00,0.0044
1716.00,0.0042
1715.00,0.0042
1714.00,0.0041
1713.00,0.0041
1712.00,0.0041
1711.00,0.0041
1710.00,0.0041
1709.00,0.0041
1708.00,0.0041
1707.00,0.0041
1706.00,0.0042
1705.00,0.0042
1704.00,0.0042
1703.00,0.0041
1702.00,0.0041
1701.00,0.0041
1700.00,0.0041
1699.00,0.0041
1698.00,0.0041
1697.00,0.0042
1696.00,0.0044
1695.00,0.0045
1694.00,0.0046
1693.00,0.0047
1692.00,0.0048
1691.00,0.0050
1690.00,0.0051
1689.00,0.0052
1688.00,0.0053
1687.00,0.0053
1686.00,0.0054
1685.00,0.0055
1684.00,0.0057
1683.00,0.0058
1682.00,0.0059
1681.00,0.0060
1680.00,0.0062
1679.00,0.0063
1678.00,0.0064
1677.00,0.0065
1676.00,0.0066
1675.00,0.0067
1674.00,0.0067
1673.00,0.0068
1672.00,0.0068
1671.00,0.0069
1670.00,0.0071
1669.00,0.0072
1668.00,0.0073
1667.00,0.0074
1666.00,0.0075
1665.00,0.0075
1664.00,0.0076
1663.00,0.0076
1662.00,0.0077
1661.00,0.0077
1660.00,0.0077
1659.00,0.0078
1658.00,0.0078
1657.00,0.0078
1656.00,0.0078
1655.00,0.0078
1654.00,0.0078
1653.00,0.0078
1652.00,0.0077
1651.00,0.0077
1650.00,0.0076
1649.00,0.0076
1648.00,0.0076
1647.00,0.0076
1646.00,0.0075
1645.00,0.0075
1644.00,0.0075
1643.00,0.0075
1642.00,0.0075
1641.00,0.0074
1640.00,0.0074
1639.00,0.0073
1638.00,0.0072
1637.00,0.0070
1636.00,0.0069
1635.00,0.0068
1634.00,0.0068
1633.00,0.0068
1632.00,0.0068
1631.00,0.0068
1630.00,0.0067
1629.00,0.0067
1628.00,0.0066
1627.00,0.0065
1626.00,0.0064
1625.00,0.0063
1624.00,0.0062
1623.00,0.0061
1622.00,0.0060
1621.00,0.0059
1620.00,0.0059
1619.00,0.0058
1618.00,0.0059
1617.00,0.0059
1616.00,0.0061
1615.00,0.0062
1614.00,0.0064
1613.00,0.0066
1612.00,0.0069
1611.00,0.0074
1610.00,0.0081
1609.00,0.0090
1608.00,0.0104
1607.00,0.0120
1606.00,0.0139
1605.00,0.0159
1604.00,0.0179
1603.00,0.0196
1602.00,0.0207
1601.00,0.0209
1600.00,0.0203
1599.00,0.0189
1598.00,0.0171
1597.00,0.0152
1596.00,0.0134
1595.00,0.0120
1594.00,0.0108
1593.00,0.0099
1592.00,0.0092
1591.00,0.0087
1590.00,0.0083
1589.00,0.0081
1588.00,0.0082
1587.00,0.0085
1586.00,0.0090
1585.00,0.0097
1584.00,0.0101
1583.00,0.0102
1582.00,0.0098
1581.00,0.0092
1580.00,0.0083
1579.00,0.0076
1578.00,0.0070
1577.00,0.0065
1576.00,0.0061
1575.00,0.0057
1574.00,0.0055
1573.00,0.0054
1572.00,0.0053
1571.00,0.0052
1570.00,0.0051
1569.00,0.0050
1568.00,0.0050
1567.00,0.0050
1566.00,0.0050
1565.00,0.0050
1564.00,0.0050
1563.00,0.0050
1562.00,0.0050
1561.00,0.0050
1560.00,0.0050
1559.00,0.0050
1558.00,0.0051
1557.00,0.0052
1556.00,0.0054
1555.00,0.0056
1554.00,0.0057
1553.00,0.0059
1552.00,0.0060
1551.00,0.0062
1550.00,0.0064
1549.00,0.0066
1548.00,0.0067
1547.00,0.0068
1546.00,0.0069
1545.00,0.0069
1544.00,0.0069
1543.00,0.0069
1542.00,0.0069
1541.00,0.0069
1540.00,0.0069
1539.00,0.0069
1538.00,0.0069
1537.00,0.0069
1536.00,0.0068
1535.00,0.0068
1534.00,0.0067
1533.00,0.0066
1532.00,0.0064
1531.00,0.0064
1530.00,0.0063
1529.00,0.0062
1528.00,0.0062
1527.00,0.0061
1526.00,0.0060
1525.00,0.0059
1524.00,0.0059
1523.00,0.0058
1522.00,0.0058
1521.00,0.0058
1520.00,0.0058
1519.00,0.0058
1518.00,0.0058
1517.00,0.0059
1516.00,0.0059
1515.00,0.0059
1514.00,0.0059
1513.00,0.0059
1512.00,0.0060
1511.00,0.0060
1510.00,0.0060
1509.00,0.0060
1508.00,0.0060
1507.00,0.0061
1506.00,0.0064
1505.00,0.0068
1504.00,0.0072
1503.00,0.0077
1502.00,0.0085
1501.00,0.0095
1500.00,0.0110
1499.00,0.0133
1498.00,0.0172
1497.00,0.0231
1496.00,0.0305
1495.00,0.0379
1494.00,0.0434
1493.00,0.0461
1492.00,0.0456
1491.00,0.0416
1490.00,0.0352
1489.00,0.0285
1488.00,0.0232
1487.00,0.0192
1486.00,0.0164
1485.00,0.0141
1484.00,0.0124
1483.00,0.0110
1482.00,0.0099
1481.00,0.0090
1480.00,0.0084
1479.00,0.0079
1478.00,0.0075
1477.00,0.0072
1476.00,0.0070
1475.00,0.0068
1474.00,0.0067
1473.00,0.0067
1472.00,0.0068
1471.00,0.0070
1470.00,0.0072
1469.00,0.0074
1468.00,0.0076
1467.00,0.0078
1466.00,0.0080
1465.00,0.0083
1464.00,0.0086
1463.00,0.0091
1462.00,0.0096
1461.00,0.0102
1460.00,0.0112
1459.00,0.0129
1458.00,0.0163
1457.00,0.0223
1456.00,0.0296
1455.00,0.0363
1454.00,0.0416
1453.00,0.0455
1452.00,0.0472
1451.00,0.0466
1450.00,0.0443
1449.00,0.0411
1448.00,0.0377
1447.00,0.0347
1446.00,0.0322
1445.00,0.0300
1444.00,0.0279
1443.00,0.0259
1442.00,0.0239
1441.00,0.0222
1440.00,0.0207
1439.00,0.0193
1438.00,0.0179
1437.00,0.0163
1436.00,0.0148
1435.00,0.0134
1434.00,0.0124
1433.00,0.0116
1432.00,0.0107
1431.00,0.0100
1430.00,0.0093
1429.00,0.0088
1428.00,0.0083
1427.00,0.0079
1426.00,0.0076
1425.00,0.0074
1424.00,0.0072
1423.00,0.0070
1422.00,0.0069
1421.00,0.0068
1420.00,0.0067
1419.00,0.0066
1418.00,0.0066
1417.00,0.0065
1416.00,0.0065
1415.00,0.0064
1414.00,0.0064
1413.00,0.0064
1412.00,0.0063
1411.00,0.0063
1410.00,0.0063
1409.00,0.0062
1408.00,0.0062
1407.00,0.0061
1406.00,0.0061
1405.00,0.0061
1404.00,0.0061
1403.00,0.0061
1402.00,0.0061
1401.00,0.0061
1400.00,0.0062
1399.00,0.0062
1398.00,0.0063
1397.00,0.0063
1396.00,0.0065
1395.00,0.0067
1394.00,0.0070
1393.00,0.0073
1392.00,0.0075
1391.00,0.0078
1390.00,0.0081
1389.00,0.0084
1388.00,0.0088
1387.00,0.0092
1386.00,0.0096
1385.00,0.0100
1384.00,0.0103
1383.00,0.0106
1382.00,0.0109
1381.00,0.0113
1380.00,0.0116
1379.00,0.0119
1378.00,0.0122
1377.00,0.0124
1376.00,0.0126
1375.00,0.0128
1374.00,0.0129
1373.00,0.0129
1372.00,0.0128
1371.00,0.0127
1370.00,0.0126
1369.00,0.0125
1368.00,0.0124
1367.00,0.0123
1366.00,0.0121
1365.00,0.0120
1364.00,0.0118
1363.00,0.0116
1362.00,0.0114
1361.00,0.0113
1360.00,0.0111
1359.00,0.0110
1358.00,0.0109
1357.00,0.0108
1356.00,0.0107
1355.00,0.0106
1354.00,0.0105
1353.00,0.0105
1352.00,0.0105
1351.00,0.0105
1350.00,0.0105
1349.00,0.0104
1348.00,0.0104
1347.00,0.0102
1346.00,0.0101
1345.00,0.0100
1344.00,0.0099
1343.00,0.0098
1342.00,0.0097
1341.00,0.0097
1340.00,0.0096
1339.00,0.0096
1338.00,0.0096
1337.00,0.0096
1336.00,0.0097
1335.00,0.0099
1334.00,0.0100
1333.00,0.0102
1332.00,0.0104
1331.00,0.0106
1330.00,0.0107
1329.00,0.0108
1328.00,0.0108
1327.00,0.0108
1326.00,0.0107
1325.00,0.0106
1324.00,0.0104
1323.00,0.0103
1322.00,0.0102
1321.00,0.0102
1320.00,0.0102
1319.00,0.0102
1318.00,0.0103
1317.00,0.0104
1316.00,0.0104
1315.00,0.0105
1314.00,0.0106
1313.00,0.0106
1312.00,0.0106
1311.00,0.0106
1310.00,0.0105
1309.00,0.0104
1308.00,0.0103
1307.00,0.0102
1306.00,0.0101
1305.00,0.0100
1304.00,0.0098
1303.00,0.0097
1302.00,0.0095
1301.00,0.0094
1300.00,0.0093
1299.00,0.0092
1298.00,0.0091
1297.00,0.0091
1296.00,0.0091
1295.00,0.0091
1294.00,0.0091
1293.00,0.0091
1292.00,0.0090
1291.00,0.0089
1290.00,0.0089
1289.00,0.0088
1288.00,0.0087
1287.00,0.0086
1286.00,0.0086
1285.00,0.0085
1284.00,0.0085
1283.00,0.0084
1282.00,0.0084
1281.00,0.0083
1280.00,0.0083
1279.00,0.0082
1278.00,0.0082
1277.00,0.0082
1276.00,0.0081
1275.00,0.0081
1274.00,0.0080
1273.00,0.0080
1272.00,0.0079
1271.00,0.0079
1270.00,0.0079
1269.00,0.0079
1268.00,0.0078
1267.00,0.0078
1266.00,0.0077
1265.00,0.0077
1264.00,0.0077
1263.00,0.0076
1262.00,0.0077
1261.00,0.0077
1260.00,0.0076
1259.00,0.0076
1258.00,0.0076
1257.00,0.0076
1256.00,0.0076
1255.00,0.0077
1254.00,0.0077
1253.00,0.0077
1252.00,0.0077
1251.00,0.0078
1250.00,0.0078
1249.00,0.0079
1248.00,0.0079
1247.00,0.0079
1246.00,0.0079
1245.00,0.0078
1244.00,0.0078
1243.00,0.0078
1242.00,0.0078
1241.00,0.0078
1240.00,0.0077
1239.00,0.0077
1238.00,0.0077
1237.00,0.0077
1236.00,0.0076
1235.00,0.0076
1234.00,0.0076
1233.00,0.0076
1232.00,0.0076
1231.00,0.0077
1230.00,0.0077
1229.00,0.0077
1228.00,0.0077
1227.00,0.0077
1226.00,0.0077
1225.00,0.0078
1224.00,0.0078
1223.00,0.0078
1222.00,0.0078
1221.00,0.0078
1220.00,0.0078
1219.00,0.0077
1218.00,0.0077
1217.00,0.0077
1216.00,0.0077
1215.00,0.0078
1214.00,0.0078
1213.00,0.0079
1212.00,0.0079
1211.00,0.0080
1210.00,0.0080
1209.00,0.0081
1208.00,0.0082
1207.00,0.0083
1206.00,0.0085
1205.00,0.0086
1204.00,0.0088
1203.00,0.0090
1202.00,0.0091
1201.00,0.0093
1200.00,0.0094
1199.00,0.0095
1198.00,0.0096
1197.00,0.0097
1196.00,0.0097
1195.00,0.0098
1194.00,0.0098
1193.00,0.0099
1192.00,0.0099
1191.00,0.0100
1190.00,0.0101
1189.00,0.0102
1188.00,0.0105
1187.00,0.0108
1186.00,0.0112
1185.00,0.0117
1184.00,0.0122
1183.00,0.0126
1182.00,0.0129
1181.00,0.0130
1180.00,0.0128
1179.00,0.0124
1178.00,0.0118
1177.00,0.0112
1176.00,0.0106
1175.00,0.0102
1174.00,0.0098
1173.00,0.0096
1172.00,0.0094
1171.00,0.0092
1170.00,0.0092
1169.00,0.0091
1168.00,0.0090
1167.00,0.0090
1166.00,0.0090
1165.00,0.0090
1164.00,0.0091
1163.00,0.0092
1162.00,0.0093
1161.00,0.0096
1160.00,0.0100
1159.00,0.0104
1158.00,0.0110
1157.00,0.0115
1156.00,0.0119
1155.00,0.0120
1154.00,0.0119
1153.00,0.0115
1152.00,0.0107
1151.00,0.0099
1150.00,0.0091
1149.00,0.0084
1148.00,0.0078
1147.00,0.0073
1146.00,0.0070
1145.00,0.0067
1144.00,0.0065
1143.00,0.0062
1142.00,0.0060
1141.00,0.0059
1140.00,0.0057
1139.00,0.0056
1138.00,0.0055
1137.00,0.0055
1136.00,0.0054
1135.00,0.0054
1134.00,0.0054
1133.00,0.0053
1132.00,0.0052
1131.00,0.0052
1130.00,0.0052
1129.00,0.0052
1128.00,0.0051
1127.00,0.0051
1126.00,0.0051
1125.00,0.0051
1124.00,0.0050
1123.00,0.0050
1122.00,0.0050
1121.00,0.0050
1120.00,0.0051
1119.00,0.0052
1118.00,0.0053
1117.00,0.0055
1116.00,0.0057
1115.00,0.0058
1114.00,0.0059
1113.00,0.0059
1112.00,0.0059
1111.00,0.0059
1110.00,0.0059
1109.00,0.0059
1108.00,0.0059
1107.00,0.0059
1106.00,0.0060
1105.00,0.0061
1104.00,0.0062
1103.00,0.0062
1102.00,0.0063
1101.00,0.0064
1100.00,0.0065
1099.00,0.0067
1098.00,0.0068
1097.00,0.0070
1096.00,0.0070
1095.00,0.0071
1094.00,0.0073
1093.00,0.0074
1092.00,0.0076
1091.00,0.0077
1090.00,0.0080
1089.00,0.0082
1088.00,0.0084
1087.00,0.0087
1086.00,0.0090
1085.00,0.0093
1084.00,0.0096
1083.00,0.0099
1082.00,0.0103
1081.00,0.0106
1080.00,0.0109
1079.00,0.0112
1078.00,0.0116
1077.00,0.0121
1076.00,0.0125
1075.00,0.0130
1074.00,0.0136
1073.00,0.0141
1072.00,0.0145
1071.00,0.0149
1070.00,0.0151
1069.00,0.0153
1068.00,0.0152
1067.00,0.0150
1066.00,0.0147
1065.00,0.0142
1064.00,0.0137
1063.00,0.0131
1062.00,0.0126
1061.00,0.0121
1060.00,0.0116
1059.00,0.0112
1058.00,0.0110
1057.00,0.0107
1056.00,0.0105
1055.00,0.0103
1054.00,0.0102
1053.00,0.0101
1052.00,0.0099
1051.00,0.0098
1050.00,0.0097
1049.00,0.0096
1048.00,0.0094
1047.00,0.0093
1046.00,0.0093
1045.00,0.0092
1044.00,0.0092
1043.00,0.0092
1042.00,0.0092
1041.00,0.0094
1040.00,0.0096
1039.00,0.0099
1038.00,0.0105
1037.00,0.0114
1036.00,0.0126
1035.00,0.0142
1034.00,0.0161
1033.00,0.0182
1032.00,0.0202
1031.00,0.0221
1030.00,0.0236
1029.00,0.0247
1028.00,0.0250
1027.00,0.0246
1026.00,0.0236
1025.00,0.0222
1024.00,0.0206
1023.00,0.0191
1022.00,0.0179
1021.00,0.0169
1020.00,0.0160
1019.00,0.0152
1018.00,0.0146
1017.00,0.0140
1016.00,0.0135
1015.00,0.0131
1014.00,0.0127
1013.00,0.0123
1012.00,0.0120
1011.00,0.0117
1010.00,0.0116
1009.00,0.0115
1008.00,0.0114
1007.00,0.0115
1006.00,0.0117
1005.00,0.0120
1004.00,0.0121
1003.00,0.0121
1002.00,0.0118
1001.00,0.0114
1000.00,0.0108
999.00,0.0102
998.00,0.0098
997.00,0.0096
996.00,0.0094
995.00,0.0092
994.00,0.0091
993.00,0.0091
992.00,0.0090
991.00,0.0091
990.00,0.0092
989.00,0.0094
988.00,0.0095
987.00,0.0097
986.00,0.0099
985.00,0.0102
984.00,0.0104
983.00,0.0105
982.00,0.0107
981.00,0.0108
980.00,0.0108
979.00,0.0108
978.00,0.0108
977.00,0.0106
976.00,0.0104
975.00,0.0103
974.00,0.0102
973.00,0.0101
972.00,0.0101
971.00,0.0102
970.00,0.0104
969.00,0.0107
968.00,0.0109
967.00,0.0112
966.00,0.0114
965.00,0.0116
964.00,0.0115
963.00,0.0114
962.00,0.0112
961.00,0.0109
960.00,0.0104
959.00,0.0100
958.00,0.0096
957.00,0.0093
956.00,0.0089
955.00,0.0087
954.00,0.0086
953.00,0.0085
952.00,0.0085
951.00,0.0085
950.00,0.0086
949.00,0.0086
948.00,0.0087
947.00,0.0088
946.00,0.0089
945.00,0.0090
944.00,0.0091
943.00,0.0091
942.00,0.0091
941.00,0.0091
940.00,0.0090
939.00,0.0088
938.00,0.0087
937.00,0.0085
936.00,0.0082
935.00,0.0080
934.00,0.0077
933.00,0.0075
932.00,0.0073
931.00,0.0072
930.00,0.0072
929.00,0.0071
928.00,0.0071
927.00,0.0071
926.00,0.0071
925.00,0.0073
924.00,0.0074
923.00,0.0075
922.00,0.0077
921.00,0.0078
920.00,0.0080
919.00,0.0083
918.00,0.0087
917.00,0.0093
916.00,0.0098
915.00,0.0105
914.00,0.0114
913.00,0.0123
912.00,0.0132
911.00,0.0142
910.00,0.0152
909.00,0.0161
908.00,0.0167
907.00,0.0171
906.00,0.0171
905.00,0.0169
904.00,0.0162
903.00,0.0154
902.00,0.0143
901.00,0.0133
900.00,0.0121
899.00,0.0111
898.00,0.0103
897.00,0.0096
896.00,0.0089
895.00,0.0084
894.00,0.0080
893.00,0.0077
892.00,0.0074
891.00,0.0072
890.00,0.0070
889.00,0.0069
888.00,0.0068
887.00,0.0067
886.00,0.0066
885.00,0.0065
884.00,0.0063
883.00,0.0062
882.00,0.0061
881.00,0.0060
880.00,0.0059
879.00,0.0058
878.00,0.0058
877.00,0.0058
876.00,0.0057
875.00,0.0056
874.00,0.0056
873.00,0.0055
872.00,0.0055
871.00,0.0054
870.00,0.0054
869.00,0.0054
868.00,0.0054
867.00,0.0053
866.00,0.0054
865.00,0.0054
864.00,0.0053
863.00,0.0053
862.00,0.0053
861.00,0.0054
860.00,0.0054
859.00,0.0054
858.00,0.0054
857.00,0.0054
856.00,0.0055
855.00,0.0056
854.00,0.0058
853.00,0.0060
852.00,0.0062
851.00,0.0065
850.00,0.0069
849.00,0.0073
848.00,0.0077
847.00,0.0081
846.00,0.0085
845.00,0.0088
844.00,0.0091
843.00,0.0093
842.00,0.0094
841.00,0.0095
840.00,0.0093
839.00,0.0091
838.00,0.0088
837.00,0.0084
836.00,0.0079
835.00,0.0075
834.00,0.0070
833.00,0.0066
832.00,0.0062
831.00,0.0059
830.00,0.0057
829.00,0.0056
828.00,0.0054
827.00,0.0053
826.00,0.0053
825.00,0.0053
824.00,0.0052
823.00,0.0052
822.00,0.0052
821.00,0.0053
820.00,0.0052
819.00,0.0052
818.00,0.0053
817.00,0.0054
816.00,0.0054
815.00,0.0054
814.00,0.0054
813.00,0.0055
812.00,0.0055
811.00,0.0055
810.00,0.0056
809.00,0.0057
808.00,0.0058
807.00,0.0058
806.00,0.0058
805.00,0.0058
804.00,0.0059
803.00,0.0060
802.00,0.0062
801.00,0.0063
800.00,0.0064
799.00,0.0065
798.00,0.0068
797.00,0.0070
796.00,0.0072
795.00,0.0075
794.00,0.0079
793.00,0.0082
792.00,0.0085
791.00,0.0089
790.00,0.0094
789.00,0.0099
788.00,0.0104
787.00,0.0108
786.00,0.0114
785.00,0.0121
784.00,0.0127
783.00,0.0134
782.00,0.0142
781.00,0.0152
780.00,0.0161
779.00,0.0173
778.00,0.0187
777.00,0.0202
776.00,0.0219
775.00,0.0237
774.00,0.0258
773.00,0.0280
772.00,0.0303
771.00,0.0328
770.00,0.0354
769.00,0.0381
768.00,0.0407
767.00,0.0433
766.00,0.0459
765.00,0.0484
764.00,0.0509
763.00,0.0535
762.00,0.0562
761.00,0.0588
760.00,0.0614
759.00,0.0638
758.00,0.0659
757.00,0.0677
756.00,0.0688
755.00,0.0694
754.00,0.0695
753.00,0.0694
752.00,0.0691
751.00,0.0688
750.00,0.0687
749.00,0.0685
748.00,0.0680
747.00,0.0670
746.00,0.0652
745.00,0.0625
744.00,0.0590
743.00,0.0549
742.00,0.0506
741.00,0.0464
740.00,0.0423
739.00,0.0385
738.00,0.0351
737.00,0.0319
736.00,0.0288
735.00,0.0258
734.00,0.0229
733.00,0.0203
732.00,0.0179
731.00,0.0160
730.00,0.0145
729.00,0.0133
728.00,0.0123
727.00,0.0116
726.00,0.0112
725.00,0.0109
724.00,0.0107
723.00,0.0105
722.00,0.0105
721.00,0.0105
720.00,0.0105
719.00,0.0105
718.00,0.0108
717.00,0.0112
716.00,0.0117
715.00,0.0125
714.00,0.0137
713.00,0.0154
712.00,0.0176
711.00,0.0207
710.00,0.0250
709.00,0.0304
708.00,0.0372
707.00,0.0455
706.00,0.0552
705.00,0.0664
704.00,0.0788
703.00,0.0923
702.00,0.1069
701.00,0.1221
700.00,0.1376
699.00,0.1531
698.00,0.1682
697.00,0.1818
696.00,0.1918
695.00,0.1962
694.00,0.1931
693.00,0.1822
692.00,0.1651
691.00,0.1455
690.00,0.1264
689.00,0.1095
688.00,0.0953
687.00,0.0840
686.00,0.0751
685.00,0.0679
684.00,0.0619
683.00,0.0570
682.00,0.0529
681.00,0.0495
680.00,0.0464
679.00,0.0438
678.00,0.0416
677.00,0.0397
676.00,0.0380
675.00,0.0365
674.00,0.0352
673.00,0.0341
672.00,0.0331
671.00,0.0323
670.00,0.0317
669.00,0.0309
668.00,0.0299
667.00,0.0287
666.00,0.0277
665.00,0.0268
664.00,0.0258
663.00,0.0249
662.00,0.0241
661.00,0.0233
660.00,0.0224
659.00,0.0215
658.00,0.0208
657.00,0.0202
656.00,0.0196
655.00,0.0190
654.00,0.0185
653.00,0.0181
652.00,0.0175
651.00,0.0169
650.00,0.0165
649.00,0.0161
648.00,0.0157
647.00,0.0154
646.00,0.0153
645.00,0.0151
644.00,0.0149
643.00,0.0147
642.00,0.0146
641.00,0.0147
640.00,0.0146
639.00,0.0147
638.00,0.0150
637.00,0.0152
636.00,0.0155
635.00,0.0157
634.00,0.0160
633.00,0.0162
632.00,0.0165
631.00,0.0167
630.00,0.0171
629.00,0.0173
628.00,0.0173
627.00,0.0174
626.00,0.0175
625.00,0.0177
624.00,0.0180
623.00,0.0183
622.00,0.0186
621.00,0.0189
620.00,0.0188
619.00,0.0185
618.00,0.0182
617.00,0.0177
616.00,0.0172
615.00,0.0169
614.00,0.0167
613.00,0.0166
612.00,0.0164
611.00,0.0163
610.00,0.0163
609.00,0.0162
608.00,0.0160
607.00,0.0157
606.00,0.0155
605.00,0.0155
604.00,0.0154
603.00,0.0154
602.00,0.0156
601.00,0.0158
600.00,0.0158
599.00,0.0159
598.00,0.0160
597.00,0.0162
596.00,0.0162
595.00,0.0164
594.00,0.0167
593.00,0.0170
592.00,0.0171
591.00,0.0172
590.00,0.0175
589.00,0.0177
588.00,0.0178
587.00,0.0179
586.00,0.0182
585.00,0.0185
584.00,0.0188
583.00,0.0191
582.00,0.0196
581.00,0.0201
580.00,0.0206
579.00,0.0212
578.00,0.0220
577.00,0.0228
576.00,0.0236
575.00,0.0245
574.00,0.0255
573.00,0.0265
572.00,0.0274
571.00,0.0283
570.00,0.0293
569.00,0.0302
568.00,0.0310
567.00,0.0318
566.00,0.0328
565.00,0.0337
564.00,0.0345
563.00,0.0354
562.00,0.0364
561.00,0.0373
560.00,0.0380
559.00,0.0388
558.00,0.0397
557.00,0.0407
556.00,0.0416
555.00,0.0426
554.00,0.0438
553.00,0.0450
552.00,0.0461
551.00,0.0474
550.00,0.0491
549.00,0.0509
548.00,0.0525
547.00,0.0543
546.00,0.0565
545.00,0.0588
544.00,0.0610
543.00,0.0632
542.00,0.0654
541.00,0.0674
540.00,0.0688
539.00,0.0698
538.00,0.0702
537.00,0.0699
536.00,0.0687
535.00,0.0668
534.00,0.0645
533.00,0.0617
532.00,0.0584
531.00,0.0549
530.00,0.0518
529.00,0.0488
528.00,0.0458
527.00,0.0430
526.00,0.0405
525.00,0.0382
524.00,0.0360
523.00,0.0341
522.00,0.0327
521.00,0.0315
520.00,0.0301
519.00,0.0288
518.00,0.0279
517.00,0.0271
516.00,0.0262
515.00,0.0256
514.00,0.0253
513.00,0.0250
512.00,0.0243
511.00,0.0235
510.00,0.0230
509.00,0.0224
508.00,0.0216
507.00,0.0210
506.00,0.0207
505.00,0.0203
504.00,0.0197
503.00,0.0192
502.00,0.0190
501.00,0.0187
500.00,0.0182
499.00,0.0179
498.00,0.0179
497.00,0.0177
496.00,0.0171
495.00,0.0165
494.00,0.0163
493.00,0.0162
492.00,0.0158
491.00,0.0155
490.00,0.0155
489.00,0.0156
488.00,0.0153
487.00,0.0151
486.00,0.0151
485.00,0.0151
484.00,0.0148
483.00,0.0146
482.00,0.0147
481.00,0.0146
480.00,0.0142
479.00,0.0139
478.00,0.0141
477.00,0.0142
476.00,0.0140
475.00,0.0139
474.00,0.0141
473.00,0.0143
472.00,0.0140
471.00,0.0138
470.00,0.0140
469.00,0.0141
468.00,0.0138
467.00,0.0135
466.00,0.0137
465.00,0.0136
464.00,0.0131
463.00,0.0127
462.00,0.0129
461.00,0.0132
460.00,0.0127
459.00,0.0122
458.00,0.0123
457.00,0.0125
456.00,0.0124
455.00,0.0122
454.00,0.0124
453.00,0.0125
452.00,0.0121
451.00,0.0118
450.00,0.0120
449.00,0.0122
448.00,0.0119
447.00,0.0116
446.00,0.0116
445.00,0.0114
444.00,0.0106
443.00,0.0101
442.00,0.0103
441.00,0.0107
440.00,0.0108
439.00,0.0111
438.00,0.0119
437.00,0.0123
436.00,0.0118
435.00,0.0110
434.00,0.0109
433.00,0.0107
432.00,0.0103
431.00,0.0100
430.00,0.0106
429.00,0.0111
428.00,0.0110
427.00,0.0109
426.00,0.0113
425.00,0.0115
424.00,0.0109
423.00,0.0106
422.00,0.0113
421.00,0.0117
420.00,0.0104
419.00,0.0088
418.00,0.0089
417.00,0.0097
416.00,0.0099
415.00,0.0102
414.00,0.0110
413.00,0.0111
412.00,0.0101
411.00,0.0097
410.00,0.0110
409.00,0.0121
408.00,0.0116
407.00,0.0109
406.00,0.0113
405.00,0.0117
404.00,0.0108
403.00,0.0099
402.00,0.0107
401.00,0.0114
400.00,0.0105
