Created as New Dataset,Sample 808 By YargerLab Date Wednesday, March 25 2026
cm-1,A
4000.00,0.0008
3999.00,0.0008
3998.00,0.0008
3997.00,0.0008
3996.00,0.0008
3995.00,0.0008
3994.00,0.0008
3993.00,0.0008
3992.00,0.0008
3991.00,0.0008
3990.00,0.0008
3989.00,0.0008
3988.00,0.0008
3987.00,0.0008
3986.00,0.0008
3985.00,0.0008
3984.00,0.0008
3983.00,0.0008
3982.00,0.0008
3981.00,0.0008
3980.00,0.0008
3979.00,0.0008
3978.00,0.0008
3977.00,0.0008
3976.00,0.0008
3975.00,0.0008
3974.00,0.0008
3973.00,0.0008
3972.00,0.0008
3971.00,0.0008
3970.00,0.0008
3969.00,0.0008
3968.00,0.0008
3967.00,0.0008
3966.00,0.0008
3965.00,0.0008
3964.00,0.0008
3963.00,0.0008
3962.00,0.0008
3961.00,0.0008
3960.00,0.0008
3959.00,0.0008
3958.00,0.0008
3957.00,0.0008
3956.00,0.0008
3955.00,0.0008
3954.00,0.0008
3953.00,0.0008
3952.00,0.0008
3951.00,0.0008
3950.00,0.0008
3949.00,0.0008
3948.00,0.0008
3947.00,0.0008
3946.00,0.0008
3945.00,0.0008
3944.00,0.0008
3943.00,0.0008
3942.00,0.0008
3941.00,0.0008
3940.00,0.0008
3939.00,0.0008
3938.00,0.0008
3937.00,0.0008
3936.00,0.0008
3935.00,0.0008
3934.00,0.0008
3933.00,0.0008
3932.00,0.0008
3931.00,0.0008
3930.00,0.0008
3929.00,0.0008
3928.00,0.0008
3927.00,0.0008
3926.00,0.0008
3925.00,0.0008
3924.00,0.0008
3923.00,0.0008
3922.00,0.0008
3921.00,0.0008
3920.00,0.0008
3919.00,0.0008
3918.00,0.0008
3917.00,0.0008
3916.00,0.0007
3915.00,0.0007
3914.00,0.0007
3913.00,0.0007
3912.00,0.0007
3911.00,0.0007
3910.00,0.0008
3909.00,0.0008
3908.00,0.0008
3907.00,0.0008
3906.00,0.0007
3905.00,0.0007
3904.00,0.0007
3903.00,0.0007
3902.00,0.0007
3901.00,0.0008
3900.00,0.0008
3899.00,0.0008
3898.00,0.0008
3897.00,0.0008
3896.00,0.0008
3895.00,0.0008
3894.00,0.0007
3893.00,0.0007
3892.00,0.0007
3891.00,0.0007
3890.00,0.0008
3889.00,0.0008
3888.00,0.0008
3887.00,0.0008
3886.00,0.0008
3885.00,0.0008
3884.00,0.0008
3883.00,0.0008
3882.00,0.0008
3881.00,0.0008
3880.00,0.0008
3879.00,0.0008
3878.00,0.0008
3877.00,0.0008
3876.00,0.0008
3875.00,0.0008
3874.00,0.0008
3873.00,0.0008
3872.00,0.0008
3871.00,0.0007
3870.00,0.0007
3869.00,0.0007
3868.00,0.0007
3867.00,0.0007
3866.00,0.0007
3865.00,0.0007
3864.00,0.0007
3863.00,0.0007
3862.00,0.0007
3861.00,0.0007
3860.00,0.0007
3859.00,0.0007
3858.00,0.0007
3857.00,0.0006
3856.00,0.0006
3855.00,0.0006
3854.00,0.0006
3853.00,0.0006
3852.00,0.0006
3851.00,0.0006
3850.00,0.0007
3849.00,0.0007
3848.00,0.0007
3847.00,0.0007
3846.00,0.0008
3845.00,0.0008
3844.00,0.0008
3843.00,0.0008
3842.00,0.0008
3841.00,0.0008
3840.00,0.0008
3839.00,0.0007
3838.00,0.0007
3837.00,0.0007
3836.00,0.0007
3835.00,0.0007
3834.00,0.0007
3833.00,0.0007
3832.00,0.0007
3831.00,0.0007
3830.00,0.0007
3829.00,0.0007
3828.00,0.0007
3827.00,0.0008
3826.00,0.0008
3825.00,0.0007
3824.00,0.0007
3823.00,0.0007
3822.00,0.0008
3821.00,0.0007
3820.00,0.0007
3819.00,0.0007
3818.00,0.0007
3817.00,0.0007
3816.00,0.0007
3815.00,0.0007
3814.00,0.0007
3813.00,0.0007
3812.00,0.0007
3811.00,0.0007
3810.00,0.0007
3809.00,0.0007
3808.00,0.0007
3807.00,0.0007
3806.00,0.0007
3805.00,0.0007
3804.00,0.0007
3803.00,0.0007
3802.00,0.0007
3801.00,0.0007
3800.00,0.0007
3799.00,0.0007
3798.00,0.0007
3797.00,0.0007
3796.00,0.0007
3795.00,0.0007
3794.00,0.0007
3793.00,0.0007
3792.00,0.0007
3791.00,0.0007
3790.00,0.0007
3789.00,0.0007
3788.00,0.0007
3787.00,0.0007
3786.00,0.0007
3785.00,0.0007
3784.00,0.0007
3783.00,0.0007
3782.00,0.0007
3781.00,0.0007
3780.00,0.0007
3779.00,0.0007
3778.00,0.0007
3777.00,0.0007
3776.00,0.0007
3775.00,0.0007
3774.00,0.0007
3773.00,0.0007
3772.00,0.0007
3771.00,0.0007
3770.00,0.0007
3769.00,0.0007
3768.00,0.0007
3767.00,0.0007
3766.00,0.0007
3765.00,0.0007
3764.00,0.0007
3763.00,0.0007
3762.00,0.0007
3761.00,0.0007
3760.00,0.0007
3759.00,0.0007
3758.00,0.0007
3757.00,0.0007
3756.00,0.0007
3755.00,0.0007
3754.00,0.0007
3753.00,0.0007
3752.00,0.0007
3751.00,0.0007
3750.00,0.0006
3749.00,0.0006
3748.00,0.0006
3747.00,0.0006
3746.00,0.0006
3745.00,0.0006
3744.00,0.0006
3743.00,0.0006
3742.00,0.0006
3741.00,0.0007
3740.00,0.0007
3739.00,0.0007
3738.00,0.0008
3737.00,0.0008
3736.00,0.0008
3735.00,0.0008
3734.00,0.0009
3733.00,0.0009
3732.00,0.0008
3731.00,0.0008
3730.00,0.0007
3729.00,0.0007
3728.00,0.0006
3727.00,0.0006
3726.00,0.0006
3725.00,0.0006
3724.00,0.0006
3723.00,0.0006
3722.00,0.0006
3721.00,0.0006
3720.00,0.0006
3719.00,0.0006
3718.00,0.0006
3717.00,0.0006
3716.00,0.0006
3715.00,0.0006
3714.00,0.0006
3713.00,0.0006
3712.00,0.0006
3711.00,0.0006
3710.00,0.0006
3709.00,0.0006
3708.00,0.0006
3707.00,0.0006
3706.00,0.0006
3705.00,0.0006
3704.00,0.0006
3703.00,0.0006
3702.00,0.0006
3701.00,0.0006
3700.00,0.0006
3699.00,0.0006
3698.00,0.0006
3697.00,0.0006
3696.00,0.0006
3695.00,0.0006
3694.00,0.0006
3693.00,0.0006
3692.00,0.0006
3691.00,0.0006
3690.00,0.0007
3689.00,0.0007
3688.00,0.0006
3687.00,0.0006
3686.00,0.0005
3685.00,0.0005
3684.00,0.0005
3683.00,0.0006
3682.00,0.0006
3681.00,0.0006
3680.00,0.0006
3679.00,0.0006
3678.00,0.0006
3677.00,0.0005
3676.00,0.0005
3675.00,0.0005
3674.00,0.0005
3673.00,0.0005
3672.00,0.0005
3671.00,0.0005
3670.00,0.0005
3669.00,0.0006
3668.00,0.0006
3667.00,0.0006
3666.00,0.0006
3665.00,0.0006
3664.00,0.0006
3663.00,0.0006
3662.00,0.0006
3661.00,0.0006
3660.00,0.0006
3659.00,0.0006
3658.00,0.0006
3657.00,0.0006
3656.00,0.0006
3655.00,0.0006
3654.00,0.0006
3653.00,0.0006
3652.00,0.0006
3651.00,0.0006
3650.00,0.0006
3649.00,0.0006
3648.00,0.0006
3647.00,0.0006
3646.00,0.0006
3645.00,0.0006
3644.00,0.0006
3643.00,0.0006
3642.00,0.0006
3641.00,0.0006
3640.00,0.0006
3639.00,0.0006
3638.00,0.0006
3637.00,0.0006
3636.00,0.0006
3635.00,0.0006
3634.00,0.0006
3633.00,0.0006
3632.00,0.0006
3631.00,0.0006
3630.00,0.0006
3629.00,0.0006
3628.00,0.0006
3627.00,0.0006
3626.00,0.0007
3625.00,0.0007
3624.00,0.0007
3623.00,0.0008
3622.00,0.0008
3621.00,0.0009
3620.00,0.0009
3619.00,0.0009
3618.00,0.0009
3617.00,0.0008
3616.00,0.0009
3615.00,0.0009
3614.00,0.0009
3613.00,0.0009
3612.00,0.0008
3611.00,0.0008
3610.00,0.0008
3609.00,0.0008
3608.00,0.0008
3607.00,0.0009
3606.00,0.0009
3605.00,0.0009
3604.00,0.0009
3603.00,0.0009
3602.00,0.0009
3601.00,0.0009
3600.00,0.0009
3599.00,0.0009
3598.00,0.0010
3597.00,0.0010
3596.00,0.0010
3595.00,0.0009
3594.00,0.0009
3593.00,0.0009
3592.00,0.0009
3591.00,0.0009
3590.00,0.0009
3589.00,0.0009
3588.00,0.0010
3587.00,0.0010
3586.00,0.0010
3585.00,0.0010
3584.00,0.0010
3583.00,0.0011
3582.00,0.0011
3581.00,0.0011
3580.00,0.0011
3579.00,0.0011
3578.00,0.0011
3577.00,0.0011
3576.00,0.0011
3575.00,0.0012
3574.00,0.0012
3573.00,0.0012
3572.00,0.0012
3571.00,0.0013
3570.00,0.0013
3569.00,0.0013
3568.00,0.0014
3567.00,0.0014
3566.00,0.0014
3565.00,0.0014
3564.00,0.0015
3563.00,0.0015
3562.00,0.0015
3561.00,0.0015
3560.00,0.0015
3559.00,0.0016
3558.00,0.0016
3557.00,0.0016
3556.00,0.0016
3555.00,0.0016
3554.00,0.0017
3553.00,0.0017
3552.00,0.0018
3551.00,0.0018
3550.00,0.0019
3549.00,0.0020
3548.00,0.0020
3547.00,0.0020
3546.00,0.0021
3545.00,0.0021
3544.00,0.0021
3543.00,0.0022
3542.00,0.0022
3541.00,0.0023
3540.00,0.0024
3539.00,0.0025
3538.00,0.0025
3537.00,0.0026
3536.00,0.0028
3535.00,0.0029
3534.00,0.0030
3533.00,0.0032
3532.00,0.0033
3531.00,0.0035
3530.00,0.0037
3529.00,0.0039
3528.00,0.0042
3527.00,0.0046
3526.00,0.0049
3525.00,0.0052
3524.00,0.0054
3523.00,0.0056
3522.00,0.0058
3521.00,0.0059
3520.00,0.0060
3519.00,0.0060
3518.00,0.0060
3517.00,0.0059
3516.00,0.0058
3515.00,0.0057
3514.00,0.0056
3513.00,0.0055
3512.00,0.0053
3511.00,0.0052
3510.00,0.0051
3509.00,0.0051
3508.00,0.0050
3507.00,0.0050
3506.00,0.0049
3505.00,0.0049
3504.00,0.0050
3503.00,0.0050
3502.00,0.0050
3501.00,0.0051
3500.00,0.0051
3499.00,0.0052
3498.00,0.0052
3497.00,0.0053
3496.00,0.0054
3495.00,0.0055
3494.00,0.0056
3493.00,0.0057
3492.00,0.0058
3491.00,0.0060
3490.00,0.0061
3489.00,0.0062
3488.00,0.0063
3487.00,0.0065
3486.00,0.0066
3485.00,0.0068
3484.00,0.0069
3483.00,0.0071
3482.00,0.0073
3481.00,0.0074
3480.00,0.0076
3479.00,0.0078
3478.00,0.0080
3477.00,0.0082
3476.00,0.0084
3475.00,0.0086
3474.00,0.0089
3473.00,0.0091
3472.00,0.0094
3471.00,0.0097
3470.00,0.0101
3469.00,0.0104
3468.00,0.0108
3467.00,0.0113
3466.00,0.0117
3465.00,0.0123
3464.00,0.0129
3463.00,0.0135
3462.00,0.0142
3461.00,0.0150
3460.00,0.0159
3459.00,0.0168
3458.00,0.0178
3457.00,0.0189
3456.00,0.0201
3455.00,0.0213
3454.00,0.0225
3453.00,0.0236
3452.00,0.0245
3451.00,0.0253
3450.00,0.0260
3449.00,0.0263
3448.00,0.0264
3447.00,0.0263
3446.00,0.0259
3445.00,0.0253
3444.00,0.0246
3443.00,0.0237
3442.00,0.0228
3441.00,0.0219
3440.00,0.0209
3439.00,0.0201
3438.00,0.0192
3437.00,0.0184
3436.00,0.0177
3435.00,0.0170
3434.00,0.0164
3433.00,0.0159
3432.00,0.0154
3431.00,0.0150
3430.00,0.0146
3429.00,0.0143
3428.00,0.0140
3427.00,0.0138
3426.00,0.0136
3425.00,0.0134
3424.00,0.0133
3423.00,0.0131
3422.00,0.0131
3421.00,0.0130
3420.00,0.0130
3419.00,0.0129
3418.00,0.0129
3417.00,0.0129
3416.00,0.0129
3415.00,0.0129
3414.00,0.0129
3413.00,0.0129
3412.00,0.0129
3411.00,0.0128
3410.00,0.0128
3409.00,0.0127
3408.00,0.0127
3407.00,0.0126
3406.00,0.0125
3405.00,0.0124
3404.00,0.0123
3403.00,0.0122
3402.00,0.0121
3401.00,0.0119
3400.00,0.0117
3399.00,0.0115
3398.00,0.0113
3397.00,0.0111
3396.00,0.0109
3395.00,0.0107
3394.00,0.0105
3393.00,0.0103
3392.00,0.0102
3391.00,0.0100
3390.00,0.0099
3389.00,0.0097
3388.00,0.0096
3387.00,0.0094
3386.00,0.0093
3385.00,0.0092
3384.00,0.0091
3383.00,0.0090
3382.00,0.0089
3381.00,0.0089
3380.00,0.0088
3379.00,0.0087
3378.00,0.0087
3377.00,0.0086
3376.00,0.0085
3375.00,0.0085
3374.00,0.0084
3373.00,0.0084
3372.00,0.0083
3371.00,0.0083
3370.00,0.0083
3369.00,0.0082
3368.00,0.0082
3367.00,0.0082
3366.00,0.0081
3365.00,0.0081
3364.00,0.0081
3363.00,0.0080
3362.00,0.0080
3361.00,0.0080
3360.00,0.0079
3359.00,0.0079
3358.00,0.0078
3357.00,0.0078
3356.00,0.0078
3355.00,0.0078
3354.00,0.0078
3353.00,0.0078
3352.00,0.0078
3351.00,0.0078
3350.00,0.0078
3349.00,0.0078
3348.00,0.0078
3347.00,0.0078
3346.00,0.0078
3345.00,0.0077
3344.00,0.0077
3343.00,0.0077
3342.00,0.0077
3341.00,0.0077
3340.00,0.0077
3339.00,0.0077
3338.00,0.0077
3337.00,0.0077
3336.00,0.0077
3335.00,0.0077
3334.00,0.0077
3333.00,0.0077
3332.00,0.0077
3331.00,0.0077
3330.00,0.0077
3329.00,0.0077
3328.00,0.0077
3327.00,0.0077
3326.00,0.0078
3325.00,0.0078
3324.00,0.0078
3323.00,0.0078
3322.00,0.0078
3321.00,0.0078
3320.00,0.0078
3319.00,0.0078
3318.00,0.0078
3317.00,0.0079
3316.00,0.0079
3315.00,0.0079
3314.00,0.0079
3313.00,0.0079
3312.00,0.0080
3311.00,0.0080
3310.00,0.0080
3309.00,0.0080
3308.00,0.0080
3307.00,0.0080
3306.00,0.0080
3305.00,0.0080
3304.00,0.0081
3303.00,0.0081
3302.00,0.0081
3301.00,0.0082
3300.00,0.0082
3299.00,0.0082
3298.00,0.0083
3297.00,0.0083
3296.00,0.0083
3295.00,0.0083
3294.00,0.0083
3293.00,0.0084
3292.00,0.0084
3291.00,0.0084
3290.00,0.0084
3289.00,0.0085
3288.00,0.0085
3287.00,0.0086
3286.00,0.0086
3285.00,0.0086
3284.00,0.0087
3283.00,0.0087
3282.00,0.0087
3281.00,0.0088
3280.00,0.0088
3279.00,0.0088
3278.00,0.0089
3277.00,0.0089
3276.00,0.0090
3275.00,0.0090
3274.00,0.0090
3273.00,0.0091
3272.00,0.0091
3271.00,0.0091
3270.00,0.0092
3269.00,0.0092
3268.00,0.0093
3267.00,0.0094
3266.00,0.0094
3265.00,0.0094
3264.00,0.0095
3263.00,0.0095
3262.00,0.0095
3261.00,0.0096
3260.00,0.0096
3259.00,0.0096
3258.00,0.0096
3257.00,0.0096
3256.00,0.0097
3255.00,0.0097
3254.00,0.0098
3253.00,0.0098
3252.00,0.0099
3251.00,0.0099
3250.00,0.0099
3249.00,0.0099
3248.00,0.0100
3247.00,0.0100
3246.00,0.0101
3245.00,0.0101
3244.00,0.0102
3243.00,0.0102
3242.00,0.0103
3241.00,0.0103
3240.00,0.0103
3239.00,0.0104
3238.00,0.0104
3237.00,0.0104
3236.00,0.0105
3235.00,0.0105
3234.00,0.0105
3233.00,0.0105
3232.00,0.0106
3231.00,0.0106
3230.00,0.0107
3229.00,0.0107
3228.00,0.0107
3227.00,0.0108
3226.00,0.0108
3225.00,0.0109
3224.00,0.0109
3223.00,0.0110
3222.00,0.0110
3221.00,0.0111
3220.00,0.0111
3219.00,0.0111
3218.00,0.0111
3217.00,0.0112
3216.00,0.0112
3215.00,0.0113
3214.00,0.0114
3213.00,0.0114
3212.00,0.0115
3211.00,0.0115
3210.00,0.0116
3209.00,0.0116
3208.00,0.0117
3207.00,0.0117
3206.00,0.0118
3205.00,0.0118
3204.00,0.0118
3203.00,0.0119
3202.00,0.0119
3201.00,0.0120
3200.00,0.0120
3199.00,0.0120
3198.00,0.0121
3197.00,0.0121
3196.00,0.0122
3195.00,0.0122
3194.00,0.0122
3193.00,0.0123
3192.00,0.0123
3191.00,0.0123
3190.00,0.0124
3189.00,0.0124
3188.00,0.0124
3187.00,0.0124
3186.00,0.0124
3185.00,0.0125
3184.00,0.0125
3183.00,0.0125
3182.00,0.0125
3181.00,0.0125
3180.00,0.0126
3179.00,0.0126
3178.00,0.0126
3177.00,0.0126
3176.00,0.0127
3175.00,0.0127
3174.00,0.0127
3173.00,0.0127
3172.00,0.0127
3171.00,0.0127
3170.00,0.0128
3169.00,0.0128
3168.00,0.0128
3167.00,0.0128
3166.00,0.0128
3165.00,0.0128
3164.00,0.0128
3163.00,0.0128
3162.00,0.0129
3161.00,0.0129
3160.00,0.0129
3159.00,0.0129
3158.00,0.0129
3157.00,0.0129
3156.00,0.0129
3155.00,0.0129
3154.00,0.0129
3153.00,0.0129
3152.00,0.0130
3151.00,0.0130
3150.00,0.0131
3149.00,0.0132
3148.00,0.0133
3147.00,0.0133
3146.00,0.0134
3145.00,0.0134
3144.00,0.0135
3143.00,0.0135
3142.00,0.0136
3141.00,0.0136
3140.00,0.0136
3139.00,0.0137
3138.00,0.0137
3137.00,0.0138
3136.00,0.0138
3135.00,0.0138
3134.00,0.0139
3133.00,0.0139
3132.00,0.0139
3131.00,0.0140
3130.00,0.0140
3129.00,0.0140
3128.00,0.0141
3127.00,0.0141
3126.00,0.0142
3125.00,0.0142
3124.00,0.0143
3123.00,0.0143
3122.00,0.0143
3121.00,0.0143
3120.00,0.0144
3119.00,0.0144
3118.00,0.0145
3117.00,0.0145
3116.00,0.0146
3115.00,0.0146
3114.00,0.0147
3113.00,0.0147
3112.00,0.0148
3111.00,0.0148
3110.00,0.0149
3109.00,0.0149
3108.00,0.0150
3107.00,0.0150
3106.00,0.0151
3105.00,0.0152
3104.00,0.0152
3103.00,0.0152
3102.00,0.0153
3101.00,0.0153
3100.00,0.0154
3099.00,0.0154
3098.00,0.0154
3097.00,0.0155
3096.00,0.0155
3095.00,0.0155
3094.00,0.0156
3093.00,0.0156
3092.00,0.0157
3091.00,0.0157
3090.00,0.0158
3089.00,0.0158
3088.00,0.0159
3087.00,0.0159
3086.00,0.0160
3085.00,0.0161
3084.00,0.0162
3083.00,0.0163
3082.00,0.0164
3081.00,0.0165
3080.00,0.0167
3079.00,0.0169
3078.00,0.0171
3077.00,0.0174
3076.00,0.0176
3075.00,0.0178
3074.00,0.0180
3073.00,0.0181
3072.00,0.0181
3071.00,0.0181
3070.00,0.0180
3069.00,0.0179
3068.00,0.0178
3067.00,0.0177
3066.00,0.0175
3065.00,0.0174
3064.00,0.0172
3063.00,0.0170
3062.00,0.0168
3061.00,0.0167
3060.00,0.0165
3059.00,0.0164
3058.00,0.0163
3057.00,0.0161
3056.00,0.0160
3055.00,0.0159
3054.00,0.0158
3053.00,0.0157
3052.00,0.0157
3051.00,0.0156
3050.00,0.0156
3049.00,0.0155
3048.00,0.0155
3047.00,0.0154
3046.00,0.0154
3045.00,0.0154
3044.00,0.0154
3043.00,0.0155
3042.00,0.0155
3041.00,0.0155
3040.00,0.0156
3039.00,0.0156
3038.00,0.0156
3037.00,0.0157
3036.00,0.0157
3035.00,0.0157
3034.00,0.0157
3033.00,0.0157
3032.00,0.0157
3031.00,0.0157
3030.00,0.0156
3029.00,0.0156
3028.00,0.0155
3027.00,0.0154
3026.00,0.0153
3025.00,0.0152
3024.00,0.0151
3023.00,0.0149
3022.00,0.0148
3021.00,0.0148
3020.00,0.0149
3019.00,0.0153
3018.00,0.0159
3017.00,0.0166
3016.00,0.0170
3015.00,0.0170
3014.00,0.0165
3013.00,0.0159
3012.00,0.0153
3011.00,0.0150
3010.00,0.0149
3009.00,0.0149
3008.00,0.0150
3007.00,0.0151
3006.00,0.0152
3005.00,0.0153
3004.00,0.0154
3003.00,0.0155
3002.00,0.0156
3001.00,0.0157
3000.00,0.0158
2999.00,0.0159
2998.00,0.0161
2997.00,0.0162
2996.00,0.0164
2995.00,0.0165
2994.00,0.0167
2993.00,0.0169
2992.00,0.0171
2991.00,0.0173
2990.00,0.0175
2989.00,0.0176
2988.00,0.0178
2987.00,0.0179
2986.00,0.0180
2985.00,0.0182
2984.00,0.0183
2983.00,0.0185
2982.00,0.0187
2981.00,0.0190
2980.00,0.0195
2979.00,0.0203
2978.00,0.0214
2977.00,0.0227
2976.00,0.0238
2975.00,0.0244
2974.00,0.0242
2973.00,0.0236
2972.00,0.0230
2971.00,0.0227
2970.00,0.0227
2969.00,0.0230
2968.00,0.0233
2967.00,0.0237
2966.00,0.0241
2965.00,0.0246
2964.00,0.0252
2963.00,0.0258
2962.00,0.0265
2961.00,0.0272
2960.00,0.0278
2959.00,0.0284
2958.00,0.0289
2957.00,0.0293
2956.00,0.0296
2955.00,0.0297
2954.00,0.0298
2953.00,0.0297
2952.00,0.0296
2951.00,0.0292
2950.00,0.0288
2949.00,0.0284
2948.00,0.0279
2947.00,0.0276
2946.00,0.0275
2945.00,0.0276
2944.00,0.0279
2943.00,0.0283
2942.00,0.0289
2941.00,0.0295
2940.00,0.0303
2939.00,0.0311
2938.00,0.0319
2937.00,0.0329
2936.00,0.0339
2935.00,0.0350
2934.00,0.0362
2933.00,0.0375
2932.00,0.0389
2931.00,0.0403
2930.00,0.0417
2929.00,0.0430
2928.00,0.0441
2927.00,0.0450
2926.00,0.0455
2925.00,0.0458
2924.00,0.0458
2923.00,0.0456
2922.00,0.0453
2921.00,0.0447
2920.00,0.0441
2919.00,0.0434
2918.00,0.0426
2917.00,0.0417
2916.00,0.0408
2915.00,0.0399
2914.00,0.0388
2913.00,0.0377
2912.00,0.0366
2911.00,0.0354
2910.00,0.0343
2909.00,0.0332
2908.00,0.0321
2907.00,0.0311
2906.00,0.0301
2905.00,0.0293
2904.00,0.0286
2903.00,0.0280
2902.00,0.0274
2901.00,0.0269
2900.00,0.0264
2899.00,0.0259
2898.00,0.0254
2897.00,0.0250
2896.00,0.0245
2895.00,0.0241
2894.00,0.0238
2893.00,0.0234
2892.00,0.0231
2891.00,0.0229
2890.00,0.0227
2889.00,0.0225
2888.00,0.0224
2887.00,0.0223
2886.00,0.0222
2885.00,0.0221
2884.00,0.0220
2883.00,0.0219
2882.00,0.0219
2881.00,0.0220
2880.00,0.0220
2879.00,0.0222
2878.00,0.0224
2877.00,0.0227
2876.00,0.0231
2875.00,0.0235
2874.00,0.0240
2873.00,0.0244
2872.00,0.0248
2871.00,0.0250
2870.00,0.0250
2869.00,0.0248
2868.00,0.0244
2867.00,0.0241
2866.00,0.0239
2865.00,0.0240
2864.00,0.0243
2863.00,0.0248
2862.00,0.0255
2861.00,0.0264
2860.00,0.0274
2859.00,0.0283
2858.00,0.0290
2857.00,0.0295
2856.00,0.0297
2855.00,0.0294
2854.00,0.0289
2853.00,0.0281
2852.00,0.0272
2851.00,0.0261
2850.00,0.0250
2849.00,0.0240
2848.00,0.0230
2847.00,0.0221
2846.00,0.0213
2845.00,0.0206
2844.00,0.0200
2843.00,0.0195
2842.00,0.0191
2841.00,0.0187
2840.00,0.0183
2839.00,0.0180
2838.00,0.0179
2837.00,0.0179
2836.00,0.0180
2835.00,0.0181
2834.00,0.0182
2833.00,0.0183
2832.00,0.0183
2831.00,0.0181
2830.00,0.0178
2829.00,0.0174
2828.00,0.0168
2827.00,0.0162
2826.00,0.0156
2825.00,0.0150
2824.00,0.0144
2823.00,0.0140
2822.00,0.0136
2821.00,0.0133
2820.00,0.0130
2819.00,0.0127
2818.00,0.0125
2817.00,0.0124
2816.00,0.0122
2815.00,0.0121
2814.00,0.0120
2813.00,0.0119
2812.00,0.0118
2811.00,0.0117
2810.00,0.0116
2809.00,0.0115
2808.00,0.0114
2807.00,0.0114
2806.00,0.0113
2805.00,0.0112
2804.00,0.0112
2803.00,0.0111
2802.00,0.0111
2801.00,0.0110
2800.00,0.0110
2799.00,0.0109
2798.00,0.0109
2797.00,0.0108
2796.00,0.0108
2795.00,0.0108
2794.00,0.0107
2793.00,0.0107
2792.00,0.0107
2791.00,0.0107
2790.00,0.0107
2789.00,0.0106
2788.00,0.0106
2787.00,0.0106
2786.00,0.0106
2785.00,0.0106
2784.00,0.0106
2783.00,0.0106
2782.00,0.0106
2781.00,0.0106
2780.00,0.0106
2779.00,0.0106
2778.00,0.0106
2777.00,0.0107
2776.00,0.0107
2775.00,0.0107
2774.00,0.0107
2773.00,0.0107
2772.00,0.0107
2771.00,0.0107
2770.00,0.0107
2769.00,0.0107
2768.00,0.0107
2767.00,0.0107
2766.00,0.0107
2765.00,0.0108
2764.00,0.0108
2763.00,0.0108
2762.00,0.0108
2761.00,0.0108
2760.00,0.0108
2759.00,0.0108
2758.00,0.0108
2757.00,0.0108
2756.00,0.0108
2755.00,0.0108
2754.00,0.0108
2753.00,0.0108
2752.00,0.0108
2751.00,0.0108
2750.00,0.0108
2749.00,0.0107
2748.00,0.0107
2747.00,0.0107
2746.00,0.0107
2745.00,0.0108
2744.00,0.0108
2743.00,0.0108
2742.00,0.0108
2741.00,0.0108
2740.00,0.0108
2739.00,0.0108
2738.00,0.0109
2737.00,0.0109
2736.00,0.0109
2735.00,0.0110
2734.00,0.0110
2733.00,0.0111
2732.00,0.0111
2731.00,0.0112
2730.00,0.0112
2729.00,0.0112
2728.00,0.0112
2727.00,0.0112
2726.00,0.0112
2725.00,0.0112
2724.00,0.0111
2723.00,0.0111
2722.00,0.0111
2721.00,0.0111
2720.00,0.0111
2719.00,0.0110
2718.00,0.0110
2717.00,0.0110
2716.00,0.0110
2715.00,0.0110
2714.00,0.0110
2713.00,0.0110
2712.00,0.0110
2711.00,0.0110
2710.00,0.0110
2709.00,0.0110
2708.00,0.0110
2707.00,0.0110
2706.00,0.0110
2705.00,0.0110
2704.00,0.0110
2703.00,0.0110
2702.00,0.0110
2701.00,0.0111
2700.00,0.0111
2699.00,0.0111
2698.00,0.0111
2697.00,0.0111
2696.00,0.0111
2695.00,0.0111
2694.00,0.0111
2693.00,0.0112
2692.00,0.0112
2691.00,0.0112
2690.00,0.0112
2689.00,0.0112
2688.00,0.0112
2687.00,0.0112
2686.00,0.0112
2685.00,0.0112
2684.00,0.0112
2683.00,0.0112
2682.00,0.0112
2681.00,0.0112
2680.00,0.0112
2679.00,0.0112
2678.00,0.0112
2677.00,0.0112
2676.00,0.0112
2675.00,0.0112
2674.00,0.0112
2673.00,0.0112
2672.00,0.0112
2671.00,0.0112
2670.00,0.0112
2669.00,0.0112
2668.00,0.0113
2667.00,0.0113
2666.00,0.0114
2665.00,0.0114
2664.00,0.0114
2663.00,0.0115
2662.00,0.0115
2661.00,0.0115
2660.00,0.0115
2659.00,0.0115
2658.00,0.0115
2657.00,0.0114
2656.00,0.0114
2655.00,0.0114
2654.00,0.0114
2653.00,0.0113
2652.00,0.0113
2651.00,0.0113
2650.00,0.0113
2649.00,0.0113
2648.00,0.0112
2647.00,0.0112
2646.00,0.0112
2645.00,0.0112
2644.00,0.0112
2643.00,0.0111
2642.00,0.0111
2641.00,0.0111
2640.00,0.0111
2639.00,0.0111
2638.00,0.0111
2637.00,0.0110
2636.00,0.0110
2635.00,0.0110
2634.00,0.0110
2633.00,0.0110
2632.00,0.0110
2631.00,0.0110
2630.00,0.0109
2629.00,0.0109
2628.00,0.0109
2627.00,0.0109
2626.00,0.0109
2625.00,0.0109
2624.00,0.0109
2623.00,0.0108
2622.00,0.0108
2621.00,0.0108
2620.00,0.0108
2619.00,0.0108
2618.00,0.0107
2617.00,0.0107
2616.00,0.0107
2615.00,0.0107
2614.00,0.0106
2613.00,0.0106
2612.00,0.0106
2611.00,0.0106
2610.00,0.0106
2609.00,0.0106
2608.00,0.0106
2607.00,0.0105
2606.00,0.0105
2605.00,0.0105
2604.00,0.0104
2603.00,0.0104
2602.00,0.0103
2601.00,0.0103
2600.00,0.0103
2599.00,0.0102
2598.00,0.0102
2597.00,0.0102
2596.00,0.0101
2595.00,0.0101
2594.00,0.0101
2593.00,0.0101
2592.00,0.0100
2591.00,0.0100
2590.00,0.0100
2589.00,0.0099
2588.00,0.0099
2587.00,0.0099
2586.00,0.0099
2585.00,0.0099
2584.00,0.0098
2583.00,0.0098
2582.00,0.0098
2581.00,0.0098
2580.00,0.0098
2579.00,0.0098
2578.00,0.0098
2577.00,0.0097
2576.00,0.0097
2575.00,0.0097
2574.00,0.0097
2573.00,0.0097
2572.00,0.0097
2571.00,0.0097
2570.00,0.0097
2569.00,0.0097
2568.00,0.0097
2567.00,0.0097
2566.00,0.0097
2565.00,0.0097
2564.00,0.0097
2563.00,0.0098
2562.00,0.0098
2561.00,0.0098
2560.00,0.0098
2559.00,0.0098
2558.00,0.0098
2557.00,0.0098
2556.00,0.0098
2555.00,0.0098
2554.00,0.0098
2553.00,0.0098
2552.00,0.0098
2551.00,0.0098
2550.00,0.0098
2549.00,0.0097
2548.00,0.0097
2547.00,0.0097
2546.00,0.0096
2545.00,0.0096
2544.00,0.0096
2543.00,0.0096
2542.00,0.0095
2541.00,0.0095
2540.00,0.0095
2539.00,0.0094
2538.00,0.0094
2537.00,0.0093
2536.00,0.0093
2535.00,0.0093
2534.00,0.0092
2533.00,0.0092
2532.00,0.0092
2531.00,0.0092
2530.00,0.0092
2529.00,0.0092
2528.00,0.0091
2527.00,0.0091
2526.00,0.0092
2525.00,0.0092
2524.00,0.0092
2523.00,0.0092
2522.00,0.0091
2521.00,0.0091
2520.00,0.0090
2519.00,0.0090
2518.00,0.0090
2517.00,0.0090
2516.00,0.0090
2515.00,0.0090
2514.00,0.0089
2513.00,0.0089
2512.00,0.0089
2511.00,0.0089
2510.00,0.0089
2509.00,0.0089
2508.00,0.0088
2507.00,0.0088
2506.00,0.0087
2505.00,0.0087
2504.00,0.0086
2503.00,0.0086
2502.00,0.0086
2501.00,0.0086
2500.00,0.0086
2499.00,0.0086
2498.00,0.0086
2497.00,0.0086
2496.00,0.0086
2495.00,0.0086
2494.00,0.0086
2493.00,0.0085
2492.00,0.0085
2491.00,0.0085
2490.00,0.0085
2489.00,0.0085
2488.00,0.0085
2487.00,0.0085
2486.00,0.0085
2485.00,0.0085
2484.00,0.0085
2483.00,0.0085
2482.00,0.0085
2481.00,0.0085
2480.00,0.0084
2479.00,0.0084
2478.00,0.0084
2477.00,0.0084
2476.00,0.0084
2475.00,0.0083
2474.00,0.0083
2473.00,0.0083
2472.00,0.0083
2471.00,0.0084
2470.00,0.0084
2469.00,0.0084
2468.00,0.0083
2467.00,0.0083
2466.00,0.0083
2465.00,0.0083
2464.00,0.0083
2463.00,0.0083
2462.00,0.0084
2461.00,0.0084
2460.00,0.0084
2459.00,0.0084
2458.00,0.0084
2457.00,0.0084
2456.00,0.0085
2455.00,0.0085
2454.00,0.0085
2453.00,0.0086
2452.00,0.0086
2451.00,0.0086
2450.00,0.0086
2449.00,0.0086
2448.00,0.0085
2447.00,0.0085
2446.00,0.0085
2445.00,0.0085
2444.00,0.0085
2443.00,0.0084
2442.00,0.0084
2441.00,0.0084
2440.00,0.0084
2439.00,0.0084
2438.00,0.0084
2437.00,0.0083
2436.00,0.0083
2435.00,0.0083
2434.00,0.0083
2433.00,0.0083
2432.00,0.0083
2431.00,0.0083
2430.00,0.0083
2429.00,0.0083
2428.00,0.0083
2427.00,0.0083
2426.00,0.0083
2425.00,0.0083
2424.00,0.0083
2423.00,0.0083
2422.00,0.0082
2421.00,0.0082
2420.00,0.0082
2419.00,0.0082
2418.00,0.0082
2417.00,0.0082
2416.00,0.0082
2415.00,0.0082
2414.00,0.0082
2413.00,0.0082
2412.00,0.0082
2411.00,0.0081
2410.00,0.0081
2409.00,0.0080
2408.00,0.0079
2407.00,0.0079
2406.00,0.0078
2405.00,0.0078
2404.00,0.0078
2403.00,0.0077
2402.00,0.0077
2401.00,0.0077
2400.00,0.0076
2399.00,0.0076
2398.00,0.0076
2397.00,0.0075
2396.00,0.0075
2395.00,0.0074
2394.00,0.0074
2393.00,0.0074
2392.00,0.0073
2391.00,0.0073
2390.00,0.0073
2389.00,0.0072
2388.00,0.0072
2387.00,0.0072
2386.00,0.0071
2385.00,0.0071
2384.00,0.0070
2383.00,0.0069
2382.00,0.0069
2381.00,0.0068
2380.00,0.0067
2379.00,0.0067
2378.00,0.0066
2377.00,0.0066
2376.00,0.0066
2375.00,0.0065
2374.00,0.0065
2373.00,0.0064
2372.00,0.0064
2371.00,0.0064
2370.00,0.0063
2369.00,0.0063
2368.00,0.0063
2367.00,0.0063
2366.00,0.0062
2365.00,0.0062
2364.00,0.0061
2363.00,0.0061
2362.00,0.0060
2361.00,0.0059
2360.00,0.0058
2359.00,0.0057
2358.00,0.0057
2357.00,0.0058
2356.00,0.0058
2355.00,0.0057
2354.00,0.0057
2353.00,0.0057
2352.00,0.0056
2351.00,0.0056
2350.00,0.0056
2349.00,0.0056
2348.00,0.0056
2347.00,0.0055
2346.00,0.0055
2345.00,0.0056
2344.00,0.0056
2343.00,0.0055
2342.00,0.0055
2341.00,0.0054
2340.00,0.0053
2339.00,0.0052
2338.00,0.0051
2337.00,0.0051
2336.00,0.0051
2335.00,0.0050
2334.00,0.0050
2333.00,0.0049
2332.00,0.0049
2331.00,0.0050
2330.00,0.0050
2329.00,0.0052
2328.00,0.0056
2327.00,0.0059
2326.00,0.0061
2325.00,0.0062
2324.00,0.0060
2323.00,0.0057
2322.00,0.0054
2321.00,0.0053
2320.00,0.0052
2319.00,0.0051
2318.00,0.0051
2317.00,0.0051
2316.00,0.0051
2315.00,0.0051
2314.00,0.0051
2313.00,0.0050
2312.00,0.0050
2311.00,0.0050
2310.00,0.0050
2309.00,0.0050
2308.00,0.0050
2307.00,0.0050
2306.00,0.0050
2305.00,0.0050
2304.00,0.0050
2303.00,0.0050
2302.00,0.0050
2301.00,0.0050
2300.00,0.0050
2299.00,0.0050
2298.00,0.0051
2297.00,0.0051
2296.00,0.0051
2295.00,0.0052
2294.00,0.0052
2293.00,0.0053
2292.00,0.0054
2291.00,0.0054
2290.00,0.0054
2289.00,0.0054
2288.00,0.0054
2287.00,0.0054
2286.00,0.0053
2285.00,0.0052
2284.00,0.0051
2283.00,0.0050
2282.00,0.0049
2281.00,0.0049
2280.00,0.0048
2279.00,0.0048
2278.00,0.0048
2277.00,0.0048
2276.00,0.0048
2275.00,0.0048
2274.00,0.0047
2273.00,0.0047
2272.00,0.0046
2271.00,0.0046
2270.00,0.0045
2269.00,0.0044
2268.00,0.0043
2267.00,0.0043
2266.00,0.0042
2265.00,0.0042
2264.00,0.0042
2263.00,0.0042
2262.00,0.0042
2261.00,0.0042
2260.00,0.0042
2259.00,0.0042
2258.00,0.0042
2257.00,0.0041
2256.00,0.0040
2255.00,0.0040
2254.00,0.0039
2253.00,0.0039
2252.00,0.0039
2251.00,0.0040
2250.00,0.0040
2249.00,0.0040
2248.00,0.0040
2247.00,0.0040
2246.00,0.0040
2245.00,0.0039
2244.00,0.0039
2243.00,0.0039
2242.00,0.0039
2241.00,0.0038
2240.00,0.0038
2239.00,0.0038
2238.00,0.0038
2237.00,0.0037
2236.00,0.0037
2235.00,0.0036
2234.00,0.0036
2233.00,0.0037
2232.00,0.0037
2231.00,0.0036
2230.00,0.0036
2229.00,0.0035
2228.00,0.0035
2227.00,0.0035
2226.00,0.0036
2225.00,0.0036
2224.00,0.0036
2223.00,0.0036
2222.00,0.0036
2221.00,0.0036
2220.00,0.0036
2219.00,0.0035
2218.00,0.0035
2217.00,0.0034
2216.00,0.0035
2215.00,0.0035
2214.00,0.0034
2213.00,0.0034
2212.00,0.0033
2211.00,0.0032
2210.00,0.0032
2209.00,0.0032
2208.00,0.0032
2207.00,0.0032
2206.00,0.0032
2205.00,0.0032
2204.00,0.0033
2203.00,0.0033
2202.00,0.0033
2201.00,0.0033
2200.00,0.0032
2199.00,0.0032
2198.00,0.0032
2197.00,0.0032
2196.00,0.0032
2195.00,0.0032
2194.00,0.0032
2193.00,0.0033
2192.00,0.0034
2191.00,0.0036
2190.00,0.0036
2189.00,0.0037
2188.00,0.0036
2187.00,0.0036
2186.00,0.0034
2185.00,0.0032
2184.00,0.0030
2183.00,0.0028
2182.00,0.0027
2181.00,0.0027
2180.00,0.0028
2179.00,0.0029
2178.00,0.0028
2177.00,0.0026
2176.00,0.0025
2175.00,0.0024
2174.00,0.0025
2173.00,0.0026
2172.00,0.0029
2171.00,0.0031
2170.00,0.0033
2169.00,0.0035
2168.00,0.0035
2167.00,0.0035
2166.00,0.0035
2165.00,0.0037
2164.00,0.0038
2163.00,0.0037
2162.00,0.0032
2161.00,0.0022
2160.00,0.0010
2159.00,0.0001
2158.00,-0.0004
2157.00,-0.0003
2156.00,-0.0001
2155.00,0.0003
2154.00,0.0005
2153.00,0.0007
2152.00,0.0008
2151.00,0.0009
2150.00,0.0009
2149.00,0.0009
2148.00,0.0009
2147.00,0.0009
2146.00,0.0009
2145.00,0.0009
2144.00,0.0009
2143.00,0.0009
2142.00,0.0009
2141.00,0.0009
2140.00,0.0009
2139.00,0.0008
2138.00,0.0007
2137.00,0.0005
2136.00,0.0004
2135.00,0.0003
2134.00,0.0002
2133.00,0.0003
2132.00,0.0004
2131.00,0.0005
2130.00,0.0007
2129.00,0.0008
2128.00,0.0010
2127.00,0.0011
2126.00,0.0012
2125.00,0.0013
2124.00,0.0014
2123.00,0.0014
2122.00,0.0015
2121.00,0.0015
2120.00,0.0015
2119.00,0.0016
2118.00,0.0017
2117.00,0.0018
2116.00,0.0019
2115.00,0.0019
2114.00,0.0019
2113.00,0.0018
2112.00,0.0018
2111.00,0.0018
2110.00,0.0018
2109.00,0.0018
2108.00,0.0018
2107.00,0.0018
2106.00,0.0017
2105.00,0.0018
2104.00,0.0018
2103.00,0.0018
2102.00,0.0018
2101.00,0.0018
2100.00,0.0017
2099.00,0.0017
2098.00,0.0016
2097.00,0.0015
2096.00,0.0014
2095.00,0.0013
2094.00,0.0013
2093.00,0.0014
2092.00,0.0015
2091.00,0.0016
2090.00,0.0016
2089.00,0.0017
2088.00,0.0017
2087.00,0.0018
2086.00,0.0018
2085.00,0.0018
2084.00,0.0018
2083.00,0.0018
2082.00,0.0018
2081.00,0.0018
2080.00,0.0019
2079.00,0.0019
2078.00,0.0019
2077.00,0.0019
2076.00,0.0019
2075.00,0.0019
2074.00,0.0018
2073.00,0.0017
2072.00,0.0016
2071.00,0.0016
2070.00,0.0016
2069.00,0.0015
2068.00,0.0015
2067.00,0.0015
2066.00,0.0015
2065.00,0.0015
2064.00,0.0015
2063.00,0.0015
2062.00,0.0015
2061.00,0.0014
2060.00,0.0014
2059.00,0.0014
2058.00,0.0014
2057.00,0.0014
2056.00,0.0015
2055.00,0.0015
2054.00,0.0018
2053.00,0.0022
2052.00,0.0026
2051.00,0.0026
2050.00,0.0024
2049.00,0.0021
2048.00,0.0018
2047.00,0.0017
2046.00,0.0017
2045.00,0.0017
2044.00,0.0017
2043.00,0.0017
2042.00,0.0017
2041.00,0.0018
2040.00,0.0018
2039.00,0.0018
2038.00,0.0018
2037.00,0.0017
2036.00,0.0016
2035.00,0.0015
2034.00,0.0014
2033.00,0.0013
2032.00,0.0013
2031.00,0.0013
2030.00,0.0011
2029.00,0.0010
2028.00,0.0009
2027.00,0.0009
2026.00,0.0009
2025.00,0.0008
2024.00,0.0009
2023.00,0.0009
2022.00,0.0010
2021.00,0.0011
2020.00,0.0010
2019.00,0.0009
2018.00,0.0008
2017.00,0.0008
2016.00,0.0010
2015.00,0.0011
2014.00,0.0012
2013.00,0.0012
2012.00,0.0012
2011.00,0.0012
2010.00,0.0012
2009.00,0.0011
2008.00,0.0008
2007.00,0.0006
2006.00,0.0004
2005.00,0.0003
2004.00,0.0004
2003.00,0.0006
2002.00,0.0008
2001.00,0.0010
2000.00,0.0011
1999.00,0.0013
1998.00,0.0014
1997.00,0.0014
1996.00,0.0015
1995.00,0.0015
1994.00,0.0015
1993.00,0.0015
1992.00,0.0016
1991.00,0.0017
1990.00,0.0018
1989.00,0.0019
1988.00,0.0019
1987.00,0.0020
1986.00,0.0020
1985.00,0.0022
1984.00,0.0024
1983.00,0.0027
1982.00,0.0029
1981.00,0.0029
1980.00,0.0026
1979.00,0.0020
1978.00,0.0014
1977.00,0.0011
1976.00,0.0009
1975.00,0.0009
1974.00,0.0008
1973.00,0.0008
1972.00,0.0008
1971.00,0.0008
1970.00,0.0008
1969.00,0.0008
1968.00,0.0008
1967.00,0.0008
1966.00,0.0008
1965.00,0.0008
1964.00,0.0008
1963.00,0.0008
1962.00,0.0007
1961.00,0.0007
1960.00,0.0006
1959.00,0.0006
1958.00,0.0006
1957.00,0.0007
1956.00,0.0008
1955.00,0.0008
1954.00,0.0008
1953.00,0.0008
1952.00,0.0008
1951.00,0.0008
1950.00,0.0008
1949.00,0.0009
1948.00,0.0009
1947.00,0.0010
1946.00,0.0010
1945.00,0.0010
1944.00,0.0010
1943.00,0.0010
1942.00,0.0010
1941.00,0.0011
1940.00,0.0010
1939.00,0.0010
1938.00,0.0009
1937.00,0.0009
1936.00,0.0010
1935.00,0.0009
1934.00,0.0009
1933.00,0.0008
1932.00,0.0008
1931.00,0.0008
1930.00,0.0008
1929.00,0.0008
1928.00,0.0009
1927.00,0.0009
1926.00,0.0010
1925.00,0.0011
1924.00,0.0011
1923.00,0.0012
1922.00,0.0012
1921.00,0.0012
1920.00,0.0012
1919.00,0.0012
1918.00,0.0012
1917.00,0.0012
1916.00,0.0012
1915.00,0.0011
1914.00,0.0011
1913.00,0.0011
1912.00,0.0011
1911.00,0.0011
1910.00,0.0011
1909.00,0.0011
1908.00,0.0011
1907.00,0.0011
1906.00,0.0011
1905.00,0.0011
1904.00,0.0012
1903.00,0.0012
1902.00,0.0012
1901.00,0.0011
1900.00,0.0011
1899.00,0.0011
1898.00,0.0011
1897.00,0.0011
1896.00,0.0011
1895.00,0.0011
1894.00,0.0011
1893.00,0.0011
1892.00,0.0012
1891.00,0.0012
1890.00,0.0012
1889.00,0.0012
1888.00,0.0012
1887.00,0.0011
1886.00,0.0011
1885.00,0.0011
1884.00,0.0011
1883.00,0.0012
1882.00,0.0012
1881.00,0.0012
1880.00,0.0012
1879.00,0.0012
1878.00,0.0012
1877.00,0.0012
1876.00,0.0012
1875.00,0.0012
1874.00,0.0012
1873.00,0.0012
1872.00,0.0012
1871.00,0.0013
1870.00,0.0013
1869.00,0.0014
1868.00,0.0014
1867.00,0.0014
1866.00,0.0014
1865.00,0.0013
1864.00,0.0013
1863.00,0.0013
1862.00,0.0013
1861.00,0.0013
1860.00,0.0013
1859.00,0.0013
1858.00,0.0013
1857.00,0.0013
1856.00,0.0013
1855.00,0.0013
1854.00,0.0013
1853.00,0.0013
1852.00,0.0013
1851.00,0.0013
1850.00,0.0013
1849.00,0.0014
1848.00,0.0014
1847.00,0.0013
1846.00,0.0013
1845.00,0.0014
1844.00,0.0014
1843.00,0.0015
1842.00,0.0015
1841.00,0.0015
1840.00,0.0015
1839.00,0.0015
1838.00,0.0015
1837.00,0.0014
1836.00,0.0014
1835.00,0.0014
1834.00,0.0014
1833.00,0.0014
1832.00,0.0014
1831.00,0.0015
1830.00,0.0015
1829.00,0.0015
1828.00,0.0016
1827.00,0.0016
1826.00,0.0016
1825.00,0.0016
1824.00,0.0017
1823.00,0.0017
1822.00,0.0016
1821.00,0.0016
1820.00,0.0015
1819.00,0.0015
1818.00,0.0014
1817.00,0.0014
1816.00,0.0014
1815.00,0.0014
1814.00,0.0015
1813.00,0.0015
1812.00,0.0016
1811.00,0.0017
1810.00,0.0017
1809.00,0.0017
1808.00,0.0018
1807.00,0.0018
1806.00,0.0018
1805.00,0.0018
1804.00,0.0018
1803.00,0.0019
1802.00,0.0020
1801.00,0.0020
1800.00,0.0021
1799.00,0.0021
1798.00,0.0021
1797.00,0.0021
1796.00,0.0021
1795.00,0.0021
1794.00,0.0021
1793.00,0.0021
1792.00,0.0022
1791.00,0.0023
1790.00,0.0024
1789.00,0.0024
1788.00,0.0025
1787.00,0.0026
1786.00,0.0026
1785.00,0.0027
1784.00,0.0027
1783.00,0.0026
1782.00,0.0026
1781.00,0.0026
1780.00,0.0026
1779.00,0.0026
1778.00,0.0026
1777.00,0.0026
1776.00,0.0027
1775.00,0.0027
1774.00,0.0027
1773.00,0.0028
1772.00,0.0028
1771.00,0.0028
1770.00,0.0028
1769.00,0.0028
1768.00,0.0029
1767.00,0.0028
1766.00,0.0028
1765.00,0.0028
1764.00,0.0028
1763.00,0.0029
1762.00,0.0029
1761.00,0.0029
1760.00,0.0030
1759.00,0.0030
1758.00,0.0030
1757.00,0.0031
1756.00,0.0032
1755.00,0.0033
1754.00,0.0033
1753.00,0.0034
1752.00,0.0036
1751.00,0.0037
1750.00,0.0038
1749.00,0.0039
1748.00,0.0040
1747.00,0.0041
1746.00,0.0041
1745.00,0.0042
1744.00,0.0042
1743.00,0.0043
1742.00,0.0043
1741.00,0.0043
1740.00,0.0044
1739.00,0.0045
1738.00,0.0046
1737.00,0.0046
1736.00,0.0047
1735.00,0.0048
1734.00,0.0049
1733.00,0.0050
1732.00,0.0050
1731.00,0.0051
1730.00,0.0051
1729.00,0.0052
1728.00,0.0052
1727.00,0.0053
1726.00,0.0053
1725.00,0.0054
1724.00,0.0055
1723.00,0.0056
1722.00,0.0056
1721.00,0.0057
1720.00,0.0058
1719.00,0.0059
1718.00,0.0060
1717.00,0.0061
1716.00,0.0063
1715.00,0.0064
1714.00,0.0064
1713.00,0.0065
1712.00,0.0066
1711.00,0.0066
1710.00,0.0067
1709.00,0.0068
1708.00,0.0069
1707.00,0.0069
1706.00,0.0070
1705.00,0.0071
1704.00,0.0072
1703.00,0.0072
1702.00,0.0072
1701.00,0.0072
1700.00,0.0072
1699.00,0.0072
1698.00,0.0072
1697.00,0.0073
1696.00,0.0073
1695.00,0.0073
1694.00,0.0073
1693.00,0.0072
1692.00,0.0072
1691.00,0.0072
1690.00,0.0072
1689.00,0.0071
1688.00,0.0071
1687.00,0.0071
1686.00,0.0070
1685.00,0.0071
1684.00,0.0072
1683.00,0.0074
1682.00,0.0074
1681.00,0.0075
1680.00,0.0076
1679.00,0.0077
1678.00,0.0077
1677.00,0.0078
1676.00,0.0080
1675.00,0.0082
1674.00,0.0084
1673.00,0.0086
1672.00,0.0088
1671.00,0.0090
1670.00,0.0094
1669.00,0.0097
1668.00,0.0101
1667.00,0.0104
1666.00,0.0107
1665.00,0.0110
1664.00,0.0114
1663.00,0.0118
1662.00,0.0123
1661.00,0.0128
1660.00,0.0132
1659.00,0.0137
1658.00,0.0141
1657.00,0.0145
1656.00,0.0149
1655.00,0.0154
1654.00,0.0164
1653.00,0.0179
1652.00,0.0194
1651.00,0.0205
1650.00,0.0215
1649.00,0.0226
1648.00,0.0244
1647.00,0.0270
1646.00,0.0302
1645.00,0.0333
1644.00,0.0361
1643.00,0.0387
1642.00,0.0410
1641.00,0.0431
1640.00,0.0450
1639.00,0.0467
1638.00,0.0485
1637.00,0.0506
1636.00,0.0535
1635.00,0.0566
1634.00,0.0590
1633.00,0.0603
1632.00,0.0610
1631.00,0.0611
1630.00,0.0606
1629.00,0.0597
1628.00,0.0583
1627.00,0.0568
1626.00,0.0552
1625.00,0.0536
1624.00,0.0519
1623.00,0.0499
1622.00,0.0479
1621.00,0.0460
1620.00,0.0440
1619.00,0.0421
1618.00,0.0401
1617.00,0.0382
1616.00,0.0366
1615.00,0.0353
1614.00,0.0344
1613.00,0.0335
1612.00,0.0326
1611.00,0.0317
1610.00,0.0310
1609.00,0.0304
1608.00,0.0298
1607.00,0.0292
1606.00,0.0288
1605.00,0.0285
1604.00,0.0282
1603.00,0.0280
1602.00,0.0279
1601.00,0.0280
1600.00,0.0282
1599.00,0.0285
1598.00,0.0291
1597.00,0.0299
1596.00,0.0310
1595.00,0.0325
1594.00,0.0345
1593.00,0.0368
1592.00,0.0395
1591.00,0.0425
1590.00,0.0456
1589.00,0.0488
1588.00,0.0519
1587.00,0.0547
1586.00,0.0573
1585.00,0.0597
1584.00,0.0619
1583.00,0.0639
1582.00,0.0655
1581.00,0.0668
1580.00,0.0677
1579.00,0.0682
1578.00,0.0682
1577.00,0.0680
1576.00,0.0679
1575.00,0.0678
1574.00,0.0673
1573.00,0.0665
1572.00,0.0656
1571.00,0.0644
1570.00,0.0632
1569.00,0.0621
1568.00,0.0610
1567.00,0.0598
1566.00,0.0584
1565.00,0.0569
1564.00,0.0555
1563.00,0.0540
1562.00,0.0526
1561.00,0.0509
1560.00,0.0490
1559.00,0.0471
1558.00,0.0456
1557.00,0.0443
1556.00,0.0431
1555.00,0.0417
1554.00,0.0403
1553.00,0.0390
1552.00,0.0378
1551.00,0.0367
1550.00,0.0356
1549.00,0.0345
1548.00,0.0335
1547.00,0.0325
1546.00,0.0316
1545.00,0.0307
1544.00,0.0299
1543.00,0.0291
1542.00,0.0284
1541.00,0.0277
1540.00,0.0271
1539.00,0.0266
1538.00,0.0262
1537.00,0.0258
1536.00,0.0254
1535.00,0.0251
1534.00,0.0249
1533.00,0.0248
1532.00,0.0248
1531.00,0.0248
1530.00,0.0250
1529.00,0.0252
1528.00,0.0256
1527.00,0.0259
1526.00,0.0262
1525.00,0.0264
1524.00,0.0263
1523.00,0.0261
1522.00,0.0257
1521.00,0.0252
1520.00,0.0247
1519.00,0.0241
1518.00,0.0234
1517.00,0.0227
1516.00,0.0221
1515.00,0.0215
1514.00,0.0209
1513.00,0.0203
1512.00,0.0197
1511.00,0.0191
1510.00,0.0186
1509.00,0.0181
1508.00,0.0176
1507.00,0.0171
1506.00,0.0167
1505.00,0.0162
1504.00,0.0159
1503.00,0.0156
1502.00,0.0153
1501.00,0.0150
1500.00,0.0147
1499.00,0.0144
1498.00,0.0142
1497.00,0.0141
1496.00,0.0140
1495.00,0.0139
1494.00,0.0137
1493.00,0.0136
1492.00,0.0135
1491.00,0.0133
1490.00,0.0132
1489.00,0.0132
1488.00,0.0132
1487.00,0.0132
1486.00,0.0132
1485.00,0.0132
1484.00,0.0134
1483.00,0.0136
1482.00,0.0139
1481.00,0.0144
1480.00,0.0149
1479.00,0.0155
1478.00,0.0161
1477.00,0.0169
1476.00,0.0176
1475.00,0.0183
1474.00,0.0191
1473.00,0.0202
1472.00,0.0217
1471.00,0.0233
1470.00,0.0249
1469.00,0.0261
1468.00,0.0270
1467.00,0.0274
1466.00,0.0274
1465.00,0.0274
1464.00,0.0277
1463.00,0.0284
1462.00,0.0293
1461.00,0.0306
1460.00,0.0320
1459.00,0.0338
1458.00,0.0362
1457.00,0.0392
1456.00,0.0423
1455.00,0.0448
1454.00,0.0473
1453.00,0.0501
1452.00,0.0533
1451.00,0.0568
1450.00,0.0602
1449.00,0.0637
1448.00,0.0669
1447.00,0.0697
1446.00,0.0719
1445.00,0.0735
1444.00,0.0746
1443.00,0.0749
1442.00,0.0745
1441.00,0.0735
1440.00,0.0721
1439.00,0.0702
1438.00,0.0682
1437.00,0.0662
1436.00,0.0645
1435.00,0.0629
1434.00,0.0614
1433.00,0.0598
1432.00,0.0580
1431.00,0.0560
1430.00,0.0538
1429.00,0.0515
1428.00,0.0492
1427.00,0.0471
1426.00,0.0451
1425.00,0.0433
1424.00,0.0417
1423.00,0.0404
1422.00,0.0393
1421.00,0.0385
1420.00,0.0378
1419.00,0.0375
1418.00,0.0374
1417.00,0.0375
1416.00,0.0377
1415.00,0.0383
1414.00,0.0390
1413.00,0.0396
1412.00,0.0398
1411.00,0.0394
1410.00,0.0390
1409.00,0.0388
1408.00,0.0389
1407.00,0.0392
1406.00,0.0396
1405.00,0.0400
1404.00,0.0404
1403.00,0.0406
1402.00,0.0408
1401.00,0.0408
1400.00,0.0407
1399.00,0.0404
1398.00,0.0401
1397.00,0.0396
1396.00,0.0390
1395.00,0.0382
1394.00,0.0375
1393.00,0.0368
1392.00,0.0361
1391.00,0.0354
1390.00,0.0349
1389.00,0.0344
1388.00,0.0342
1387.00,0.0341
1386.00,0.0343
1385.00,0.0348
1384.00,0.0355
1383.00,0.0367
1382.00,0.0384
1381.00,0.0405
1380.00,0.0429
1379.00,0.0451
1378.00,0.0470
1377.00,0.0482
1376.00,0.0486
1375.00,0.0482
1374.00,0.0472
1373.00,0.0460
1372.00,0.0449
1371.00,0.0441
1370.00,0.0436
1369.00,0.0434
1368.00,0.0433
1367.00,0.0430
1366.00,0.0424
1365.00,0.0416
1364.00,0.0407
1363.00,0.0398
1362.00,0.0390
1361.00,0.0385
1360.00,0.0381
1359.00,0.0379
1358.00,0.0381
1357.00,0.0384
1356.00,0.0391
1355.00,0.0400
1354.00,0.0410
1353.00,0.0421
1352.00,0.0429
1351.00,0.0436
1350.00,0.0440
1349.00,0.0440
1348.00,0.0436
1347.00,0.0427
1346.00,0.0417
1345.00,0.0406
1344.00,0.0396
1343.00,0.0388
1342.00,0.0383
1341.00,0.0380
1340.00,0.0381
1339.00,0.0384
1338.00,0.0388
1337.00,0.0392
1336.00,0.0395
1335.00,0.0394
1334.00,0.0388
1333.00,0.0380
1332.00,0.0370
1331.00,0.0361
1330.00,0.0356
1329.00,0.0355
1328.00,0.0359
1327.00,0.0368
1326.00,0.0381
1325.00,0.0397
1324.00,0.0418
1323.00,0.0440
1322.00,0.0463
1321.00,0.0485
1320.00,0.0502
1319.00,0.0510
1318.00,0.0509
1317.00,0.0498
1316.00,0.0481
1315.00,0.0461
1314.00,0.0442
1313.00,0.0425
1312.00,0.0410
1311.00,0.0398
1310.00,0.0388
1309.00,0.0382
1308.00,0.0380
1307.00,0.0382
1306.00,0.0385
1305.00,0.0387
1304.00,0.0387
1303.00,0.0383
1302.00,0.0378
1301.00,0.0372
1300.00,0.0369
1299.00,0.0369
1298.00,0.0372
1297.00,0.0376
1296.00,0.0379
1295.00,0.0381
1294.00,0.0383
1293.00,0.0387
1292.00,0.0393
1291.00,0.0401
1290.00,0.0411
1289.00,0.0422
1288.00,0.0432
1287.00,0.0443
1286.00,0.0454
1285.00,0.0466
1284.00,0.0478
1283.00,0.0491
1282.00,0.0503
1281.00,0.0510
1280.00,0.0511
1279.00,0.0504
1278.00,0.0489
1277.00,0.0469
1276.00,0.0445
1275.00,0.0419
1274.00,0.0394
1273.00,0.0371
1272.00,0.0349
1271.00,0.0330
1270.00,0.0313
1269.00,0.0298
1268.00,0.0285
1267.00,0.0274
1266.00,0.0264
1265.00,0.0255
1264.00,0.0248
1263.00,0.0242
1262.00,0.0238
1261.00,0.0236
1260.00,0.0236
1259.00,0.0238
1258.00,0.0244
1257.00,0.0254
1256.00,0.0266
1255.00,0.0279
1254.00,0.0293
1253.00,0.0305
1252.00,0.0315
1251.00,0.0322
1250.00,0.0330
1249.00,0.0341
1248.00,0.0357
1247.00,0.0376
1246.00,0.0395
1245.00,0.0412
1244.00,0.0422
1243.00,0.0426
1242.00,0.0423
1241.00,0.0415
1240.00,0.0404
1239.00,0.0393
1238.00,0.0380
1237.00,0.0368
1236.00,0.0355
1235.00,0.0344
1234.00,0.0334
1233.00,0.0329
1232.00,0.0327
1231.00,0.0329
1230.00,0.0334
1229.00,0.0340
1228.00,0.0345
1227.00,0.0347
1226.00,0.0347
1225.00,0.0346
1224.00,0.0345
1223.00,0.0348
1222.00,0.0355
1221.00,0.0367
1220.00,0.0382
1219.00,0.0399
1218.00,0.0415
1217.00,0.0425
1216.00,0.0430
1215.00,0.0428
1214.00,0.0422
1213.00,0.0412
1212.00,0.0404
1211.00,0.0400
1210.00,0.0405
1209.00,0.0420
1208.00,0.0443
1207.00,0.0468
1206.00,0.0486
1205.00,0.0490
1204.00,0.0477
1203.00,0.0451
1202.00,0.0418
1201.00,0.0382
1200.00,0.0349
1199.00,0.0320
1198.00,0.0295
1197.00,0.0276
1196.00,0.0260
1195.00,0.0249
1194.00,0.0243
1193.00,0.0239
1192.00,0.0239
1191.00,0.0240
1190.00,0.0241
1189.00,0.0242
1188.00,0.0243
1187.00,0.0242
1186.00,0.0242
1185.00,0.0241
1184.00,0.0241
1183.00,0.0242
1182.00,0.0245
1181.00,0.0251
1180.00,0.0261
1179.00,0.0276
1178.00,0.0295
1177.00,0.0318
1176.00,0.0344
1175.00,0.0373
1174.00,0.0404
1173.00,0.0434
1172.00,0.0456
1171.00,0.0463
1170.00,0.0453
1169.00,0.0429
1168.00,0.0399
1167.00,0.0369
1166.00,0.0343
1165.00,0.0320
1164.00,0.0299
1163.00,0.0282
1162.00,0.0268
1161.00,0.0257
1160.00,0.0250
1159.00,0.0247
1158.00,0.0246
1157.00,0.0247
1156.00,0.0252
1155.00,0.0262
1154.00,0.0279
1153.00,0.0306
1152.00,0.0342
1151.00,0.0384
1150.00,0.0426
1149.00,0.0456
1148.00,0.0471
1147.00,0.0470
1146.00,0.0459
1145.00,0.0449
1144.00,0.0444
1143.00,0.0451
1142.00,0.0467
1141.00,0.0485
1140.00,0.0498
1139.00,0.0500
1138.00,0.0491
1137.00,0.0476
1136.00,0.0461
1135.00,0.0446
1134.00,0.0428
1133.00,0.0409
1132.00,0.0389
1131.00,0.0369
1130.00,0.0351
1129.00,0.0334
1128.00,0.0317
1127.00,0.0300
1126.00,0.0283
1125.00,0.0266
1124.00,0.0250
1123.00,0.0234
1122.00,0.0220
1121.00,0.0208
1120.00,0.0197
1119.00,0.0188
1118.00,0.0181
1117.00,0.0175
1116.00,0.0170
1115.00,0.0167
1114.00,0.0165
1113.00,0.0164
1112.00,0.0163
1111.00,0.0164
1110.00,0.0166
1109.00,0.0168
1108.00,0.0171
1107.00,0.0175
1106.00,0.0178
1105.00,0.0183
1104.00,0.0188
1103.00,0.0195
1102.00,0.0203
1101.00,0.0210
1100.00,0.0215
1099.00,0.0216
1098.00,0.0213
1097.00,0.0207
1096.00,0.0199
1095.00,0.0191
1094.00,0.0184
1093.00,0.0179
1092.00,0.0176
1091.00,0.0173
1090.00,0.0171
1089.00,0.0170
1088.00,0.0171
1087.00,0.0173
1086.00,0.0176
1085.00,0.0178
1084.00,0.0180
1083.00,0.0181
1082.00,0.0182
1081.00,0.0182
1080.00,0.0180
1079.00,0.0177
1078.00,0.0172
1077.00,0.0166
1076.00,0.0160
1075.00,0.0154
1074.00,0.0150
1073.00,0.0147
1072.00,0.0145
1071.00,0.0143
1070.00,0.0143
1069.00,0.0143
1068.00,0.0145
1067.00,0.0148
1066.00,0.0152
1065.00,0.0158
1064.00,0.0167
1063.00,0.0178
1062.00,0.0193
1061.00,0.0211
1060.00,0.0232
1059.00,0.0259
1058.00,0.0291
1057.00,0.0329
1056.00,0.0371
1055.00,0.0410
1054.00,0.0438
1053.00,0.0447
1052.00,0.0438
1051.00,0.0415
1050.00,0.0386
1049.00,0.0358
1048.00,0.0334
1047.00,0.0317
1046.00,0.0306
1045.00,0.0302
1044.00,0.0304
1043.00,0.0311
1042.00,0.0323
1041.00,0.0339
1040.00,0.0360
1039.00,0.0387
1038.00,0.0419
1037.00,0.0455
1036.00,0.0494
1035.00,0.0530
1034.00,0.0560
1033.00,0.0580
1032.00,0.0587
1031.00,0.0582
1030.00,0.0565
1029.00,0.0539
1028.00,0.0508
1027.00,0.0473
1026.00,0.0441
1025.00,0.0413
1024.00,0.0391
1023.00,0.0376
1022.00,0.0368
1021.00,0.0364
1020.00,0.0360
1019.00,0.0352
1018.00,0.0340
1017.00,0.0324
1016.00,0.0306
1015.00,0.0289
1014.00,0.0273
1013.00,0.0260
1012.00,0.0250
1011.00,0.0242
1010.00,0.0236
1009.00,0.0231
1008.00,0.0227
1007.00,0.0223
1006.00,0.0221
1005.00,0.0221
1004.00,0.0224
1003.00,0.0230
1002.00,0.0239
1001.00,0.0249
1000.00,0.0256
999.00,0.0258
998.00,0.0251
997.00,0.0238
996.00,0.0222
995.00,0.0207
994.00,0.0197
993.00,0.0191
992.00,0.0188
991.00,0.0189
990.00,0.0192
989.00,0.0197
988.00,0.0202
987.00,0.0208
986.00,0.0213
985.00,0.0215
984.00,0.0214
983.00,0.0210
982.00,0.0203
981.00,0.0195
980.00,0.0188
979.00,0.0183
978.00,0.0178
977.00,0.0174
976.00,0.0170
975.00,0.0168
974.00,0.0166
973.00,0.0166
972.00,0.0167
971.00,0.0168
970.00,0.0171
969.00,0.0174
968.00,0.0177
967.00,0.0182
966.00,0.0189
965.00,0.0197
964.00,0.0209
963.00,0.0221
962.00,0.0234
961.00,0.0243
960.00,0.0249
959.00,0.0250
958.00,0.0248
957.00,0.0244
956.00,0.0239
955.00,0.0234
954.00,0.0231
953.00,0.0228
952.00,0.0227
951.00,0.0225
950.00,0.0224
949.00,0.0223
948.00,0.0222
947.00,0.0222
946.00,0.0223
945.00,0.0224
944.00,0.0224
943.00,0.0221
942.00,0.0218
941.00,0.0215
940.00,0.0211
939.00,0.0208
938.00,0.0204
937.00,0.0199
936.00,0.0194
935.00,0.0191
934.00,0.0189
933.00,0.0189
932.00,0.0191
931.00,0.0193
930.00,0.0196
929.00,0.0200
928.00,0.0204
927.00,0.0207
926.00,0.0210
925.00,0.0212
924.00,0.0214
923.00,0.0216
922.00,0.0220
921.00,0.0226
920.00,0.0233
919.00,0.0241
918.00,0.0248
917.00,0.0256
916.00,0.0263
915.00,0.0268
914.00,0.0269
913.00,0.0265
912.00,0.0255
911.00,0.0243
910.00,0.0232
909.00,0.0224
908.00,0.0223
907.00,0.0227
906.00,0.0236
905.00,0.0251
904.00,0.0267
903.00,0.0283
902.00,0.0297
901.00,0.0309
900.00,0.0318
899.00,0.0325
898.00,0.0331
897.00,0.0333
896.00,0.0335
895.00,0.0338
894.00,0.0350
893.00,0.0376
892.00,0.0418
891.00,0.0466
890.00,0.0502
889.00,0.0517
888.00,0.0513
887.00,0.0507
886.00,0.0513
885.00,0.0529
884.00,0.0540
883.00,0.0529
882.00,0.0494
881.00,0.0447
880.00,0.0399
879.00,0.0361
878.00,0.0332
877.00,0.0312
876.00,0.0297
875.00,0.0287
874.00,0.0280
873.00,0.0278
872.00,0.0280
871.00,0.0285
870.00,0.0292
869.00,0.0300
868.00,0.0309
867.00,0.0321
866.00,0.0339
865.00,0.0364
864.00,0.0397
863.00,0.0430
862.00,0.0458
861.00,0.0475
860.00,0.0480
859.00,0.0480
858.00,0.0478
857.00,0.0479
856.00,0.0480
855.00,0.0479
854.00,0.0473
853.00,0.0464
852.00,0.0454
851.00,0.0445
850.00,0.0437
849.00,0.0432
848.00,0.0427
847.00,0.0425
846.00,0.0425
845.00,0.0427
844.00,0.0429
843.00,0.0428
842.00,0.0427
841.00,0.0425
840.00,0.0425
839.00,0.0426
838.00,0.0423
837.00,0.0414
836.00,0.0401
835.00,0.0386
834.00,0.0373
833.00,0.0364
832.00,0.0360
831.00,0.0360
830.00,0.0363
829.00,0.0367
828.00,0.0367
827.00,0.0361
826.00,0.0348
825.00,0.0330
824.00,0.0310
823.00,0.0291
822.00,0.0274
821.00,0.0260
820.00,0.0247
819.00,0.0236
818.00,0.0227
817.00,0.0219
816.00,0.0214
815.00,0.0211
814.00,0.0210
813.00,0.0210
812.00,0.0211
811.00,0.0214
810.00,0.0220
809.00,0.0231
808.00,0.0249
807.00,0.0275
806.00,0.0305
805.00,0.0331
804.00,0.0347
803.00,0.0348
802.00,0.0340
801.00,0.0329
800.00,0.0322
799.00,0.0322
798.00,0.0328
797.00,0.0337
796.00,0.0345
795.00,0.0349
794.00,0.0346
793.00,0.0337
792.00,0.0323
791.00,0.0307
790.00,0.0292
789.00,0.0280
788.00,0.0271
787.00,0.0265
786.00,0.0259
785.00,0.0253
784.00,0.0247
783.00,0.0241
782.00,0.0234
781.00,0.0229
780.00,0.0225
779.00,0.0223
778.00,0.0222
777.00,0.0223
776.00,0.0224
775.00,0.0226
774.00,0.0229
773.00,0.0232
772.00,0.0236
771.00,0.0238
770.00,0.0240
769.00,0.0239
768.00,0.0237
767.00,0.0232
766.00,0.0228
765.00,0.0223
764.00,0.0218
763.00,0.0214
762.00,0.0210
761.00,0.0208
760.00,0.0206
759.00,0.0204
758.00,0.0203
757.00,0.0203
756.00,0.0204
755.00,0.0205
754.00,0.0206
753.00,0.0205
752.00,0.0201
751.00,0.0197
750.00,0.0192
749.00,0.0190
748.00,0.0188
747.00,0.0186
746.00,0.0184
745.00,0.0182
744.00,0.0181
743.00,0.0181
742.00,0.0182
741.00,0.0185
740.00,0.0189
739.00,0.0195
738.00,0.0203
737.00,0.0213
736.00,0.0225
735.00,0.0237
734.00,0.0249
733.00,0.0257
732.00,0.0259
731.00,0.0253
730.00,0.0242
729.00,0.0228
728.00,0.0216
727.00,0.0207
726.00,0.0201
725.00,0.0197
724.00,0.0194
723.00,0.0192
722.00,0.0189
721.00,0.0188
720.00,0.0187
719.00,0.0185
718.00,0.0184
717.00,0.0184
716.00,0.0183
715.00,0.0183
714.00,0.0183
713.00,0.0184
712.00,0.0184
711.00,0.0185
710.00,0.0185
709.00,0.0185
708.00,0.0184
707.00,0.0184
706.00,0.0185
705.00,0.0186
704.00,0.0188
703.00,0.0190
702.00,0.0192
701.00,0.0193
700.00,0.0194
699.00,0.0196
698.00,0.0196
697.00,0.0197
696.00,0.0197
695.00,0.0197
694.00,0.0197
693.00,0.0198
692.00,0.0199
691.00,0.0200
690.00,0.0202
689.00,0.0205
688.00,0.0209
687.00,0.0214
686.00,0.0218
685.00,0.0223
684.00,0.0229
683.00,0.0234
682.00,0.0239
681.00,0.0245
680.00,0.0249
679.00,0.0253
678.00,0.0255
677.00,0.0255
676.00,0.0255
675.00,0.0255
674.00,0.0255
673.00,0.0256
672.00,0.0260
671.00,0.0263
670.00,0.0268
669.00,0.0272
668.00,0.0271
667.00,0.0262
666.00,0.0252
665.00,0.0241
664.00,0.0230
663.00,0.0222
662.00,0.0217
661.00,0.0215
660.00,0.0214
659.00,0.0214
658.00,0.0214
657.00,0.0214
656.00,0.0213
655.00,0.0214
654.00,0.0216
653.00,0.0220
652.00,0.0225
651.00,0.0231
650.00,0.0237
649.00,0.0241
648.00,0.0243
647.00,0.0243
646.00,0.0243
645.00,0.0242
644.00,0.0242
643.00,0.0241
642.00,0.0241
641.00,0.0241
640.00,0.0240
639.00,0.0240
638.00,0.0241
637.00,0.0241
636.00,0.0240
635.00,0.0240
634.00,0.0238
633.00,0.0236
632.00,0.0233
631.00,0.0230
630.00,0.0227
629.00,0.0224
628.00,0.0220
627.00,0.0216
626.00,0.0212
625.00,0.0208
624.00,0.0205
623.00,0.0202
622.00,0.0199
621.00,0.0197
620.00,0.0196
619.00,0.0197
618.00,0.0199
617.00,0.0203
616.00,0.0208
615.00,0.0213
614.00,0.0216
613.00,0.0219
612.00,0.0220
611.00,0.0221
610.00,0.0221
609.00,0.0219
608.00,0.0216
607.00,0.0213
606.00,0.0211
605.00,0.0210
604.00,0.0210
603.00,0.0209
602.00,0.0209
601.00,0.0209
600.00,0.0210
599.00,0.0211
598.00,0.0213
597.00,0.0215
596.00,0.0216
595.00,0.0217
594.00,0.0218
593.00,0.0220
592.00,0.0221
591.00,0.0223
590.00,0.0225
589.00,0.0227
588.00,0.0228
587.00,0.0229
586.00,0.0229
585.00,0.0230
584.00,0.0232
583.00,0.0240
582.00,0.0255
581.00,0.0276
580.00,0.0301
579.00,0.0319
578.00,0.0324
577.00,0.0313
576.00,0.0290
575.00,0.0263
574.00,0.0239
573.00,0.0222
572.00,0.0212
571.00,0.0206
570.00,0.0202
569.00,0.0198
568.00,0.0193
567.00,0.0189
566.00,0.0185
565.00,0.0184
564.00,0.0184
563.00,0.0185
562.00,0.0188
561.00,0.0193
560.00,0.0198
559.00,0.0205
558.00,0.0215
557.00,0.0229
556.00,0.0248
555.00,0.0275
554.00,0.0304
553.00,0.0329
552.00,0.0343
551.00,0.0342
550.00,0.0327
549.00,0.0308
548.00,0.0289
547.00,0.0276
546.00,0.0270
545.00,0.0268
544.00,0.0268
543.00,0.0268
542.00,0.0268
541.00,0.0271
540.00,0.0279
539.00,0.0294
538.00,0.0316
537.00,0.0340
536.00,0.0360
535.00,0.0370
534.00,0.0366
533.00,0.0349
532.00,0.0327
531.00,0.0307
530.00,0.0294
529.00,0.0293
528.00,0.0303
527.00,0.0320
526.00,0.0335
525.00,0.0346
524.00,0.0351
523.00,0.0354
522.00,0.0353
521.00,0.0343
520.00,0.0323
519.00,0.0296
518.00,0.0271
517.00,0.0250
516.00,0.0237
515.00,0.0228
514.00,0.0223
513.00,0.0222
512.00,0.0224
511.00,0.0228
510.00,0.0233
509.00,0.0238
508.00,0.0244
507.00,0.0251
506.00,0.0260
505.00,0.0272
504.00,0.0286
503.00,0.0302
502.00,0.0321
501.00,0.0341
500.00,0.0360
499.00,0.0380
498.00,0.0401
497.00,0.0421
496.00,0.0441
495.00,0.0460
494.00,0.0478
493.00,0.0495
492.00,0.0510
491.00,0.0523
490.00,0.0532
489.00,0.0538
488.00,0.0542
487.00,0.0543
486.00,0.0541
485.00,0.0539
484.00,0.0536
483.00,0.0535
482.00,0.0534
481.00,0.0533
480.00,0.0532
479.00,0.0533
478.00,0.0533
477.00,0.0533
476.00,0.0533
475.00,0.0533
474.00,0.0534
473.00,0.0534
472.00,0.0534
471.00,0.0533
470.00,0.0533
469.00,0.0535
468.00,0.0537
467.00,0.0540
466.00,0.0542
465.00,0.0542
464.00,0.0540
463.00,0.0534
462.00,0.0525
461.00,0.0515
460.00,0.0507
459.00,0.0503
458.00,0.0500
457.00,0.0498
456.00,0.0497
455.00,0.0497
454.00,0.0497
453.00,0.0496
452.00,0.0494
451.00,0.0492
450.00,0.0488
449.00,0.0484
448.00,0.0476
447.00,0.0465
446.00,0.0451
445.00,0.0436
444.00,0.0424
443.00,0.0413
442.00,0.0404
441.00,0.0397
440.00,0.0391
439.00,0.0387
438.00,0.0386
437.00,0.0383
436.00,0.0377
435.00,0.0369
434.00,0.0359
433.00,0.0350
432.00,0.0341
431.00,0.0332
430.00,0.0324
429.00,0.0320
428.00,0.0321
427.00,0.0323
426.00,0.0325
425.00,0.0324
424.00,0.0319
423.00,0.0313
422.00,0.0306
421.00,0.0301
420.00,0.0298
419.00,0.0296
418.00,0.0294
417.00,0.0291
416.00,0.0290
415.00,0.0292
414.00,0.0295
413.00,0.0297
412.00,0.0299
411.00,0.0299
410.00,0.0299
409.00,0.0298
408.00,0.0295
407.00,0.0295
406.00,0.0298
405.00,0.0304
404.00,0.0312
403.00,0.0318
402.00,0.0322
401.00,0.0324
400.00,0.0328
