Created as New Dataset,Sample 566 By YargerLab Date Sunday, March 08 2026
cm-1,A
4000.00,0.0122
3999.00,0.0122
3998.00,0.0122
3997.00,0.0122
3996.00,0.0122
3995.00,0.0122
3994.00,0.0122
3993.00,0.0123
3992.00,0.0123
3991.00,0.0122
3990.00,0.0122
3989.00,0.0122
3988.00,0.0122
3987.00,0.0122
3986.00,0.0122
3985.00,0.0122
3984.00,0.0122
3983.00,0.0122
3982.00,0.0122
3981.00,0.0122
3980.00,0.0122
3979.00,0.0122
3978.00,0.0122
3977.00,0.0122
3976.00,0.0122
3975.00,0.0122
3974.00,0.0122
3973.00,0.0122
3972.00,0.0122
3971.00,0.0122
3970.00,0.0122
3969.00,0.0122
3968.00,0.0122
3967.00,0.0122
3966.00,0.0122
3965.00,0.0121
3964.00,0.0121
3963.00,0.0121
3962.00,0.0121
3961.00,0.0121
3960.00,0.0121
3959.00,0.0121
3958.00,0.0121
3957.00,0.0121
3956.00,0.0121
3955.00,0.0121
3954.00,0.0121
3953.00,0.0121
3952.00,0.0121
3951.00,0.0121
3950.00,0.0121
3949.00,0.0121
3948.00,0.0121
3947.00,0.0121
3946.00,0.0121
3945.00,0.0121
3944.00,0.0121
3943.00,0.0121
3942.00,0.0121
3941.00,0.0120
3940.00,0.0121
3939.00,0.0121
3938.00,0.0121
3937.00,0.0121
3936.00,0.0121
3935.00,0.0121
3934.00,0.0121
3933.00,0.0121
3932.00,0.0120
3931.00,0.0120
3930.00,0.0120
3929.00,0.0120
3928.00,0.0120
3927.00,0.0120
3926.00,0.0120
3925.00,0.0120
3924.00,0.0120
3923.00,0.0120
3922.00,0.0120
3921.00,0.0120
3920.00,0.0120
3919.00,0.0119
3918.00,0.0119
3917.00,0.0120
3916.00,0.0120
3915.00,0.0120
3914.00,0.0120
3913.00,0.0120
3912.00,0.0120
3911.00,0.0120
3910.00,0.0120
3909.00,0.0119
3908.00,0.0119
3907.00,0.0119
3906.00,0.0119
3905.00,0.0119
3904.00,0.0119
3903.00,0.0119
3902.00,0.0119
3901.00,0.0119
3900.00,0.0119
3899.00,0.0119
3898.00,0.0119
3897.00,0.0119
3896.00,0.0119
3895.00,0.0119
3894.00,0.0119
3893.00,0.0118
3892.00,0.0118
3891.00,0.0118
3890.00,0.0118
3889.00,0.0118
3888.00,0.0118
3887.00,0.0118
3886.00,0.0118
3885.00,0.0118
3884.00,0.0118
3883.00,0.0118
3882.00,0.0118
3881.00,0.0118
3880.00,0.0118
3879.00,0.0118
3878.00,0.0118
3877.00,0.0118
3876.00,0.0118
3875.00,0.0118
3874.00,0.0118
3873.00,0.0118
3872.00,0.0117
3871.00,0.0118
3870.00,0.0117
3869.00,0.0117
3868.00,0.0117
3867.00,0.0117
3866.00,0.0117
3865.00,0.0117
3864.00,0.0117
3863.00,0.0117
3862.00,0.0117
3861.00,0.0117
3860.00,0.0117
3859.00,0.0117
3858.00,0.0117
3857.00,0.0116
3856.00,0.0116
3855.00,0.0116
3854.00,0.0116
3853.00,0.0116
3852.00,0.0117
3851.00,0.0118
3850.00,0.0118
3849.00,0.0118
3848.00,0.0117
3847.00,0.0117
3846.00,0.0117
3845.00,0.0116
3844.00,0.0116
3843.00,0.0116
3842.00,0.0116
3841.00,0.0116
3840.00,0.0116
3839.00,0.0116
3838.00,0.0116
3837.00,0.0116
3836.00,0.0116
3835.00,0.0116
3834.00,0.0116
3833.00,0.0116
3832.00,0.0116
3831.00,0.0116
3830.00,0.0116
3829.00,0.0116
3828.00,0.0116
3827.00,0.0116
3826.00,0.0116
3825.00,0.0116
3824.00,0.0115
3823.00,0.0115
3822.00,0.0115
3821.00,0.0115
3820.00,0.0115
3819.00,0.0115
3818.00,0.0115
3817.00,0.0116
3816.00,0.0116
3815.00,0.0115
3814.00,0.0115
3813.00,0.0115
3812.00,0.0115
3811.00,0.0115
3810.00,0.0115
3809.00,0.0115
3808.00,0.0114
3807.00,0.0114
3806.00,0.0114
3805.00,0.0114
3804.00,0.0114
3803.00,0.0114
3802.00,0.0114
3801.00,0.0114
3800.00,0.0114
3799.00,0.0114
3798.00,0.0114
3797.00,0.0114
3796.00,0.0114
3795.00,0.0114
3794.00,0.0114
3793.00,0.0114
3792.00,0.0114
3791.00,0.0114
3790.00,0.0114
3789.00,0.0114
3788.00,0.0114
3787.00,0.0114
3786.00,0.0114
3785.00,0.0114
3784.00,0.0114
3783.00,0.0114
3782.00,0.0113
3781.00,0.0113
3780.00,0.0113
3779.00,0.0113
3778.00,0.0113
3777.00,0.0114
3776.00,0.0114
3775.00,0.0114
3774.00,0.0113
3773.00,0.0113
3772.00,0.0113
3771.00,0.0113
3770.00,0.0113
3769.00,0.0113
3768.00,0.0113
3767.00,0.0113
3766.00,0.0113
3765.00,0.0113
3764.00,0.0113
3763.00,0.0113
3762.00,0.0113
3761.00,0.0113
3760.00,0.0113
3759.00,0.0112
3758.00,0.0112
3757.00,0.0112
3756.00,0.0112
3755.00,0.0112
3754.00,0.0112
3753.00,0.0113
3752.00,0.0113
3751.00,0.0113
3750.00,0.0113
3749.00,0.0113
3748.00,0.0112
3747.00,0.0112
3746.00,0.0112
3745.00,0.0112
3744.00,0.0112
3743.00,0.0112
3742.00,0.0112
3741.00,0.0112
3740.00,0.0112
3739.00,0.0111
3738.00,0.0111
3737.00,0.0111
3736.00,0.0111
3735.00,0.0110
3734.00,0.0110
3733.00,0.0111
3732.00,0.0111
3731.00,0.0111
3730.00,0.0111
3729.00,0.0111
3728.00,0.0110
3727.00,0.0110
3726.00,0.0110
3725.00,0.0110
3724.00,0.0110
3723.00,0.0110
3722.00,0.0110
3721.00,0.0110
3720.00,0.0110
3719.00,0.0110
3718.00,0.0110
3717.00,0.0110
3716.00,0.0110
3715.00,0.0110
3714.00,0.0109
3713.00,0.0109
3712.00,0.0109
3711.00,0.0109
3710.00,0.0109
3709.00,0.0109
3708.00,0.0109
3707.00,0.0109
3706.00,0.0109
3705.00,0.0109
3704.00,0.0109
3703.00,0.0109
3702.00,0.0109
3701.00,0.0109
3700.00,0.0109
3699.00,0.0109
3698.00,0.0109
3697.00,0.0109
3696.00,0.0109
3695.00,0.0109
3694.00,0.0109
3693.00,0.0109
3692.00,0.0109
3691.00,0.0109
3690.00,0.0109
3689.00,0.0109
3688.00,0.0109
3687.00,0.0109
3686.00,0.0110
3685.00,0.0110
3684.00,0.0110
3683.00,0.0110
3682.00,0.0110
3681.00,0.0110
3680.00,0.0110
3679.00,0.0111
3678.00,0.0111
3677.00,0.0111
3676.00,0.0111
3675.00,0.0111
3674.00,0.0111
3673.00,0.0111
3672.00,0.0111
3671.00,0.0112
3670.00,0.0112
3669.00,0.0113
3668.00,0.0113
3667.00,0.0113
3666.00,0.0114
3665.00,0.0114
3664.00,0.0114
3663.00,0.0114
3662.00,0.0115
3661.00,0.0115
3660.00,0.0115
3659.00,0.0116
3658.00,0.0116
3657.00,0.0117
3656.00,0.0117
3655.00,0.0117
3654.00,0.0117
3653.00,0.0118
3652.00,0.0118
3651.00,0.0119
3650.00,0.0120
3649.00,0.0120
3648.00,0.0121
3647.00,0.0121
3646.00,0.0121
3645.00,0.0122
3644.00,0.0122
3643.00,0.0123
3642.00,0.0124
3641.00,0.0124
3640.00,0.0125
3639.00,0.0125
3638.00,0.0126
3637.00,0.0126
3636.00,0.0127
3635.00,0.0127
3634.00,0.0128
3633.00,0.0128
3632.00,0.0129
3631.00,0.0129
3630.00,0.0130
3629.00,0.0131
3628.00,0.0131
3627.00,0.0132
3626.00,0.0132
3625.00,0.0133
3624.00,0.0134
3623.00,0.0134
3622.00,0.0135
3621.00,0.0136
3620.00,0.0136
3619.00,0.0137
3618.00,0.0138
3617.00,0.0138
3616.00,0.0139
3615.00,0.0140
3614.00,0.0141
3613.00,0.0141
3612.00,0.0142
3611.00,0.0143
3610.00,0.0143
3609.00,0.0144
3608.00,0.0144
3607.00,0.0145
3606.00,0.0145
3605.00,0.0146
3604.00,0.0147
3603.00,0.0147
3602.00,0.0148
3601.00,0.0149
3600.00,0.0150
3599.00,0.0150
3598.00,0.0151
3597.00,0.0152
3596.00,0.0153
3595.00,0.0153
3594.00,0.0154
3593.00,0.0155
3592.00,0.0156
3591.00,0.0157
3590.00,0.0158
3589.00,0.0159
3588.00,0.0159
3587.00,0.0160
3586.00,0.0160
3585.00,0.0161
3584.00,0.0162
3583.00,0.0162
3582.00,0.0163
3581.00,0.0164
3580.00,0.0165
3579.00,0.0166
3578.00,0.0167
3577.00,0.0167
3576.00,0.0168
3575.00,0.0169
3574.00,0.0170
3573.00,0.0171
3572.00,0.0172
3571.00,0.0172
3570.00,0.0173
3569.00,0.0174
3568.00,0.0175
3567.00,0.0176
3566.00,0.0177
3565.00,0.0177
3564.00,0.0178
3563.00,0.0179
3562.00,0.0179
3561.00,0.0180
3560.00,0.0181
3559.00,0.0182
3558.00,0.0183
3557.00,0.0184
3556.00,0.0185
3555.00,0.0186
3554.00,0.0187
3553.00,0.0188
3552.00,0.0189
3551.00,0.0190
3550.00,0.0190
3549.00,0.0191
3548.00,0.0192
3547.00,0.0193
3546.00,0.0194
3545.00,0.0195
3544.00,0.0196
3543.00,0.0196
3542.00,0.0197
3541.00,0.0198
3540.00,0.0199
3539.00,0.0200
3538.00,0.0200
3537.00,0.0201
3536.00,0.0202
3535.00,0.0203
3534.00,0.0204
3533.00,0.0205
3532.00,0.0206
3531.00,0.0206
3530.00,0.0207
3529.00,0.0208
3528.00,0.0209
3527.00,0.0210
3526.00,0.0210
3525.00,0.0211
3524.00,0.0212
3523.00,0.0213
3522.00,0.0213
3521.00,0.0214
3520.00,0.0214
3519.00,0.0215
3518.00,0.0216
3517.00,0.0217
3516.00,0.0218
3515.00,0.0219
3514.00,0.0219
3513.00,0.0220
3512.00,0.0221
3511.00,0.0221
3510.00,0.0222
3509.00,0.0222
3508.00,0.0223
3507.00,0.0224
3506.00,0.0224
3505.00,0.0225
3504.00,0.0226
3503.00,0.0226
3502.00,0.0227
3501.00,0.0228
3500.00,0.0229
3499.00,0.0229
3498.00,0.0230
3497.00,0.0230
3496.00,0.0231
3495.00,0.0232
3494.00,0.0232
3493.00,0.0233
3492.00,0.0233
3491.00,0.0234
3490.00,0.0234
3489.00,0.0235
3488.00,0.0236
3487.00,0.0236
3486.00,0.0237
3485.00,0.0237
3484.00,0.0238
3483.00,0.0238
3482.00,0.0239
3481.00,0.0240
3480.00,0.0240
3479.00,0.0241
3478.00,0.0242
3477.00,0.0242
3476.00,0.0243
3475.00,0.0243
3474.00,0.0244
3473.00,0.0244
3472.00,0.0245
3471.00,0.0245
3470.00,0.0246
3469.00,0.0246
3468.00,0.0247
3467.00,0.0247
3466.00,0.0247
3465.00,0.0248
3464.00,0.0248
3463.00,0.0249
3462.00,0.0250
3461.00,0.0250
3460.00,0.0251
3459.00,0.0251
3458.00,0.0252
3457.00,0.0252
3456.00,0.0253
3455.00,0.0253
3454.00,0.0253
3453.00,0.0254
3452.00,0.0255
3451.00,0.0255
3450.00,0.0256
3449.00,0.0256
3448.00,0.0257
3447.00,0.0257
3446.00,0.0257
3445.00,0.0258
3444.00,0.0258
3443.00,0.0259
3442.00,0.0260
3441.00,0.0260
3440.00,0.0261
3439.00,0.0261
3438.00,0.0262
3437.00,0.0262
3436.00,0.0263
3435.00,0.0264
3434.00,0.0264
3433.00,0.0265
3432.00,0.0266
3431.00,0.0266
3430.00,0.0267
3429.00,0.0267
3428.00,0.0268
3427.00,0.0269
3426.00,0.0270
3425.00,0.0270
3424.00,0.0271
3423.00,0.0272
3422.00,0.0273
3421.00,0.0273
3420.00,0.0274
3419.00,0.0274
3418.00,0.0275
3417.00,0.0276
3416.00,0.0276
3415.00,0.0277
3414.00,0.0278
3413.00,0.0279
3412.00,0.0280
3411.00,0.0280
3410.00,0.0281
3409.00,0.0282
3408.00,0.0283
3407.00,0.0284
3406.00,0.0285
3405.00,0.0285
3404.00,0.0286
3403.00,0.0287
3402.00,0.0287
3401.00,0.0288
3400.00,0.0289
3399.00,0.0290
3398.00,0.0290
3397.00,0.0291
3396.00,0.0292
3395.00,0.0292
3394.00,0.0293
3393.00,0.0294
3392.00,0.0294
3391.00,0.0295
3390.00,0.0296
3389.00,0.0296
3388.00,0.0297
3387.00,0.0298
3386.00,0.0299
3385.00,0.0300
3384.00,0.0300
3383.00,0.0301
3382.00,0.0302
3381.00,0.0303
3380.00,0.0304
3379.00,0.0304
3378.00,0.0305
3377.00,0.0306
3376.00,0.0307
3375.00,0.0309
3374.00,0.0310
3373.00,0.0310
3372.00,0.0311
3371.00,0.0312
3370.00,0.0313
3369.00,0.0314
3368.00,0.0315
3367.00,0.0317
3366.00,0.0318
3365.00,0.0319
3364.00,0.0320
3363.00,0.0322
3362.00,0.0323
3361.00,0.0324
3360.00,0.0326
3359.00,0.0327
3358.00,0.0329
3357.00,0.0331
3356.00,0.0333
3355.00,0.0334
3354.00,0.0336
3353.00,0.0338
3352.00,0.0339
3351.00,0.0341
3350.00,0.0343
3349.00,0.0345
3348.00,0.0347
3347.00,0.0349
3346.00,0.0351
3345.00,0.0353
3344.00,0.0356
3343.00,0.0358
3342.00,0.0360
3341.00,0.0363
3340.00,0.0365
3339.00,0.0367
3338.00,0.0370
3337.00,0.0373
3336.00,0.0376
3335.00,0.0379
3334.00,0.0382
3333.00,0.0386
3332.00,0.0389
3331.00,0.0392
3330.00,0.0395
3329.00,0.0399
3328.00,0.0402
3327.00,0.0406
3326.00,0.0410
3325.00,0.0414
3324.00,0.0418
3323.00,0.0422
3322.00,0.0426
3321.00,0.0430
3320.00,0.0435
3319.00,0.0439
3318.00,0.0444
3317.00,0.0448
3316.00,0.0453
3315.00,0.0458
3314.00,0.0462
3313.00,0.0467
3312.00,0.0472
3311.00,0.0476
3310.00,0.0481
3309.00,0.0485
3308.00,0.0490
3307.00,0.0494
3306.00,0.0500
3305.00,0.0505
3304.00,0.0511
3303.00,0.0517
3302.00,0.0523
3301.00,0.0528
3300.00,0.0533
3299.00,0.0538
3298.00,0.0542
3297.00,0.0546
3296.00,0.0550
3295.00,0.0554
3294.00,0.0558
3293.00,0.0562
3292.00,0.0565
3291.00,0.0569
3290.00,0.0572
3289.00,0.0575
3288.00,0.0577
3287.00,0.0579
3286.00,0.0580
3285.00,0.0581
3284.00,0.0582
3283.00,0.0582
3282.00,0.0581
3281.00,0.0581
3280.00,0.0580
3279.00,0.0578
3278.00,0.0576
3277.00,0.0573
3276.00,0.0570
3275.00,0.0567
3274.00,0.0563
3273.00,0.0559
3272.00,0.0555
3271.00,0.0551
3270.00,0.0547
3269.00,0.0543
3268.00,0.0540
3267.00,0.0536
3266.00,0.0531
3265.00,0.0527
3264.00,0.0522
3263.00,0.0518
3262.00,0.0513
3261.00,0.0509
3260.00,0.0504
3259.00,0.0499
3258.00,0.0495
3257.00,0.0490
3256.00,0.0486
3255.00,0.0483
3254.00,0.0479
3253.00,0.0475
3252.00,0.0472
3251.00,0.0468
3250.00,0.0464
3249.00,0.0460
3248.00,0.0456
3247.00,0.0453
3246.00,0.0450
3245.00,0.0447
3244.00,0.0444
3243.00,0.0441
3242.00,0.0439
3241.00,0.0436
3240.00,0.0433
3239.00,0.0430
3238.00,0.0427
3237.00,0.0424
3236.00,0.0420
3235.00,0.0417
3234.00,0.0415
3233.00,0.0412
3232.00,0.0411
3231.00,0.0409
3230.00,0.0407
3229.00,0.0405
3228.00,0.0403
3227.00,0.0401
3226.00,0.0399
3225.00,0.0397
3224.00,0.0394
3223.00,0.0392
3222.00,0.0390
3221.00,0.0388
3220.00,0.0386
3219.00,0.0383
3218.00,0.0381
3217.00,0.0379
3216.00,0.0378
3215.00,0.0376
3214.00,0.0374
3213.00,0.0372
3212.00,0.0370
3211.00,0.0368
3210.00,0.0367
3209.00,0.0365
3208.00,0.0363
3207.00,0.0361
3206.00,0.0359
3205.00,0.0357
3204.00,0.0355
3203.00,0.0354
3202.00,0.0352
3201.00,0.0350
3200.00,0.0349
3199.00,0.0347
3198.00,0.0345
3197.00,0.0343
3196.00,0.0341
3195.00,0.0339
3194.00,0.0337
3193.00,0.0335
3192.00,0.0333
3191.00,0.0332
3190.00,0.0330
3189.00,0.0328
3188.00,0.0326
3187.00,0.0325
3186.00,0.0323
3185.00,0.0321
3184.00,0.0320
3183.00,0.0318
3182.00,0.0316
3181.00,0.0314
3180.00,0.0312
3179.00,0.0311
3178.00,0.0309
3177.00,0.0307
3176.00,0.0306
3175.00,0.0304
3174.00,0.0303
3173.00,0.0301
3172.00,0.0299
3171.00,0.0298
3170.00,0.0296
3169.00,0.0294
3168.00,0.0293
3167.00,0.0292
3166.00,0.0290
3165.00,0.0289
3164.00,0.0288
3163.00,0.0286
3162.00,0.0285
3161.00,0.0283
3160.00,0.0282
3159.00,0.0280
3158.00,0.0279
3157.00,0.0278
3156.00,0.0276
3155.00,0.0275
3154.00,0.0273
3153.00,0.0272
3152.00,0.0271
3151.00,0.0271
3150.00,0.0270
3149.00,0.0269
3148.00,0.0268
3147.00,0.0267
3146.00,0.0266
3145.00,0.0265
3144.00,0.0264
3143.00,0.0263
3142.00,0.0262
3141.00,0.0261
3140.00,0.0260
3139.00,0.0259
3138.00,0.0258
3137.00,0.0258
3136.00,0.0258
3135.00,0.0257
3134.00,0.0256
3133.00,0.0256
3132.00,0.0255
3131.00,0.0255
3130.00,0.0254
3129.00,0.0254
3128.00,0.0254
3127.00,0.0254
3126.00,0.0253
3125.00,0.0253
3124.00,0.0252
3123.00,0.0252
3122.00,0.0251
3121.00,0.0250
3120.00,0.0250
3119.00,0.0249
3118.00,0.0249
3117.00,0.0249
3116.00,0.0250
3115.00,0.0250
3114.00,0.0251
3113.00,0.0251
3112.00,0.0251
3111.00,0.0251
3110.00,0.0251
3109.00,0.0252
3108.00,0.0252
3107.00,0.0253
3106.00,0.0253
3105.00,0.0254
3104.00,0.0254
3103.00,0.0255
3102.00,0.0255
3101.00,0.0255
3100.00,0.0255
3099.00,0.0256
3098.00,0.0257
3097.00,0.0257
3096.00,0.0258
3095.00,0.0258
3094.00,0.0258
3093.00,0.0258
3092.00,0.0258
3091.00,0.0259
3090.00,0.0259
3089.00,0.0259
3088.00,0.0260
3087.00,0.0260
3086.00,0.0260
3085.00,0.0260
3084.00,0.0261
3083.00,0.0261
3082.00,0.0261
3081.00,0.0261
3080.00,0.0261
3079.00,0.0262
3078.00,0.0262
3077.00,0.0263
3076.00,0.0264
3075.00,0.0265
3074.00,0.0265
3073.00,0.0265
3072.00,0.0265
3071.00,0.0264
3070.00,0.0263
3069.00,0.0263
3068.00,0.0262
3067.00,0.0262
3066.00,0.0262
3065.00,0.0262
3064.00,0.0262
3063.00,0.0261
3062.00,0.0261
3061.00,0.0260
3060.00,0.0259
3059.00,0.0258
3058.00,0.0257
3057.00,0.0256
3056.00,0.0255
3055.00,0.0254
3054.00,0.0253
3053.00,0.0251
3052.00,0.0250
3051.00,0.0249
3050.00,0.0248
3049.00,0.0247
3048.00,0.0246
3047.00,0.0245
3046.00,0.0243
3045.00,0.0241
3044.00,0.0239
3043.00,0.0238
3042.00,0.0237
3041.00,0.0236
3040.00,0.0236
3039.00,0.0235
3038.00,0.0234
3037.00,0.0233
3036.00,0.0231
3035.00,0.0230
3034.00,0.0229
3033.00,0.0229
3032.00,0.0228
3031.00,0.0228
3030.00,0.0227
3029.00,0.0226
3028.00,0.0225
3027.00,0.0224
3026.00,0.0223
3025.00,0.0222
3024.00,0.0221
3023.00,0.0221
3022.00,0.0220
3021.00,0.0219
3020.00,0.0218
3019.00,0.0216
3018.00,0.0215
3017.00,0.0214
3016.00,0.0212
3015.00,0.0211
3014.00,0.0211
3013.00,0.0211
3012.00,0.0210
3011.00,0.0211
3010.00,0.0211
3009.00,0.0211
3008.00,0.0211
3007.00,0.0211
3006.00,0.0210
3005.00,0.0210
3004.00,0.0210
3003.00,0.0210
3002.00,0.0210
3001.00,0.0210
3000.00,0.0210
2999.00,0.0209
2998.00,0.0210
2997.00,0.0210
2996.00,0.0210
2995.00,0.0210
2994.00,0.0211
2993.00,0.0211
2992.00,0.0212
2991.00,0.0213
2990.00,0.0214
2989.00,0.0215
2988.00,0.0216
2987.00,0.0217
2986.00,0.0217
2985.00,0.0218
2984.00,0.0219
2983.00,0.0220
2982.00,0.0220
2981.00,0.0221
2980.00,0.0222
2979.00,0.0222
2978.00,0.0223
2977.00,0.0224
2976.00,0.0224
2975.00,0.0225
2974.00,0.0225
2973.00,0.0226
2972.00,0.0226
2971.00,0.0227
2970.00,0.0227
2969.00,0.0228
2968.00,0.0228
2967.00,0.0228
2966.00,0.0228
2965.00,0.0228
2964.00,0.0228
2963.00,0.0227
2962.00,0.0227
2961.00,0.0226
2960.00,0.0226
2959.00,0.0226
2958.00,0.0225
2957.00,0.0225
2956.00,0.0224
2955.00,0.0223
2954.00,0.0222
2953.00,0.0222
2952.00,0.0221
2951.00,0.0221
2950.00,0.0221
2949.00,0.0221
2948.00,0.0221
2947.00,0.0222
2946.00,0.0223
2945.00,0.0224
2944.00,0.0226
2943.00,0.0228
2942.00,0.0230
2941.00,0.0233
2940.00,0.0235
2939.00,0.0238
2938.00,0.0240
2937.00,0.0243
2936.00,0.0246
2935.00,0.0248
2934.00,0.0251
2933.00,0.0254
2932.00,0.0256
2931.00,0.0259
2930.00,0.0261
2929.00,0.0264
2928.00,0.0266
2927.00,0.0269
2926.00,0.0272
2925.00,0.0275
2924.00,0.0277
2923.00,0.0280
2922.00,0.0283
2921.00,0.0285
2920.00,0.0287
2919.00,0.0288
2918.00,0.0288
2917.00,0.0286
2916.00,0.0282
2915.00,0.0277
2914.00,0.0270
2913.00,0.0263
2912.00,0.0256
2911.00,0.0250
2910.00,0.0245
2909.00,0.0241
2908.00,0.0237
2907.00,0.0234
2906.00,0.0231
2905.00,0.0229
2904.00,0.0227
2903.00,0.0225
2902.00,0.0224
2901.00,0.0222
2900.00,0.0220
2899.00,0.0219
2898.00,0.0217
2897.00,0.0216
2896.00,0.0215
2895.00,0.0214
2894.00,0.0213
2893.00,0.0211
2892.00,0.0210
2891.00,0.0209
2890.00,0.0208
2889.00,0.0208
2888.00,0.0207
2887.00,0.0206
2886.00,0.0205
2885.00,0.0205
2884.00,0.0204
2883.00,0.0204
2882.00,0.0204
2881.00,0.0204
2880.00,0.0204
2879.00,0.0204
2878.00,0.0204
2877.00,0.0204
2876.00,0.0204
2875.00,0.0204
2874.00,0.0203
2873.00,0.0203
2872.00,0.0202
2871.00,0.0202
2870.00,0.0201
2869.00,0.0200
2868.00,0.0199
2867.00,0.0199
2866.00,0.0198
2865.00,0.0198
2864.00,0.0198
2863.00,0.0198
2862.00,0.0199
2861.00,0.0200
2860.00,0.0201
2859.00,0.0203
2858.00,0.0205
2857.00,0.0208
2856.00,0.0211
2855.00,0.0214
2854.00,0.0218
2853.00,0.0222
2852.00,0.0226
2851.00,0.0229
2850.00,0.0229
2849.00,0.0227
2848.00,0.0223
2847.00,0.0218
2846.00,0.0211
2845.00,0.0206
2844.00,0.0200
2843.00,0.0196
2842.00,0.0193
2841.00,0.0189
2840.00,0.0187
2839.00,0.0185
2838.00,0.0183
2837.00,0.0182
2836.00,0.0181
2835.00,0.0180
2834.00,0.0180
2833.00,0.0179
2832.00,0.0178
2831.00,0.0178
2830.00,0.0177
2829.00,0.0177
2828.00,0.0176
2827.00,0.0176
2826.00,0.0176
2825.00,0.0175
2824.00,0.0175
2823.00,0.0175
2822.00,0.0174
2821.00,0.0174
2820.00,0.0174
2819.00,0.0174
2818.00,0.0174
2817.00,0.0173
2816.00,0.0173
2815.00,0.0172
2814.00,0.0172
2813.00,0.0172
2812.00,0.0171
2811.00,0.0171
2810.00,0.0171
2809.00,0.0171
2808.00,0.0171
2807.00,0.0171
2806.00,0.0170
2805.00,0.0170
2804.00,0.0170
2803.00,0.0170
2802.00,0.0169
2801.00,0.0169
2800.00,0.0169
2799.00,0.0168
2798.00,0.0168
2797.00,0.0167
2796.00,0.0167
2795.00,0.0167
2794.00,0.0167
2793.00,0.0166
2792.00,0.0166
2791.00,0.0166
2790.00,0.0166
2789.00,0.0166
2788.00,0.0165
2787.00,0.0165
2786.00,0.0165
2785.00,0.0164
2784.00,0.0164
2783.00,0.0164
2782.00,0.0163
2781.00,0.0163
2780.00,0.0163
2779.00,0.0163
2778.00,0.0163
2777.00,0.0162
2776.00,0.0162
2775.00,0.0162
2774.00,0.0161
2773.00,0.0161
2772.00,0.0161
2771.00,0.0161
2770.00,0.0160
2769.00,0.0160
2768.00,0.0160
2767.00,0.0160
2766.00,0.0159
2765.00,0.0159
2764.00,0.0159
2763.00,0.0159
2762.00,0.0158
2761.00,0.0158
2760.00,0.0158
2759.00,0.0158
2758.00,0.0157
2757.00,0.0157
2756.00,0.0157
2755.00,0.0157
2754.00,0.0156
2753.00,0.0156
2752.00,0.0156
2751.00,0.0156
2750.00,0.0155
2749.00,0.0155
2748.00,0.0155
2747.00,0.0155
2746.00,0.0155
2745.00,0.0155
2744.00,0.0154
2743.00,0.0154
2742.00,0.0154
2741.00,0.0153
2740.00,0.0153
2739.00,0.0153
2738.00,0.0152
2737.00,0.0152
2736.00,0.0152
2735.00,0.0152
2734.00,0.0152
2733.00,0.0151
2732.00,0.0151
2731.00,0.0151
2730.00,0.0151
2729.00,0.0151
2728.00,0.0150
2727.00,0.0150
2726.00,0.0150
2725.00,0.0150
2724.00,0.0149
2723.00,0.0149
2722.00,0.0149
2721.00,0.0149
2720.00,0.0148
2719.00,0.0148
2718.00,0.0148
2717.00,0.0148
2716.00,0.0148
2715.00,0.0147
2714.00,0.0147
2713.00,0.0147
2712.00,0.0147
2711.00,0.0147
2710.00,0.0146
2709.00,0.0146
2708.00,0.0146
2707.00,0.0146
2706.00,0.0146
2705.00,0.0146
2704.00,0.0145
2703.00,0.0145
2702.00,0.0145
2701.00,0.0145
2700.00,0.0145
2699.00,0.0145
2698.00,0.0144
2697.00,0.0144
2696.00,0.0144
2695.00,0.0144
2694.00,0.0144
2693.00,0.0144
2692.00,0.0144
2691.00,0.0144
2690.00,0.0144
2689.00,0.0144
2688.00,0.0143
2687.00,0.0143
2686.00,0.0143
2685.00,0.0143
2684.00,0.0143
2683.00,0.0143
2682.00,0.0143
2681.00,0.0142
2680.00,0.0142
2679.00,0.0142
2678.00,0.0142
2677.00,0.0142
2676.00,0.0142
2675.00,0.0142
2674.00,0.0141
2673.00,0.0141
2672.00,0.0141
2671.00,0.0141
2670.00,0.0141
2669.00,0.0141
2668.00,0.0141
2667.00,0.0141
2666.00,0.0141
2665.00,0.0141
2664.00,0.0142
2663.00,0.0142
2662.00,0.0142
2661.00,0.0142
2660.00,0.0142
2659.00,0.0142
2658.00,0.0142
2657.00,0.0142
2656.00,0.0142
2655.00,0.0142
2654.00,0.0141
2653.00,0.0141
2652.00,0.0141
2651.00,0.0141
2650.00,0.0141
2649.00,0.0141
2648.00,0.0141
2647.00,0.0141
2646.00,0.0141
2645.00,0.0141
2644.00,0.0141
2643.00,0.0141
2642.00,0.0141
2641.00,0.0140
2640.00,0.0140
2639.00,0.0140
2638.00,0.0140
2637.00,0.0139
2636.00,0.0139
2635.00,0.0139
2634.00,0.0139
2633.00,0.0139
2632.00,0.0139
2631.00,0.0139
2630.00,0.0139
2629.00,0.0139
2628.00,0.0139
2627.00,0.0139
2626.00,0.0138
2625.00,0.0138
2624.00,0.0138
2623.00,0.0138
2622.00,0.0138
2621.00,0.0138
2620.00,0.0137
2619.00,0.0137
2618.00,0.0137
2617.00,0.0137
2616.00,0.0137
2615.00,0.0137
2614.00,0.0136
2613.00,0.0136
2612.00,0.0136
2611.00,0.0136
2610.00,0.0136
2609.00,0.0135
2608.00,0.0135
2607.00,0.0135
2606.00,0.0135
2605.00,0.0135
2604.00,0.0135
2603.00,0.0134
2602.00,0.0134
2601.00,0.0134
2600.00,0.0134
2599.00,0.0133
2598.00,0.0133
2597.00,0.0133
2596.00,0.0132
2595.00,0.0132
2594.00,0.0132
2593.00,0.0132
2592.00,0.0132
2591.00,0.0132
2590.00,0.0132
2589.00,0.0131
2588.00,0.0131
2587.00,0.0131
2586.00,0.0131
2585.00,0.0131
2584.00,0.0130
2583.00,0.0130
2582.00,0.0130
2581.00,0.0130
2580.00,0.0129
2579.00,0.0129
2578.00,0.0129
2577.00,0.0129
2576.00,0.0129
2575.00,0.0129
2574.00,0.0129
2573.00,0.0128
2572.00,0.0128
2571.00,0.0128
2570.00,0.0127
2569.00,0.0127
2568.00,0.0127
2567.00,0.0127
2566.00,0.0126
2565.00,0.0126
2564.00,0.0126
2563.00,0.0126
2562.00,0.0126
2561.00,0.0126
2560.00,0.0126
2559.00,0.0125
2558.00,0.0125
2557.00,0.0125
2556.00,0.0125
2555.00,0.0125
2554.00,0.0125
2553.00,0.0125
2552.00,0.0125
2551.00,0.0125
2550.00,0.0125
2549.00,0.0125
2548.00,0.0125
2547.00,0.0124
2546.00,0.0124
2545.00,0.0124
2544.00,0.0124
2543.00,0.0124
2542.00,0.0124
2541.00,0.0124
2540.00,0.0124
2539.00,0.0124
2538.00,0.0124
2537.00,0.0123
2536.00,0.0123
2535.00,0.0123
2534.00,0.0123
2533.00,0.0123
2532.00,0.0123
2531.00,0.0123
2530.00,0.0123
2529.00,0.0123
2528.00,0.0123
2527.00,0.0123
2526.00,0.0123
2525.00,0.0122
2524.00,0.0122
2523.00,0.0121
2522.00,0.0121
2521.00,0.0121
2520.00,0.0122
2519.00,0.0122
2518.00,0.0122
2517.00,0.0122
2516.00,0.0121
2515.00,0.0121
2514.00,0.0121
2513.00,0.0121
2512.00,0.0121
2511.00,0.0121
2510.00,0.0121
2509.00,0.0121
2508.00,0.0121
2507.00,0.0121
2506.00,0.0121
2505.00,0.0120
2504.00,0.0120
2503.00,0.0120
2502.00,0.0121
2501.00,0.0121
2500.00,0.0121
2499.00,0.0120
2498.00,0.0120
2497.00,0.0120
2496.00,0.0120
2495.00,0.0120
2494.00,0.0120
2493.00,0.0120
2492.00,0.0120
2491.00,0.0120
2490.00,0.0120
2489.00,0.0120
2488.00,0.0120
2487.00,0.0120
2486.00,0.0120
2485.00,0.0119
2484.00,0.0119
2483.00,0.0119
2482.00,0.0119
2481.00,0.0118
2480.00,0.0118
2479.00,0.0118
2478.00,0.0118
2477.00,0.0118
2476.00,0.0118
2475.00,0.0118
2474.00,0.0118
2473.00,0.0118
2472.00,0.0118
2471.00,0.0118
2470.00,0.0118
2469.00,0.0118
2468.00,0.0118
2467.00,0.0117
2466.00,0.0117
2465.00,0.0117
2464.00,0.0117
2463.00,0.0117
2462.00,0.0118
2461.00,0.0118
2460.00,0.0118
2459.00,0.0118
2458.00,0.0118
2457.00,0.0118
2456.00,0.0118
2455.00,0.0118
2454.00,0.0117
2453.00,0.0117
2452.00,0.0117
2451.00,0.0117
2450.00,0.0116
2449.00,0.0116
2448.00,0.0116
2447.00,0.0116
2446.00,0.0116
2445.00,0.0116
2444.00,0.0116
2443.00,0.0116
2442.00,0.0116
2441.00,0.0115
2440.00,0.0115
2439.00,0.0115
2438.00,0.0114
2437.00,0.0114
2436.00,0.0114
2435.00,0.0114
2434.00,0.0114
2433.00,0.0114
2432.00,0.0114
2431.00,0.0114
2430.00,0.0114
2429.00,0.0113
2428.00,0.0113
2427.00,0.0113
2426.00,0.0113
2425.00,0.0113
2424.00,0.0113
2423.00,0.0113
2422.00,0.0113
2421.00,0.0112
2420.00,0.0112
2419.00,0.0112
2418.00,0.0112
2417.00,0.0112
2416.00,0.0112
2415.00,0.0112
2414.00,0.0112
2413.00,0.0112
2412.00,0.0112
2411.00,0.0112
2410.00,0.0111
2409.00,0.0110
2408.00,0.0110
2407.00,0.0109
2406.00,0.0109
2405.00,0.0109
2404.00,0.0109
2403.00,0.0109
2402.00,0.0109
2401.00,0.0109
2400.00,0.0109
2399.00,0.0109
2398.00,0.0109
2397.00,0.0109
2396.00,0.0109
2395.00,0.0109
2394.00,0.0109
2393.00,0.0109
2392.00,0.0109
2391.00,0.0108
2390.00,0.0108
2389.00,0.0108
2388.00,0.0108
2387.00,0.0108
2386.00,0.0108
2385.00,0.0107
2384.00,0.0107
2383.00,0.0106
2382.00,0.0106
2381.00,0.0105
2380.00,0.0105
2379.00,0.0104
2378.00,0.0104
2377.00,0.0104
2376.00,0.0104
2375.00,0.0105
2374.00,0.0105
2373.00,0.0105
2372.00,0.0105
2371.00,0.0105
2370.00,0.0105
2369.00,0.0104
2368.00,0.0104
2367.00,0.0104
2366.00,0.0104
2365.00,0.0105
2364.00,0.0105
2363.00,0.0105
2362.00,0.0104
2361.00,0.0104
2360.00,0.0104
2359.00,0.0105
2358.00,0.0105
2357.00,0.0106
2356.00,0.0106
2355.00,0.0106
2354.00,0.0106
2353.00,0.0106
2352.00,0.0106
2351.00,0.0105
2350.00,0.0105
2349.00,0.0105
2348.00,0.0104
2347.00,0.0103
2346.00,0.0103
2345.00,0.0104
2344.00,0.0105
2343.00,0.0106
2342.00,0.0107
2341.00,0.0107
2340.00,0.0107
2339.00,0.0107
2338.00,0.0107
2337.00,0.0108
2336.00,0.0108
2335.00,0.0108
2334.00,0.0107
2333.00,0.0107
2332.00,0.0107
2331.00,0.0107
2330.00,0.0108
2329.00,0.0110
2328.00,0.0112
2327.00,0.0114
2326.00,0.0116
2325.00,0.0117
2324.00,0.0116
2323.00,0.0115
2322.00,0.0113
2321.00,0.0112
2320.00,0.0112
2319.00,0.0112
2318.00,0.0111
2317.00,0.0111
2316.00,0.0110
2315.00,0.0109
2314.00,0.0109
2313.00,0.0109
2312.00,0.0109
2311.00,0.0109
2310.00,0.0109
2309.00,0.0108
2308.00,0.0108
2307.00,0.0109
2306.00,0.0109
2305.00,0.0109
2304.00,0.0109
2303.00,0.0109
2302.00,0.0109
2301.00,0.0109
2300.00,0.0109
2299.00,0.0109
2298.00,0.0109
2297.00,0.0109
2296.00,0.0109
2295.00,0.0110
2294.00,0.0110
2293.00,0.0111
2292.00,0.0111
2291.00,0.0111
2290.00,0.0112
2289.00,0.0112
2288.00,0.0113
2287.00,0.0113
2286.00,0.0112
2285.00,0.0112
2284.00,0.0111
2283.00,0.0110
2282.00,0.0110
2281.00,0.0109
2280.00,0.0109
2279.00,0.0109
2278.00,0.0108
2277.00,0.0108
2276.00,0.0107
2275.00,0.0106
2274.00,0.0106
2273.00,0.0106
2272.00,0.0106
2271.00,0.0106
2270.00,0.0106
2269.00,0.0105
2268.00,0.0105
2267.00,0.0104
2266.00,0.0104
2265.00,0.0104
2264.00,0.0104
2263.00,0.0104
2262.00,0.0104
2261.00,0.0105
2260.00,0.0105
2259.00,0.0106
2258.00,0.0105
2257.00,0.0105
2256.00,0.0104
2255.00,0.0103
2254.00,0.0102
2253.00,0.0102
2252.00,0.0102
2251.00,0.0103
2250.00,0.0103
2249.00,0.0103
2248.00,0.0103
2247.00,0.0102
2246.00,0.0102
2245.00,0.0101
2244.00,0.0102
2243.00,0.0102
2242.00,0.0103
2241.00,0.0103
2240.00,0.0103
2239.00,0.0104
2238.00,0.0104
2237.00,0.0104
2236.00,0.0104
2235.00,0.0103
2234.00,0.0103
2233.00,0.0103
2232.00,0.0102
2231.00,0.0102
2230.00,0.0101
2229.00,0.0101
2228.00,0.0101
2227.00,0.0101
2226.00,0.0101
2225.00,0.0101
2224.00,0.0101
2223.00,0.0101
2222.00,0.0100
2221.00,0.0100
2220.00,0.0100
2219.00,0.0101
2218.00,0.0101
2217.00,0.0101
2216.00,0.0101
2215.00,0.0101
2214.00,0.0101
2213.00,0.0101
2212.00,0.0101
2211.00,0.0101
2210.00,0.0100
2209.00,0.0100
2208.00,0.0099
2207.00,0.0099
2206.00,0.0099
2205.00,0.0099
2204.00,0.0100
2203.00,0.0100
2202.00,0.0099
2201.00,0.0099
2200.00,0.0099
2199.00,0.0099
2198.00,0.0100
2197.00,0.0101
2196.00,0.0101
2195.00,0.0101
2194.00,0.0100
2193.00,0.0100
2192.00,0.0101
2191.00,0.0101
2190.00,0.0101
2189.00,0.0101
2188.00,0.0101
2187.00,0.0101
2186.00,0.0101
2185.00,0.0101
2184.00,0.0099
2183.00,0.0098
2182.00,0.0096
2181.00,0.0095
2180.00,0.0096
2179.00,0.0096
2178.00,0.0096
2177.00,0.0094
2176.00,0.0093
2175.00,0.0093
2174.00,0.0093
2173.00,0.0095
2172.00,0.0098
2171.00,0.0100
2170.00,0.0101
2169.00,0.0102
2168.00,0.0103
2167.00,0.0103
2166.00,0.0104
2165.00,0.0105
2164.00,0.0106
2163.00,0.0105
2162.00,0.0101
2161.00,0.0094
2160.00,0.0084
2159.00,0.0076
2158.00,0.0071
2157.00,0.0071
2156.00,0.0073
2155.00,0.0076
2154.00,0.0078
2153.00,0.0080
2152.00,0.0081
2151.00,0.0082
2150.00,0.0083
2149.00,0.0083
2148.00,0.0083
2147.00,0.0083
2146.00,0.0083
2145.00,0.0083
2144.00,0.0084
2143.00,0.0084
2142.00,0.0084
2141.00,0.0084
2140.00,0.0084
2139.00,0.0084
2138.00,0.0085
2137.00,0.0084
2136.00,0.0083
2135.00,0.0082
2134.00,0.0082
2133.00,0.0082
2132.00,0.0083
2131.00,0.0085
2130.00,0.0086
2129.00,0.0086
2128.00,0.0087
2127.00,0.0087
2126.00,0.0088
2125.00,0.0088
2124.00,0.0089
2123.00,0.0090
2122.00,0.0091
2121.00,0.0092
2120.00,0.0092
2119.00,0.0093
2118.00,0.0093
2117.00,0.0094
2116.00,0.0095
2115.00,0.0095
2114.00,0.0095
2113.00,0.0095
2112.00,0.0095
2111.00,0.0095
2110.00,0.0094
2109.00,0.0094
2108.00,0.0094
2107.00,0.0094
2106.00,0.0094
2105.00,0.0093
2104.00,0.0093
2103.00,0.0093
2102.00,0.0094
2101.00,0.0094
2100.00,0.0094
2099.00,0.0093
2098.00,0.0092
2097.00,0.0091
2096.00,0.0090
2095.00,0.0090
2094.00,0.0090
2093.00,0.0091
2092.00,0.0091
2091.00,0.0091
2090.00,0.0091
2089.00,0.0092
2088.00,0.0092
2087.00,0.0093
2086.00,0.0094
2085.00,0.0094
2084.00,0.0094
2083.00,0.0094
2082.00,0.0094
2081.00,0.0094
2080.00,0.0094
2079.00,0.0094
2078.00,0.0094
2077.00,0.0093
2076.00,0.0092
2075.00,0.0091
2074.00,0.0091
2073.00,0.0091
2072.00,0.0091
2071.00,0.0092
2070.00,0.0092
2069.00,0.0092
2068.00,0.0091
2067.00,0.0091
2066.00,0.0091
2065.00,0.0092
2064.00,0.0092
2063.00,0.0092
2062.00,0.0091
2061.00,0.0090
2060.00,0.0089
2059.00,0.0089
2058.00,0.0089
2057.00,0.0089
2056.00,0.0089
2055.00,0.0090
2054.00,0.0091
2053.00,0.0094
2052.00,0.0096
2051.00,0.0096
2050.00,0.0094
2049.00,0.0091
2048.00,0.0089
2047.00,0.0087
2046.00,0.0087
2045.00,0.0087
2044.00,0.0086
2043.00,0.0086
2042.00,0.0086
2041.00,0.0087
2040.00,0.0088
2039.00,0.0088
2038.00,0.0088
2037.00,0.0088
2036.00,0.0086
2035.00,0.0084
2034.00,0.0081
2033.00,0.0080
2032.00,0.0080
2031.00,0.0080
2030.00,0.0079
2029.00,0.0079
2028.00,0.0079
2027.00,0.0078
2026.00,0.0078
2025.00,0.0078
2024.00,0.0078
2023.00,0.0077
2022.00,0.0077
2021.00,0.0077
2020.00,0.0078
2019.00,0.0078
2018.00,0.0079
2017.00,0.0079
2016.00,0.0078
2015.00,0.0077
2014.00,0.0076
2013.00,0.0076
2012.00,0.0077
2011.00,0.0078
2010.00,0.0079
2009.00,0.0080
2008.00,0.0078
2007.00,0.0076
2006.00,0.0074
2005.00,0.0073
2004.00,0.0073
2003.00,0.0073
2002.00,0.0073
2001.00,0.0074
2000.00,0.0074
1999.00,0.0075
1998.00,0.0076
1997.00,0.0077
1996.00,0.0078
1995.00,0.0080
1994.00,0.0081
1993.00,0.0081
1992.00,0.0080
1991.00,0.0080
1990.00,0.0080
1989.00,0.0080
1988.00,0.0080
1987.00,0.0081
1986.00,0.0081
1985.00,0.0081
1984.00,0.0083
1983.00,0.0084
1982.00,0.0085
1981.00,0.0086
1980.00,0.0085
1979.00,0.0082
1978.00,0.0079
1977.00,0.0078
1976.00,0.0077
1975.00,0.0076
1974.00,0.0075
1973.00,0.0073
1972.00,0.0072
1971.00,0.0071
1970.00,0.0071
1969.00,0.0072
1968.00,0.0073
1967.00,0.0072
1966.00,0.0072
1965.00,0.0071
1964.00,0.0070
1963.00,0.0069
1962.00,0.0069
1961.00,0.0069
1960.00,0.0069
1959.00,0.0068
1958.00,0.0068
1957.00,0.0068
1956.00,0.0068
1955.00,0.0069
1954.00,0.0069
1953.00,0.0070
1952.00,0.0071
1951.00,0.0071
1950.00,0.0071
1949.00,0.0071
1948.00,0.0071
1947.00,0.0071
1946.00,0.0071
1945.00,0.0071
1944.00,0.0072
1943.00,0.0071
1942.00,0.0071
1941.00,0.0071
1940.00,0.0071
1939.00,0.0071
1938.00,0.0072
1937.00,0.0072
1936.00,0.0073
1935.00,0.0074
1934.00,0.0074
1933.00,0.0073
1932.00,0.0073
1931.00,0.0072
1930.00,0.0072
1929.00,0.0072
1928.00,0.0072
1927.00,0.0071
1926.00,0.0071
1925.00,0.0071
1924.00,0.0071
1923.00,0.0072
1922.00,0.0072
1921.00,0.0072
1920.00,0.0072
1919.00,0.0072
1918.00,0.0072
1917.00,0.0072
1916.00,0.0073
1915.00,0.0073
1914.00,0.0073
1913.00,0.0073
1912.00,0.0073
1911.00,0.0073
1910.00,0.0073
1909.00,0.0073
1908.00,0.0073
1907.00,0.0073
1906.00,0.0073
1905.00,0.0073
1904.00,0.0073
1903.00,0.0072
1902.00,0.0072
1901.00,0.0072
1900.00,0.0073
1899.00,0.0073
1898.00,0.0073
1897.00,0.0073
1896.00,0.0073
1895.00,0.0073
1894.00,0.0073
1893.00,0.0073
1892.00,0.0073
1891.00,0.0073
1890.00,0.0072
1889.00,0.0072
1888.00,0.0072
1887.00,0.0072
1886.00,0.0072
1885.00,0.0071
1884.00,0.0071
1883.00,0.0071
1882.00,0.0071
1881.00,0.0071
1880.00,0.0071
1879.00,0.0071
1878.00,0.0071
1877.00,0.0071
1876.00,0.0071
1875.00,0.0071
1874.00,0.0071
1873.00,0.0071
1872.00,0.0070
1871.00,0.0070
1870.00,0.0069
1869.00,0.0069
1868.00,0.0069
1867.00,0.0070
1866.00,0.0070
1865.00,0.0070
1864.00,0.0070
1863.00,0.0070
1862.00,0.0069
1861.00,0.0069
1860.00,0.0069
1859.00,0.0069
1858.00,0.0069
1857.00,0.0069
1856.00,0.0069
1855.00,0.0069
1854.00,0.0069
1853.00,0.0069
1852.00,0.0069
1851.00,0.0069
1850.00,0.0068
1849.00,0.0068
1848.00,0.0068
1847.00,0.0068
1846.00,0.0068
1845.00,0.0068
1844.00,0.0068
1843.00,0.0068
1842.00,0.0068
1841.00,0.0068
1840.00,0.0069
1839.00,0.0068
1838.00,0.0068
1837.00,0.0068
1836.00,0.0068
1835.00,0.0068
1834.00,0.0068
1833.00,0.0068
1832.00,0.0068
1831.00,0.0068
1830.00,0.0067
1829.00,0.0067
1828.00,0.0067
1827.00,0.0067
1826.00,0.0067
1825.00,0.0067
1824.00,0.0068
1823.00,0.0068
1822.00,0.0068
1821.00,0.0068
1820.00,0.0067
1819.00,0.0066
1818.00,0.0066
1817.00,0.0065
1816.00,0.0066
1815.00,0.0066
1814.00,0.0067
1813.00,0.0067
1812.00,0.0067
1811.00,0.0067
1810.00,0.0067
1809.00,0.0067
1808.00,0.0067
1807.00,0.0067
1806.00,0.0067
1805.00,0.0067
1804.00,0.0067
1803.00,0.0067
1802.00,0.0067
1801.00,0.0067
1800.00,0.0068
1799.00,0.0068
1798.00,0.0068
1797.00,0.0068
1796.00,0.0068
1795.00,0.0067
1794.00,0.0067
1793.00,0.0067
1792.00,0.0067
1791.00,0.0067
1790.00,0.0068
1789.00,0.0068
1788.00,0.0068
1787.00,0.0068
1786.00,0.0068
1785.00,0.0068
1784.00,0.0068
1783.00,0.0068
1782.00,0.0067
1781.00,0.0067
1780.00,0.0067
1779.00,0.0067
1778.00,0.0067
1777.00,0.0067
1776.00,0.0067
1775.00,0.0066
1774.00,0.0066
1773.00,0.0066
1772.00,0.0067
1771.00,0.0067
1770.00,0.0067
1769.00,0.0067
1768.00,0.0067
1767.00,0.0067
1766.00,0.0067
1765.00,0.0067
1764.00,0.0067
1763.00,0.0067
1762.00,0.0067
1761.00,0.0067
1760.00,0.0068
1759.00,0.0068
1758.00,0.0068
1757.00,0.0068
1756.00,0.0068
1755.00,0.0068
1754.00,0.0068
1753.00,0.0068
1752.00,0.0068
1751.00,0.0068
1750.00,0.0068
1749.00,0.0069
1748.00,0.0069
1747.00,0.0069
1746.00,0.0068
1745.00,0.0068
1744.00,0.0069
1743.00,0.0069
1742.00,0.0069
1741.00,0.0070
1740.00,0.0070
1739.00,0.0071
1738.00,0.0071
1737.00,0.0071
1736.00,0.0072
1735.00,0.0073
1734.00,0.0073
1733.00,0.0074
1732.00,0.0075
1731.00,0.0075
1730.00,0.0076
1729.00,0.0077
1728.00,0.0078
1727.00,0.0079
1726.00,0.0080
1725.00,0.0081
1724.00,0.0083
1723.00,0.0084
1722.00,0.0085
1721.00,0.0087
1720.00,0.0089
1719.00,0.0091
1718.00,0.0094
1717.00,0.0098
1716.00,0.0102
1715.00,0.0106
1714.00,0.0111
1713.00,0.0116
1712.00,0.0122
1711.00,0.0129
1710.00,0.0137
1709.00,0.0147
1708.00,0.0158
1707.00,0.0173
1706.00,0.0191
1705.00,0.0212
1704.00,0.0234
1703.00,0.0256
1702.00,0.0278
1701.00,0.0302
1700.00,0.0323
1699.00,0.0336
1698.00,0.0342
1697.00,0.0345
1696.00,0.0347
1695.00,0.0347
1694.00,0.0346
1693.00,0.0347
1692.00,0.0350
1691.00,0.0355
1690.00,0.0360
1689.00,0.0367
1688.00,0.0373
1687.00,0.0381
1686.00,0.0391
1685.00,0.0403
1684.00,0.0417
1683.00,0.0430
1682.00,0.0442
1681.00,0.0456
1680.00,0.0471
1679.00,0.0486
1678.00,0.0501
1677.00,0.0518
1676.00,0.0537
1675.00,0.0557
1674.00,0.0576
1673.00,0.0593
1672.00,0.0611
1671.00,0.0630
1670.00,0.0652
1669.00,0.0674
1668.00,0.0694
1667.00,0.0713
1666.00,0.0732
1665.00,0.0751
1664.00,0.0773
1663.00,0.0796
1662.00,0.0818
1661.00,0.0839
1660.00,0.0860
1659.00,0.0880
1658.00,0.0900
1657.00,0.0917
1656.00,0.0934
1655.00,0.0953
1654.00,0.0976
1653.00,0.1000
1652.00,0.1018
1651.00,0.1028
1650.00,0.1037
1649.00,0.1049
1648.00,0.1064
1647.00,0.1079
1646.00,0.1093
1645.00,0.1105
1644.00,0.1116
1643.00,0.1128
1642.00,0.1140
1641.00,0.1153
1640.00,0.1167
1639.00,0.1180
1638.00,0.1194
1637.00,0.1212
1636.00,0.1232
1635.00,0.1251
1634.00,0.1266
1633.00,0.1279
1632.00,0.1292
1631.00,0.1306
1630.00,0.1319
1629.00,0.1331
1628.00,0.1341
1627.00,0.1347
1626.00,0.1350
1625.00,0.1348
1624.00,0.1342
1623.00,0.1330
1622.00,0.1310
1621.00,0.1286
1620.00,0.1260
1619.00,0.1233
1618.00,0.1200
1617.00,0.1161
1616.00,0.1117
1615.00,0.1075
1614.00,0.1037
1613.00,0.1002
1612.00,0.0965
1611.00,0.0927
1610.00,0.0888
1609.00,0.0849
1608.00,0.0811
1607.00,0.0774
1606.00,0.0741
1605.00,0.0709
1604.00,0.0680
1603.00,0.0653
1602.00,0.0629
1601.00,0.0608
1600.00,0.0589
1599.00,0.0572
1598.00,0.0557
1597.00,0.0544
1596.00,0.0531
1595.00,0.0518
1594.00,0.0507
1593.00,0.0496
1592.00,0.0485
1591.00,0.0475
1590.00,0.0467
1589.00,0.0459
1588.00,0.0453
1587.00,0.0448
1586.00,0.0444
1585.00,0.0442
1584.00,0.0441
1583.00,0.0441
1582.00,0.0443
1581.00,0.0446
1580.00,0.0449
1579.00,0.0453
1578.00,0.0458
1577.00,0.0466
1576.00,0.0473
1575.00,0.0480
1574.00,0.0488
1573.00,0.0495
1572.00,0.0504
1571.00,0.0515
1570.00,0.0528
1569.00,0.0541
1568.00,0.0554
1567.00,0.0566
1566.00,0.0581
1565.00,0.0596
1564.00,0.0610
1563.00,0.0624
1562.00,0.0637
1561.00,0.0653
1560.00,0.0672
1559.00,0.0695
1558.00,0.0715
1557.00,0.0730
1556.00,0.0744
1555.00,0.0760
1554.00,0.0777
1553.00,0.0793
1552.00,0.0808
1551.00,0.0823
1550.00,0.0839
1549.00,0.0854
1548.00,0.0868
1547.00,0.0881
1546.00,0.0894
1545.00,0.0908
1544.00,0.0920
1543.00,0.0933
1542.00,0.0946
1541.00,0.0960
1540.00,0.0975
1539.00,0.0987
1538.00,0.0997
1537.00,0.1004
1536.00,0.1013
1535.00,0.1023
1534.00,0.1036
1533.00,0.1048
1532.00,0.1058
1531.00,0.1067
1530.00,0.1077
1529.00,0.1087
1528.00,0.1097
1527.00,0.1107
1526.00,0.1117
1525.00,0.1126
1524.00,0.1135
1523.00,0.1145
1522.00,0.1158
1521.00,0.1171
1520.00,0.1182
1519.00,0.1193
1518.00,0.1204
1517.00,0.1214
1516.00,0.1218
1515.00,0.1215
1514.00,0.1207
1513.00,0.1193
1512.00,0.1175
1511.00,0.1153
1510.00,0.1131
1509.00,0.1109
1508.00,0.1084
1507.00,0.1054
1506.00,0.1019
1505.00,0.0986
1504.00,0.0957
1503.00,0.0932
1502.00,0.0907
1501.00,0.0881
1500.00,0.0854
1499.00,0.0827
1498.00,0.0799
1497.00,0.0771
1496.00,0.0742
1495.00,0.0715
1494.00,0.0692
1493.00,0.0670
1492.00,0.0650
1491.00,0.0630
1490.00,0.0609
1489.00,0.0589
1488.00,0.0571
1487.00,0.0555
1486.00,0.0541
1485.00,0.0528
1484.00,0.0516
1483.00,0.0506
1482.00,0.0496
1481.00,0.0487
1480.00,0.0479
1479.00,0.0472
1478.00,0.0466
1477.00,0.0462
1476.00,0.0458
1475.00,0.0456
1474.00,0.0456
1473.00,0.0456
1472.00,0.0456
1471.00,0.0456
1470.00,0.0457
1469.00,0.0457
1468.00,0.0458
1467.00,0.0459
1466.00,0.0460
1465.00,0.0461
1464.00,0.0462
1463.00,0.0463
1462.00,0.0466
1461.00,0.0470
1460.00,0.0476
1459.00,0.0483
1458.00,0.0493
1457.00,0.0506
1456.00,0.0519
1455.00,0.0530
1454.00,0.0541
1453.00,0.0551
1452.00,0.0562
1451.00,0.0570
1450.00,0.0577
1449.00,0.0581
1448.00,0.0583
1447.00,0.0583
1446.00,0.0580
1445.00,0.0577
1444.00,0.0572
1443.00,0.0566
1442.00,0.0559
1441.00,0.0552
1440.00,0.0543
1439.00,0.0534
1438.00,0.0523
1437.00,0.0511
1436.00,0.0497
1435.00,0.0485
1434.00,0.0474
1433.00,0.0465
1432.00,0.0456
1431.00,0.0448
1430.00,0.0441
1429.00,0.0435
1428.00,0.0431
1427.00,0.0428
1426.00,0.0427
1425.00,0.0426
1424.00,0.0426
1423.00,0.0428
1422.00,0.0430
1421.00,0.0432
1420.00,0.0436
1419.00,0.0441
1418.00,0.0445
1417.00,0.0450
1416.00,0.0454
1415.00,0.0458
1414.00,0.0462
1413.00,0.0465
1412.00,0.0468
1411.00,0.0470
1410.00,0.0471
1409.00,0.0472
1408.00,0.0472
1407.00,0.0472
1406.00,0.0470
1405.00,0.0469
1404.00,0.0466
1403.00,0.0464
1402.00,0.0461
1401.00,0.0459
1400.00,0.0457
1399.00,0.0455
1398.00,0.0453
1397.00,0.0452
1396.00,0.0451
1395.00,0.0451
1394.00,0.0451
1393.00,0.0451
1392.00,0.0452
1391.00,0.0452
1390.00,0.0453
1389.00,0.0453
1388.00,0.0453
1387.00,0.0453
1386.00,0.0452
1385.00,0.0452
1384.00,0.0451
1383.00,0.0451
1382.00,0.0450
1381.00,0.0449
1380.00,0.0449
1379.00,0.0448
1378.00,0.0447
1377.00,0.0446
1376.00,0.0446
1375.00,0.0445
1374.00,0.0445
1373.00,0.0445
1372.00,0.0444
1371.00,0.0444
1370.00,0.0443
1369.00,0.0441
1368.00,0.0439
1367.00,0.0435
1366.00,0.0430
1365.00,0.0425
1364.00,0.0419
1363.00,0.0414
1362.00,0.0408
1361.00,0.0404
1360.00,0.0400
1359.00,0.0397
1358.00,0.0395
1357.00,0.0393
1356.00,0.0391
1355.00,0.0390
1354.00,0.0390
1353.00,0.0390
1352.00,0.0390
1351.00,0.0391
1350.00,0.0391
1349.00,0.0392
1348.00,0.0393
1347.00,0.0395
1346.00,0.0396
1345.00,0.0398
1344.00,0.0399
1343.00,0.0401
1342.00,0.0402
1341.00,0.0404
1340.00,0.0405
1339.00,0.0406
1338.00,0.0406
1337.00,0.0407
1336.00,0.0406
1335.00,0.0406
1334.00,0.0405
1333.00,0.0403
1332.00,0.0401
1331.00,0.0398
1330.00,0.0396
1329.00,0.0393
1328.00,0.0390
1327.00,0.0387
1326.00,0.0384
1325.00,0.0381
1324.00,0.0378
1323.00,0.0376
1322.00,0.0375
1321.00,0.0373
1320.00,0.0372
1319.00,0.0371
1318.00,0.0371
1317.00,0.0371
1316.00,0.0371
1315.00,0.0371
1314.00,0.0371
1313.00,0.0372
1312.00,0.0372
1311.00,0.0372
1310.00,0.0372
1309.00,0.0372
1308.00,0.0372
1307.00,0.0373
1306.00,0.0373
1305.00,0.0372
1304.00,0.0372
1303.00,0.0372
1302.00,0.0371
1301.00,0.0371
1300.00,0.0370
1299.00,0.0370
1298.00,0.0369
1297.00,0.0368
1296.00,0.0368
1295.00,0.0367
1294.00,0.0367
1293.00,0.0366
1292.00,0.0366
1291.00,0.0365
1290.00,0.0365
1289.00,0.0366
1288.00,0.0367
1287.00,0.0368
1286.00,0.0371
1285.00,0.0373
1284.00,0.0377
1283.00,0.0380
1282.00,0.0384
1281.00,0.0388
1280.00,0.0393
1279.00,0.0398
1278.00,0.0403
1277.00,0.0408
1276.00,0.0414
1275.00,0.0421
1274.00,0.0428
1273.00,0.0435
1272.00,0.0443
1271.00,0.0451
1270.00,0.0459
1269.00,0.0467
1268.00,0.0474
1267.00,0.0481
1266.00,0.0487
1265.00,0.0492
1264.00,0.0496
1263.00,0.0500
1262.00,0.0502
1261.00,0.0504
1260.00,0.0506
1259.00,0.0507
1258.00,0.0508
1257.00,0.0509
1256.00,0.0510
1255.00,0.0512
1254.00,0.0514
1253.00,0.0516
1252.00,0.0518
1251.00,0.0521
1250.00,0.0524
1249.00,0.0527
1248.00,0.0531
1247.00,0.0535
1246.00,0.0539
1245.00,0.0544
1244.00,0.0548
1243.00,0.0553
1242.00,0.0557
1241.00,0.0562
1240.00,0.0567
1239.00,0.0572
1238.00,0.0577
1237.00,0.0582
1236.00,0.0587
1235.00,0.0591
1234.00,0.0595
1233.00,0.0598
1232.00,0.0599
1231.00,0.0599
1230.00,0.0598
1229.00,0.0595
1228.00,0.0591
1227.00,0.0585
1226.00,0.0578
1225.00,0.0570
1224.00,0.0562
1223.00,0.0552
1222.00,0.0543
1221.00,0.0533
1220.00,0.0523
1219.00,0.0512
1218.00,0.0501
1217.00,0.0491
1216.00,0.0480
1215.00,0.0468
1214.00,0.0457
1213.00,0.0446
1212.00,0.0434
1211.00,0.0423
1210.00,0.0413
1209.00,0.0402
1208.00,0.0392
1207.00,0.0382
1206.00,0.0373
1205.00,0.0364
1204.00,0.0356
1203.00,0.0348
1202.00,0.0341
1201.00,0.0334
1200.00,0.0327
1199.00,0.0322
1198.00,0.0317
1197.00,0.0312
1196.00,0.0308
1195.00,0.0305
1194.00,0.0303
1193.00,0.0300
1192.00,0.0299
1191.00,0.0297
1190.00,0.0296
1189.00,0.0296
1188.00,0.0295
1187.00,0.0295
1186.00,0.0295
1185.00,0.0296
1184.00,0.0297
1183.00,0.0298
1182.00,0.0301
1181.00,0.0304
1180.00,0.0308
1179.00,0.0312
1178.00,0.0318
1177.00,0.0324
1176.00,0.0331
1175.00,0.0337
1174.00,0.0344
1173.00,0.0349
1172.00,0.0353
1171.00,0.0357
1170.00,0.0359
1169.00,0.0361
1168.00,0.0363
1167.00,0.0363
1166.00,0.0364
1165.00,0.0364
1164.00,0.0363
1163.00,0.0361
1162.00,0.0359
1161.00,0.0356
1160.00,0.0353
1159.00,0.0349
1158.00,0.0345
1157.00,0.0340
1156.00,0.0336
1155.00,0.0331
1154.00,0.0326
1153.00,0.0320
1152.00,0.0315
1151.00,0.0310
1150.00,0.0305
1149.00,0.0300
1148.00,0.0296
1147.00,0.0291
1146.00,0.0288
1145.00,0.0284
1144.00,0.0280
1143.00,0.0277
1142.00,0.0275
1141.00,0.0273
1140.00,0.0271
1139.00,0.0270
1138.00,0.0269
1137.00,0.0268
1136.00,0.0267
1135.00,0.0267
1134.00,0.0267
1133.00,0.0267
1132.00,0.0267
1131.00,0.0267
1130.00,0.0268
1129.00,0.0268
1128.00,0.0269
1127.00,0.0269
1126.00,0.0270
1125.00,0.0270
1124.00,0.0270
1123.00,0.0271
1122.00,0.0271
1121.00,0.0272
1120.00,0.0272
1119.00,0.0272
1118.00,0.0272
1117.00,0.0273
1116.00,0.0273
1115.00,0.0273
1114.00,0.0274
1113.00,0.0274
1112.00,0.0274
1111.00,0.0274
1110.00,0.0275
1109.00,0.0276
1108.00,0.0277
1107.00,0.0277
1106.00,0.0279
1105.00,0.0279
1104.00,0.0279
1103.00,0.0279
1102.00,0.0279
1101.00,0.0278
1100.00,0.0276
1099.00,0.0275
1098.00,0.0273
1097.00,0.0272
1096.00,0.0271
1095.00,0.0270
1094.00,0.0270
1093.00,0.0270
1092.00,0.0271
1091.00,0.0272
1090.00,0.0274
1089.00,0.0276
1088.00,0.0278
1087.00,0.0280
1086.00,0.0283
1085.00,0.0285
1084.00,0.0287
1083.00,0.0290
1082.00,0.0292
1081.00,0.0295
1080.00,0.0297
1079.00,0.0300
1078.00,0.0302
1077.00,0.0304
1076.00,0.0305
1075.00,0.0307
1074.00,0.0308
1073.00,0.0310
1072.00,0.0311
1071.00,0.0312
1070.00,0.0313
1069.00,0.0314
1068.00,0.0314
1067.00,0.0315
1066.00,0.0316
1065.00,0.0316
1064.00,0.0317
1063.00,0.0317
1062.00,0.0317
1061.00,0.0316
1060.00,0.0315
1059.00,0.0315
1058.00,0.0315
1057.00,0.0314
1056.00,0.0313
1055.00,0.0312
1054.00,0.0311
1053.00,0.0309
1052.00,0.0308
1051.00,0.0306
1050.00,0.0305
1049.00,0.0304
1048.00,0.0302
1047.00,0.0300
1046.00,0.0298
1045.00,0.0296
1044.00,0.0294
1043.00,0.0291
1042.00,0.0289
1041.00,0.0288
1040.00,0.0286
1039.00,0.0284
1038.00,0.0283
1037.00,0.0283
1036.00,0.0282
1035.00,0.0281
1034.00,0.0280
1033.00,0.0280
1032.00,0.0279
1031.00,0.0278
1030.00,0.0277
1029.00,0.0276
1028.00,0.0275
1027.00,0.0275
1026.00,0.0275
1025.00,0.0275
1024.00,0.0275
1023.00,0.0276
1022.00,0.0278
1021.00,0.0281
1020.00,0.0283
1019.00,0.0286
1018.00,0.0288
1017.00,0.0291
1016.00,0.0292
1015.00,0.0293
1014.00,0.0294
1013.00,0.0294
1012.00,0.0292
1011.00,0.0291
1010.00,0.0290
1009.00,0.0289
1008.00,0.0288
1007.00,0.0287
1006.00,0.0287
1005.00,0.0288
1004.00,0.0288
1003.00,0.0289
1002.00,0.0290
1001.00,0.0290
1000.00,0.0290
999.00,0.0289
998.00,0.0287
997.00,0.0283
996.00,0.0279
995.00,0.0275
994.00,0.0270
993.00,0.0264
992.00,0.0259
991.00,0.0254
990.00,0.0249
989.00,0.0246
988.00,0.0243
987.00,0.0241
986.00,0.0241
985.00,0.0241
984.00,0.0241
983.00,0.0242
982.00,0.0244
981.00,0.0246
980.00,0.0248
979.00,0.0251
978.00,0.0253
977.00,0.0254
976.00,0.0255
975.00,0.0254
974.00,0.0253
973.00,0.0251
972.00,0.0248
971.00,0.0244
970.00,0.0241
969.00,0.0238
968.00,0.0234
967.00,0.0231
966.00,0.0228
965.00,0.0226
964.00,0.0225
963.00,0.0223
962.00,0.0222
961.00,0.0221
960.00,0.0219
959.00,0.0219
958.00,0.0218
957.00,0.0217
956.00,0.0216
955.00,0.0216
954.00,0.0216
953.00,0.0216
952.00,0.0215
951.00,0.0214
950.00,0.0214
949.00,0.0213
948.00,0.0213
947.00,0.0212
946.00,0.0212
945.00,0.0212
944.00,0.0212
943.00,0.0211
942.00,0.0211
941.00,0.0211
940.00,0.0211
939.00,0.0211
938.00,0.0211
937.00,0.0212
936.00,0.0211
935.00,0.0212
934.00,0.0212
933.00,0.0212
932.00,0.0212
931.00,0.0212
930.00,0.0212
929.00,0.0212
928.00,0.0211
927.00,0.0211
926.00,0.0210
925.00,0.0209
924.00,0.0207
923.00,0.0205
922.00,0.0203
921.00,0.0201
920.00,0.0199
919.00,0.0197
918.00,0.0195
917.00,0.0194
916.00,0.0192
915.00,0.0191
914.00,0.0190
913.00,0.0189
912.00,0.0188
911.00,0.0187
910.00,0.0187
909.00,0.0186
908.00,0.0185
907.00,0.0184
906.00,0.0184
905.00,0.0184
904.00,0.0183
903.00,0.0183
902.00,0.0183
901.00,0.0183
900.00,0.0182
899.00,0.0182
898.00,0.0183
897.00,0.0183
896.00,0.0183
895.00,0.0184
894.00,0.0184
893.00,0.0184
892.00,0.0184
891.00,0.0184
890.00,0.0184
889.00,0.0184
888.00,0.0184
887.00,0.0185
886.00,0.0185
885.00,0.0186
884.00,0.0187
883.00,0.0187
882.00,0.0188
881.00,0.0189
880.00,0.0189
879.00,0.0189
878.00,0.0190
877.00,0.0190
876.00,0.0191
875.00,0.0191
874.00,0.0191
873.00,0.0192
872.00,0.0192
871.00,0.0192
870.00,0.0193
869.00,0.0193
868.00,0.0194
867.00,0.0195
866.00,0.0196
865.00,0.0198
864.00,0.0199
863.00,0.0201
862.00,0.0203
861.00,0.0206
860.00,0.0208
859.00,0.0211
858.00,0.0215
857.00,0.0218
856.00,0.0220
855.00,0.0223
854.00,0.0226
853.00,0.0228
852.00,0.0230
851.00,0.0231
850.00,0.0231
849.00,0.0231
848.00,0.0229
847.00,0.0229
846.00,0.0228
845.00,0.0229
844.00,0.0229
843.00,0.0230
842.00,0.0232
841.00,0.0234
840.00,0.0236
839.00,0.0238
838.00,0.0241
837.00,0.0244
836.00,0.0247
835.00,0.0250
834.00,0.0254
833.00,0.0257
832.00,0.0260
831.00,0.0262
830.00,0.0264
829.00,0.0266
828.00,0.0266
827.00,0.0266
826.00,0.0266
825.00,0.0265
824.00,0.0263
823.00,0.0262
822.00,0.0261
821.00,0.0261
820.00,0.0261
819.00,0.0261
818.00,0.0261
817.00,0.0262
816.00,0.0263
815.00,0.0264
814.00,0.0266
813.00,0.0268
812.00,0.0269
811.00,0.0271
810.00,0.0273
809.00,0.0275
808.00,0.0276
807.00,0.0277
806.00,0.0278
805.00,0.0280
804.00,0.0281
803.00,0.0282
802.00,0.0283
801.00,0.0285
800.00,0.0285
799.00,0.0287
798.00,0.0288
797.00,0.0290
796.00,0.0292
795.00,0.0294
794.00,0.0296
793.00,0.0299
792.00,0.0301
791.00,0.0304
790.00,0.0307
789.00,0.0311
788.00,0.0314
787.00,0.0316
786.00,0.0320
785.00,0.0323
784.00,0.0326
783.00,0.0329
782.00,0.0332
781.00,0.0335
780.00,0.0337
779.00,0.0340
778.00,0.0343
777.00,0.0346
776.00,0.0349
775.00,0.0353
774.00,0.0357
773.00,0.0360
772.00,0.0363
771.00,0.0366
770.00,0.0370
769.00,0.0373
768.00,0.0376
767.00,0.0379
766.00,0.0382
765.00,0.0384
764.00,0.0386
763.00,0.0389
762.00,0.0391
761.00,0.0393
760.00,0.0396
759.00,0.0398
758.00,0.0401
757.00,0.0404
756.00,0.0407
755.00,0.0410
754.00,0.0414
753.00,0.0418
752.00,0.0422
751.00,0.0425
750.00,0.0430
749.00,0.0435
748.00,0.0439
747.00,0.0444
746.00,0.0450
745.00,0.0455
744.00,0.0460
743.00,0.0465
742.00,0.0471
741.00,0.0476
740.00,0.0482
739.00,0.0487
738.00,0.0493
737.00,0.0499
736.00,0.0505
735.00,0.0512
734.00,0.0519
733.00,0.0526
732.00,0.0532
731.00,0.0538
730.00,0.0545
729.00,0.0551
728.00,0.0558
727.00,0.0564
726.00,0.0572
725.00,0.0578
724.00,0.0585
723.00,0.0591
722.00,0.0598
721.00,0.0604
720.00,0.0609
719.00,0.0614
718.00,0.0619
717.00,0.0623
716.00,0.0626
715.00,0.0630
714.00,0.0635
713.00,0.0639
712.00,0.0644
711.00,0.0650
710.00,0.0655
709.00,0.0661
708.00,0.0666
707.00,0.0671
706.00,0.0676
705.00,0.0682
704.00,0.0687
703.00,0.0691
702.00,0.0696
701.00,0.0700
700.00,0.0704
699.00,0.0707
698.00,0.0711
697.00,0.0714
696.00,0.0716
695.00,0.0718
694.00,0.0721
693.00,0.0723
692.00,0.0725
691.00,0.0726
690.00,0.0728
689.00,0.0730
688.00,0.0731
687.00,0.0732
686.00,0.0733
685.00,0.0735
684.00,0.0736
683.00,0.0737
682.00,0.0739
681.00,0.0740
680.00,0.0741
679.00,0.0742
678.00,0.0743
677.00,0.0745
676.00,0.0745
675.00,0.0746
674.00,0.0748
673.00,0.0749
672.00,0.0750
671.00,0.0751
670.00,0.0753
669.00,0.0755
668.00,0.0756
667.00,0.0758
666.00,0.0760
665.00,0.0760
664.00,0.0761
663.00,0.0762
662.00,0.0764
661.00,0.0767
660.00,0.0768
659.00,0.0771
658.00,0.0773
657.00,0.0776
656.00,0.0778
655.00,0.0779
654.00,0.0782
653.00,0.0784
652.00,0.0786
651.00,0.0788
650.00,0.0791
649.00,0.0794
648.00,0.0796
647.00,0.0798
646.00,0.0800
645.00,0.0802
644.00,0.0803
643.00,0.0804
642.00,0.0805
641.00,0.0806
640.00,0.0807
639.00,0.0807
638.00,0.0808
637.00,0.0808
636.00,0.0807
635.00,0.0806
634.00,0.0806
633.00,0.0806
632.00,0.0805
631.00,0.0804
630.00,0.0804
629.00,0.0803
628.00,0.0802
627.00,0.0802
626.00,0.0802
625.00,0.0802
624.00,0.0803
623.00,0.0805
622.00,0.0808
621.00,0.0811
620.00,0.0814
619.00,0.0817
618.00,0.0821
617.00,0.0825
616.00,0.0829
615.00,0.0832
614.00,0.0834
613.00,0.0836
612.00,0.0836
611.00,0.0835
610.00,0.0834
609.00,0.0831
608.00,0.0826
607.00,0.0821
606.00,0.0816
605.00,0.0812
604.00,0.0806
603.00,0.0801
602.00,0.0797
601.00,0.0794
600.00,0.0791
599.00,0.0787
598.00,0.0786
597.00,0.0785
596.00,0.0783
595.00,0.0783
594.00,0.0784
593.00,0.0783
592.00,0.0782
591.00,0.0781
590.00,0.0781
589.00,0.0782
588.00,0.0782
587.00,0.0781
586.00,0.0782
585.00,0.0783
584.00,0.0783
583.00,0.0784
582.00,0.0786
581.00,0.0788
580.00,0.0789
579.00,0.0790
578.00,0.0792
577.00,0.0794
576.00,0.0796
575.00,0.0798
574.00,0.0800
573.00,0.0803
572.00,0.0806
571.00,0.0810
570.00,0.0815
569.00,0.0820
568.00,0.0825
567.00,0.0830
566.00,0.0838
565.00,0.0845
564.00,0.0852
563.00,0.0859
562.00,0.0867
561.00,0.0877
560.00,0.0887
559.00,0.0896
558.00,0.0907
557.00,0.0916
556.00,0.0924
555.00,0.0930
554.00,0.0936
553.00,0.0940
552.00,0.0941
551.00,0.0941
550.00,0.0942
549.00,0.0942
548.00,0.0939
547.00,0.0935
546.00,0.0931
545.00,0.0927
544.00,0.0922
543.00,0.0917
542.00,0.0913
541.00,0.0909
540.00,0.0903
539.00,0.0898
538.00,0.0894
537.00,0.0890
536.00,0.0886
535.00,0.0882
534.00,0.0879
533.00,0.0875
532.00,0.0870
531.00,0.0865
530.00,0.0862
529.00,0.0858
528.00,0.0854
527.00,0.0851
526.00,0.0850
525.00,0.0848
524.00,0.0845
523.00,0.0841
522.00,0.0840
521.00,0.0838
520.00,0.0835
519.00,0.0833
518.00,0.0833
517.00,0.0832
516.00,0.0828
515.00,0.0824
514.00,0.0821
513.00,0.0819
512.00,0.0816
511.00,0.0813
510.00,0.0811
509.00,0.0809
508.00,0.0805
507.00,0.0801
506.00,0.0798
505.00,0.0796
504.00,0.0791
503.00,0.0788
502.00,0.0788
501.00,0.0788
500.00,0.0786
499.00,0.0784
498.00,0.0783
497.00,0.0781
496.00,0.0778
495.00,0.0776
494.00,0.0776
493.00,0.0777
492.00,0.0776
491.00,0.0776
490.00,0.0777
489.00,0.0777
488.00,0.0774
487.00,0.0770
486.00,0.0767
485.00,0.0764
484.00,0.0760
483.00,0.0757
482.00,0.0758
481.00,0.0756
480.00,0.0751
479.00,0.0745
478.00,0.0742
477.00,0.0740
476.00,0.0737
475.00,0.0736
474.00,0.0737
473.00,0.0738
472.00,0.0737
471.00,0.0736
470.00,0.0737
469.00,0.0736
468.00,0.0731
467.00,0.0727
466.00,0.0728
465.00,0.0730
464.00,0.0729
463.00,0.0728
462.00,0.0730
461.00,0.0729
460.00,0.0724
459.00,0.0718
458.00,0.0716
457.00,0.0715
456.00,0.0712
455.00,0.0710
454.00,0.0711
453.00,0.0711
452.00,0.0709
451.00,0.0707
450.00,0.0708
449.00,0.0709
448.00,0.0706
447.00,0.0707
446.00,0.0711
445.00,0.0715
444.00,0.0716
443.00,0.0715
442.00,0.0716
441.00,0.0715
440.00,0.0710
439.00,0.0706
438.00,0.0707
437.00,0.0710
436.00,0.0711
435.00,0.0715
434.00,0.0726
433.00,0.0738
432.00,0.0746
431.00,0.0753
430.00,0.0763
429.00,0.0769
428.00,0.0769
427.00,0.0771
426.00,0.0778
425.00,0.0782
424.00,0.0778
423.00,0.0771
422.00,0.0769
421.00,0.0766
420.00,0.0758
419.00,0.0749
418.00,0.0744
417.00,0.0741
416.00,0.0734
415.00,0.0729
414.00,0.0728
413.00,0.0724
412.00,0.0710
411.00,0.0699
410.00,0.0696
409.00,0.0695
408.00,0.0688
407.00,0.0684
406.00,0.0688
405.00,0.0689
404.00,0.0678
403.00,0.0667
402.00,0.0669
401.00,0.0673
400.00,0.0670
