Created as New Dataset,Sample 799 By YargerLab Date Wednesday, March 25 2026
cm-1,A
4000.00,-0.0023
3999.00,-0.0023
3998.00,-0.0023
3997.00,-0.0024
3996.00,-0.0024
3995.00,-0.0024
3994.00,-0.0024
3993.00,-0.0024
3992.00,-0.0024
3991.00,-0.0024
3990.00,-0.0023
3989.00,-0.0023
3988.00,-0.0023
3987.00,-0.0023
3986.00,-0.0023
3985.00,-0.0023
3984.00,-0.0023
3983.00,-0.0023
3982.00,-0.0023
3981.00,-0.0023
3980.00,-0.0023
3979.00,-0.0023
3978.00,-0.0023
3977.00,-0.0023
3976.00,-0.0023
3975.00,-0.0023
3974.00,-0.0023
3973.00,-0.0023
3972.00,-0.0023
3971.00,-0.0023
3970.00,-0.0023
3969.00,-0.0023
3968.00,-0.0023
3967.00,-0.0023
3966.00,-0.0023
3965.00,-0.0023
3964.00,-0.0023
3963.00,-0.0023
3962.00,-0.0023
3961.00,-0.0023
3960.00,-0.0023
3959.00,-0.0023
3958.00,-0.0023
3957.00,-0.0023
3956.00,-0.0023
3955.00,-0.0023
3954.00,-0.0023
3953.00,-0.0023
3952.00,-0.0023
3951.00,-0.0023
3950.00,-0.0022
3949.00,-0.0022
3948.00,-0.0022
3947.00,-0.0022
3946.00,-0.0022
3945.00,-0.0022
3944.00,-0.0022
3943.00,-0.0022
3942.00,-0.0022
3941.00,-0.0022
3940.00,-0.0022
3939.00,-0.0022
3938.00,-0.0022
3937.00,-0.0022
3936.00,-0.0022
3935.00,-0.0022
3934.00,-0.0021
3933.00,-0.0021
3932.00,-0.0021
3931.00,-0.0022
3930.00,-0.0022
3929.00,-0.0022
3928.00,-0.0022
3927.00,-0.0022
3926.00,-0.0022
3925.00,-0.0022
3924.00,-0.0022
3923.00,-0.0022
3922.00,-0.0021
3921.00,-0.0021
3920.00,-0.0021
3919.00,-0.0021
3918.00,-0.0020
3917.00,-0.0021
3916.00,-0.0021
3915.00,-0.0021
3914.00,-0.0021
3913.00,-0.0022
3912.00,-0.0022
3911.00,-0.0022
3910.00,-0.0022
3909.00,-0.0022
3908.00,-0.0022
3907.00,-0.0021
3906.00,-0.0021
3905.00,-0.0021
3904.00,-0.0020
3903.00,-0.0019
3902.00,-0.0018
3901.00,-0.0017
3900.00,-0.0018
3899.00,-0.0019
3898.00,-0.0019
3897.00,-0.0020
3896.00,-0.0020
3895.00,-0.0021
3894.00,-0.0021
3893.00,-0.0021
3892.00,-0.0022
3891.00,-0.0021
3890.00,-0.0021
3889.00,-0.0020
3888.00,-0.0019
3887.00,-0.0019
3886.00,-0.0019
3885.00,-0.0019
3884.00,-0.0019
3883.00,-0.0019
3882.00,-0.0019
3881.00,-0.0020
3880.00,-0.0020
3879.00,-0.0020
3878.00,-0.0020
3877.00,-0.0019
3876.00,-0.0019
3875.00,-0.0020
3874.00,-0.0020
3873.00,-0.0019
3872.00,-0.0019
3871.00,-0.0018
3870.00,-0.0018
3869.00,-0.0018
3868.00,-0.0019
3867.00,-0.0019
3866.00,-0.0019
3865.00,-0.0019
3864.00,-0.0019
3863.00,-0.0019
3862.00,-0.0019
3861.00,-0.0019
3860.00,-0.0019
3859.00,-0.0019
3858.00,-0.0020
3857.00,-0.0021
3856.00,-0.0021
3855.00,-0.0021
3854.00,-0.0021
3853.00,-0.0020
3852.00,-0.0019
3851.00,-0.0018
3850.00,-0.0018
3849.00,-0.0018
3848.00,-0.0019
3847.00,-0.0019
3846.00,-0.0019
3845.00,-0.0019
3844.00,-0.0019
3843.00,-0.0019
3842.00,-0.0019
3841.00,-0.0018
3840.00,-0.0018
3839.00,-0.0018
3838.00,-0.0018
3837.00,-0.0018
3836.00,-0.0018
3835.00,-0.0018
3834.00,-0.0018
3833.00,-0.0018
3832.00,-0.0018
3831.00,-0.0018
3830.00,-0.0018
3829.00,-0.0018
3828.00,-0.0018
3827.00,-0.0019
3826.00,-0.0019
3825.00,-0.0019
3824.00,-0.0018
3823.00,-0.0018
3822.00,-0.0018
3821.00,-0.0018
3820.00,-0.0018
3819.00,-0.0018
3818.00,-0.0017
3817.00,-0.0017
3816.00,-0.0018
3815.00,-0.0018
3814.00,-0.0019
3813.00,-0.0019
3812.00,-0.0019
3811.00,-0.0019
3810.00,-0.0019
3809.00,-0.0019
3808.00,-0.0019
3807.00,-0.0019
3806.00,-0.0019
3805.00,-0.0018
3804.00,-0.0018
3803.00,-0.0017
3802.00,-0.0017
3801.00,-0.0017
3800.00,-0.0018
3799.00,-0.0017
3798.00,-0.0017
3797.00,-0.0018
3796.00,-0.0018
3795.00,-0.0019
3794.00,-0.0019
3793.00,-0.0020
3792.00,-0.0020
3791.00,-0.0021
3790.00,-0.0021
3789.00,-0.0021
3788.00,-0.0021
3787.00,-0.0021
3786.00,-0.0021
3785.00,-0.0020
3784.00,-0.0020
3783.00,-0.0020
3782.00,-0.0019
3781.00,-0.0019
3780.00,-0.0019
3779.00,-0.0019
3778.00,-0.0019
3777.00,-0.0020
3776.00,-0.0020
3775.00,-0.0020
3774.00,-0.0020
3773.00,-0.0020
3772.00,-0.0020
3771.00,-0.0019
3770.00,-0.0019
3769.00,-0.0018
3768.00,-0.0018
3767.00,-0.0018
3766.00,-0.0018
3765.00,-0.0018
3764.00,-0.0018
3763.00,-0.0018
3762.00,-0.0018
3761.00,-0.0017
3760.00,-0.0017
3759.00,-0.0017
3758.00,-0.0017
3757.00,-0.0017
3756.00,-0.0017
3755.00,-0.0017
3754.00,-0.0016
3753.00,-0.0015
3752.00,-0.0015
3751.00,-0.0014
3750.00,-0.0014
3749.00,-0.0014
3748.00,-0.0013
3747.00,-0.0013
3746.00,-0.0013
3745.00,-0.0014
3744.00,-0.0014
3743.00,-0.0014
3742.00,-0.0014
3741.00,-0.0014
3740.00,-0.0014
3739.00,-0.0013
3738.00,-0.0013
3737.00,-0.0013
3736.00,-0.0013
3735.00,-0.0013
3734.00,-0.0014
3733.00,-0.0014
3732.00,-0.0014
3731.00,-0.0015
3730.00,-0.0015
3729.00,-0.0016
3728.00,-0.0016
3727.00,-0.0016
3726.00,-0.0016
3725.00,-0.0016
3724.00,-0.0017
3723.00,-0.0017
3722.00,-0.0017
3721.00,-0.0017
3720.00,-0.0018
3719.00,-0.0018
3718.00,-0.0019
3717.00,-0.0019
3716.00,-0.0019
3715.00,-0.0018
3714.00,-0.0018
3713.00,-0.0017
3712.00,-0.0017
3711.00,-0.0017
3710.00,-0.0017
3709.00,-0.0017
3708.00,-0.0017
3707.00,-0.0018
3706.00,-0.0018
3705.00,-0.0018
3704.00,-0.0018
3703.00,-0.0019
3702.00,-0.0019
3701.00,-0.0019
3700.00,-0.0019
3699.00,-0.0019
3698.00,-0.0019
3697.00,-0.0019
3696.00,-0.0019
3695.00,-0.0019
3694.00,-0.0019
3693.00,-0.0018
3692.00,-0.0018
3691.00,-0.0018
3690.00,-0.0018
3689.00,-0.0018
3688.00,-0.0017
3687.00,-0.0017
3686.00,-0.0017
3685.00,-0.0018
3684.00,-0.0018
3683.00,-0.0018
3682.00,-0.0018
3681.00,-0.0018
3680.00,-0.0017
3679.00,-0.0017
3678.00,-0.0016
3677.00,-0.0015
3676.00,-0.0015
3675.00,-0.0015
3674.00,-0.0015
3673.00,-0.0014
3672.00,-0.0014
3671.00,-0.0014
3670.00,-0.0015
3669.00,-0.0016
3668.00,-0.0017
3667.00,-0.0017
3666.00,-0.0017
3665.00,-0.0017
3664.00,-0.0018
3663.00,-0.0018
3662.00,-0.0018
3661.00,-0.0019
3660.00,-0.0018
3659.00,-0.0018
3658.00,-0.0017
3657.00,-0.0017
3656.00,-0.0017
3655.00,-0.0016
3654.00,-0.0015
3653.00,-0.0014
3652.00,-0.0013
3651.00,-0.0012
3650.00,-0.0012
3649.00,-0.0011
3648.00,-0.0011
3647.00,-0.0011
3646.00,-0.0012
3645.00,-0.0013
3644.00,-0.0014
3643.00,-0.0014
3642.00,-0.0015
3641.00,-0.0016
3640.00,-0.0017
3639.00,-0.0017
3638.00,-0.0017
3637.00,-0.0017
3636.00,-0.0017
3635.00,-0.0016
3634.00,-0.0016
3633.00,-0.0016
3632.00,-0.0015
3631.00,-0.0015
3630.00,-0.0014
3629.00,-0.0014
3628.00,-0.0014
3627.00,-0.0014
3626.00,-0.0014
3625.00,-0.0014
3624.00,-0.0014
3623.00,-0.0014
3622.00,-0.0015
3621.00,-0.0015
3620.00,-0.0015
3619.00,-0.0015
3618.00,-0.0014
3617.00,-0.0014
3616.00,-0.0013
3615.00,-0.0013
3614.00,-0.0013
3613.00,-0.0013
3612.00,-0.0013
3611.00,-0.0012
3610.00,-0.0012
3609.00,-0.0012
3608.00,-0.0013
3607.00,-0.0014
3606.00,-0.0014
3605.00,-0.0014
3604.00,-0.0014
3603.00,-0.0015
3602.00,-0.0015
3601.00,-0.0015
3600.00,-0.0015
3599.00,-0.0014
3598.00,-0.0014
3597.00,-0.0014
3596.00,-0.0014
3595.00,-0.0014
3594.00,-0.0014
3593.00,-0.0013
3592.00,-0.0013
3591.00,-0.0012
3590.00,-0.0012
3589.00,-0.0012
3588.00,-0.0012
3587.00,-0.0012
3586.00,-0.0012
3585.00,-0.0012
3584.00,-0.0013
3583.00,-0.0013
3582.00,-0.0014
3581.00,-0.0014
3580.00,-0.0015
3579.00,-0.0015
3578.00,-0.0015
3577.00,-0.0014
3576.00,-0.0014
3575.00,-0.0014
3574.00,-0.0014
3573.00,-0.0014
3572.00,-0.0013
3571.00,-0.0012
3570.00,-0.0011
3569.00,-0.0011
3568.00,-0.0010
3567.00,-0.0010
3566.00,-0.0010
3565.00,-0.0011
3564.00,-0.0011
3563.00,-0.0011
3562.00,-0.0011
3561.00,-0.0011
3560.00,-0.0012
3559.00,-0.0012
3558.00,-0.0012
3557.00,-0.0012
3556.00,-0.0012
3555.00,-0.0012
3554.00,-0.0012
3553.00,-0.0011
3552.00,-0.0011
3551.00,-0.0011
3550.00,-0.0010
3549.00,-0.0010
3548.00,-0.0009
3547.00,-0.0010
3546.00,-0.0010
3545.00,-0.0010
3544.00,-0.0010
3543.00,-0.0010
3542.00,-0.0010
3541.00,-0.0010
3540.00,-0.0010
3539.00,-0.0010
3538.00,-0.0010
3537.00,-0.0010
3536.00,-0.0010
3535.00,-0.0010
3534.00,-0.0009
3533.00,-0.0009
3532.00,-0.0009
3531.00,-0.0009
3530.00,-0.0009
3529.00,-0.0009
3528.00,-0.0009
3527.00,-0.0008
3526.00,-0.0008
3525.00,-0.0008
3524.00,-0.0008
3523.00,-0.0008
3522.00,-0.0008
3521.00,-0.0008
3520.00,-0.0008
3519.00,-0.0008
3518.00,-0.0008
3517.00,-0.0008
3516.00,-0.0008
3515.00,-0.0008
3514.00,-0.0008
3513.00,-0.0008
3512.00,-0.0008
3511.00,-0.0008
3510.00,-0.0008
3509.00,-0.0008
3508.00,-0.0007
3507.00,-0.0007
3506.00,-0.0007
3505.00,-0.0007
3504.00,-0.0007
3503.00,-0.0007
3502.00,-0.0007
3501.00,-0.0007
3500.00,-0.0007
3499.00,-0.0007
3498.00,-0.0007
3497.00,-0.0007
3496.00,-0.0007
3495.00,-0.0007
3494.00,-0.0006
3493.00,-0.0006
3492.00,-0.0006
3491.00,-0.0006
3490.00,-0.0006
3489.00,-0.0006
3488.00,-0.0006
3487.00,-0.0006
3486.00,-0.0006
3485.00,-0.0006
3484.00,-0.0006
3483.00,-0.0006
3482.00,-0.0006
3481.00,-0.0005
3480.00,-0.0005
3479.00,-0.0005
3478.00,-0.0005
3477.00,-0.0005
3476.00,-0.0005
3475.00,-0.0005
3474.00,-0.0005
3473.00,-0.0005
3472.00,-0.0005
3471.00,-0.0005
3470.00,-0.0005
3469.00,-0.0005
3468.00,-0.0004
3467.00,-0.0004
3466.00,-0.0004
3465.00,-0.0004
3464.00,-0.0004
3463.00,-0.0004
3462.00,-0.0004
3461.00,-0.0004
3460.00,-0.0004
3459.00,-0.0004
3458.00,-0.0003
3457.00,-0.0003
3456.00,-0.0003
3455.00,-0.0003
3454.00,-0.0003
3453.00,-0.0003
3452.00,-0.0003
3451.00,-0.0003
3450.00,-0.0003
3449.00,-0.0003
3448.00,-0.0003
3447.00,-0.0003
3446.00,-0.0003
3445.00,-0.0003
3444.00,-0.0003
3443.00,-0.0003
3442.00,-0.0003
3441.00,-0.0003
3440.00,-0.0003
3439.00,-0.0003
3438.00,-0.0003
3437.00,-0.0003
3436.00,-0.0003
3435.00,-0.0003
3434.00,-0.0003
3433.00,-0.0003
3432.00,-0.0003
3431.00,-0.0003
3430.00,-0.0002
3429.00,-0.0002
3428.00,-0.0002
3427.00,-0.0002
3426.00,-0.0002
3425.00,-0.0002
3424.00,-0.0002
3423.00,-0.0002
3422.00,-0.0002
3421.00,-0.0002
3420.00,-0.0002
3419.00,-0.0002
3418.00,-0.0002
3417.00,-0.0002
3416.00,-0.0002
3415.00,-0.0002
3414.00,-0.0002
3413.00,-0.0002
3412.00,-0.0002
3411.00,-0.0002
3410.00,-0.0001
3409.00,-0.0001
3408.00,-0.0001
3407.00,-0.0001
3406.00,-0.0001
3405.00,-0.0001
3404.00,-0.0001
3403.00,-0.0002
3402.00,-0.0002
3401.00,-0.0002
3400.00,-0.0002
3399.00,-0.0002
3398.00,-0.0002
3397.00,-0.0002
3396.00,-0.0002
3395.00,-0.0002
3394.00,-0.0002
3393.00,-0.0002
3392.00,-0.0001
3391.00,-0.0001
3390.00,-0.0001
3389.00,-0.0001
3388.00,-0.0001
3387.00,-0.0001
3386.00,-0.0001
3385.00,-0.0001
3384.00,-0.0001
3383.00,-0.0001
3382.00,-0.0001
3381.00,-0.0001
3380.00,-0.0001
3379.00,-0.0001
3378.00,-0.0000
3377.00,-0.0000
3376.00,-0.0000
3375.00,-0.0000
3374.00,-0.0000
3373.00,-0.0000
3372.00,-0.0000
3371.00,-0.0000
3370.00,-0.0000
3369.00,-0.0000
3368.00,-0.0000
3367.00,-0.0000
3366.00,-0.0000
3365.00,-0.0000
3364.00,0.0000
3363.00,0.0000
3362.00,0.0000
3361.00,0.0000
3360.00,0.0000
3359.00,0.0001
3358.00,0.0001
3357.00,0.0001
3356.00,0.0000
3355.00,0.0000
3354.00,0.0000
3353.00,0.0000
3352.00,0.0000
3351.00,0.0000
3350.00,0.0001
3349.00,0.0001
3348.00,0.0001
3347.00,0.0001
3346.00,0.0001
3345.00,0.0001
3344.00,0.0001
3343.00,0.0001
3342.00,0.0001
3341.00,0.0001
3340.00,0.0001
3339.00,0.0001
3338.00,0.0001
3337.00,0.0001
3336.00,0.0001
3335.00,0.0001
3334.00,0.0001
3333.00,0.0001
3332.00,0.0001
3331.00,0.0001
3330.00,0.0001
3329.00,0.0001
3328.00,0.0001
3327.00,0.0001
3326.00,0.0001
3325.00,0.0001
3324.00,0.0001
3323.00,0.0001
3322.00,0.0001
3321.00,0.0001
3320.00,0.0002
3319.00,0.0002
3318.00,0.0002
3317.00,0.0002
3316.00,0.0002
3315.00,0.0002
3314.00,0.0002
3313.00,0.0002
3312.00,0.0002
3311.00,0.0002
3310.00,0.0002
3309.00,0.0002
3308.00,0.0002
3307.00,0.0002
3306.00,0.0002
3305.00,0.0002
3304.00,0.0002
3303.00,0.0002
3302.00,0.0002
3301.00,0.0002
3300.00,0.0002
3299.00,0.0002
3298.00,0.0002
3297.00,0.0002
3296.00,0.0002
3295.00,0.0002
3294.00,0.0002
3293.00,0.0002
3292.00,0.0002
3291.00,0.0002
3290.00,0.0002
3289.00,0.0002
3288.00,0.0002
3287.00,0.0002
3286.00,0.0002
3285.00,0.0002
3284.00,0.0002
3283.00,0.0002
3282.00,0.0002
3281.00,0.0002
3280.00,0.0002
3279.00,0.0002
3278.00,0.0002
3277.00,0.0002
3276.00,0.0002
3275.00,0.0002
3274.00,0.0002
3273.00,0.0002
3272.00,0.0002
3271.00,0.0002
3270.00,0.0002
3269.00,0.0002
3268.00,0.0002
3267.00,0.0002
3266.00,0.0001
3265.00,0.0001
3264.00,0.0001
3263.00,0.0001
3262.00,0.0001
3261.00,0.0001
3260.00,0.0001
3259.00,0.0001
3258.00,0.0001
3257.00,0.0001
3256.00,0.0001
3255.00,0.0001
3254.00,0.0001
3253.00,0.0001
3252.00,0.0000
3251.00,0.0000
3250.00,0.0000
3249.00,0.0000
3248.00,0.0000
3247.00,0.0000
3246.00,0.0000
3245.00,0.0000
3244.00,0.0000
3243.00,0.0000
3242.00,0.0000
3241.00,-0.0000
3240.00,-0.0000
3239.00,-0.0000
3238.00,-0.0000
3237.00,-0.0000
3236.00,-0.0000
3235.00,-0.0000
3234.00,-0.0000
3233.00,-0.0000
3232.00,-0.0001
3231.00,-0.0000
3230.00,-0.0000
3229.00,-0.0000
3228.00,-0.0000
3227.00,-0.0000
3226.00,-0.0000
3225.00,-0.0000
3224.00,-0.0000
3223.00,-0.0000
3222.00,-0.0000
3221.00,-0.0000
3220.00,-0.0000
3219.00,-0.0000
3218.00,-0.0000
3217.00,-0.0000
3216.00,-0.0000
3215.00,-0.0000
3214.00,-0.0000
3213.00,-0.0000
3212.00,-0.0000
3211.00,0.0000
3210.00,0.0000
3209.00,0.0000
3208.00,0.0000
3207.00,0.0000
3206.00,0.0000
3205.00,-0.0000
3204.00,-0.0000
3203.00,-0.0000
3202.00,-0.0001
3201.00,-0.0001
3200.00,-0.0000
3199.00,-0.0000
3198.00,-0.0000
3197.00,-0.0000
3196.00,-0.0000
3195.00,-0.0000
3194.00,-0.0001
3193.00,-0.0001
3192.00,-0.0001
3191.00,-0.0001
3190.00,-0.0001
3189.00,-0.0001
3188.00,-0.0001
3187.00,-0.0001
3186.00,-0.0001
3185.00,-0.0001
3184.00,-0.0001
3183.00,-0.0002
3182.00,-0.0002
3181.00,-0.0001
3180.00,-0.0001
3179.00,-0.0001
3178.00,-0.0001
3177.00,-0.0002
3176.00,-0.0002
3175.00,-0.0002
3174.00,-0.0002
3173.00,-0.0002
3172.00,-0.0002
3171.00,-0.0002
3170.00,-0.0001
3169.00,-0.0001
3168.00,-0.0001
3167.00,-0.0001
3166.00,-0.0000
3165.00,-0.0000
3164.00,-0.0000
3163.00,-0.0000
3162.00,-0.0000
3161.00,-0.0000
3160.00,-0.0001
3159.00,-0.0001
3158.00,-0.0001
3157.00,-0.0001
3156.00,-0.0002
3155.00,-0.0002
3154.00,-0.0002
3153.00,-0.0002
3152.00,-0.0002
3151.00,-0.0002
3150.00,-0.0002
3149.00,-0.0002
3148.00,-0.0002
3147.00,-0.0002
3146.00,-0.0002
3145.00,-0.0002
3144.00,-0.0002
3143.00,-0.0002
3142.00,-0.0002
3141.00,-0.0002
3140.00,-0.0002
3139.00,-0.0002
3138.00,-0.0002
3137.00,-0.0003
3136.00,-0.0003
3135.00,-0.0003
3134.00,-0.0003
3133.00,-0.0003
3132.00,-0.0003
3131.00,-0.0002
3130.00,-0.0002
3129.00,-0.0002
3128.00,-0.0002
3127.00,-0.0002
3126.00,-0.0002
3125.00,-0.0002
3124.00,-0.0002
3123.00,-0.0002
3122.00,-0.0001
3121.00,-0.0001
3120.00,-0.0001
3119.00,-0.0000
3118.00,0.0000
3117.00,0.0001
3116.00,0.0002
3115.00,0.0003
3114.00,0.0004
3113.00,0.0005
3112.00,0.0007
3111.00,0.0009
3110.00,0.0011
3109.00,0.0013
3108.00,0.0015
3107.00,0.0017
3106.00,0.0018
3105.00,0.0019
3104.00,0.0020
3103.00,0.0020
3102.00,0.0020
3101.00,0.0020
3100.00,0.0019
3099.00,0.0018
3098.00,0.0018
3097.00,0.0018
3096.00,0.0018
3095.00,0.0019
3094.00,0.0021
3093.00,0.0023
3092.00,0.0026
3091.00,0.0030
3090.00,0.0035
3089.00,0.0041
3088.00,0.0048
3087.00,0.0055
3086.00,0.0061
3085.00,0.0067
3084.00,0.0071
3083.00,0.0073
3082.00,0.0073
3081.00,0.0071
3080.00,0.0067
3079.00,0.0063
3078.00,0.0058
3077.00,0.0055
3076.00,0.0052
3075.00,0.0050
3074.00,0.0049
3073.00,0.0049
3072.00,0.0050
3071.00,0.0052
3070.00,0.0055
3069.00,0.0060
3068.00,0.0065
3067.00,0.0071
3066.00,0.0078
3065.00,0.0085
3064.00,0.0092
3063.00,0.0099
3062.00,0.0104
3061.00,0.0107
3060.00,0.0108
3059.00,0.0107
3058.00,0.0104
3057.00,0.0098
3056.00,0.0092
3055.00,0.0085
3054.00,0.0078
3053.00,0.0071
3052.00,0.0066
3051.00,0.0061
3050.00,0.0056
3049.00,0.0053
3048.00,0.0050
3047.00,0.0049
3046.00,0.0048
3045.00,0.0047
3044.00,0.0048
3043.00,0.0050
3042.00,0.0052
3041.00,0.0055
3040.00,0.0060
3039.00,0.0065
3038.00,0.0071
3037.00,0.0078
3036.00,0.0087
3035.00,0.0098
3034.00,0.0111
3033.00,0.0125
3032.00,0.0141
3031.00,0.0158
3030.00,0.0176
3029.00,0.0192
3028.00,0.0206
3027.00,0.0217
3026.00,0.0222
3025.00,0.0221
3024.00,0.0214
3023.00,0.0201
3022.00,0.0184
3021.00,0.0164
3020.00,0.0144
3019.00,0.0124
3018.00,0.0107
3017.00,0.0092
3016.00,0.0080
3015.00,0.0070
3014.00,0.0062
3013.00,0.0056
3012.00,0.0051
3011.00,0.0048
3010.00,0.0046
3009.00,0.0045
3008.00,0.0046
3007.00,0.0047
3006.00,0.0049
3005.00,0.0051
3004.00,0.0053
3003.00,0.0054
3002.00,0.0055
3001.00,0.0054
3000.00,0.0052
2999.00,0.0049
2998.00,0.0045
2997.00,0.0041
2996.00,0.0037
2995.00,0.0033
2994.00,0.0029
2993.00,0.0027
2992.00,0.0025
2991.00,0.0024
2990.00,0.0023
2989.00,0.0022
2988.00,0.0022
2987.00,0.0022
2986.00,0.0022
2985.00,0.0022
2984.00,0.0022
2983.00,0.0022
2982.00,0.0023
2981.00,0.0024
2980.00,0.0024
2979.00,0.0025
2978.00,0.0026
2977.00,0.0026
2976.00,0.0027
2975.00,0.0028
2974.00,0.0028
2973.00,0.0029
2972.00,0.0030
2971.00,0.0031
2970.00,0.0033
2969.00,0.0034
2968.00,0.0036
2967.00,0.0037
2966.00,0.0039
2965.00,0.0041
2964.00,0.0043
2963.00,0.0045
2962.00,0.0047
2961.00,0.0049
2960.00,0.0052
2959.00,0.0054
2958.00,0.0057
2957.00,0.0060
2956.00,0.0063
2955.00,0.0066
2954.00,0.0070
2953.00,0.0073
2952.00,0.0077
2951.00,0.0081
2950.00,0.0085
2949.00,0.0090
2948.00,0.0095
2947.00,0.0100
2946.00,0.0106
2945.00,0.0113
2944.00,0.0120
2943.00,0.0127
2942.00,0.0135
2941.00,0.0143
2940.00,0.0152
2939.00,0.0161
2938.00,0.0171
2937.00,0.0181
2936.00,0.0192
2935.00,0.0202
2934.00,0.0213
2933.00,0.0225
2932.00,0.0235
2931.00,0.0246
2930.00,0.0256
2929.00,0.0265
2928.00,0.0273
2927.00,0.0280
2926.00,0.0286
2925.00,0.0291
2924.00,0.0295
2923.00,0.0297
2922.00,0.0298
2921.00,0.0297
2920.00,0.0296
2919.00,0.0293
2918.00,0.0289
2917.00,0.0284
2916.00,0.0278
2915.00,0.0271
2914.00,0.0264
2913.00,0.0257
2912.00,0.0249
2911.00,0.0242
2910.00,0.0234
2909.00,0.0226
2908.00,0.0219
2907.00,0.0211
2906.00,0.0203
2905.00,0.0196
2904.00,0.0188
2903.00,0.0181
2902.00,0.0173
2901.00,0.0165
2900.00,0.0158
2899.00,0.0151
2898.00,0.0144
2897.00,0.0138
2896.00,0.0132
2895.00,0.0127
2894.00,0.0122
2893.00,0.0118
2892.00,0.0114
2891.00,0.0111
2890.00,0.0108
2889.00,0.0104
2888.00,0.0101
2887.00,0.0099
2886.00,0.0096
2885.00,0.0093
2884.00,0.0091
2883.00,0.0089
2882.00,0.0086
2881.00,0.0084
2880.00,0.0082
2879.00,0.0080
2878.00,0.0078
2877.00,0.0076
2876.00,0.0075
2875.00,0.0073
2874.00,0.0072
2873.00,0.0071
2872.00,0.0071
2871.00,0.0070
2870.00,0.0070
2869.00,0.0070
2868.00,0.0070
2867.00,0.0071
2866.00,0.0073
2865.00,0.0075
2864.00,0.0077
2863.00,0.0081
2862.00,0.0085
2861.00,0.0089
2860.00,0.0093
2859.00,0.0098
2858.00,0.0103
2857.00,0.0109
2856.00,0.0114
2855.00,0.0119
2854.00,0.0123
2853.00,0.0126
2852.00,0.0129
2851.00,0.0130
2850.00,0.0130
2849.00,0.0129
2848.00,0.0127
2847.00,0.0123
2846.00,0.0118
2845.00,0.0112
2844.00,0.0105
2843.00,0.0098
2842.00,0.0090
2841.00,0.0082
2840.00,0.0074
2839.00,0.0066
2838.00,0.0059
2837.00,0.0052
2836.00,0.0047
2835.00,0.0042
2834.00,0.0038
2833.00,0.0035
2832.00,0.0032
2831.00,0.0029
2830.00,0.0027
2829.00,0.0026
2828.00,0.0025
2827.00,0.0024
2826.00,0.0023
2825.00,0.0022
2824.00,0.0021
2823.00,0.0021
2822.00,0.0020
2821.00,0.0020
2820.00,0.0019
2819.00,0.0019
2818.00,0.0019
2817.00,0.0018
2816.00,0.0018
2815.00,0.0018
2814.00,0.0017
2813.00,0.0017
2812.00,0.0017
2811.00,0.0017
2810.00,0.0017
2809.00,0.0016
2808.00,0.0016
2807.00,0.0016
2806.00,0.0015
2805.00,0.0015
2804.00,0.0014
2803.00,0.0014
2802.00,0.0014
2801.00,0.0014
2800.00,0.0013
2799.00,0.0013
2798.00,0.0013
2797.00,0.0013
2796.00,0.0013
2795.00,0.0012
2794.00,0.0012
2793.00,0.0012
2792.00,0.0012
2791.00,0.0012
2790.00,0.0011
2789.00,0.0011
2788.00,0.0011
2787.00,0.0011
2786.00,0.0011
2785.00,0.0011
2784.00,0.0011
2783.00,0.0011
2782.00,0.0011
2781.00,0.0011
2780.00,0.0011
2779.00,0.0011
2778.00,0.0010
2777.00,0.0010
2776.00,0.0010
2775.00,0.0010
2774.00,0.0010
2773.00,0.0010
2772.00,0.0009
2771.00,0.0009
2770.00,0.0009
2769.00,0.0009
2768.00,0.0009
2767.00,0.0009
2766.00,0.0008
2765.00,0.0008
2764.00,0.0008
2763.00,0.0008
2762.00,0.0008
2761.00,0.0008
2760.00,0.0008
2759.00,0.0008
2758.00,0.0008
2757.00,0.0008
2756.00,0.0008
2755.00,0.0008
2754.00,0.0007
2753.00,0.0007
2752.00,0.0007
2751.00,0.0007
2750.00,0.0007
2749.00,0.0007
2748.00,0.0007
2747.00,0.0007
2746.00,0.0007
2745.00,0.0007
2744.00,0.0007
2743.00,0.0007
2742.00,0.0007
2741.00,0.0007
2740.00,0.0007
2739.00,0.0007
2738.00,0.0007
2737.00,0.0007
2736.00,0.0007
2735.00,0.0007
2734.00,0.0008
2733.00,0.0008
2732.00,0.0008
2731.00,0.0008
2730.00,0.0008
2729.00,0.0008
2728.00,0.0008
2727.00,0.0008
2726.00,0.0008
2725.00,0.0008
2724.00,0.0008
2723.00,0.0008
2722.00,0.0008
2721.00,0.0008
2720.00,0.0007
2719.00,0.0007
2718.00,0.0007
2717.00,0.0007
2716.00,0.0007
2715.00,0.0007
2714.00,0.0007
2713.00,0.0007
2712.00,0.0007
2711.00,0.0007
2710.00,0.0007
2709.00,0.0007
2708.00,0.0007
2707.00,0.0007
2706.00,0.0007
2705.00,0.0007
2704.00,0.0007
2703.00,0.0007
2702.00,0.0007
2701.00,0.0007
2700.00,0.0007
2699.00,0.0007
2698.00,0.0007
2697.00,0.0007
2696.00,0.0007
2695.00,0.0007
2694.00,0.0007
2693.00,0.0007
2692.00,0.0007
2691.00,0.0007
2690.00,0.0007
2689.00,0.0007
2688.00,0.0007
2687.00,0.0007
2686.00,0.0007
2685.00,0.0007
2684.00,0.0007
2683.00,0.0007
2682.00,0.0007
2681.00,0.0007
2680.00,0.0007
2679.00,0.0007
2678.00,0.0007
2677.00,0.0007
2676.00,0.0007
2675.00,0.0007
2674.00,0.0007
2673.00,0.0007
2672.00,0.0007
2671.00,0.0007
2670.00,0.0007
2669.00,0.0007
2668.00,0.0008
2667.00,0.0008
2666.00,0.0008
2665.00,0.0008
2664.00,0.0009
2663.00,0.0009
2662.00,0.0009
2661.00,0.0009
2660.00,0.0010
2659.00,0.0010
2658.00,0.0010
2657.00,0.0010
2656.00,0.0010
2655.00,0.0010
2654.00,0.0010
2653.00,0.0010
2652.00,0.0010
2651.00,0.0010
2650.00,0.0010
2649.00,0.0010
2648.00,0.0010
2647.00,0.0010
2646.00,0.0010
2645.00,0.0010
2644.00,0.0010
2643.00,0.0010
2642.00,0.0010
2641.00,0.0010
2640.00,0.0010
2639.00,0.0010
2638.00,0.0010
2637.00,0.0010
2636.00,0.0011
2635.00,0.0011
2634.00,0.0011
2633.00,0.0010
2632.00,0.0010
2631.00,0.0010
2630.00,0.0010
2629.00,0.0010
2628.00,0.0010
2627.00,0.0010
2626.00,0.0009
2625.00,0.0009
2624.00,0.0009
2623.00,0.0008
2622.00,0.0008
2621.00,0.0008
2620.00,0.0008
2619.00,0.0008
2618.00,0.0008
2617.00,0.0008
2616.00,0.0008
2615.00,0.0007
2614.00,0.0007
2613.00,0.0007
2612.00,0.0007
2611.00,0.0007
2610.00,0.0008
2609.00,0.0008
2608.00,0.0008
2607.00,0.0008
2606.00,0.0008
2605.00,0.0008
2604.00,0.0008
2603.00,0.0008
2602.00,0.0008
2601.00,0.0008
2600.00,0.0007
2599.00,0.0007
2598.00,0.0007
2597.00,0.0007
2596.00,0.0006
2595.00,0.0006
2594.00,0.0006
2593.00,0.0005
2592.00,0.0005
2591.00,0.0005
2590.00,0.0005
2589.00,0.0005
2588.00,0.0006
2587.00,0.0006
2586.00,0.0006
2585.00,0.0006
2584.00,0.0006
2583.00,0.0006
2582.00,0.0006
2581.00,0.0006
2580.00,0.0005
2579.00,0.0005
2578.00,0.0005
2577.00,0.0005
2576.00,0.0005
2575.00,0.0005
2574.00,0.0004
2573.00,0.0004
2572.00,0.0004
2571.00,0.0004
2570.00,0.0004
2569.00,0.0004
2568.00,0.0004
2567.00,0.0004
2566.00,0.0004
2565.00,0.0004
2564.00,0.0004
2563.00,0.0004
2562.00,0.0004
2561.00,0.0004
2560.00,0.0004
2559.00,0.0004
2558.00,0.0004
2557.00,0.0003
2556.00,0.0003
2555.00,0.0003
2554.00,0.0003
2553.00,0.0003
2552.00,0.0003
2551.00,0.0003
2550.00,0.0003
2549.00,0.0003
2548.00,0.0003
2547.00,0.0003
2546.00,0.0004
2545.00,0.0004
2544.00,0.0004
2543.00,0.0003
2542.00,0.0003
2541.00,0.0003
2540.00,0.0002
2539.00,0.0002
2538.00,0.0002
2537.00,0.0002
2536.00,0.0002
2535.00,0.0002
2534.00,0.0002
2533.00,0.0002
2532.00,0.0002
2531.00,0.0002
2530.00,0.0002
2529.00,0.0002
2528.00,0.0002
2527.00,0.0002
2526.00,0.0002
2525.00,0.0002
2524.00,0.0002
2523.00,0.0003
2522.00,0.0002
2521.00,0.0002
2520.00,0.0002
2519.00,0.0002
2518.00,0.0002
2517.00,0.0002
2516.00,0.0002
2515.00,0.0002
2514.00,0.0002
2513.00,0.0002
2512.00,0.0002
2511.00,0.0002
2510.00,0.0002
2509.00,0.0002
2508.00,0.0002
2507.00,0.0002
2506.00,0.0002
2505.00,0.0002
2504.00,0.0002
2503.00,0.0002
2502.00,0.0001
2501.00,0.0001
2500.00,0.0001
2499.00,0.0001
2498.00,0.0001
2497.00,0.0002
2496.00,0.0002
2495.00,0.0002
2494.00,0.0002
2493.00,0.0002
2492.00,0.0001
2491.00,0.0001
2490.00,0.0001
2489.00,0.0001
2488.00,0.0001
2487.00,0.0001
2486.00,0.0001
2485.00,0.0001
2484.00,0.0001
2483.00,0.0001
2482.00,0.0001
2481.00,0.0001
2480.00,0.0001
2479.00,0.0001
2478.00,0.0001
2477.00,0.0000
2476.00,0.0000
2475.00,0.0000
2474.00,0.0000
2473.00,-0.0000
2472.00,-0.0000
2471.00,-0.0000
2470.00,0.0000
2469.00,0.0000
2468.00,0.0000
2467.00,0.0000
2466.00,-0.0000
2465.00,-0.0000
2464.00,-0.0000
2463.00,-0.0000
2462.00,-0.0000
2461.00,0.0000
2460.00,0.0000
2459.00,0.0001
2458.00,0.0001
2457.00,0.0001
2456.00,0.0001
2455.00,0.0001
2454.00,0.0001
2453.00,0.0001
2452.00,0.0001
2451.00,0.0000
2450.00,0.0000
2449.00,-0.0000
2448.00,-0.0000
2447.00,-0.0000
2446.00,-0.0000
2445.00,-0.0000
2444.00,-0.0000
2443.00,-0.0000
2442.00,-0.0001
2441.00,-0.0001
2440.00,-0.0001
2439.00,-0.0001
2438.00,-0.0001
2437.00,-0.0001
2436.00,-0.0001
2435.00,-0.0001
2434.00,-0.0002
2433.00,-0.0002
2432.00,-0.0002
2431.00,-0.0002
2430.00,-0.0002
2429.00,-0.0002
2428.00,-0.0002
2427.00,-0.0003
2426.00,-0.0003
2425.00,-0.0003
2424.00,-0.0003
2423.00,-0.0003
2422.00,-0.0003
2421.00,-0.0003
2420.00,-0.0003
2419.00,-0.0003
2418.00,-0.0003
2417.00,-0.0003
2416.00,-0.0002
2415.00,-0.0002
2414.00,-0.0002
2413.00,-0.0002
2412.00,-0.0002
2411.00,-0.0002
2410.00,-0.0002
2409.00,-0.0003
2408.00,-0.0003
2407.00,-0.0003
2406.00,-0.0004
2405.00,-0.0004
2404.00,-0.0004
2403.00,-0.0004
2402.00,-0.0004
2401.00,-0.0004
2400.00,-0.0004
2399.00,-0.0004
2398.00,-0.0004
2397.00,-0.0004
2396.00,-0.0005
2395.00,-0.0005
2394.00,-0.0004
2393.00,-0.0004
2392.00,-0.0004
2391.00,-0.0004
2390.00,-0.0005
2389.00,-0.0005
2388.00,-0.0005
2387.00,-0.0005
2386.00,-0.0006
2385.00,-0.0006
2384.00,-0.0006
2383.00,-0.0006
2382.00,-0.0006
2381.00,-0.0006
2380.00,-0.0006
2379.00,-0.0006
2378.00,-0.0006
2377.00,-0.0006
2376.00,-0.0006
2375.00,-0.0006
2374.00,-0.0006
2373.00,-0.0006
2372.00,-0.0006
2371.00,-0.0006
2370.00,-0.0006
2369.00,-0.0006
2368.00,-0.0006
2367.00,-0.0006
2366.00,-0.0006
2365.00,-0.0006
2364.00,-0.0005
2363.00,-0.0005
2362.00,-0.0005
2361.00,-0.0004
2360.00,-0.0004
2359.00,-0.0004
2358.00,-0.0004
2357.00,-0.0005
2356.00,-0.0005
2355.00,-0.0005
2354.00,-0.0004
2353.00,-0.0004
2352.00,-0.0004
2351.00,-0.0003
2350.00,-0.0003
2349.00,-0.0003
2348.00,-0.0002
2347.00,-0.0002
2346.00,-0.0002
2345.00,-0.0002
2344.00,-0.0001
2343.00,-0.0001
2342.00,-0.0001
2341.00,-0.0000
2340.00,0.0000
2339.00,0.0001
2338.00,0.0001
2337.00,0.0000
2336.00,-0.0000
2335.00,-0.0001
2334.00,-0.0001
2333.00,-0.0001
2332.00,-0.0001
2331.00,-0.0001
2330.00,0.0000
2329.00,0.0002
2328.00,0.0005
2327.00,0.0008
2326.00,0.0010
2325.00,0.0010
2324.00,0.0009
2323.00,0.0007
2322.00,0.0006
2321.00,0.0005
2320.00,0.0005
2319.00,0.0005
2318.00,0.0005
2317.00,0.0006
2316.00,0.0006
2315.00,0.0005
2314.00,0.0005
2313.00,0.0005
2312.00,0.0005
2311.00,0.0005
2310.00,0.0005
2309.00,0.0005
2308.00,0.0005
2307.00,0.0004
2306.00,0.0004
2305.00,0.0004
2304.00,0.0003
2303.00,0.0003
2302.00,0.0003
2301.00,0.0004
2300.00,0.0004
2299.00,0.0004
2298.00,0.0004
2297.00,0.0005
2296.00,0.0005
2295.00,0.0005
2294.00,0.0006
2293.00,0.0007
2292.00,0.0007
2291.00,0.0008
2290.00,0.0008
2289.00,0.0009
2288.00,0.0009
2287.00,0.0009
2286.00,0.0009
2285.00,0.0008
2284.00,0.0007
2283.00,0.0006
2282.00,0.0006
2281.00,0.0005
2280.00,0.0005
2279.00,0.0004
2278.00,0.0004
2277.00,0.0004
2276.00,0.0004
2275.00,0.0004
2274.00,0.0004
2273.00,0.0004
2272.00,0.0004
2271.00,0.0003
2270.00,0.0003
2269.00,0.0002
2268.00,0.0002
2267.00,0.0001
2266.00,0.0001
2265.00,0.0001
2264.00,0.0001
2263.00,0.0002
2262.00,0.0002
2261.00,0.0003
2260.00,0.0003
2259.00,0.0003
2258.00,0.0002
2257.00,0.0002
2256.00,0.0001
2255.00,0.0001
2254.00,0.0001
2253.00,0.0001
2252.00,0.0001
2251.00,0.0001
2250.00,0.0002
2249.00,0.0002
2248.00,0.0002
2247.00,0.0002
2246.00,0.0001
2245.00,0.0001
2244.00,0.0000
2243.00,0.0000
2242.00,0.0001
2241.00,0.0001
2240.00,0.0001
2239.00,0.0001
2238.00,0.0001
2237.00,0.0001
2236.00,0.0001
2235.00,0.0001
2234.00,0.0001
2233.00,0.0001
2232.00,0.0000
2231.00,-0.0000
2230.00,-0.0000
2229.00,0.0000
2228.00,0.0001
2227.00,0.0001
2226.00,0.0000
2225.00,-0.0001
2224.00,-0.0001
2223.00,-0.0001
2222.00,-0.0001
2221.00,-0.0001
2220.00,-0.0001
2219.00,-0.0001
2218.00,-0.0001
2217.00,-0.0001
2216.00,-0.0001
2215.00,-0.0001
2214.00,-0.0001
2213.00,-0.0000
2212.00,0.0000
2211.00,0.0000
2210.00,0.0000
2209.00,-0.0000
2208.00,-0.0001
2207.00,-0.0001
2206.00,-0.0001
2205.00,-0.0001
2204.00,-0.0001
2203.00,-0.0001
2202.00,-0.0001
2201.00,-0.0000
2200.00,0.0000
2199.00,0.0000
2198.00,0.0000
2197.00,0.0001
2196.00,0.0001
2195.00,0.0001
2194.00,0.0001
2193.00,0.0001
2192.00,0.0001
2191.00,0.0002
2190.00,0.0003
2189.00,0.0003
2188.00,0.0003
2187.00,0.0003
2186.00,0.0002
2185.00,0.0001
2184.00,-0.0001
2183.00,-0.0003
2182.00,-0.0004
2181.00,-0.0003
2180.00,-0.0002
2179.00,-0.0001
2178.00,-0.0002
2177.00,-0.0004
2176.00,-0.0005
2175.00,-0.0005
2174.00,-0.0004
2173.00,-0.0003
2172.00,-0.0000
2171.00,0.0002
2170.00,0.0005
2169.00,0.0007
2168.00,0.0008
2167.00,0.0009
2166.00,0.0009
2165.00,0.0010
2164.00,0.0011
2163.00,0.0010
2162.00,0.0005
2161.00,-0.0004
2160.00,-0.0016
2159.00,-0.0026
2158.00,-0.0029
2157.00,-0.0028
2156.00,-0.0025
2155.00,-0.0022
2154.00,-0.0020
2153.00,-0.0019
2152.00,-0.0019
2151.00,-0.0019
2150.00,-0.0018
2149.00,-0.0017
2148.00,-0.0017
2147.00,-0.0017
2146.00,-0.0017
2145.00,-0.0017
2144.00,-0.0017
2143.00,-0.0017
2142.00,-0.0016
2141.00,-0.0016
2140.00,-0.0016
2139.00,-0.0017
2138.00,-0.0018
2137.00,-0.0020
2136.00,-0.0022
2135.00,-0.0022
2134.00,-0.0022
2133.00,-0.0020
2132.00,-0.0019
2131.00,-0.0018
2130.00,-0.0017
2129.00,-0.0016
2128.00,-0.0015
2127.00,-0.0013
2126.00,-0.0012
2125.00,-0.0012
2124.00,-0.0011
2123.00,-0.0010
2122.00,-0.0010
2121.00,-0.0009
2120.00,-0.0009
2119.00,-0.0008
2118.00,-0.0006
2117.00,-0.0005
2116.00,-0.0004
2115.00,-0.0003
2114.00,-0.0003
2113.00,-0.0003
2112.00,-0.0003
2111.00,-0.0004
2110.00,-0.0004
2109.00,-0.0004
2108.00,-0.0005
2107.00,-0.0005
2106.00,-0.0005
2105.00,-0.0005
2104.00,-0.0005
2103.00,-0.0005
2102.00,-0.0004
2101.00,-0.0004
2100.00,-0.0004
2099.00,-0.0005
2098.00,-0.0005
2097.00,-0.0006
2096.00,-0.0008
2095.00,-0.0009
2094.00,-0.0009
2093.00,-0.0008
2092.00,-0.0007
2091.00,-0.0006
2090.00,-0.0005
2089.00,-0.0005
2088.00,-0.0004
2087.00,-0.0004
2086.00,-0.0004
2085.00,-0.0004
2084.00,-0.0004
2083.00,-0.0003
2082.00,-0.0002
2081.00,-0.0002
2080.00,-0.0001
2079.00,-0.0001
2078.00,-0.0001
2077.00,-0.0001
2076.00,-0.0002
2075.00,-0.0002
2074.00,-0.0002
2073.00,-0.0002
2072.00,-0.0003
2071.00,-0.0003
2070.00,-0.0003
2069.00,-0.0003
2068.00,-0.0003
2067.00,-0.0004
2066.00,-0.0004
2065.00,-0.0005
2064.00,-0.0006
2063.00,-0.0006
2062.00,-0.0006
2061.00,-0.0006
2060.00,-0.0005
2059.00,-0.0004
2058.00,-0.0003
2057.00,-0.0002
2056.00,-0.0002
2055.00,-0.0002
2054.00,0.0000
2053.00,0.0003
2052.00,0.0006
2051.00,0.0006
2050.00,0.0004
2049.00,0.0001
2048.00,-0.0002
2047.00,-0.0003
2046.00,-0.0003
2045.00,-0.0002
2044.00,-0.0002
2043.00,-0.0002
2042.00,-0.0001
2041.00,-0.0000
2040.00,0.0000
2039.00,0.0000
2038.00,0.0000
2037.00,-0.0000
2036.00,-0.0001
2035.00,-0.0002
2034.00,-0.0004
2033.00,-0.0006
2032.00,-0.0007
2031.00,-0.0008
2030.00,-0.0008
2029.00,-0.0007
2028.00,-0.0007
2027.00,-0.0008
2026.00,-0.0009
2025.00,-0.0009
2024.00,-0.0009
2023.00,-0.0008
2022.00,-0.0008
2021.00,-0.0008
2020.00,-0.0008
2019.00,-0.0007
2018.00,-0.0007
2017.00,-0.0007
2016.00,-0.0006
2015.00,-0.0005
2014.00,-0.0004
2013.00,-0.0003
2012.00,-0.0003
2011.00,-0.0003
2010.00,-0.0004
2009.00,-0.0005
2008.00,-0.0007
2007.00,-0.0009
2006.00,-0.0010
2005.00,-0.0009
2004.00,-0.0008
2003.00,-0.0008
2002.00,-0.0007
2001.00,-0.0007
2000.00,-0.0006
1999.00,-0.0004
1998.00,-0.0003
1997.00,-0.0003
1996.00,-0.0002
1995.00,-0.0001
1994.00,-0.0001
1993.00,0.0000
1992.00,0.0001
1991.00,0.0002
1990.00,0.0002
1989.00,0.0003
1988.00,0.0004
1987.00,0.0005
1986.00,0.0005
1985.00,0.0005
1984.00,0.0006
1983.00,0.0008
1982.00,0.0010
1981.00,0.0011
1980.00,0.0009
1979.00,0.0005
1978.00,0.0001
1977.00,-0.0001
1976.00,-0.0003
1975.00,-0.0004
1974.00,-0.0004
1973.00,-0.0004
1972.00,-0.0003
1971.00,-0.0002
1970.00,-0.0001
1969.00,0.0001
1968.00,0.0002
1967.00,0.0003
1966.00,0.0005
1965.00,0.0006
1964.00,0.0006
1963.00,0.0006
1962.00,0.0006
1961.00,0.0006
1960.00,0.0006
1959.00,0.0007
1958.00,0.0008
1957.00,0.0009
1956.00,0.0011
1955.00,0.0012
1954.00,0.0013
1953.00,0.0013
1952.00,0.0014
1951.00,0.0016
1950.00,0.0018
1949.00,0.0019
1948.00,0.0021
1947.00,0.0022
1946.00,0.0023
1945.00,0.0024
1944.00,0.0024
1943.00,0.0024
1942.00,0.0024
1941.00,0.0023
1940.00,0.0022
1939.00,0.0021
1938.00,0.0020
1937.00,0.0018
1936.00,0.0016
1935.00,0.0014
1934.00,0.0013
1933.00,0.0011
1932.00,0.0009
1931.00,0.0008
1930.00,0.0007
1929.00,0.0006
1928.00,0.0004
1927.00,0.0003
1926.00,0.0003
1925.00,0.0002
1924.00,0.0002
1923.00,0.0002
1922.00,0.0002
1921.00,0.0002
1920.00,0.0002
1919.00,0.0002
1918.00,0.0001
1917.00,0.0001
1916.00,0.0001
1915.00,0.0001
1914.00,0.0001
1913.00,0.0001
1912.00,0.0001
1911.00,0.0001
1910.00,0.0000
1909.00,0.0000
1908.00,0.0001
1907.00,0.0001
1906.00,0.0001
1905.00,0.0001
1904.00,0.0001
1903.00,0.0001
1902.00,0.0001
1901.00,0.0002
1900.00,0.0002
1899.00,0.0003
1898.00,0.0004
1897.00,0.0005
1896.00,0.0006
1895.00,0.0007
1894.00,0.0008
1893.00,0.0009
1892.00,0.0010
1891.00,0.0011
1890.00,0.0012
1889.00,0.0013
1888.00,0.0014
1887.00,0.0015
1886.00,0.0016
1885.00,0.0016
1884.00,0.0017
1883.00,0.0018
1882.00,0.0019
1881.00,0.0019
1880.00,0.0020
1879.00,0.0020
1878.00,0.0020
1877.00,0.0021
1876.00,0.0021
1875.00,0.0022
1874.00,0.0023
1873.00,0.0024
1872.00,0.0024
1871.00,0.0025
1870.00,0.0026
1869.00,0.0026
1868.00,0.0025
1867.00,0.0025
1866.00,0.0024
1865.00,0.0022
1864.00,0.0021
1863.00,0.0019
1862.00,0.0017
1861.00,0.0016
1860.00,0.0014
1859.00,0.0012
1858.00,0.0011
1857.00,0.0009
1856.00,0.0008
1855.00,0.0007
1854.00,0.0006
1853.00,0.0005
1852.00,0.0005
1851.00,0.0004
1850.00,0.0004
1849.00,0.0004
1848.00,0.0004
1847.00,0.0004
1846.00,0.0005
1845.00,0.0005
1844.00,0.0004
1843.00,0.0004
1842.00,0.0004
1841.00,0.0003
1840.00,0.0003
1839.00,0.0003
1838.00,0.0003
1837.00,0.0003
1836.00,0.0004
1835.00,0.0004
1834.00,0.0005
1833.00,0.0005
1832.00,0.0006
1831.00,0.0006
1830.00,0.0007
1829.00,0.0008
1828.00,0.0009
1827.00,0.0010
1826.00,0.0011
1825.00,0.0012
1824.00,0.0013
1823.00,0.0014
1822.00,0.0014
1821.00,0.0015
1820.00,0.0015
1819.00,0.0014
1818.00,0.0015
1817.00,0.0015
1816.00,0.0017
1815.00,0.0018
1814.00,0.0020
1813.00,0.0022
1812.00,0.0023
1811.00,0.0024
1810.00,0.0026
1809.00,0.0027
1808.00,0.0028
1807.00,0.0029
1806.00,0.0030
1805.00,0.0031
1804.00,0.0032
1803.00,0.0033
1802.00,0.0033
1801.00,0.0034
1800.00,0.0033
1799.00,0.0032
1798.00,0.0032
1797.00,0.0030
1796.00,0.0029
1795.00,0.0028
1794.00,0.0027
1793.00,0.0025
1792.00,0.0024
1791.00,0.0023
1790.00,0.0022
1789.00,0.0021
1788.00,0.0020
1787.00,0.0020
1786.00,0.0019
1785.00,0.0019
1784.00,0.0019
1783.00,0.0019
1782.00,0.0020
1781.00,0.0020
1780.00,0.0021
1779.00,0.0021
1778.00,0.0022
1777.00,0.0022
1776.00,0.0023
1775.00,0.0024
1774.00,0.0024
1773.00,0.0024
1772.00,0.0025
1771.00,0.0026
1770.00,0.0027
1769.00,0.0028
1768.00,0.0028
1767.00,0.0028
1766.00,0.0028
1765.00,0.0028
1764.00,0.0029
1763.00,0.0030
1762.00,0.0031
1761.00,0.0033
1760.00,0.0035
1759.00,0.0037
1758.00,0.0039
1757.00,0.0042
1756.00,0.0045
1755.00,0.0048
1754.00,0.0051
1753.00,0.0054
1752.00,0.0059
1751.00,0.0062
1750.00,0.0066
1749.00,0.0068
1748.00,0.0070
1747.00,0.0072
1746.00,0.0074
1745.00,0.0076
1744.00,0.0078
1743.00,0.0079
1742.00,0.0080
1741.00,0.0080
1740.00,0.0081
1739.00,0.0081
1738.00,0.0081
1737.00,0.0081
1736.00,0.0081
1735.00,0.0080
1734.00,0.0078
1733.00,0.0077
1732.00,0.0075
1731.00,0.0073
1730.00,0.0070
1729.00,0.0067
1728.00,0.0065
1727.00,0.0063
1726.00,0.0060
1725.00,0.0059
1724.00,0.0057
1723.00,0.0056
1722.00,0.0055
1721.00,0.0054
1720.00,0.0053
1719.00,0.0053
1718.00,0.0052
1717.00,0.0051
1716.00,0.0049
1715.00,0.0048
1714.00,0.0047
1713.00,0.0046
1712.00,0.0045
1711.00,0.0044
1710.00,0.0044
1709.00,0.0044
1708.00,0.0044
1707.00,0.0043
1706.00,0.0043
1705.00,0.0043
1704.00,0.0043
1703.00,0.0044
1702.00,0.0045
1701.00,0.0045
1700.00,0.0045
1699.00,0.0046
1698.00,0.0047
1697.00,0.0047
1696.00,0.0047
1695.00,0.0047
1694.00,0.0048
1693.00,0.0049
1692.00,0.0049
1691.00,0.0050
1690.00,0.0051
1689.00,0.0052
1688.00,0.0054
1687.00,0.0056
1686.00,0.0057
1685.00,0.0058
1684.00,0.0060
1683.00,0.0062
1682.00,0.0063
1681.00,0.0064
1680.00,0.0064
1679.00,0.0065
1678.00,0.0065
1677.00,0.0066
1676.00,0.0067
1675.00,0.0068
1674.00,0.0069
1673.00,0.0070
1672.00,0.0071
1671.00,0.0071
1670.00,0.0071
1669.00,0.0072
1668.00,0.0072
1667.00,0.0073
1666.00,0.0072
1665.00,0.0072
1664.00,0.0072
1663.00,0.0071
1662.00,0.0071
1661.00,0.0071
1660.00,0.0071
1659.00,0.0071
1658.00,0.0070
1657.00,0.0069
1656.00,0.0069
1655.00,0.0068
1654.00,0.0066
1653.00,0.0064
1652.00,0.0064
1651.00,0.0064
1650.00,0.0064
1649.00,0.0063
1648.00,0.0062
1647.00,0.0061
1646.00,0.0060
1645.00,0.0059
1644.00,0.0058
1643.00,0.0057
1642.00,0.0056
1641.00,0.0056
1640.00,0.0055
1639.00,0.0055
1638.00,0.0055
1637.00,0.0054
1636.00,0.0054
1635.00,0.0053
1634.00,0.0053
1633.00,0.0052
1632.00,0.0051
1631.00,0.0051
1630.00,0.0051
1629.00,0.0051
1628.00,0.0051
1627.00,0.0051
1626.00,0.0051
1625.00,0.0051
1624.00,0.0051
1623.00,0.0052
1622.00,0.0052
1621.00,0.0052
1620.00,0.0053
1619.00,0.0053
1618.00,0.0053
1617.00,0.0054
1616.00,0.0056
1615.00,0.0059
1614.00,0.0061
1613.00,0.0064
1612.00,0.0069
1611.00,0.0075
1610.00,0.0085
1609.00,0.0097
1608.00,0.0114
1607.00,0.0134
1606.00,0.0158
1605.00,0.0184
1604.00,0.0210
1603.00,0.0232
1602.00,0.0246
1601.00,0.0249
1600.00,0.0241
1599.00,0.0224
1598.00,0.0201
1597.00,0.0177
1596.00,0.0155
1595.00,0.0137
1594.00,0.0123
1593.00,0.0112
1592.00,0.0104
1591.00,0.0098
1590.00,0.0093
1589.00,0.0091
1588.00,0.0093
1587.00,0.0098
1586.00,0.0106
1585.00,0.0114
1584.00,0.0119
1583.00,0.0121
1582.00,0.0115
1581.00,0.0106
1580.00,0.0095
1579.00,0.0085
1578.00,0.0077
1577.00,0.0070
1576.00,0.0065
1575.00,0.0062
1574.00,0.0060
1573.00,0.0058
1572.00,0.0056
1571.00,0.0054
1570.00,0.0053
1569.00,0.0052
1568.00,0.0052
1567.00,0.0051
1566.00,0.0051
1565.00,0.0050
1564.00,0.0049
1563.00,0.0050
1562.00,0.0050
1561.00,0.0050
1560.00,0.0051
1559.00,0.0052
1558.00,0.0053
1557.00,0.0053
1556.00,0.0053
1555.00,0.0053
1554.00,0.0053
1553.00,0.0054
1552.00,0.0054
1551.00,0.0055
1550.00,0.0056
1549.00,0.0056
1548.00,0.0057
1547.00,0.0058
1546.00,0.0059
1545.00,0.0059
1544.00,0.0059
1543.00,0.0058
1542.00,0.0058
1541.00,0.0057
1540.00,0.0056
1539.00,0.0055
1538.00,0.0055
1537.00,0.0053
1536.00,0.0052
1535.00,0.0051
1534.00,0.0049
1533.00,0.0048
1532.00,0.0046
1531.00,0.0045
1530.00,0.0044
1529.00,0.0043
1528.00,0.0042
1527.00,0.0041
1526.00,0.0041
1525.00,0.0041
1524.00,0.0040
1523.00,0.0040
1522.00,0.0040
1521.00,0.0040
1520.00,0.0040
1519.00,0.0040
1518.00,0.0041
1517.00,0.0041
1516.00,0.0041
1515.00,0.0042
1514.00,0.0042
1513.00,0.0042
1512.00,0.0042
1511.00,0.0043
1510.00,0.0045
1509.00,0.0046
1508.00,0.0048
1507.00,0.0050
1506.00,0.0053
1505.00,0.0057
1504.00,0.0060
1503.00,0.0066
1502.00,0.0074
1501.00,0.0086
1500.00,0.0105
1499.00,0.0135
1498.00,0.0183
1497.00,0.0256
1496.00,0.0350
1495.00,0.0444
1494.00,0.0517
1493.00,0.0553
1492.00,0.0543
1491.00,0.0490
1490.00,0.0410
1489.00,0.0330
1488.00,0.0265
1487.00,0.0216
1486.00,0.0180
1485.00,0.0152
1484.00,0.0131
1483.00,0.0113
1482.00,0.0100
1481.00,0.0090
1480.00,0.0083
1479.00,0.0078
1478.00,0.0075
1477.00,0.0073
1476.00,0.0072
1475.00,0.0071
1474.00,0.0070
1473.00,0.0071
1472.00,0.0072
1471.00,0.0073
1470.00,0.0074
1469.00,0.0075
1468.00,0.0077
1467.00,0.0079
1466.00,0.0081
1465.00,0.0085
1464.00,0.0090
1463.00,0.0094
1462.00,0.0100
1461.00,0.0109
1460.00,0.0121
1459.00,0.0142
1458.00,0.0184
1457.00,0.0255
1456.00,0.0345
1455.00,0.0429
1454.00,0.0498
1453.00,0.0547
1452.00,0.0567
1451.00,0.0557
1450.00,0.0524
1449.00,0.0483
1448.00,0.0443
1447.00,0.0407
1446.00,0.0377
1445.00,0.0351
1444.00,0.0325
1443.00,0.0299
1442.00,0.0276
1441.00,0.0256
1440.00,0.0238
1439.00,0.0222
1438.00,0.0205
1437.00,0.0188
1436.00,0.0171
1435.00,0.0156
1434.00,0.0143
1433.00,0.0131
1432.00,0.0121
1431.00,0.0112
1430.00,0.0104
1429.00,0.0098
1428.00,0.0093
1427.00,0.0089
1426.00,0.0087
1425.00,0.0085
1424.00,0.0083
1423.00,0.0082
1422.00,0.0080
1421.00,0.0079
1420.00,0.0079
1419.00,0.0078
1418.00,0.0077
1417.00,0.0076
1416.00,0.0075
1415.00,0.0073
1414.00,0.0072
1413.00,0.0071
1412.00,0.0070
1411.00,0.0070
1410.00,0.0069
1409.00,0.0069
1408.00,0.0069
1407.00,0.0068
1406.00,0.0069
1405.00,0.0069
1404.00,0.0069
1403.00,0.0069
1402.00,0.0069
1401.00,0.0069
1400.00,0.0070
1399.00,0.0072
1398.00,0.0073
1397.00,0.0073
1396.00,0.0074
1395.00,0.0076
1394.00,0.0077
1393.00,0.0079
1392.00,0.0081
1391.00,0.0084
1390.00,0.0087
1389.00,0.0090
1388.00,0.0094
1387.00,0.0098
1386.00,0.0101
1385.00,0.0105
1384.00,0.0108
1383.00,0.0111
1382.00,0.0115
1381.00,0.0118
1380.00,0.0122
1379.00,0.0125
1378.00,0.0129
1377.00,0.0132
1376.00,0.0135
1375.00,0.0137
1374.00,0.0139
1373.00,0.0140
1372.00,0.0140
1371.00,0.0139
1370.00,0.0139
1369.00,0.0137
1368.00,0.0136
1367.00,0.0136
1366.00,0.0135
1365.00,0.0134
1364.00,0.0133
1363.00,0.0131
1362.00,0.0130
1361.00,0.0128
1360.00,0.0126
1359.00,0.0124
1358.00,0.0122
1357.00,0.0120
1356.00,0.0118
1355.00,0.0117
1354.00,0.0116
1353.00,0.0116
1352.00,0.0116
1351.00,0.0115
1350.00,0.0115
1349.00,0.0115
1348.00,0.0114
1347.00,0.0113
1346.00,0.0112
1345.00,0.0110
1344.00,0.0108
1343.00,0.0106
1342.00,0.0105
1341.00,0.0103
1340.00,0.0103
1339.00,0.0102
1338.00,0.0101
1337.00,0.0102
1336.00,0.0103
1335.00,0.0104
1334.00,0.0107
1333.00,0.0109
1332.00,0.0112
1331.00,0.0114
1330.00,0.0116
1329.00,0.0117
1328.00,0.0117
1327.00,0.0116
1326.00,0.0115
1325.00,0.0114
1324.00,0.0112
1323.00,0.0111
1322.00,0.0110
1321.00,0.0110
1320.00,0.0109
1319.00,0.0110
1318.00,0.0110
1317.00,0.0111
1316.00,0.0112
1315.00,0.0112
1314.00,0.0113
1313.00,0.0114
1312.00,0.0114
1311.00,0.0113
1310.00,0.0113
1309.00,0.0111
1308.00,0.0110
1307.00,0.0108
1306.00,0.0106
1305.00,0.0105
1304.00,0.0103
1303.00,0.0101
1302.00,0.0100
1301.00,0.0098
1300.00,0.0097
1299.00,0.0097
1298.00,0.0096
1297.00,0.0096
1296.00,0.0096
1295.00,0.0096
1294.00,0.0097
1293.00,0.0097
1292.00,0.0096
1291.00,0.0096
1290.00,0.0095
1289.00,0.0094
1288.00,0.0093
1287.00,0.0092
1286.00,0.0092
1285.00,0.0091
1284.00,0.0091
1283.00,0.0091
1282.00,0.0091
1281.00,0.0090
1280.00,0.0090
1279.00,0.0089
1278.00,0.0088
1277.00,0.0087
1276.00,0.0085
1275.00,0.0084
1274.00,0.0083
1273.00,0.0082
1272.00,0.0081
1271.00,0.0080
1270.00,0.0079
1269.00,0.0078
1268.00,0.0078
1267.00,0.0077
1266.00,0.0077
1265.00,0.0077
1264.00,0.0076
1263.00,0.0076
1262.00,0.0075
1261.00,0.0075
1260.00,0.0074
1259.00,0.0074
1258.00,0.0074
1257.00,0.0074
1256.00,0.0074
1255.00,0.0074
1254.00,0.0074
1253.00,0.0075
1252.00,0.0076
1251.00,0.0076
1250.00,0.0077
1249.00,0.0077
1248.00,0.0078
1247.00,0.0078
1246.00,0.0078
1245.00,0.0078
1244.00,0.0078
1243.00,0.0078
1242.00,0.0077
1241.00,0.0077
1240.00,0.0077
1239.00,0.0077
1238.00,0.0076
1237.00,0.0076
1236.00,0.0075
1235.00,0.0075
1234.00,0.0075
1233.00,0.0075
1232.00,0.0075
1231.00,0.0075
1230.00,0.0075
1229.00,0.0075
1228.00,0.0075
1227.00,0.0075
1226.00,0.0075
1225.00,0.0075
1224.00,0.0075
1223.00,0.0075
1222.00,0.0074
1221.00,0.0074
1220.00,0.0074
1219.00,0.0074
1218.00,0.0074
1217.00,0.0074
1216.00,0.0074
1215.00,0.0075
1214.00,0.0075
1213.00,0.0076
1212.00,0.0077
1211.00,0.0078
1210.00,0.0079
1209.00,0.0080
1208.00,0.0082
1207.00,0.0084
1206.00,0.0086
1205.00,0.0088
1204.00,0.0090
1203.00,0.0092
1202.00,0.0095
1201.00,0.0097
1200.00,0.0099
1199.00,0.0101
1198.00,0.0102
1197.00,0.0103
1196.00,0.0104
1195.00,0.0105
1194.00,0.0105
1193.00,0.0105
1192.00,0.0106
1191.00,0.0107
1190.00,0.0108
1189.00,0.0110
1188.00,0.0112
1187.00,0.0116
1186.00,0.0121
1185.00,0.0126
1184.00,0.0132
1183.00,0.0138
1182.00,0.0141
1181.00,0.0142
1180.00,0.0140
1179.00,0.0135
1178.00,0.0129
1177.00,0.0121
1176.00,0.0114
1175.00,0.0108
1174.00,0.0104
1173.00,0.0101
1172.00,0.0099
1171.00,0.0098
1170.00,0.0097
1169.00,0.0096
1168.00,0.0096
1167.00,0.0095
1166.00,0.0095
1165.00,0.0096
1164.00,0.0097
1163.00,0.0099
1162.00,0.0102
1161.00,0.0107
1160.00,0.0113
1159.00,0.0120
1158.00,0.0129
1157.00,0.0137
1156.00,0.0143
1155.00,0.0146
1154.00,0.0146
1153.00,0.0141
1152.00,0.0133
1151.00,0.0124
1150.00,0.0114
1149.00,0.0106
1148.00,0.0099
1147.00,0.0093
1146.00,0.0089
1145.00,0.0086
1144.00,0.0083
1143.00,0.0081
1142.00,0.0079
1141.00,0.0077
1140.00,0.0076
1139.00,0.0075
1138.00,0.0074
1137.00,0.0073
1136.00,0.0072
1135.00,0.0072
1134.00,0.0071
1133.00,0.0071
1132.00,0.0071
1131.00,0.0071
1130.00,0.0071
1129.00,0.0072
1128.00,0.0072
1127.00,0.0073
1126.00,0.0073
1125.00,0.0074
1124.00,0.0075
1123.00,0.0076
1122.00,0.0077
1121.00,0.0078
1120.00,0.0080
1119.00,0.0082
1118.00,0.0084
1117.00,0.0087
1116.00,0.0089
1115.00,0.0091
1114.00,0.0092
1113.00,0.0093
1112.00,0.0093
1111.00,0.0094
1110.00,0.0093
1109.00,0.0092
1108.00,0.0092
1107.00,0.0091
1106.00,0.0091
1105.00,0.0091
1104.00,0.0091
1103.00,0.0091
1102.00,0.0092
1101.00,0.0092
1100.00,0.0093
1099.00,0.0094
1098.00,0.0095
1097.00,0.0096
1096.00,0.0097
1095.00,0.0097
1094.00,0.0098
1093.00,0.0099
1092.00,0.0100
1091.00,0.0102
1090.00,0.0103
1089.00,0.0105
1088.00,0.0107
1087.00,0.0109
1086.00,0.0111
1085.00,0.0114
1084.00,0.0117
1083.00,0.0121
1082.00,0.0125
1081.00,0.0129
1080.00,0.0133
1079.00,0.0138
1078.00,0.0142
1077.00,0.0146
1076.00,0.0152
1075.00,0.0158
1074.00,0.0165
1073.00,0.0172
1072.00,0.0178
1071.00,0.0183
1070.00,0.0187
1069.00,0.0188
1068.00,0.0187
1067.00,0.0184
1066.00,0.0180
1065.00,0.0174
1064.00,0.0167
1063.00,0.0161
1062.00,0.0154
1061.00,0.0148
1060.00,0.0143
1059.00,0.0138
1058.00,0.0134
1057.00,0.0130
1056.00,0.0127
1055.00,0.0124
1054.00,0.0120
1053.00,0.0118
1052.00,0.0116
1051.00,0.0114
1050.00,0.0113
1049.00,0.0111
1048.00,0.0111
1047.00,0.0110
1046.00,0.0108
1045.00,0.0107
1044.00,0.0107
1043.00,0.0107
1042.00,0.0107
1041.00,0.0108
1040.00,0.0110
1039.00,0.0113
1038.00,0.0120
1037.00,0.0130
1036.00,0.0145
1035.00,0.0165
1034.00,0.0189
1033.00,0.0216
1032.00,0.0244
1031.00,0.0268
1030.00,0.0288
1029.00,0.0300
1028.00,0.0305
1027.00,0.0299
1026.00,0.0285
1025.00,0.0266
1024.00,0.0246
1023.00,0.0227
1022.00,0.0211
1021.00,0.0198
1020.00,0.0187
1019.00,0.0177
1018.00,0.0169
1017.00,0.0161
1016.00,0.0155
1015.00,0.0149
1014.00,0.0144
1013.00,0.0140
1012.00,0.0136
1011.00,0.0133
1010.00,0.0130
1009.00,0.0128
1008.00,0.0128
1007.00,0.0129
1006.00,0.0132
1005.00,0.0135
1004.00,0.0137
1003.00,0.0137
1002.00,0.0133
1001.00,0.0127
1000.00,0.0119
999.00,0.0112
998.00,0.0106
997.00,0.0102
996.00,0.0099
995.00,0.0098
994.00,0.0097
993.00,0.0097
992.00,0.0097
991.00,0.0098
990.00,0.0099
989.00,0.0100
988.00,0.0101
987.00,0.0104
986.00,0.0106
985.00,0.0108
984.00,0.0111
983.00,0.0113
982.00,0.0115
981.00,0.0116
980.00,0.0117
979.00,0.0116
978.00,0.0115
977.00,0.0112
976.00,0.0110
975.00,0.0107
974.00,0.0105
973.00,0.0104
972.00,0.0105
971.00,0.0107
970.00,0.0109
969.00,0.0113
968.00,0.0117
967.00,0.0120
966.00,0.0122
965.00,0.0124
964.00,0.0124
963.00,0.0123
962.00,0.0120
961.00,0.0115
960.00,0.0110
959.00,0.0105
958.00,0.0100
957.00,0.0096
956.00,0.0092
955.00,0.0090
954.00,0.0088
953.00,0.0087
952.00,0.0087
951.00,0.0087
950.00,0.0088
949.00,0.0089
948.00,0.0090
947.00,0.0092
946.00,0.0093
945.00,0.0094
944.00,0.0095
943.00,0.0095
942.00,0.0095
941.00,0.0094
940.00,0.0092
939.00,0.0089
938.00,0.0086
937.00,0.0083
936.00,0.0080
935.00,0.0077
934.00,0.0074
933.00,0.0072
932.00,0.0070
931.00,0.0068
930.00,0.0067
929.00,0.0066
928.00,0.0066
927.00,0.0066
926.00,0.0067
925.00,0.0068
924.00,0.0069
923.00,0.0070
922.00,0.0072
921.00,0.0074
920.00,0.0077
919.00,0.0080
918.00,0.0085
917.00,0.0091
916.00,0.0098
915.00,0.0107
914.00,0.0117
913.00,0.0128
912.00,0.0140
911.00,0.0153
910.00,0.0164
909.00,0.0175
908.00,0.0183
907.00,0.0187
906.00,0.0187
905.00,0.0183
904.00,0.0175
903.00,0.0164
902.00,0.0151
901.00,0.0136
900.00,0.0122
899.00,0.0109
898.00,0.0098
897.00,0.0089
896.00,0.0082
895.00,0.0077
894.00,0.0072
893.00,0.0069
892.00,0.0066
891.00,0.0064
890.00,0.0061
889.00,0.0059
888.00,0.0057
887.00,0.0056
886.00,0.0054
885.00,0.0053
884.00,0.0052
883.00,0.0051
882.00,0.0050
881.00,0.0049
880.00,0.0049
879.00,0.0049
878.00,0.0049
877.00,0.0049
876.00,0.0048
875.00,0.0048
874.00,0.0047
873.00,0.0047
872.00,0.0046
871.00,0.0046
870.00,0.0045
869.00,0.0045
868.00,0.0045
867.00,0.0044
866.00,0.0044
865.00,0.0044
864.00,0.0044
863.00,0.0044
862.00,0.0044
861.00,0.0043
860.00,0.0043
859.00,0.0044
858.00,0.0044
857.00,0.0044
856.00,0.0045
855.00,0.0046
854.00,0.0048
853.00,0.0050
852.00,0.0054
851.00,0.0058
850.00,0.0063
849.00,0.0068
848.00,0.0073
847.00,0.0078
846.00,0.0083
845.00,0.0088
844.00,0.0091
843.00,0.0094
842.00,0.0095
841.00,0.0094
840.00,0.0093
839.00,0.0089
838.00,0.0084
837.00,0.0079
836.00,0.0073
835.00,0.0067
834.00,0.0061
833.00,0.0056
832.00,0.0052
831.00,0.0048
830.00,0.0046
829.00,0.0044
828.00,0.0043
827.00,0.0042
826.00,0.0042
825.00,0.0042
824.00,0.0042
823.00,0.0042
822.00,0.0043
821.00,0.0043
820.00,0.0043
819.00,0.0043
818.00,0.0043
817.00,0.0043
816.00,0.0044
815.00,0.0044
814.00,0.0045
813.00,0.0045
812.00,0.0045
811.00,0.0046
810.00,0.0046
809.00,0.0046
808.00,0.0047
807.00,0.0047
806.00,0.0047
805.00,0.0048
804.00,0.0049
803.00,0.0050
802.00,0.0051
801.00,0.0052
800.00,0.0054
799.00,0.0056
798.00,0.0058
797.00,0.0060
796.00,0.0063
795.00,0.0066
794.00,0.0069
793.00,0.0073
792.00,0.0077
791.00,0.0082
790.00,0.0087
789.00,0.0093
788.00,0.0099
787.00,0.0105
786.00,0.0111
785.00,0.0118
784.00,0.0125
783.00,0.0134
782.00,0.0143
781.00,0.0153
780.00,0.0165
779.00,0.0179
778.00,0.0195
777.00,0.0213
776.00,0.0233
775.00,0.0255
774.00,0.0278
773.00,0.0302
772.00,0.0329
771.00,0.0358
770.00,0.0387
769.00,0.0418
768.00,0.0448
767.00,0.0477
766.00,0.0505
765.00,0.0533
764.00,0.0561
763.00,0.0589
762.00,0.0618
761.00,0.0647
760.00,0.0675
759.00,0.0701
758.00,0.0723
757.00,0.0739
756.00,0.0750
755.00,0.0754
754.00,0.0754
753.00,0.0751
752.00,0.0747
751.00,0.0744
750.00,0.0741
749.00,0.0738
748.00,0.0733
747.00,0.0721
746.00,0.0701
745.00,0.0670
744.00,0.0630
743.00,0.0583
742.00,0.0533
741.00,0.0485
740.00,0.0439
739.00,0.0397
738.00,0.0358
737.00,0.0322
736.00,0.0287
735.00,0.0254
734.00,0.0222
733.00,0.0193
732.00,0.0168
731.00,0.0147
730.00,0.0131
729.00,0.0118
728.00,0.0108
727.00,0.0101
726.00,0.0096
725.00,0.0093
724.00,0.0090
723.00,0.0089
722.00,0.0088
721.00,0.0088
720.00,0.0089
719.00,0.0091
718.00,0.0094
717.00,0.0098
716.00,0.0104
715.00,0.0113
714.00,0.0125
713.00,0.0143
712.00,0.0168
711.00,0.0203
710.00,0.0249
709.00,0.0308
708.00,0.0382
707.00,0.0470
706.00,0.0572
705.00,0.0687
704.00,0.0814
703.00,0.0950
702.00,0.1095
701.00,0.1247
700.00,0.1401
699.00,0.1556
698.00,0.1705
697.00,0.1835
696.00,0.1928
695.00,0.1960
694.00,0.1916
693.00,0.1796
692.00,0.1620
691.00,0.1421
690.00,0.1229
689.00,0.1061
688.00,0.0922
687.00,0.0811
686.00,0.0722
685.00,0.0651
684.00,0.0592
683.00,0.0543
682.00,0.0502
681.00,0.0468
680.00,0.0438
679.00,0.0413
678.00,0.0391
677.00,0.0373
676.00,0.0357
675.00,0.0342
674.00,0.0329
673.00,0.0317
672.00,0.0306
671.00,0.0296
670.00,0.0285
669.00,0.0275
668.00,0.0265
667.00,0.0256
666.00,0.0248
665.00,0.0240
664.00,0.0231
663.00,0.0222
662.00,0.0212
661.00,0.0204
660.00,0.0196
659.00,0.0189
658.00,0.0182
657.00,0.0175
656.00,0.0169
655.00,0.0164
654.00,0.0159
653.00,0.0154
652.00,0.0149
651.00,0.0144
650.00,0.0140
649.00,0.0137
648.00,0.0135
647.00,0.0132
646.00,0.0128
645.00,0.0125
644.00,0.0123
643.00,0.0121
642.00,0.0121
641.00,0.0121
640.00,0.0121
639.00,0.0122
638.00,0.0124
637.00,0.0127
636.00,0.0130
635.00,0.0133
634.00,0.0135
633.00,0.0138
632.00,0.0140
631.00,0.0143
630.00,0.0145
629.00,0.0147
628.00,0.0149
627.00,0.0150
626.00,0.0151
625.00,0.0153
624.00,0.0155
623.00,0.0159
622.00,0.0162
621.00,0.0163
620.00,0.0162
619.00,0.0158
618.00,0.0153
617.00,0.0149
616.00,0.0145
615.00,0.0141
614.00,0.0138
613.00,0.0135
612.00,0.0132
611.00,0.0131
610.00,0.0130
609.00,0.0128
608.00,0.0127
607.00,0.0126
606.00,0.0125
605.00,0.0125
604.00,0.0125
603.00,0.0126
602.00,0.0127
601.00,0.0128
600.00,0.0129
599.00,0.0130
598.00,0.0131
597.00,0.0132
596.00,0.0134
595.00,0.0136
594.00,0.0138
593.00,0.0139
592.00,0.0142
591.00,0.0144
590.00,0.0146
589.00,0.0147
588.00,0.0149
587.00,0.0151
586.00,0.0153
585.00,0.0157
584.00,0.0161
583.00,0.0165
582.00,0.0170
581.00,0.0174
580.00,0.0180
579.00,0.0186
578.00,0.0193
577.00,0.0201
576.00,0.0211
575.00,0.0221
574.00,0.0230
573.00,0.0239
572.00,0.0248
571.00,0.0257
570.00,0.0267
569.00,0.0276
568.00,0.0287
567.00,0.0296
566.00,0.0305
565.00,0.0314
564.00,0.0324
563.00,0.0333
562.00,0.0343
561.00,0.0352
560.00,0.0361
559.00,0.0370
558.00,0.0380
557.00,0.0390
556.00,0.0400
555.00,0.0411
554.00,0.0421
553.00,0.0432
552.00,0.0445
551.00,0.0460
550.00,0.0475
549.00,0.0491
548.00,0.0509
547.00,0.0527
546.00,0.0547
545.00,0.0568
544.00,0.0591
543.00,0.0614
542.00,0.0635
541.00,0.0653
540.00,0.0667
539.00,0.0676
538.00,0.0677
537.00,0.0671
536.00,0.0660
535.00,0.0641
534.00,0.0615
533.00,0.0584
532.00,0.0553
531.00,0.0521
530.00,0.0489
529.00,0.0458
528.00,0.0429
527.00,0.0401
526.00,0.0374
525.00,0.0351
524.00,0.0331
523.00,0.0313
522.00,0.0297
521.00,0.0282
520.00,0.0270
519.00,0.0260
518.00,0.0251
517.00,0.0243
516.00,0.0236
515.00,0.0228
514.00,0.0221
513.00,0.0214
512.00,0.0208
511.00,0.0202
510.00,0.0195
509.00,0.0188
508.00,0.0182
507.00,0.0177
506.00,0.0171
505.00,0.0167
504.00,0.0163
503.00,0.0160
502.00,0.0156
501.00,0.0151
500.00,0.0147
499.00,0.0144
498.00,0.0140
497.00,0.0137
496.00,0.0134
495.00,0.0131
494.00,0.0127
493.00,0.0123
492.00,0.0121
491.00,0.0120
490.00,0.0119
489.00,0.0118
488.00,0.0117
487.00,0.0117
486.00,0.0117
485.00,0.0117
484.00,0.0117
483.00,0.0114
482.00,0.0110
481.00,0.0106
480.00,0.0105
479.00,0.0105
478.00,0.0104
477.00,0.0103
476.00,0.0101
475.00,0.0100
474.00,0.0099
473.00,0.0100
472.00,0.0102
471.00,0.0102
470.00,0.0099
469.00,0.0097
468.00,0.0096
467.00,0.0095
466.00,0.0094
465.00,0.0094
464.00,0.0095
463.00,0.0096
462.00,0.0095
461.00,0.0092
460.00,0.0091
459.00,0.0091
458.00,0.0091
457.00,0.0092
456.00,0.0091
455.00,0.0089
454.00,0.0086
453.00,0.0083
452.00,0.0083
451.00,0.0083
450.00,0.0084
449.00,0.0085
448.00,0.0087
447.00,0.0087
446.00,0.0085
445.00,0.0082
444.00,0.0081
443.00,0.0080
442.00,0.0079
441.00,0.0078
440.00,0.0078
439.00,0.0077
438.00,0.0075
437.00,0.0072
436.00,0.0070
435.00,0.0067
434.00,0.0063
433.00,0.0061
432.00,0.0062
431.00,0.0064
430.00,0.0065
429.00,0.0064
428.00,0.0064
427.00,0.0063
426.00,0.0061
425.00,0.0059
424.00,0.0058
423.00,0.0056
422.00,0.0053
421.00,0.0051
420.00,0.0054
419.00,0.0058
418.00,0.0061
417.00,0.0061
416.00,0.0062
415.00,0.0063
414.00,0.0062
413.00,0.0062
412.00,0.0063
411.00,0.0062
410.00,0.0059
409.00,0.0058
408.00,0.0060
407.00,0.0063
406.00,0.0064
405.00,0.0066
404.00,0.0068
403.00,0.0066
402.00,0.0057
401.00,0.0046
400.00,0.0040
