Created as New Dataset,Sample 876 By YargerLab Date Monday, April 27 2026
cm-1,A
4000.00,0.0035
3999.00,0.0035
3998.00,0.0035
3997.00,0.0035
3996.00,0.0035
3995.00,0.0035
3994.00,0.0035
3993.00,0.0035
3992.00,0.0035
3991.00,0.0035
3990.00,0.0035
3989.00,0.0035
3988.00,0.0035
3987.00,0.0035
3986.00,0.0034
3985.00,0.0034
3984.00,0.0034
3983.00,0.0034
3982.00,0.0035
3981.00,0.0035
3980.00,0.0035
3979.00,0.0035
3978.00,0.0035
3977.00,0.0035
3976.00,0.0035
3975.00,0.0034
3974.00,0.0035
3973.00,0.0035
3972.00,0.0035
3971.00,0.0035
3970.00,0.0035
3969.00,0.0035
3968.00,0.0034
3967.00,0.0034
3966.00,0.0034
3965.00,0.0034
3964.00,0.0034
3963.00,0.0034
3962.00,0.0034
3961.00,0.0035
3960.00,0.0035
3959.00,0.0035
3958.00,0.0035
3957.00,0.0035
3956.00,0.0035
3955.00,0.0035
3954.00,0.0035
3953.00,0.0035
3952.00,0.0035
3951.00,0.0034
3950.00,0.0034
3949.00,0.0034
3948.00,0.0034
3947.00,0.0034
3946.00,0.0035
3945.00,0.0035
3944.00,0.0034
3943.00,0.0034
3942.00,0.0034
3941.00,0.0034
3940.00,0.0034
3939.00,0.0034
3938.00,0.0034
3937.00,0.0034
3936.00,0.0034
3935.00,0.0034
3934.00,0.0034
3933.00,0.0034
3932.00,0.0034
3931.00,0.0034
3930.00,0.0034
3929.00,0.0034
3928.00,0.0035
3927.00,0.0035
3926.00,0.0035
3925.00,0.0035
3924.00,0.0035
3923.00,0.0035
3922.00,0.0034
3921.00,0.0034
3920.00,0.0034
3919.00,0.0034
3918.00,0.0034
3917.00,0.0034
3916.00,0.0034
3915.00,0.0034
3914.00,0.0035
3913.00,0.0035
3912.00,0.0035
3911.00,0.0035
3910.00,0.0035
3909.00,0.0035
3908.00,0.0035
3907.00,0.0035
3906.00,0.0035
3905.00,0.0035
3904.00,0.0035
3903.00,0.0035
3902.00,0.0036
3901.00,0.0036
3900.00,0.0035
3899.00,0.0035
3898.00,0.0035
3897.00,0.0034
3896.00,0.0034
3895.00,0.0034
3894.00,0.0034
3893.00,0.0034
3892.00,0.0034
3891.00,0.0034
3890.00,0.0034
3889.00,0.0035
3888.00,0.0035
3887.00,0.0035
3886.00,0.0035
3885.00,0.0035
3884.00,0.0035
3883.00,0.0035
3882.00,0.0035
3881.00,0.0035
3880.00,0.0035
3879.00,0.0035
3878.00,0.0035
3877.00,0.0035
3876.00,0.0035
3875.00,0.0034
3874.00,0.0034
3873.00,0.0034
3872.00,0.0034
3871.00,0.0035
3870.00,0.0035
3869.00,0.0035
3868.00,0.0035
3867.00,0.0035
3866.00,0.0035
3865.00,0.0034
3864.00,0.0034
3863.00,0.0034
3862.00,0.0034
3861.00,0.0034
3860.00,0.0034
3859.00,0.0034
3858.00,0.0034
3857.00,0.0035
3856.00,0.0035
3855.00,0.0035
3854.00,0.0035
3853.00,0.0035
3852.00,0.0035
3851.00,0.0035
3850.00,0.0035
3849.00,0.0035
3848.00,0.0034
3847.00,0.0034
3846.00,0.0034
3845.00,0.0034
3844.00,0.0034
3843.00,0.0034
3842.00,0.0034
3841.00,0.0034
3840.00,0.0034
3839.00,0.0034
3838.00,0.0034
3837.00,0.0035
3836.00,0.0035
3835.00,0.0035
3834.00,0.0035
3833.00,0.0034
3832.00,0.0034
3831.00,0.0034
3830.00,0.0034
3829.00,0.0034
3828.00,0.0033
3827.00,0.0033
3826.00,0.0033
3825.00,0.0034
3824.00,0.0034
3823.00,0.0034
3822.00,0.0034
3821.00,0.0034
3820.00,0.0034
3819.00,0.0034
3818.00,0.0034
3817.00,0.0034
3816.00,0.0034
3815.00,0.0034
3814.00,0.0034
3813.00,0.0034
3812.00,0.0034
3811.00,0.0034
3810.00,0.0034
3809.00,0.0034
3808.00,0.0034
3807.00,0.0034
3806.00,0.0034
3805.00,0.0034
3804.00,0.0034
3803.00,0.0034
3802.00,0.0034
3801.00,0.0034
3800.00,0.0034
3799.00,0.0034
3798.00,0.0034
3797.00,0.0033
3796.00,0.0033
3795.00,0.0034
3794.00,0.0034
3793.00,0.0034
3792.00,0.0033
3791.00,0.0033
3790.00,0.0033
3789.00,0.0033
3788.00,0.0033
3787.00,0.0033
3786.00,0.0033
3785.00,0.0033
3784.00,0.0033
3783.00,0.0034
3782.00,0.0034
3781.00,0.0034
3780.00,0.0034
3779.00,0.0033
3778.00,0.0033
3777.00,0.0032
3776.00,0.0032
3775.00,0.0032
3774.00,0.0032
3773.00,0.0032
3772.00,0.0033
3771.00,0.0033
3770.00,0.0033
3769.00,0.0033
3768.00,0.0033
3767.00,0.0033
3766.00,0.0033
3765.00,0.0033
3764.00,0.0033
3763.00,0.0032
3762.00,0.0032
3761.00,0.0032
3760.00,0.0032
3759.00,0.0032
3758.00,0.0033
3757.00,0.0033
3756.00,0.0034
3755.00,0.0034
3754.00,0.0035
3753.00,0.0035
3752.00,0.0035
3751.00,0.0035
3750.00,0.0035
3749.00,0.0035
3748.00,0.0035
3747.00,0.0035
3746.00,0.0035
3745.00,0.0034
3744.00,0.0034
3743.00,0.0034
3742.00,0.0034
3741.00,0.0033
3740.00,0.0033
3739.00,0.0033
3738.00,0.0033
3737.00,0.0033
3736.00,0.0033
3735.00,0.0033
3734.00,0.0033
3733.00,0.0033
3732.00,0.0032
3731.00,0.0032
3730.00,0.0032
3729.00,0.0031
3728.00,0.0031
3727.00,0.0031
3726.00,0.0032
3725.00,0.0032
3724.00,0.0032
3723.00,0.0031
3722.00,0.0031
3721.00,0.0031
3720.00,0.0031
3719.00,0.0031
3718.00,0.0032
3717.00,0.0032
3716.00,0.0032
3715.00,0.0032
3714.00,0.0032
3713.00,0.0032
3712.00,0.0032
3711.00,0.0032
3710.00,0.0032
3709.00,0.0032
3708.00,0.0031
3707.00,0.0031
3706.00,0.0031
3705.00,0.0031
3704.00,0.0031
3703.00,0.0030
3702.00,0.0030
3701.00,0.0030
3700.00,0.0030
3699.00,0.0030
3698.00,0.0030
3697.00,0.0031
3696.00,0.0031
3695.00,0.0031
3694.00,0.0031
3693.00,0.0032
3692.00,0.0032
3691.00,0.0032
3690.00,0.0031
3689.00,0.0031
3688.00,0.0031
3687.00,0.0031
3686.00,0.0031
3685.00,0.0031
3684.00,0.0031
3683.00,0.0031
3682.00,0.0031
3681.00,0.0031
3680.00,0.0031
3679.00,0.0031
3678.00,0.0031
3677.00,0.0031
3676.00,0.0031
3675.00,0.0032
3674.00,0.0032
3673.00,0.0033
3672.00,0.0032
3671.00,0.0031
3670.00,0.0031
3669.00,0.0030
3668.00,0.0031
3667.00,0.0031
3666.00,0.0031
3665.00,0.0031
3664.00,0.0031
3663.00,0.0031
3662.00,0.0031
3661.00,0.0031
3660.00,0.0032
3659.00,0.0032
3658.00,0.0032
3657.00,0.0032
3656.00,0.0032
3655.00,0.0032
3654.00,0.0032
3653.00,0.0033
3652.00,0.0033
3651.00,0.0033
3650.00,0.0033
3649.00,0.0033
3648.00,0.0033
3647.00,0.0033
3646.00,0.0033
3645.00,0.0033
3644.00,0.0032
3643.00,0.0032
3642.00,0.0032
3641.00,0.0032
3640.00,0.0032
3639.00,0.0032
3638.00,0.0032
3637.00,0.0033
3636.00,0.0033
3635.00,0.0033
3634.00,0.0033
3633.00,0.0033
3632.00,0.0033
3631.00,0.0034
3630.00,0.0034
3629.00,0.0034
3628.00,0.0035
3627.00,0.0035
3626.00,0.0035
3625.00,0.0034
3624.00,0.0034
3623.00,0.0034
3622.00,0.0034
3621.00,0.0034
3620.00,0.0034
3619.00,0.0034
3618.00,0.0034
3617.00,0.0034
3616.00,0.0035
3615.00,0.0035
3614.00,0.0035
3613.00,0.0035
3612.00,0.0036
3611.00,0.0036
3610.00,0.0036
3609.00,0.0036
3608.00,0.0037
3607.00,0.0037
3606.00,0.0037
3605.00,0.0037
3604.00,0.0037
3603.00,0.0038
3602.00,0.0038
3601.00,0.0037
3600.00,0.0038
3599.00,0.0038
3598.00,0.0038
3597.00,0.0038
3596.00,0.0038
3595.00,0.0038
3594.00,0.0039
3593.00,0.0039
3592.00,0.0039
3591.00,0.0039
3590.00,0.0040
3589.00,0.0040
3588.00,0.0040
3587.00,0.0040
3586.00,0.0040
3585.00,0.0041
3584.00,0.0041
3583.00,0.0041
3582.00,0.0041
3581.00,0.0041
3580.00,0.0042
3579.00,0.0042
3578.00,0.0042
3577.00,0.0043
3576.00,0.0043
3575.00,0.0044
3574.00,0.0044
3573.00,0.0045
3572.00,0.0045
3571.00,0.0046
3570.00,0.0046
3569.00,0.0046
3568.00,0.0046
3567.00,0.0047
3566.00,0.0047
3565.00,0.0047
3564.00,0.0047
3563.00,0.0048
3562.00,0.0048
3561.00,0.0048
3560.00,0.0048
3559.00,0.0049
3558.00,0.0049
3557.00,0.0050
3556.00,0.0050
3555.00,0.0050
3554.00,0.0051
3553.00,0.0051
3552.00,0.0052
3551.00,0.0052
3550.00,0.0052
3549.00,0.0052
3548.00,0.0053
3547.00,0.0053
3546.00,0.0053
3545.00,0.0054
3544.00,0.0054
3543.00,0.0055
3542.00,0.0055
3541.00,0.0056
3540.00,0.0056
3539.00,0.0056
3538.00,0.0057
3537.00,0.0057
3536.00,0.0057
3535.00,0.0058
3534.00,0.0058
3533.00,0.0058
3532.00,0.0059
3531.00,0.0059
3530.00,0.0059
3529.00,0.0059
3528.00,0.0060
3527.00,0.0060
3526.00,0.0060
3525.00,0.0061
3524.00,0.0061
3523.00,0.0062
3522.00,0.0062
3521.00,0.0063
3520.00,0.0063
3519.00,0.0064
3518.00,0.0064
3517.00,0.0064
3516.00,0.0064
3515.00,0.0064
3514.00,0.0065
3513.00,0.0065
3512.00,0.0066
3511.00,0.0066
3510.00,0.0067
3509.00,0.0067
3508.00,0.0067
3507.00,0.0067
3506.00,0.0068
3505.00,0.0068
3504.00,0.0069
3503.00,0.0069
3502.00,0.0070
3501.00,0.0070
3500.00,0.0071
3499.00,0.0071
3498.00,0.0071
3497.00,0.0072
3496.00,0.0072
3495.00,0.0072
3494.00,0.0073
3493.00,0.0073
3492.00,0.0074
3491.00,0.0074
3490.00,0.0075
3489.00,0.0075
3488.00,0.0076
3487.00,0.0076
3486.00,0.0077
3485.00,0.0077
3484.00,0.0077
3483.00,0.0078
3482.00,0.0078
3481.00,0.0079
3480.00,0.0079
3479.00,0.0079
3478.00,0.0079
3477.00,0.0080
3476.00,0.0080
3475.00,0.0081
3474.00,0.0081
3473.00,0.0082
3472.00,0.0082
3471.00,0.0082
3470.00,0.0083
3469.00,0.0083
3468.00,0.0084
3467.00,0.0084
3466.00,0.0085
3465.00,0.0085
3464.00,0.0085
3463.00,0.0086
3462.00,0.0086
3461.00,0.0086
3460.00,0.0087
3459.00,0.0088
3458.00,0.0088
3457.00,0.0089
3456.00,0.0089
3455.00,0.0090
3454.00,0.0090
3453.00,0.0090
3452.00,0.0090
3451.00,0.0091
3450.00,0.0091
3449.00,0.0092
3448.00,0.0092
3447.00,0.0092
3446.00,0.0092
3445.00,0.0092
3444.00,0.0093
3443.00,0.0093
3442.00,0.0094
3441.00,0.0094
3440.00,0.0095
3439.00,0.0095
3438.00,0.0096
3437.00,0.0097
3436.00,0.0097
3435.00,0.0097
3434.00,0.0098
3433.00,0.0098
3432.00,0.0098
3431.00,0.0098
3430.00,0.0098
3429.00,0.0098
3428.00,0.0099
3427.00,0.0099
3426.00,0.0100
3425.00,0.0101
3424.00,0.0101
3423.00,0.0101
3422.00,0.0101
3421.00,0.0102
3420.00,0.0102
3419.00,0.0103
3418.00,0.0103
3417.00,0.0104
3416.00,0.0104
3415.00,0.0104
3414.00,0.0104
3413.00,0.0105
3412.00,0.0105
3411.00,0.0106
3410.00,0.0106
3409.00,0.0106
3408.00,0.0107
3407.00,0.0107
3406.00,0.0108
3405.00,0.0108
3404.00,0.0109
3403.00,0.0109
3402.00,0.0109
3401.00,0.0110
3400.00,0.0110
3399.00,0.0110
3398.00,0.0110
3397.00,0.0111
3396.00,0.0111
3395.00,0.0112
3394.00,0.0112
3393.00,0.0113
3392.00,0.0113
3391.00,0.0113
3390.00,0.0113
3389.00,0.0114
3388.00,0.0114
3387.00,0.0114
3386.00,0.0114
3385.00,0.0115
3384.00,0.0115
3383.00,0.0116
3382.00,0.0116
3381.00,0.0117
3380.00,0.0117
3379.00,0.0118
3378.00,0.0118
3377.00,0.0119
3376.00,0.0119
3375.00,0.0120
3374.00,0.0120
3373.00,0.0121
3372.00,0.0121
3371.00,0.0122
3370.00,0.0122
3369.00,0.0123
3368.00,0.0123
3367.00,0.0123
3366.00,0.0124
3365.00,0.0124
3364.00,0.0124
3363.00,0.0125
3362.00,0.0125
3361.00,0.0126
3360.00,0.0126
3359.00,0.0127
3358.00,0.0127
3357.00,0.0127
3356.00,0.0128
3355.00,0.0128
3354.00,0.0129
3353.00,0.0129
3352.00,0.0130
3351.00,0.0130
3350.00,0.0131
3349.00,0.0131
3348.00,0.0131
3347.00,0.0132
3346.00,0.0132
3345.00,0.0132
3344.00,0.0132
3343.00,0.0133
3342.00,0.0133
3341.00,0.0134
3340.00,0.0134
3339.00,0.0135
3338.00,0.0136
3337.00,0.0136
3336.00,0.0136
3335.00,0.0137
3334.00,0.0137
3333.00,0.0138
3332.00,0.0138
3331.00,0.0138
3330.00,0.0138
3329.00,0.0139
3328.00,0.0139
3327.00,0.0139
3326.00,0.0140
3325.00,0.0140
3324.00,0.0141
3323.00,0.0141
3322.00,0.0142
3321.00,0.0142
3320.00,0.0143
3319.00,0.0143
3318.00,0.0144
3317.00,0.0144
3316.00,0.0144
3315.00,0.0145
3314.00,0.0145
3313.00,0.0146
3312.00,0.0146
3311.00,0.0146
3310.00,0.0146
3309.00,0.0147
3308.00,0.0147
3307.00,0.0147
3306.00,0.0148
3305.00,0.0148
3304.00,0.0148
3303.00,0.0149
3302.00,0.0149
3301.00,0.0149
3300.00,0.0150
3299.00,0.0151
3298.00,0.0151
3297.00,0.0152
3296.00,0.0152
3295.00,0.0152
3294.00,0.0152
3293.00,0.0152
3292.00,0.0152
3291.00,0.0153
3290.00,0.0153
3289.00,0.0153
3288.00,0.0153
3287.00,0.0153
3286.00,0.0153
3285.00,0.0153
3284.00,0.0153
3283.00,0.0153
3282.00,0.0153
3281.00,0.0153
3280.00,0.0153
3279.00,0.0153
3278.00,0.0153
3277.00,0.0153
3276.00,0.0153
3275.00,0.0153
3274.00,0.0152
3273.00,0.0152
3272.00,0.0152
3271.00,0.0152
3270.00,0.0152
3269.00,0.0152
3268.00,0.0151
3267.00,0.0151
3266.00,0.0151
3265.00,0.0151
3264.00,0.0150
3263.00,0.0150
3262.00,0.0150
3261.00,0.0149
3260.00,0.0149
3259.00,0.0148
3258.00,0.0147
3257.00,0.0147
3256.00,0.0147
3255.00,0.0146
3254.00,0.0146
3253.00,0.0146
3252.00,0.0146
3251.00,0.0145
3250.00,0.0145
3249.00,0.0145
3248.00,0.0144
3247.00,0.0143
3246.00,0.0143
3245.00,0.0142
3244.00,0.0142
3243.00,0.0141
3242.00,0.0141
3241.00,0.0141
3240.00,0.0140
3239.00,0.0140
3238.00,0.0139
3237.00,0.0139
3236.00,0.0139
3235.00,0.0138
3234.00,0.0138
3233.00,0.0138
3232.00,0.0137
3231.00,0.0137
3230.00,0.0137
3229.00,0.0136
3228.00,0.0136
3227.00,0.0136
3226.00,0.0136
3225.00,0.0136
3224.00,0.0135
3223.00,0.0135
3222.00,0.0135
3221.00,0.0135
3220.00,0.0135
3219.00,0.0134
3218.00,0.0134
3217.00,0.0134
3216.00,0.0134
3215.00,0.0134
3214.00,0.0133
3213.00,0.0133
3212.00,0.0132
3211.00,0.0132
3210.00,0.0132
3209.00,0.0132
3208.00,0.0131
3207.00,0.0131
3206.00,0.0131
3205.00,0.0131
3204.00,0.0131
3203.00,0.0131
3202.00,0.0130
3201.00,0.0130
3200.00,0.0130
3199.00,0.0130
3198.00,0.0129
3197.00,0.0129
3196.00,0.0128
3195.00,0.0128
3194.00,0.0128
3193.00,0.0128
3192.00,0.0127
3191.00,0.0127
3190.00,0.0126
3189.00,0.0126
3188.00,0.0126
3187.00,0.0125
3186.00,0.0125
3185.00,0.0125
3184.00,0.0125
3183.00,0.0124
3182.00,0.0124
3181.00,0.0123
3180.00,0.0123
3179.00,0.0123
3178.00,0.0122
3177.00,0.0122
3176.00,0.0122
3175.00,0.0122
3174.00,0.0121
3173.00,0.0121
3172.00,0.0121
3171.00,0.0121
3170.00,0.0120
3169.00,0.0120
3168.00,0.0120
3167.00,0.0119
3166.00,0.0119
3165.00,0.0118
3164.00,0.0118
3163.00,0.0117
3162.00,0.0117
3161.00,0.0117
3160.00,0.0116
3159.00,0.0116
3158.00,0.0116
3157.00,0.0115
3156.00,0.0115
3155.00,0.0115
3154.00,0.0114
3153.00,0.0114
3152.00,0.0114
3151.00,0.0114
3150.00,0.0113
3149.00,0.0113
3148.00,0.0113
3147.00,0.0112
3146.00,0.0112
3145.00,0.0112
3144.00,0.0111
3143.00,0.0111
3142.00,0.0111
3141.00,0.0110
3140.00,0.0110
3139.00,0.0110
3138.00,0.0110
3137.00,0.0109
3136.00,0.0109
3135.00,0.0109
3134.00,0.0109
3133.00,0.0108
3132.00,0.0108
3131.00,0.0108
3130.00,0.0107
3129.00,0.0107
3128.00,0.0107
3127.00,0.0106
3126.00,0.0106
3125.00,0.0106
3124.00,0.0106
3123.00,0.0105
3122.00,0.0105
3121.00,0.0105
3120.00,0.0104
3119.00,0.0104
3118.00,0.0104
3117.00,0.0104
3116.00,0.0104
3115.00,0.0104
3114.00,0.0104
3113.00,0.0104
3112.00,0.0103
3111.00,0.0103
3110.00,0.0103
3109.00,0.0103
3108.00,0.0103
3107.00,0.0102
3106.00,0.0102
3105.00,0.0102
3104.00,0.0101
3103.00,0.0101
3102.00,0.0101
3101.00,0.0101
3100.00,0.0101
3099.00,0.0101
3098.00,0.0101
3097.00,0.0100
3096.00,0.0100
3095.00,0.0100
3094.00,0.0100
3093.00,0.0100
3092.00,0.0100
3091.00,0.0100
3090.00,0.0100
3089.00,0.0100
3088.00,0.0100
3087.00,0.0100
3086.00,0.0099
3085.00,0.0099
3084.00,0.0099
3083.00,0.0099
3082.00,0.0099
3081.00,0.0098
3080.00,0.0098
3079.00,0.0098
3078.00,0.0098
3077.00,0.0098
3076.00,0.0098
3075.00,0.0098
3074.00,0.0098
3073.00,0.0098
3072.00,0.0097
3071.00,0.0097
3070.00,0.0097
3069.00,0.0097
3068.00,0.0097
3067.00,0.0097
3066.00,0.0096
3065.00,0.0096
3064.00,0.0096
3063.00,0.0095
3062.00,0.0095
3061.00,0.0095
3060.00,0.0095
3059.00,0.0095
3058.00,0.0095
3057.00,0.0095
3056.00,0.0095
3055.00,0.0094
3054.00,0.0094
3053.00,0.0094
3052.00,0.0093
3051.00,0.0093
3050.00,0.0093
3049.00,0.0093
3048.00,0.0093
3047.00,0.0092
3046.00,0.0092
3045.00,0.0092
3044.00,0.0092
3043.00,0.0091
3042.00,0.0091
3041.00,0.0091
3040.00,0.0091
3039.00,0.0090
3038.00,0.0090
3037.00,0.0090
3036.00,0.0089
3035.00,0.0089
3034.00,0.0089
3033.00,0.0089
3032.00,0.0088
3031.00,0.0088
3030.00,0.0088
3029.00,0.0088
3028.00,0.0087
3027.00,0.0087
3026.00,0.0087
3025.00,0.0087
3024.00,0.0087
3023.00,0.0086
3022.00,0.0086
3021.00,0.0086
3020.00,0.0086
3019.00,0.0086
3018.00,0.0085
3017.00,0.0085
3016.00,0.0085
3015.00,0.0085
3014.00,0.0085
3013.00,0.0085
3012.00,0.0084
3011.00,0.0084
3010.00,0.0084
3009.00,0.0083
3008.00,0.0083
3007.00,0.0083
3006.00,0.0083
3005.00,0.0083
3004.00,0.0083
3003.00,0.0083
3002.00,0.0083
3001.00,0.0083
3000.00,0.0083
2999.00,0.0083
2998.00,0.0083
2997.00,0.0083
2996.00,0.0083
2995.00,0.0083
2994.00,0.0083
2993.00,0.0083
2992.00,0.0084
2991.00,0.0084
2990.00,0.0084
2989.00,0.0084
2988.00,0.0084
2987.00,0.0084
2986.00,0.0084
2985.00,0.0085
2984.00,0.0085
2983.00,0.0086
2982.00,0.0086
2981.00,0.0086
2980.00,0.0086
2979.00,0.0086
2978.00,0.0086
2977.00,0.0087
2976.00,0.0087
2975.00,0.0087
2974.00,0.0087
2973.00,0.0088
2972.00,0.0088
2971.00,0.0089
2970.00,0.0089
2969.00,0.0089
2968.00,0.0090
2967.00,0.0090
2966.00,0.0090
2965.00,0.0091
2964.00,0.0091
2963.00,0.0091
2962.00,0.0091
2961.00,0.0092
2960.00,0.0092
2959.00,0.0092
2958.00,0.0093
2957.00,0.0093
2956.00,0.0093
2955.00,0.0094
2954.00,0.0094
2953.00,0.0094
2952.00,0.0095
2951.00,0.0095
2950.00,0.0095
2949.00,0.0096
2948.00,0.0097
2947.00,0.0097
2946.00,0.0098
2945.00,0.0098
2944.00,0.0099
2943.00,0.0100
2942.00,0.0100
2941.00,0.0101
2940.00,0.0102
2939.00,0.0102
2938.00,0.0103
2937.00,0.0104
2936.00,0.0104
2935.00,0.0105
2934.00,0.0105
2933.00,0.0106
2932.00,0.0106
2931.00,0.0106
2930.00,0.0106
2929.00,0.0106
2928.00,0.0106
2927.00,0.0106
2926.00,0.0106
2925.00,0.0105
2924.00,0.0105
2923.00,0.0105
2922.00,0.0104
2921.00,0.0104
2920.00,0.0104
2919.00,0.0103
2918.00,0.0102
2917.00,0.0102
2916.00,0.0101
2915.00,0.0101
2914.00,0.0101
2913.00,0.0100
2912.00,0.0100
2911.00,0.0100
2910.00,0.0100
2909.00,0.0100
2908.00,0.0099
2907.00,0.0099
2906.00,0.0099
2905.00,0.0099
2904.00,0.0098
2903.00,0.0098
2902.00,0.0098
2901.00,0.0098
2900.00,0.0098
2899.00,0.0097
2898.00,0.0097
2897.00,0.0097
2896.00,0.0097
2895.00,0.0097
2894.00,0.0097
2893.00,0.0097
2892.00,0.0097
2891.00,0.0097
2890.00,0.0097
2889.00,0.0097
2888.00,0.0096
2887.00,0.0096
2886.00,0.0096
2885.00,0.0096
2884.00,0.0096
2883.00,0.0096
2882.00,0.0096
2881.00,0.0096
2880.00,0.0096
2879.00,0.0096
2878.00,0.0096
2877.00,0.0095
2876.00,0.0095
2875.00,0.0095
2874.00,0.0095
2873.00,0.0095
2872.00,0.0094
2871.00,0.0094
2870.00,0.0094
2869.00,0.0093
2868.00,0.0093
2867.00,0.0092
2866.00,0.0092
2865.00,0.0091
2864.00,0.0091
2863.00,0.0091
2862.00,0.0091
2861.00,0.0091
2860.00,0.0090
2859.00,0.0090
2858.00,0.0090
2857.00,0.0090
2856.00,0.0090
2855.00,0.0089
2854.00,0.0089
2853.00,0.0089
2852.00,0.0088
2851.00,0.0087
2850.00,0.0087
2849.00,0.0087
2848.00,0.0086
2847.00,0.0086
2846.00,0.0086
2845.00,0.0086
2844.00,0.0085
2843.00,0.0085
2842.00,0.0085
2841.00,0.0085
2840.00,0.0085
2839.00,0.0085
2838.00,0.0084
2837.00,0.0084
2836.00,0.0084
2835.00,0.0084
2834.00,0.0084
2833.00,0.0083
2832.00,0.0083
2831.00,0.0083
2830.00,0.0083
2829.00,0.0082
2828.00,0.0082
2827.00,0.0082
2826.00,0.0082
2825.00,0.0082
2824.00,0.0082
2823.00,0.0081
2822.00,0.0081
2821.00,0.0081
2820.00,0.0081
2819.00,0.0080
2818.00,0.0080
2817.00,0.0080
2816.00,0.0080
2815.00,0.0080
2814.00,0.0080
2813.00,0.0080
2812.00,0.0080
2811.00,0.0080
2810.00,0.0080
2809.00,0.0079
2808.00,0.0079
2807.00,0.0079
2806.00,0.0079
2805.00,0.0079
2804.00,0.0079
2803.00,0.0079
2802.00,0.0079
2801.00,0.0079
2800.00,0.0078
2799.00,0.0078
2798.00,0.0078
2797.00,0.0078
2796.00,0.0078
2795.00,0.0078
2794.00,0.0078
2793.00,0.0077
2792.00,0.0077
2791.00,0.0077
2790.00,0.0077
2789.00,0.0077
2788.00,0.0077
2787.00,0.0077
2786.00,0.0077
2785.00,0.0077
2784.00,0.0077
2783.00,0.0076
2782.00,0.0076
2781.00,0.0076
2780.00,0.0076
2779.00,0.0076
2778.00,0.0076
2777.00,0.0076
2776.00,0.0076
2775.00,0.0075
2774.00,0.0075
2773.00,0.0075
2772.00,0.0075
2771.00,0.0075
2770.00,0.0075
2769.00,0.0075
2768.00,0.0075
2767.00,0.0075
2766.00,0.0075
2765.00,0.0075
2764.00,0.0075
2763.00,0.0074
2762.00,0.0074
2761.00,0.0074
2760.00,0.0074
2759.00,0.0074
2758.00,0.0074
2757.00,0.0074
2756.00,0.0074
2755.00,0.0074
2754.00,0.0074
2753.00,0.0074
2752.00,0.0074
2751.00,0.0074
2750.00,0.0074
2749.00,0.0074
2748.00,0.0074
2747.00,0.0074
2746.00,0.0073
2745.00,0.0073
2744.00,0.0073
2743.00,0.0073
2742.00,0.0073
2741.00,0.0073
2740.00,0.0073
2739.00,0.0073
2738.00,0.0073
2737.00,0.0073
2736.00,0.0073
2735.00,0.0073
2734.00,0.0073
2733.00,0.0073
2732.00,0.0073
2731.00,0.0073
2730.00,0.0073
2729.00,0.0072
2728.00,0.0072
2727.00,0.0072
2726.00,0.0072
2725.00,0.0072
2724.00,0.0072
2723.00,0.0072
2722.00,0.0072
2721.00,0.0072
2720.00,0.0072
2719.00,0.0072
2718.00,0.0072
2717.00,0.0071
2716.00,0.0071
2715.00,0.0071
2714.00,0.0071
2713.00,0.0071
2712.00,0.0071
2711.00,0.0071
2710.00,0.0071
2709.00,0.0071
2708.00,0.0071
2707.00,0.0071
2706.00,0.0070
2705.00,0.0070
2704.00,0.0070
2703.00,0.0070
2702.00,0.0070
2701.00,0.0070
2700.00,0.0070
2699.00,0.0070
2698.00,0.0070
2697.00,0.0070
2696.00,0.0070
2695.00,0.0070
2694.00,0.0070
2693.00,0.0070
2692.00,0.0070
2691.00,0.0070
2690.00,0.0070
2689.00,0.0069
2688.00,0.0069
2687.00,0.0069
2686.00,0.0069
2685.00,0.0069
2684.00,0.0069
2683.00,0.0069
2682.00,0.0069
2681.00,0.0068
2680.00,0.0068
2679.00,0.0068
2678.00,0.0068
2677.00,0.0068
2676.00,0.0068
2675.00,0.0068
2674.00,0.0069
2673.00,0.0069
2672.00,0.0069
2671.00,0.0068
2670.00,0.0068
2669.00,0.0068
2668.00,0.0068
2667.00,0.0068
2666.00,0.0068
2665.00,0.0069
2664.00,0.0069
2663.00,0.0070
2662.00,0.0070
2661.00,0.0070
2660.00,0.0070
2659.00,0.0070
2658.00,0.0070
2657.00,0.0070
2656.00,0.0070
2655.00,0.0070
2654.00,0.0070
2653.00,0.0070
2652.00,0.0070
2651.00,0.0070
2650.00,0.0070
2649.00,0.0070
2648.00,0.0070
2647.00,0.0070
2646.00,0.0070
2645.00,0.0070
2644.00,0.0070
2643.00,0.0070
2642.00,0.0069
2641.00,0.0069
2640.00,0.0069
2639.00,0.0069
2638.00,0.0069
2637.00,0.0069
2636.00,0.0069
2635.00,0.0069
2634.00,0.0069
2633.00,0.0069
2632.00,0.0068
2631.00,0.0068
2630.00,0.0068
2629.00,0.0068
2628.00,0.0068
2627.00,0.0068
2626.00,0.0067
2625.00,0.0067
2624.00,0.0067
2623.00,0.0067
2622.00,0.0067
2621.00,0.0067
2620.00,0.0067
2619.00,0.0066
2618.00,0.0067
2617.00,0.0067
2616.00,0.0066
2615.00,0.0066
2614.00,0.0066
2613.00,0.0066
2612.00,0.0065
2611.00,0.0065
2610.00,0.0065
2609.00,0.0065
2608.00,0.0065
2607.00,0.0065
2606.00,0.0066
2605.00,0.0066
2604.00,0.0066
2603.00,0.0066
2602.00,0.0066
2601.00,0.0065
2600.00,0.0065
2599.00,0.0065
2598.00,0.0065
2597.00,0.0064
2596.00,0.0064
2595.00,0.0064
2594.00,0.0064
2593.00,0.0064
2592.00,0.0064
2591.00,0.0064
2590.00,0.0064
2589.00,0.0064
2588.00,0.0063
2587.00,0.0063
2586.00,0.0063
2585.00,0.0063
2584.00,0.0063
2583.00,0.0063
2582.00,0.0063
2581.00,0.0063
2580.00,0.0063
2579.00,0.0063
2578.00,0.0063
2577.00,0.0063
2576.00,0.0063
2575.00,0.0062
2574.00,0.0062
2573.00,0.0062
2572.00,0.0062
2571.00,0.0062
2570.00,0.0062
2569.00,0.0062
2568.00,0.0062
2567.00,0.0062
2566.00,0.0062
2565.00,0.0062
2564.00,0.0062
2563.00,0.0061
2562.00,0.0061
2561.00,0.0061
2560.00,0.0061
2559.00,0.0061
2558.00,0.0060
2557.00,0.0060
2556.00,0.0060
2555.00,0.0060
2554.00,0.0060
2553.00,0.0060
2552.00,0.0060
2551.00,0.0060
2550.00,0.0060
2549.00,0.0060
2548.00,0.0060
2547.00,0.0060
2546.00,0.0060
2545.00,0.0060
2544.00,0.0060
2543.00,0.0060
2542.00,0.0060
2541.00,0.0060
2540.00,0.0060
2539.00,0.0060
2538.00,0.0060
2537.00,0.0060
2536.00,0.0060
2535.00,0.0060
2534.00,0.0060
2533.00,0.0060
2532.00,0.0059
2531.00,0.0059
2530.00,0.0058
2529.00,0.0058
2528.00,0.0058
2527.00,0.0058
2526.00,0.0058
2525.00,0.0058
2524.00,0.0057
2523.00,0.0057
2522.00,0.0057
2521.00,0.0057
2520.00,0.0058
2519.00,0.0058
2518.00,0.0057
2517.00,0.0057
2516.00,0.0057
2515.00,0.0057
2514.00,0.0057
2513.00,0.0057
2512.00,0.0057
2511.00,0.0057
2510.00,0.0058
2509.00,0.0057
2508.00,0.0057
2507.00,0.0057
2506.00,0.0057
2505.00,0.0057
2504.00,0.0057
2503.00,0.0057
2502.00,0.0057
2501.00,0.0057
2500.00,0.0057
2499.00,0.0057
2498.00,0.0057
2497.00,0.0057
2496.00,0.0057
2495.00,0.0058
2494.00,0.0058
2493.00,0.0058
2492.00,0.0058
2491.00,0.0057
2490.00,0.0057
2489.00,0.0057
2488.00,0.0057
2487.00,0.0056
2486.00,0.0056
2485.00,0.0056
2484.00,0.0056
2483.00,0.0056
2482.00,0.0056
2481.00,0.0056
2480.00,0.0056
2479.00,0.0056
2478.00,0.0056
2477.00,0.0056
2476.00,0.0056
2475.00,0.0056
2474.00,0.0056
2473.00,0.0056
2472.00,0.0056
2471.00,0.0056
2470.00,0.0056
2469.00,0.0057
2468.00,0.0057
2467.00,0.0057
2466.00,0.0056
2465.00,0.0056
2464.00,0.0056
2463.00,0.0056
2462.00,0.0056
2461.00,0.0056
2460.00,0.0057
2459.00,0.0057
2458.00,0.0057
2457.00,0.0057
2456.00,0.0057
2455.00,0.0057
2454.00,0.0056
2453.00,0.0056
2452.00,0.0056
2451.00,0.0056
2450.00,0.0056
2449.00,0.0055
2448.00,0.0055
2447.00,0.0055
2446.00,0.0055
2445.00,0.0055
2444.00,0.0055
2443.00,0.0055
2442.00,0.0055
2441.00,0.0055
2440.00,0.0055
2439.00,0.0054
2438.00,0.0054
2437.00,0.0054
2436.00,0.0054
2435.00,0.0054
2434.00,0.0054
2433.00,0.0054
2432.00,0.0054
2431.00,0.0054
2430.00,0.0054
2429.00,0.0054
2428.00,0.0054
2427.00,0.0053
2426.00,0.0053
2425.00,0.0054
2424.00,0.0054
2423.00,0.0053
2422.00,0.0053
2421.00,0.0053
2420.00,0.0053
2419.00,0.0052
2418.00,0.0052
2417.00,0.0052
2416.00,0.0052
2415.00,0.0052
2414.00,0.0052
2413.00,0.0053
2412.00,0.0053
2411.00,0.0053
2410.00,0.0053
2409.00,0.0052
2408.00,0.0052
2407.00,0.0051
2406.00,0.0051
2405.00,0.0051
2404.00,0.0051
2403.00,0.0051
2402.00,0.0051
2401.00,0.0051
2400.00,0.0051
2399.00,0.0051
2398.00,0.0050
2397.00,0.0050
2396.00,0.0050
2395.00,0.0050
2394.00,0.0050
2393.00,0.0050
2392.00,0.0050
2391.00,0.0050
2390.00,0.0050
2389.00,0.0050
2388.00,0.0050
2387.00,0.0050
2386.00,0.0049
2385.00,0.0049
2384.00,0.0049
2383.00,0.0048
2382.00,0.0048
2381.00,0.0048
2380.00,0.0048
2379.00,0.0048
2378.00,0.0048
2377.00,0.0048
2376.00,0.0048
2375.00,0.0048
2374.00,0.0048
2373.00,0.0048
2372.00,0.0047
2371.00,0.0047
2370.00,0.0047
2369.00,0.0047
2368.00,0.0047
2367.00,0.0047
2366.00,0.0047
2365.00,0.0047
2364.00,0.0048
2363.00,0.0048
2362.00,0.0048
2361.00,0.0048
2360.00,0.0048
2359.00,0.0047
2358.00,0.0047
2357.00,0.0047
2356.00,0.0047
2355.00,0.0048
2354.00,0.0048
2353.00,0.0047
2352.00,0.0047
2351.00,0.0047
2350.00,0.0047
2349.00,0.0047
2348.00,0.0048
2347.00,0.0049
2346.00,0.0051
2345.00,0.0052
2344.00,0.0052
2343.00,0.0051
2342.00,0.0051
2341.00,0.0050
2340.00,0.0050
2339.00,0.0050
2338.00,0.0050
2337.00,0.0050
2336.00,0.0050
2335.00,0.0050
2334.00,0.0050
2333.00,0.0050
2332.00,0.0050
2331.00,0.0050
2330.00,0.0050
2329.00,0.0050
2328.00,0.0052
2327.00,0.0055
2326.00,0.0057
2325.00,0.0059
2324.00,0.0059
2323.00,0.0058
2322.00,0.0056
2321.00,0.0055
2320.00,0.0054
2319.00,0.0053
2318.00,0.0052
2317.00,0.0052
2316.00,0.0051
2315.00,0.0051
2314.00,0.0051
2313.00,0.0051
2312.00,0.0051
2311.00,0.0051
2310.00,0.0050
2309.00,0.0050
2308.00,0.0050
2307.00,0.0051
2306.00,0.0051
2305.00,0.0051
2304.00,0.0051
2303.00,0.0051
2302.00,0.0051
2301.00,0.0051
2300.00,0.0051
2299.00,0.0051
2298.00,0.0052
2297.00,0.0052
2296.00,0.0053
2295.00,0.0053
2294.00,0.0054
2293.00,0.0055
2292.00,0.0056
2291.00,0.0057
2290.00,0.0057
2289.00,0.0058
2288.00,0.0058
2287.00,0.0058
2286.00,0.0058
2285.00,0.0058
2284.00,0.0057
2283.00,0.0057
2282.00,0.0056
2281.00,0.0055
2280.00,0.0055
2279.00,0.0054
2278.00,0.0055
2277.00,0.0055
2276.00,0.0055
2275.00,0.0055
2274.00,0.0054
2273.00,0.0054
2272.00,0.0053
2271.00,0.0053
2270.00,0.0053
2269.00,0.0052
2268.00,0.0052
2267.00,0.0052
2266.00,0.0052
2265.00,0.0052
2264.00,0.0053
2263.00,0.0053
2262.00,0.0052
2261.00,0.0052
2260.00,0.0052
2259.00,0.0052
2258.00,0.0052
2257.00,0.0052
2256.00,0.0051
2255.00,0.0051
2254.00,0.0051
2253.00,0.0051
2252.00,0.0051
2251.00,0.0051
2250.00,0.0051
2249.00,0.0051
2248.00,0.0051
2247.00,0.0050
2246.00,0.0050
2245.00,0.0051
2244.00,0.0051
2243.00,0.0052
2242.00,0.0052
2241.00,0.0052
2240.00,0.0052
2239.00,0.0052
2238.00,0.0053
2237.00,0.0053
2236.00,0.0053
2235.00,0.0052
2234.00,0.0052
2233.00,0.0052
2232.00,0.0052
2231.00,0.0052
2230.00,0.0052
2229.00,0.0051
2228.00,0.0051
2227.00,0.0052
2226.00,0.0052
2225.00,0.0052
2224.00,0.0052
2223.00,0.0052
2222.00,0.0052
2221.00,0.0051
2220.00,0.0051
2219.00,0.0051
2218.00,0.0051
2217.00,0.0051
2216.00,0.0050
2215.00,0.0049
2214.00,0.0049
2213.00,0.0049
2212.00,0.0049
2211.00,0.0049
2210.00,0.0049
2209.00,0.0048
2208.00,0.0047
2207.00,0.0047
2206.00,0.0047
2205.00,0.0048
2204.00,0.0049
2203.00,0.0049
2202.00,0.0049
2201.00,0.0048
2200.00,0.0048
2199.00,0.0049
2198.00,0.0050
2197.00,0.0051
2196.00,0.0051
2195.00,0.0051
2194.00,0.0051
2193.00,0.0050
2192.00,0.0050
2191.00,0.0050
2190.00,0.0051
2189.00,0.0051
2188.00,0.0052
2187.00,0.0052
2186.00,0.0051
2185.00,0.0050
2184.00,0.0048
2183.00,0.0047
2182.00,0.0047
2181.00,0.0048
2180.00,0.0049
2179.00,0.0050
2178.00,0.0049
2177.00,0.0048
2176.00,0.0047
2175.00,0.0047
2174.00,0.0048
2173.00,0.0049
2172.00,0.0050
2171.00,0.0050
2170.00,0.0050
2169.00,0.0051
2168.00,0.0052
2167.00,0.0054
2166.00,0.0055
2165.00,0.0056
2164.00,0.0056
2163.00,0.0055
2162.00,0.0053
2161.00,0.0047
2160.00,0.0039
2159.00,0.0032
2158.00,0.0027
2157.00,0.0026
2156.00,0.0026
2155.00,0.0028
2154.00,0.0029
2153.00,0.0031
2152.00,0.0033
2151.00,0.0034
2150.00,0.0034
2149.00,0.0034
2148.00,0.0034
2147.00,0.0034
2146.00,0.0035
2145.00,0.0036
2144.00,0.0036
2143.00,0.0036
2142.00,0.0035
2141.00,0.0035
2140.00,0.0036
2139.00,0.0036
2138.00,0.0037
2137.00,0.0036
2136.00,0.0035
2135.00,0.0033
2134.00,0.0033
2133.00,0.0033
2132.00,0.0034
2131.00,0.0036
2130.00,0.0038
2129.00,0.0039
2128.00,0.0039
2127.00,0.0040
2126.00,0.0040
2125.00,0.0041
2124.00,0.0042
2123.00,0.0043
2122.00,0.0043
2121.00,0.0043
2120.00,0.0043
2119.00,0.0043
2118.00,0.0044
2117.00,0.0045
2116.00,0.0046
2115.00,0.0046
2114.00,0.0047
2113.00,0.0047
2112.00,0.0047
2111.00,0.0047
2110.00,0.0047
2109.00,0.0047
2108.00,0.0046
2107.00,0.0046
2106.00,0.0046
2105.00,0.0046
2104.00,0.0046
2103.00,0.0046
2102.00,0.0046
2101.00,0.0047
2100.00,0.0047
2099.00,0.0046
2098.00,0.0045
2097.00,0.0044
2096.00,0.0043
2095.00,0.0042
2094.00,0.0042
2093.00,0.0042
2092.00,0.0042
2091.00,0.0043
2090.00,0.0044
2089.00,0.0045
2088.00,0.0045
2087.00,0.0046
2086.00,0.0046
2085.00,0.0046
2084.00,0.0046
2083.00,0.0046
2082.00,0.0046
2081.00,0.0046
2080.00,0.0047
2079.00,0.0048
2078.00,0.0048
2077.00,0.0048
2076.00,0.0048
2075.00,0.0048
2074.00,0.0047
2073.00,0.0047
2072.00,0.0046
2071.00,0.0046
2070.00,0.0045
2069.00,0.0044
2068.00,0.0044
2067.00,0.0044
2066.00,0.0044
2065.00,0.0045
2064.00,0.0045
2063.00,0.0045
2062.00,0.0044
2061.00,0.0044
2060.00,0.0044
2059.00,0.0044
2058.00,0.0045
2057.00,0.0045
2056.00,0.0047
2055.00,0.0048
2054.00,0.0050
2053.00,0.0053
2052.00,0.0055
2051.00,0.0054
2050.00,0.0052
2049.00,0.0048
2048.00,0.0046
2047.00,0.0046
2046.00,0.0046
2045.00,0.0046
2044.00,0.0045
2043.00,0.0044
2042.00,0.0044
2041.00,0.0044
2040.00,0.0045
2039.00,0.0046
2038.00,0.0046
2037.00,0.0045
2036.00,0.0043
2035.00,0.0042
2034.00,0.0042
2033.00,0.0042
2032.00,0.0041
2031.00,0.0041
2030.00,0.0040
2029.00,0.0039
2028.00,0.0039
2027.00,0.0039
2026.00,0.0038
2025.00,0.0038
2024.00,0.0037
2023.00,0.0036
2022.00,0.0036
2021.00,0.0036
2020.00,0.0037
2019.00,0.0036
2018.00,0.0035
2017.00,0.0035
2016.00,0.0035
2015.00,0.0036
2014.00,0.0037
2013.00,0.0038
2012.00,0.0038
2011.00,0.0038
2010.00,0.0037
2009.00,0.0036
2008.00,0.0034
2007.00,0.0033
2006.00,0.0033
2005.00,0.0033
2004.00,0.0033
2003.00,0.0033
2002.00,0.0033
2001.00,0.0034
2000.00,0.0035
1999.00,0.0035
1998.00,0.0035
1997.00,0.0034
1996.00,0.0034
1995.00,0.0035
1994.00,0.0037
1993.00,0.0039
1992.00,0.0040
1991.00,0.0041
1990.00,0.0042
1989.00,0.0042
1988.00,0.0043
1987.00,0.0043
1986.00,0.0043
1985.00,0.0044
1984.00,0.0044
1983.00,0.0046
1982.00,0.0048
1981.00,0.0050
1980.00,0.0049
1979.00,0.0045
1978.00,0.0040
1977.00,0.0036
1976.00,0.0033
1975.00,0.0033
1974.00,0.0032
1973.00,0.0032
1972.00,0.0032
1971.00,0.0033
1970.00,0.0033
1969.00,0.0034
1968.00,0.0035
1967.00,0.0035
1966.00,0.0034
1965.00,0.0033
1964.00,0.0032
1963.00,0.0032
1962.00,0.0031
1961.00,0.0031
1960.00,0.0030
1959.00,0.0031
1958.00,0.0031
1957.00,0.0032
1956.00,0.0033
1955.00,0.0034
1954.00,0.0035
1953.00,0.0036
1952.00,0.0036
1951.00,0.0036
1950.00,0.0036
1949.00,0.0035
1948.00,0.0034
1947.00,0.0034
1946.00,0.0033
1945.00,0.0033
1944.00,0.0033
1943.00,0.0034
1942.00,0.0035
1941.00,0.0036
1940.00,0.0036
1939.00,0.0036
1938.00,0.0035
1937.00,0.0035
1936.00,0.0036
1935.00,0.0036
1934.00,0.0036
1933.00,0.0036
1932.00,0.0036
1931.00,0.0036
1930.00,0.0036
1929.00,0.0036
1928.00,0.0036
1927.00,0.0036
1926.00,0.0036
1925.00,0.0036
1924.00,0.0036
1923.00,0.0037
1922.00,0.0038
1921.00,0.0038
1920.00,0.0039
1919.00,0.0039
1918.00,0.0039
1917.00,0.0039
1916.00,0.0039
1915.00,0.0039
1914.00,0.0039
1913.00,0.0038
1912.00,0.0038
1911.00,0.0037
1910.00,0.0037
1909.00,0.0038
1908.00,0.0038
1907.00,0.0038
1906.00,0.0038
1905.00,0.0039
1904.00,0.0039
1903.00,0.0039
1902.00,0.0039
1901.00,0.0039
1900.00,0.0039
1899.00,0.0039
1898.00,0.0039
1897.00,0.0039
1896.00,0.0039
1895.00,0.0039
1894.00,0.0039
1893.00,0.0039
1892.00,0.0039
1891.00,0.0039
1890.00,0.0039
1889.00,0.0038
1888.00,0.0037
1887.00,0.0037
1886.00,0.0037
1885.00,0.0037
1884.00,0.0038
1883.00,0.0038
1882.00,0.0038
1881.00,0.0038
1880.00,0.0039
1879.00,0.0039
1878.00,0.0038
1877.00,0.0038
1876.00,0.0038
1875.00,0.0038
1874.00,0.0037
1873.00,0.0037
1872.00,0.0037
1871.00,0.0038
1870.00,0.0038
1869.00,0.0039
1868.00,0.0039
1867.00,0.0039
1866.00,0.0039
1865.00,0.0039
1864.00,0.0039
1863.00,0.0039
1862.00,0.0039
1861.00,0.0039
1860.00,0.0038
1859.00,0.0038
1858.00,0.0038
1857.00,0.0038
1856.00,0.0038
1855.00,0.0038
1854.00,0.0038
1853.00,0.0038
1852.00,0.0038
1851.00,0.0038
1850.00,0.0038
1849.00,0.0038
1848.00,0.0038
1847.00,0.0038
1846.00,0.0038
1845.00,0.0038
1844.00,0.0038
1843.00,0.0038
1842.00,0.0038
1841.00,0.0038
1840.00,0.0038
1839.00,0.0038
1838.00,0.0038
1837.00,0.0038
1836.00,0.0038
1835.00,0.0038
1834.00,0.0038
1833.00,0.0038
1832.00,0.0038
1831.00,0.0038
1830.00,0.0039
1829.00,0.0039
1828.00,0.0039
1827.00,0.0039
1826.00,0.0039
1825.00,0.0039
1824.00,0.0039
1823.00,0.0039
1822.00,0.0039
1821.00,0.0038
1820.00,0.0038
1819.00,0.0037
1818.00,0.0037
1817.00,0.0037
1816.00,0.0037
1815.00,0.0037
1814.00,0.0038
1813.00,0.0038
1812.00,0.0038
1811.00,0.0038
1810.00,0.0038
1809.00,0.0038
1808.00,0.0038
1807.00,0.0038
1806.00,0.0038
1805.00,0.0038
1804.00,0.0038
1803.00,0.0039
1802.00,0.0039
1801.00,0.0039
1800.00,0.0039
1799.00,0.0039
1798.00,0.0039
1797.00,0.0039
1796.00,0.0039
1795.00,0.0040
1794.00,0.0040
1793.00,0.0040
1792.00,0.0040
1791.00,0.0040
1790.00,0.0040
1789.00,0.0040
1788.00,0.0040
1787.00,0.0040
1786.00,0.0040
1785.00,0.0040
1784.00,0.0040
1783.00,0.0040
1782.00,0.0041
1781.00,0.0041
1780.00,0.0041
1779.00,0.0041
1778.00,0.0041
1777.00,0.0041
1776.00,0.0041
1775.00,0.0041
1774.00,0.0041
1773.00,0.0041
1772.00,0.0041
1771.00,0.0041
1770.00,0.0041
1769.00,0.0041
1768.00,0.0041
1767.00,0.0041
1766.00,0.0041
1765.00,0.0041
1764.00,0.0041
1763.00,0.0041
1762.00,0.0041
1761.00,0.0041
1760.00,0.0041
1759.00,0.0042
1758.00,0.0042
1757.00,0.0042
1756.00,0.0043
1755.00,0.0043
1754.00,0.0043
1753.00,0.0044
1752.00,0.0044
1751.00,0.0045
1750.00,0.0045
1749.00,0.0046
1748.00,0.0047
1747.00,0.0047
1746.00,0.0048
1745.00,0.0049
1744.00,0.0050
1743.00,0.0051
1742.00,0.0051
1741.00,0.0052
1740.00,0.0053
1739.00,0.0053
1738.00,0.0054
1737.00,0.0055
1736.00,0.0056
1735.00,0.0056
1734.00,0.0057
1733.00,0.0057
1732.00,0.0058
1731.00,0.0059
1730.00,0.0060
1729.00,0.0060
1728.00,0.0061
1727.00,0.0061
1726.00,0.0061
1725.00,0.0061
1724.00,0.0061
1723.00,0.0061
1722.00,0.0061
1721.00,0.0061
1720.00,0.0061
1719.00,0.0061
1718.00,0.0061
1717.00,0.0061
1716.00,0.0061
1715.00,0.0061
1714.00,0.0061
1713.00,0.0061
1712.00,0.0061
1711.00,0.0062
1710.00,0.0062
1709.00,0.0063
1708.00,0.0064
1707.00,0.0064
1706.00,0.0065
1705.00,0.0066
1704.00,0.0067
1703.00,0.0069
1702.00,0.0070
1701.00,0.0072
1700.00,0.0074
1699.00,0.0076
1698.00,0.0078
1697.00,0.0080
1696.00,0.0083
1695.00,0.0086
1694.00,0.0088
1693.00,0.0090
1692.00,0.0092
1691.00,0.0094
1690.00,0.0097
1689.00,0.0100
1688.00,0.0103
1687.00,0.0105
1686.00,0.0108
1685.00,0.0111
1684.00,0.0115
1683.00,0.0118
1682.00,0.0121
1681.00,0.0124
1680.00,0.0127
1679.00,0.0130
1678.00,0.0133
1677.00,0.0136
1676.00,0.0139
1675.00,0.0142
1674.00,0.0146
1673.00,0.0149
1672.00,0.0152
1671.00,0.0156
1670.00,0.0160
1669.00,0.0164
1668.00,0.0169
1667.00,0.0173
1666.00,0.0178
1665.00,0.0183
1664.00,0.0189
1663.00,0.0195
1662.00,0.0201
1661.00,0.0207
1660.00,0.0214
1659.00,0.0220
1658.00,0.0227
1657.00,0.0233
1656.00,0.0239
1655.00,0.0244
1654.00,0.0248
1653.00,0.0250
1652.00,0.0251
1651.00,0.0252
1650.00,0.0253
1649.00,0.0254
1648.00,0.0253
1647.00,0.0251
1646.00,0.0247
1645.00,0.0243
1644.00,0.0240
1643.00,0.0238
1642.00,0.0236
1641.00,0.0233
1640.00,0.0231
1639.00,0.0230
1638.00,0.0228
1637.00,0.0226
1636.00,0.0223
1635.00,0.0219
1634.00,0.0217
1633.00,0.0215
1632.00,0.0213
1631.00,0.0212
1630.00,0.0210
1629.00,0.0208
1628.00,0.0205
1627.00,0.0203
1626.00,0.0200
1625.00,0.0197
1624.00,0.0193
1623.00,0.0189
1622.00,0.0186
1621.00,0.0183
1620.00,0.0180
1619.00,0.0177
1618.00,0.0174
1617.00,0.0170
1616.00,0.0166
1615.00,0.0163
1614.00,0.0160
1613.00,0.0158
1612.00,0.0156
1611.00,0.0154
1610.00,0.0153
1609.00,0.0151
1608.00,0.0149
1607.00,0.0147
1606.00,0.0146
1605.00,0.0145
1604.00,0.0144
1603.00,0.0143
1602.00,0.0143
1601.00,0.0142
1600.00,0.0141
1599.00,0.0141
1598.00,0.0141
1597.00,0.0140
1596.00,0.0140
1595.00,0.0140
1594.00,0.0140
1593.00,0.0139
1592.00,0.0139
1591.00,0.0139
1590.00,0.0139
1589.00,0.0138
1588.00,0.0138
1587.00,0.0137
1586.00,0.0137
1585.00,0.0137
1584.00,0.0136
1583.00,0.0136
1582.00,0.0135
1581.00,0.0135
1580.00,0.0135
1579.00,0.0134
1578.00,0.0134
1577.00,0.0134
1576.00,0.0134
1575.00,0.0133
1574.00,0.0133
1573.00,0.0133
1572.00,0.0134
1571.00,0.0134
1570.00,0.0135
1569.00,0.0135
1568.00,0.0136
1567.00,0.0138
1566.00,0.0140
1565.00,0.0142
1564.00,0.0144
1563.00,0.0146
1562.00,0.0149
1561.00,0.0152
1560.00,0.0155
1559.00,0.0159
1558.00,0.0163
1557.00,0.0167
1556.00,0.0170
1555.00,0.0174
1554.00,0.0178
1553.00,0.0182
1552.00,0.0184
1551.00,0.0187
1550.00,0.0189
1549.00,0.0191
1548.00,0.0193
1547.00,0.0194
1546.00,0.0194
1545.00,0.0194
1544.00,0.0194
1543.00,0.0194
1542.00,0.0193
1541.00,0.0192
1540.00,0.0190
1539.00,0.0188
1538.00,0.0186
1537.00,0.0184
1536.00,0.0183
1535.00,0.0182
1534.00,0.0181
1533.00,0.0179
1532.00,0.0177
1531.00,0.0176
1530.00,0.0174
1529.00,0.0173
1528.00,0.0172
1527.00,0.0170
1526.00,0.0169
1525.00,0.0167
1524.00,0.0166
1523.00,0.0166
1522.00,0.0165
1521.00,0.0163
1520.00,0.0162
1519.00,0.0161
1518.00,0.0159
1517.00,0.0158
1516.00,0.0157
1515.00,0.0155
1514.00,0.0153
1513.00,0.0151
1512.00,0.0148
1511.00,0.0146
1510.00,0.0145
1509.00,0.0143
1508.00,0.0141
1507.00,0.0138
1506.00,0.0135
1505.00,0.0131
1504.00,0.0129
1503.00,0.0127
1502.00,0.0126
1501.00,0.0124
1500.00,0.0123
1499.00,0.0121
1498.00,0.0119
1497.00,0.0117
1496.00,0.0115
1495.00,0.0114
1494.00,0.0112
1493.00,0.0111
1492.00,0.0110
1491.00,0.0108
1490.00,0.0107
1489.00,0.0106
1488.00,0.0106
1487.00,0.0105
1486.00,0.0105
1485.00,0.0104
1484.00,0.0104
1483.00,0.0103
1482.00,0.0103
1481.00,0.0104
1480.00,0.0104
1479.00,0.0105
1478.00,0.0106
1477.00,0.0107
1476.00,0.0108
1475.00,0.0109
1474.00,0.0110
1473.00,0.0111
1472.00,0.0113
1471.00,0.0115
1470.00,0.0116
1469.00,0.0118
1468.00,0.0119
1467.00,0.0121
1466.00,0.0123
1465.00,0.0124
1464.00,0.0126
1463.00,0.0127
1462.00,0.0129
1461.00,0.0130
1460.00,0.0132
1459.00,0.0133
1458.00,0.0135
1457.00,0.0135
1456.00,0.0136
1455.00,0.0136
1454.00,0.0136
1453.00,0.0136
1452.00,0.0136
1451.00,0.0136
1450.00,0.0136
1449.00,0.0135
1448.00,0.0134
1447.00,0.0134
1446.00,0.0133
1445.00,0.0133
1444.00,0.0133
1443.00,0.0132
1442.00,0.0132
1441.00,0.0132
1440.00,0.0132
1439.00,0.0132
1438.00,0.0131
1437.00,0.0131
1436.00,0.0130
1435.00,0.0130
1434.00,0.0129
1433.00,0.0130
1432.00,0.0130
1431.00,0.0130
1430.00,0.0130
1429.00,0.0130
1428.00,0.0131
1427.00,0.0131
1426.00,0.0131
1425.00,0.0132
1424.00,0.0132
1423.00,0.0133
1422.00,0.0133
1421.00,0.0134
1420.00,0.0135
1419.00,0.0136
1418.00,0.0136
1417.00,0.0137
1416.00,0.0137
1415.00,0.0138
1414.00,0.0138
1413.00,0.0139
1412.00,0.0139
1411.00,0.0139
1410.00,0.0139
1409.00,0.0140
1408.00,0.0140
1407.00,0.0140
1406.00,0.0140
1405.00,0.0140
1404.00,0.0140
1403.00,0.0140
1402.00,0.0140
1401.00,0.0140
1400.00,0.0140
1399.00,0.0140
1398.00,0.0140
1397.00,0.0140
1396.00,0.0140
1395.00,0.0140
1394.00,0.0140
1393.00,0.0140
1392.00,0.0141
1391.00,0.0141
1390.00,0.0142
1389.00,0.0143
1388.00,0.0144
1387.00,0.0144
1386.00,0.0145
1385.00,0.0146
1384.00,0.0146
1383.00,0.0147
1382.00,0.0147
1381.00,0.0147
1380.00,0.0147
1379.00,0.0147
1378.00,0.0146
1377.00,0.0146
1376.00,0.0146
1375.00,0.0145
1374.00,0.0145
1373.00,0.0145
1372.00,0.0144
1371.00,0.0144
1370.00,0.0144
1369.00,0.0144
1368.00,0.0145
1367.00,0.0145
1366.00,0.0144
1365.00,0.0144
1364.00,0.0144
1363.00,0.0143
1362.00,0.0143
1361.00,0.0142
1360.00,0.0142
1359.00,0.0142
1358.00,0.0142
1357.00,0.0142
1356.00,0.0143
1355.00,0.0143
1354.00,0.0143
1353.00,0.0143
1352.00,0.0143
1351.00,0.0144
1350.00,0.0144
1349.00,0.0145
1348.00,0.0145
1347.00,0.0145
1346.00,0.0146
1345.00,0.0146
1344.00,0.0146
1343.00,0.0146
1342.00,0.0146
1341.00,0.0147
1340.00,0.0147
1339.00,0.0148
1338.00,0.0148
1337.00,0.0148
1336.00,0.0148
1335.00,0.0148
1334.00,0.0148
1333.00,0.0147
1332.00,0.0147
1331.00,0.0147
1330.00,0.0147
1329.00,0.0146
1328.00,0.0146
1327.00,0.0145
1326.00,0.0145
1325.00,0.0145
1324.00,0.0144
1323.00,0.0144
1322.00,0.0144
1321.00,0.0143
1320.00,0.0143
1319.00,0.0144
1318.00,0.0144
1317.00,0.0144
1316.00,0.0144
1315.00,0.0144
1314.00,0.0145
1313.00,0.0145
1312.00,0.0145
1311.00,0.0145
1310.00,0.0145
1309.00,0.0146
1308.00,0.0146
1307.00,0.0146
1306.00,0.0146
1305.00,0.0145
1304.00,0.0145
1303.00,0.0145
1302.00,0.0145
1301.00,0.0144
1300.00,0.0143
1299.00,0.0143
1298.00,0.0142
1297.00,0.0141
1296.00,0.0140
1295.00,0.0140
1294.00,0.0139
1293.00,0.0138
1292.00,0.0137
1291.00,0.0136
1290.00,0.0136
1289.00,0.0135
1288.00,0.0135
1287.00,0.0135
1286.00,0.0134
1285.00,0.0134
1284.00,0.0133
1283.00,0.0133
1282.00,0.0133
1281.00,0.0133
1280.00,0.0132
1279.00,0.0132
1278.00,0.0132
1277.00,0.0131
1276.00,0.0131
1275.00,0.0131
1274.00,0.0130
1273.00,0.0130
1272.00,0.0129
1271.00,0.0129
1270.00,0.0129
1269.00,0.0129
1268.00,0.0129
1267.00,0.0129
1266.00,0.0129
1265.00,0.0129
1264.00,0.0129
1263.00,0.0128
1262.00,0.0128
1261.00,0.0128
1260.00,0.0128
1259.00,0.0128
1258.00,0.0128
1257.00,0.0128
1256.00,0.0129
1255.00,0.0129
1254.00,0.0129
1253.00,0.0129
1252.00,0.0129
1251.00,0.0129
1250.00,0.0129
1249.00,0.0129
1248.00,0.0130
1247.00,0.0131
1246.00,0.0131
1245.00,0.0131
1244.00,0.0131
1243.00,0.0131
1242.00,0.0131
1241.00,0.0131
1240.00,0.0131
1239.00,0.0131
1238.00,0.0130
1237.00,0.0130
1236.00,0.0130
1235.00,0.0129
1234.00,0.0129
1233.00,0.0128
1232.00,0.0127
1231.00,0.0127
1230.00,0.0126
1229.00,0.0125
1228.00,0.0124
1227.00,0.0124
1226.00,0.0123
1225.00,0.0122
1224.00,0.0122
1223.00,0.0121
1222.00,0.0120
1221.00,0.0120
1220.00,0.0119
1219.00,0.0118
1218.00,0.0117
1217.00,0.0116
1216.00,0.0116
1215.00,0.0116
1214.00,0.0115
1213.00,0.0115
1212.00,0.0115
1211.00,0.0115
1210.00,0.0115
1209.00,0.0114
1208.00,0.0114
1207.00,0.0114
1206.00,0.0114
1205.00,0.0114
1204.00,0.0114
1203.00,0.0113
1202.00,0.0113
1201.00,0.0112
1200.00,0.0112
1199.00,0.0111
1198.00,0.0111
1197.00,0.0110
1196.00,0.0109
1195.00,0.0108
1194.00,0.0107
1193.00,0.0106
1192.00,0.0105
1191.00,0.0105
1190.00,0.0104
1189.00,0.0104
1188.00,0.0104
1187.00,0.0103
1186.00,0.0103
1185.00,0.0103
1184.00,0.0104
1183.00,0.0104
1182.00,0.0104
1181.00,0.0105
1180.00,0.0106
1179.00,0.0107
1178.00,0.0108
1177.00,0.0110
1176.00,0.0112
1175.00,0.0114
1174.00,0.0116
1173.00,0.0119
1172.00,0.0122
1171.00,0.0125
1170.00,0.0128
1169.00,0.0132
1168.00,0.0135
1167.00,0.0139
1166.00,0.0143
1165.00,0.0147
1164.00,0.0151
1163.00,0.0155
1162.00,0.0160
1161.00,0.0164
1160.00,0.0168
1159.00,0.0172
1158.00,0.0176
1157.00,0.0180
1156.00,0.0184
1155.00,0.0187
1154.00,0.0190
1153.00,0.0193
1152.00,0.0195
1151.00,0.0196
1150.00,0.0197
1149.00,0.0197
1148.00,0.0197
1147.00,0.0197
1146.00,0.0196
1145.00,0.0195
1144.00,0.0193
1143.00,0.0191
1142.00,0.0189
1141.00,0.0186
1140.00,0.0184
1139.00,0.0182
1138.00,0.0180
1137.00,0.0178
1136.00,0.0176
1135.00,0.0175
1134.00,0.0174
1133.00,0.0174
1132.00,0.0174
1131.00,0.0174
1130.00,0.0175
1129.00,0.0176
1128.00,0.0177
1127.00,0.0177
1126.00,0.0178
1125.00,0.0179
1124.00,0.0180
1123.00,0.0180
1122.00,0.0180
1121.00,0.0180
1120.00,0.0180
1119.00,0.0181
1118.00,0.0181
1117.00,0.0181
1116.00,0.0182
1115.00,0.0183
1114.00,0.0184
1113.00,0.0186
1112.00,0.0187
1111.00,0.0189
1110.00,0.0191
1109.00,0.0193
1108.00,0.0195
1107.00,0.0197
1106.00,0.0199
1105.00,0.0200
1104.00,0.0202
1103.00,0.0203
1102.00,0.0203
1101.00,0.0203
1100.00,0.0203
1099.00,0.0202
1098.00,0.0202
1097.00,0.0203
1096.00,0.0204
1095.00,0.0205
1094.00,0.0206
1093.00,0.0208
1092.00,0.0211
1091.00,0.0214
1090.00,0.0218
1089.00,0.0223
1088.00,0.0228
1087.00,0.0233
1086.00,0.0238
1085.00,0.0243
1084.00,0.0248
1083.00,0.0254
1082.00,0.0259
1081.00,0.0264
1080.00,0.0269
1079.00,0.0273
1078.00,0.0276
1077.00,0.0277
1076.00,0.0278
1075.00,0.0276
1074.00,0.0273
1073.00,0.0269
1072.00,0.0264
1071.00,0.0259
1070.00,0.0253
1069.00,0.0248
1068.00,0.0244
1067.00,0.0241
1066.00,0.0240
1065.00,0.0240
1064.00,0.0241
1063.00,0.0243
1062.00,0.0245
1061.00,0.0248
1060.00,0.0252
1059.00,0.0256
1058.00,0.0260
1057.00,0.0264
1056.00,0.0269
1055.00,0.0273
1054.00,0.0278
1053.00,0.0283
1052.00,0.0288
1051.00,0.0292
1050.00,0.0296
1049.00,0.0299
1048.00,0.0301
1047.00,0.0304
1046.00,0.0306
1045.00,0.0307
1044.00,0.0309
1043.00,0.0311
1042.00,0.0312
1041.00,0.0313
1040.00,0.0315
1039.00,0.0316
1038.00,0.0317
1037.00,0.0319
1036.00,0.0320
1035.00,0.0322
1034.00,0.0324
1033.00,0.0326
1032.00,0.0329
1031.00,0.0333
1030.00,0.0337
1029.00,0.0340
1028.00,0.0344
1027.00,0.0348
1026.00,0.0352
1025.00,0.0355
1024.00,0.0359
1023.00,0.0361
1022.00,0.0364
1021.00,0.0367
1020.00,0.0369
1019.00,0.0372
1018.00,0.0373
1017.00,0.0375
1016.00,0.0376
1015.00,0.0377
1014.00,0.0378
1013.00,0.0379
1012.00,0.0379
1011.00,0.0378
1010.00,0.0378
1009.00,0.0377
1008.00,0.0378
1007.00,0.0378
1006.00,0.0377
1005.00,0.0377
1004.00,0.0378
1003.00,0.0378
1002.00,0.0378
1001.00,0.0379
1000.00,0.0379
999.00,0.0380
998.00,0.0380
997.00,0.0380
996.00,0.0380
995.00,0.0379
994.00,0.0378
993.00,0.0377
992.00,0.0375
991.00,0.0373
990.00,0.0370
989.00,0.0366
988.00,0.0362
987.00,0.0357
986.00,0.0352
985.00,0.0347
984.00,0.0341
983.00,0.0335
982.00,0.0329
981.00,0.0323
980.00,0.0316
979.00,0.0309
978.00,0.0302
977.00,0.0295
976.00,0.0289
975.00,0.0282
974.00,0.0276
973.00,0.0270
972.00,0.0265
971.00,0.0259
970.00,0.0254
969.00,0.0249
968.00,0.0245
967.00,0.0240
966.00,0.0237
965.00,0.0233
964.00,0.0230
963.00,0.0227
962.00,0.0223
961.00,0.0220
960.00,0.0216
959.00,0.0213
958.00,0.0210
957.00,0.0207
956.00,0.0205
955.00,0.0203
954.00,0.0200
953.00,0.0198
952.00,0.0196
951.00,0.0194
950.00,0.0192
949.00,0.0191
948.00,0.0191
947.00,0.0191
946.00,0.0191
945.00,0.0191
944.00,0.0191
943.00,0.0191
942.00,0.0192
941.00,0.0193
940.00,0.0194
939.00,0.0195
938.00,0.0196
937.00,0.0196
936.00,0.0196
935.00,0.0197
934.00,0.0197
933.00,0.0197
932.00,0.0198
931.00,0.0199
930.00,0.0199
929.00,0.0199
928.00,0.0199
927.00,0.0199
926.00,0.0199
925.00,0.0198
924.00,0.0198
923.00,0.0197
922.00,0.0196
921.00,0.0195
920.00,0.0194
919.00,0.0192
918.00,0.0191
917.00,0.0189
916.00,0.0188
915.00,0.0187
914.00,0.0185
913.00,0.0183
912.00,0.0181
911.00,0.0180
910.00,0.0178
909.00,0.0176
908.00,0.0175
907.00,0.0174
906.00,0.0173
905.00,0.0172
904.00,0.0171
903.00,0.0171
902.00,0.0170
901.00,0.0170
900.00,0.0170
899.00,0.0169
898.00,0.0168
897.00,0.0167
896.00,0.0166
895.00,0.0165
894.00,0.0164
893.00,0.0163
892.00,0.0162
891.00,0.0161
890.00,0.0160
889.00,0.0158
888.00,0.0157
887.00,0.0156
886.00,0.0155
885.00,0.0153
884.00,0.0152
883.00,0.0151
882.00,0.0150
881.00,0.0149
880.00,0.0148
879.00,0.0148
878.00,0.0148
877.00,0.0147
876.00,0.0148
875.00,0.0148
874.00,0.0149
873.00,0.0150
872.00,0.0152
871.00,0.0153
870.00,0.0154
869.00,0.0156
868.00,0.0158
867.00,0.0160
866.00,0.0161
865.00,0.0162
864.00,0.0163
863.00,0.0164
862.00,0.0165
861.00,0.0165
860.00,0.0165
859.00,0.0165
858.00,0.0165
857.00,0.0165
856.00,0.0165
855.00,0.0164
854.00,0.0164
853.00,0.0163
852.00,0.0163
851.00,0.0162
850.00,0.0161
849.00,0.0161
848.00,0.0161
847.00,0.0161
846.00,0.0160
845.00,0.0160
844.00,0.0159
843.00,0.0159
842.00,0.0158
841.00,0.0158
840.00,0.0157
839.00,0.0157
838.00,0.0156
837.00,0.0156
836.00,0.0155
835.00,0.0154
834.00,0.0154
833.00,0.0153
832.00,0.0152
831.00,0.0151
830.00,0.0150
829.00,0.0149
828.00,0.0149
827.00,0.0148
826.00,0.0148
825.00,0.0148
824.00,0.0148
823.00,0.0148
822.00,0.0148
821.00,0.0147
820.00,0.0147
819.00,0.0146
818.00,0.0146
817.00,0.0146
816.00,0.0146
815.00,0.0146
814.00,0.0146
813.00,0.0146
812.00,0.0146
811.00,0.0146
810.00,0.0147
809.00,0.0147
808.00,0.0147
807.00,0.0147
806.00,0.0147
805.00,0.0147
804.00,0.0147
803.00,0.0147
802.00,0.0148
801.00,0.0149
800.00,0.0150
799.00,0.0151
798.00,0.0151
797.00,0.0152
796.00,0.0152
795.00,0.0153
794.00,0.0153
793.00,0.0154
792.00,0.0155
791.00,0.0156
790.00,0.0157
789.00,0.0158
788.00,0.0159
787.00,0.0160
786.00,0.0161
785.00,0.0162
784.00,0.0163
783.00,0.0165
782.00,0.0166
781.00,0.0167
780.00,0.0168
779.00,0.0170
778.00,0.0171
777.00,0.0173
776.00,0.0174
775.00,0.0176
774.00,0.0178
773.00,0.0180
772.00,0.0182
771.00,0.0184
770.00,0.0185
769.00,0.0186
768.00,0.0187
767.00,0.0188
766.00,0.0189
765.00,0.0190
764.00,0.0190
763.00,0.0191
762.00,0.0191
761.00,0.0192
760.00,0.0192
759.00,0.0192
758.00,0.0192
757.00,0.0192
756.00,0.0191
755.00,0.0190
754.00,0.0189
753.00,0.0189
752.00,0.0188
751.00,0.0188
750.00,0.0187
749.00,0.0186
748.00,0.0185
747.00,0.0184
746.00,0.0184
745.00,0.0184
744.00,0.0184
743.00,0.0184
742.00,0.0184
741.00,0.0183
740.00,0.0183
739.00,0.0183
738.00,0.0184
737.00,0.0184
736.00,0.0185
735.00,0.0185
734.00,0.0185
733.00,0.0186
732.00,0.0187
731.00,0.0188
730.00,0.0189
729.00,0.0189
728.00,0.0190
727.00,0.0191
726.00,0.0193
725.00,0.0195
724.00,0.0197
723.00,0.0199
722.00,0.0200
721.00,0.0202
720.00,0.0204
719.00,0.0206
718.00,0.0207
717.00,0.0209
716.00,0.0211
715.00,0.0213
714.00,0.0214
713.00,0.0216
712.00,0.0218
711.00,0.0219
710.00,0.0220
709.00,0.0222
708.00,0.0223
707.00,0.0224
706.00,0.0225
705.00,0.0226
704.00,0.0227
703.00,0.0227
702.00,0.0227
701.00,0.0226
700.00,0.0226
699.00,0.0226
698.00,0.0225
697.00,0.0224
696.00,0.0224
695.00,0.0224
694.00,0.0224
693.00,0.0224
692.00,0.0224
691.00,0.0224
690.00,0.0225
689.00,0.0225
688.00,0.0226
687.00,0.0227
686.00,0.0228
685.00,0.0229
684.00,0.0230
683.00,0.0231
682.00,0.0232
681.00,0.0232
680.00,0.0233
679.00,0.0234
678.00,0.0234
677.00,0.0235
676.00,0.0235
675.00,0.0237
674.00,0.0238
673.00,0.0239
672.00,0.0239
671.00,0.0240
670.00,0.0241
669.00,0.0242
668.00,0.0244
667.00,0.0245
666.00,0.0246
665.00,0.0246
664.00,0.0246
663.00,0.0247
662.00,0.0248
661.00,0.0249
660.00,0.0249
659.00,0.0250
658.00,0.0250
657.00,0.0251
656.00,0.0251
655.00,0.0251
654.00,0.0251
653.00,0.0252
652.00,0.0252
651.00,0.0252
650.00,0.0253
649.00,0.0253
648.00,0.0253
647.00,0.0254
646.00,0.0255
645.00,0.0256
644.00,0.0257
643.00,0.0259
642.00,0.0259
641.00,0.0260
640.00,0.0261
639.00,0.0261
638.00,0.0262
637.00,0.0263
636.00,0.0264
635.00,0.0265
634.00,0.0267
633.00,0.0268
632.00,0.0269
631.00,0.0270
630.00,0.0271
629.00,0.0272
628.00,0.0273
627.00,0.0274
626.00,0.0275
625.00,0.0277
624.00,0.0280
623.00,0.0282
622.00,0.0283
621.00,0.0284
620.00,0.0284
619.00,0.0285
618.00,0.0287
617.00,0.0288
616.00,0.0289
615.00,0.0290
614.00,0.0291
613.00,0.0292
612.00,0.0293
611.00,0.0294
610.00,0.0294
609.00,0.0294
608.00,0.0295
607.00,0.0296
606.00,0.0296
605.00,0.0295
604.00,0.0294
603.00,0.0295
602.00,0.0295
601.00,0.0296
600.00,0.0296
599.00,0.0297
598.00,0.0298
597.00,0.0298
596.00,0.0298
595.00,0.0298
594.00,0.0297
593.00,0.0297
592.00,0.0297
591.00,0.0297
590.00,0.0298
589.00,0.0299
588.00,0.0301
587.00,0.0304
586.00,0.0306
585.00,0.0309
584.00,0.0312
583.00,0.0315
582.00,0.0318
581.00,0.0321
580.00,0.0323
579.00,0.0326
578.00,0.0329
577.00,0.0331
576.00,0.0334
575.00,0.0336
574.00,0.0338
573.00,0.0339
572.00,0.0339
571.00,0.0339
570.00,0.0338
569.00,0.0336
568.00,0.0334
567.00,0.0331
566.00,0.0329
565.00,0.0327
564.00,0.0326
563.00,0.0326
562.00,0.0325
561.00,0.0324
560.00,0.0322
559.00,0.0320
558.00,0.0318
557.00,0.0317
556.00,0.0317
555.00,0.0317
554.00,0.0317
553.00,0.0316
552.00,0.0316
551.00,0.0316
550.00,0.0317
549.00,0.0317
548.00,0.0317
547.00,0.0316
546.00,0.0316
545.00,0.0316
544.00,0.0316
543.00,0.0317
542.00,0.0318
541.00,0.0320
540.00,0.0323
539.00,0.0324
538.00,0.0326
537.00,0.0327
536.00,0.0330
535.00,0.0332
534.00,0.0336
533.00,0.0339
532.00,0.0342
531.00,0.0344
530.00,0.0346
529.00,0.0348
528.00,0.0349
527.00,0.0351
526.00,0.0352
525.00,0.0353
524.00,0.0353
523.00,0.0354
522.00,0.0353
521.00,0.0353
520.00,0.0353
519.00,0.0353
518.00,0.0352
517.00,0.0350
516.00,0.0348
515.00,0.0346
514.00,0.0343
513.00,0.0340
512.00,0.0336
511.00,0.0333
510.00,0.0332
509.00,0.0332
508.00,0.0332
507.00,0.0333
506.00,0.0334
505.00,0.0333
504.00,0.0332
503.00,0.0329
502.00,0.0326
501.00,0.0324
500.00,0.0322
499.00,0.0321
498.00,0.0320
497.00,0.0320
496.00,0.0320
495.00,0.0319
494.00,0.0317
493.00,0.0317
492.00,0.0316
491.00,0.0316
490.00,0.0316
489.00,0.0316
488.00,0.0317
487.00,0.0319
486.00,0.0319
485.00,0.0319
484.00,0.0318
483.00,0.0317
482.00,0.0317
481.00,0.0319
480.00,0.0321
479.00,0.0322
478.00,0.0321
477.00,0.0317
476.00,0.0312
475.00,0.0310
474.00,0.0309
473.00,0.0309
472.00,0.0312
471.00,0.0314
470.00,0.0316
469.00,0.0317
468.00,0.0319
467.00,0.0320
466.00,0.0319
465.00,0.0314
464.00,0.0309
463.00,0.0304
462.00,0.0302
461.00,0.0302
460.00,0.0303
459.00,0.0304
458.00,0.0303
457.00,0.0303
456.00,0.0303
455.00,0.0303
454.00,0.0303
453.00,0.0303
452.00,0.0302
451.00,0.0301
450.00,0.0301
449.00,0.0303
448.00,0.0306
447.00,0.0309
446.00,0.0312
445.00,0.0313
444.00,0.0314
443.00,0.0314
442.00,0.0313
441.00,0.0312
440.00,0.0314
439.00,0.0318
438.00,0.0324
437.00,0.0327
436.00,0.0326
435.00,0.0320
434.00,0.0312
433.00,0.0307
432.00,0.0307
431.00,0.0310
430.00,0.0313
429.00,0.0314
428.00,0.0313
427.00,0.0312
426.00,0.0310
425.00,0.0307
424.00,0.0303
423.00,0.0299
422.00,0.0295
421.00,0.0294
420.00,0.0294
419.00,0.0295
418.00,0.0295
417.00,0.0294
416.00,0.0294
415.00,0.0294
414.00,0.0294
413.00,0.0294
412.00,0.0294
411.00,0.0293
410.00,0.0291
409.00,0.0291
408.00,0.0294
407.00,0.0299
406.00,0.0303
405.00,0.0306
404.00,0.0304
403.00,0.0296
402.00,0.0282
401.00,0.0266
400.00,0.0256
