<?xml version="1.0" encoding="UTF-8"?>
<PeakList>
  <PeakList1D>
    <PeakList1DHeader creator="chm343" date="2023-09-22T23:03:27.201-07:00" expNo="10" name="2023_09_22_MeOD_3mm_FS_VT_1H_Bruker400" owner="" procNo="1" source="C:/Data/CHM343/Fall2023/data/chm343/nmr">
      <PeakPickDetails>F1=21.231300ppm, F2=-3.270540ppm, MI=0.10cm, MAXI=10000.00cm, PC=1.000
      </PeakPickDetails>
    </PeakList1DHeader>
    <Peak1D F1="20.039366" intensity="1.501126e+001" type="0"/>
    <Peak1D F1="18.132324" intensity="1.378752e+001" type="0"/>
    <Peak1D F1="16.225727" intensity="1.348471e+001" type="0"/>
    <Peak1D F1="11.428144" intensity="1.395918e+001" type="0"/>
    <Peak1D F1="11.206061" intensity="1.417376e+001" type="0"/>
    <Peak1D F1="8.390204" intensity="1.433050e+001" type="0"/>
    <Peak1D F1="6.816713" intensity="1.407938e+001" type="0"/>
    <Peak1D F1="5.673288" intensity="1.462011e+001" type="0"/>
    <Peak1D F1="4.652296" intensity="6.038060e+002" type="0"/>
    <Peak1D F1="3.493216" intensity="1.425441e+001" type="0"/>
    <Peak1D F1="3.308774" intensity="4.446716e+002" type="0"/>
    <Peak1D F1="3.304974" intensity="4.430390e+002" type="0"/>
    <Peak1D F1="-0.000097" intensity="2.033719e+002" type="0"/>
  </PeakList1D>
</PeakList>
