<?xml version="1.0" encoding="UTF-8"?>
<PeakList>
  <PeakList1D>
    <PeakList1DHeader creator="chm343" date="2023-09-22T22:54:20.573-07:00" expNo="9" name="2023_09_22_MeOD_3mm_FS_VT_1H_Bruker400" owner="" procNo="1" source="C:/Data/CHM343/Fall2023/data/chm343/nmr">
      <PeakPickDetails>F1=21.231350ppm, F2=-3.270490ppm, MI=0.10cm, MAXI=10000.00cm, PC=1.000
      </PeakPickDetails>
    </PeakList1DHeader>
    <Peak1D F1="20.722939" intensity="1.260626e+001" type="0"/>
    <Peak1D F1="17.375565" intensity="1.404545e+001" type="0"/>
    <Peak1D F1="5.623602" intensity="1.297020e+001" type="0"/>
    <Peak1D F1="4.650483" intensity="5.387497e+002" type="0"/>
    <Peak1D F1="4.229856" intensity="1.500000e+001" type="0"/>
    <Peak1D F1="3.308780" intensity="4.053848e+002" type="0"/>
    <Peak1D F1="3.304954" intensity="4.087870e+002" type="0"/>
    <Peak1D F1="-0.000090" intensity="1.956400e+002" type="0"/>
  </PeakList1D>
</PeakList>
