<?xml version="1.0" encoding="UTF-8"?>
<PeakList>
  <PeakList1D>
    <PeakList1DHeader creator="chm343" date="2023-09-22T22:13:25.985-07:00" expNo="5" name="2023_09_22_MeOD_3mm_FS_VT_1H_Bruker400" owner="" procNo="1" source="C:/Data/CHM343/Fall2023/data/chm343/nmr">
      <PeakPickDetails>F1=21.228930ppm, F2=-3.272911ppm, MI=0.10cm, MAXI=10000.00cm, PC=1.000
      </PeakPickDetails>
    </PeakList1DHeader>
    <Peak1D F1="18.462519" intensity="1.278107e+001" type="0"/>
    <Peak1D F1="4.759346" intensity="5.381383e+002" type="0"/>
    <Peak1D F1="3.306813" intensity="4.600054e+002" type="0"/>
    <Peak1D F1="3.303036" intensity="4.775054e+002" type="0"/>
    <Peak1D F1="1.679235" intensity="1.500000e+001" type="0"/>
    <Peak1D F1="-0.000097" intensity="2.196020e+002" type="0"/>
  </PeakList1D>
</PeakList>
