Created as New Dataset,Sample 708 By YargerLab Date Thursday, March 19 2026
cm-1,A
4000.00,0.0084
3999.00,0.0084
3998.00,0.0084
3997.00,0.0084
3996.00,0.0084
3995.00,0.0084
3994.00,0.0084
3993.00,0.0084
3992.00,0.0084
3991.00,0.0084
3990.00,0.0084
3989.00,0.0084
3988.00,0.0083
3987.00,0.0083
3986.00,0.0083
3985.00,0.0084
3984.00,0.0084
3983.00,0.0084
3982.00,0.0084
3981.00,0.0083
3980.00,0.0083
3979.00,0.0083
3978.00,0.0083
3977.00,0.0083
3976.00,0.0083
3975.00,0.0083
3974.00,0.0083
3973.00,0.0083
3972.00,0.0084
3971.00,0.0084
3970.00,0.0084
3969.00,0.0084
3968.00,0.0084
3967.00,0.0083
3966.00,0.0083
3965.00,0.0084
3964.00,0.0084
3963.00,0.0084
3962.00,0.0084
3961.00,0.0084
3960.00,0.0084
3959.00,0.0084
3958.00,0.0084
3957.00,0.0084
3956.00,0.0084
3955.00,0.0084
3954.00,0.0084
3953.00,0.0084
3952.00,0.0084
3951.00,0.0084
3950.00,0.0084
3949.00,0.0084
3948.00,0.0084
3947.00,0.0084
3946.00,0.0084
3945.00,0.0084
3944.00,0.0084
3943.00,0.0084
3942.00,0.0084
3941.00,0.0084
3940.00,0.0084
3939.00,0.0084
3938.00,0.0084
3937.00,0.0084
3936.00,0.0084
3935.00,0.0084
3934.00,0.0084
3933.00,0.0084
3932.00,0.0084
3931.00,0.0084
3930.00,0.0084
3929.00,0.0085
3928.00,0.0085
3927.00,0.0085
3926.00,0.0085
3925.00,0.0085
3924.00,0.0085
3923.00,0.0085
3922.00,0.0085
3921.00,0.0085
3920.00,0.0085
3919.00,0.0085
3918.00,0.0085
3917.00,0.0085
3916.00,0.0085
3915.00,0.0085
3914.00,0.0085
3913.00,0.0085
3912.00,0.0085
3911.00,0.0084
3910.00,0.0084
3909.00,0.0084
3908.00,0.0083
3907.00,0.0083
3906.00,0.0083
3905.00,0.0083
3904.00,0.0083
3903.00,0.0083
3902.00,0.0083
3901.00,0.0083
3900.00,0.0084
3899.00,0.0084
3898.00,0.0084
3897.00,0.0083
3896.00,0.0083
3895.00,0.0083
3894.00,0.0083
3893.00,0.0083
3892.00,0.0083
3891.00,0.0083
3890.00,0.0082
3889.00,0.0082
3888.00,0.0082
3887.00,0.0083
3886.00,0.0083
3885.00,0.0083
3884.00,0.0082
3883.00,0.0082
3882.00,0.0083
3881.00,0.0083
3880.00,0.0083
3879.00,0.0082
3878.00,0.0082
3877.00,0.0082
3876.00,0.0083
3875.00,0.0083
3874.00,0.0082
3873.00,0.0082
3872.00,0.0082
3871.00,0.0082
3870.00,0.0082
3869.00,0.0082
3868.00,0.0082
3867.00,0.0082
3866.00,0.0082
3865.00,0.0082
3864.00,0.0082
3863.00,0.0082
3862.00,0.0082
3861.00,0.0082
3860.00,0.0082
3859.00,0.0082
3858.00,0.0081
3857.00,0.0080
3856.00,0.0079
3855.00,0.0079
3854.00,0.0080
3853.00,0.0080
3852.00,0.0080
3851.00,0.0080
3850.00,0.0081
3849.00,0.0082
3848.00,0.0082
3847.00,0.0082
3846.00,0.0082
3845.00,0.0082
3844.00,0.0081
3843.00,0.0081
3842.00,0.0081
3841.00,0.0080
3840.00,0.0080
3839.00,0.0080
3838.00,0.0080
3837.00,0.0080
3836.00,0.0080
3835.00,0.0081
3834.00,0.0081
3833.00,0.0081
3832.00,0.0081
3831.00,0.0081
3830.00,0.0081
3829.00,0.0081
3828.00,0.0081
3827.00,0.0081
3826.00,0.0080
3825.00,0.0080
3824.00,0.0079
3823.00,0.0080
3822.00,0.0080
3821.00,0.0080
3820.00,0.0079
3819.00,0.0079
3818.00,0.0080
3817.00,0.0081
3816.00,0.0081
3815.00,0.0081
3814.00,0.0080
3813.00,0.0080
3812.00,0.0080
3811.00,0.0080
3810.00,0.0080
3809.00,0.0080
3808.00,0.0080
3807.00,0.0080
3806.00,0.0079
3805.00,0.0079
3804.00,0.0079
3803.00,0.0079
3802.00,0.0080
3801.00,0.0079
3800.00,0.0079
3799.00,0.0079
3798.00,0.0080
3797.00,0.0080
3796.00,0.0080
3795.00,0.0080
3794.00,0.0080
3793.00,0.0080
3792.00,0.0080
3791.00,0.0080
3790.00,0.0080
3789.00,0.0080
3788.00,0.0080
3787.00,0.0080
3786.00,0.0080
3785.00,0.0080
3784.00,0.0079
3783.00,0.0079
3782.00,0.0079
3781.00,0.0079
3780.00,0.0079
3779.00,0.0079
3778.00,0.0079
3777.00,0.0079
3776.00,0.0079
3775.00,0.0079
3774.00,0.0078
3773.00,0.0078
3772.00,0.0078
3771.00,0.0078
3770.00,0.0078
3769.00,0.0078
3768.00,0.0078
3767.00,0.0079
3766.00,0.0079
3765.00,0.0079
3764.00,0.0079
3763.00,0.0078
3762.00,0.0078
3761.00,0.0078
3760.00,0.0078
3759.00,0.0078
3758.00,0.0078
3757.00,0.0077
3756.00,0.0077
3755.00,0.0077
3754.00,0.0076
3753.00,0.0076
3752.00,0.0076
3751.00,0.0076
3750.00,0.0076
3749.00,0.0076
3748.00,0.0076
3747.00,0.0076
3746.00,0.0077
3745.00,0.0078
3744.00,0.0077
3743.00,0.0076
3742.00,0.0076
3741.00,0.0076
3740.00,0.0076
3739.00,0.0076
3738.00,0.0076
3737.00,0.0076
3736.00,0.0076
3735.00,0.0076
3734.00,0.0076
3733.00,0.0076
3732.00,0.0076
3731.00,0.0076
3730.00,0.0076
3729.00,0.0076
3728.00,0.0076
3727.00,0.0076
3726.00,0.0076
3725.00,0.0076
3724.00,0.0076
3723.00,0.0076
3722.00,0.0076
3721.00,0.0076
3720.00,0.0076
3719.00,0.0076
3718.00,0.0076
3717.00,0.0076
3716.00,0.0075
3715.00,0.0075
3714.00,0.0075
3713.00,0.0075
3712.00,0.0075
3711.00,0.0075
3710.00,0.0075
3709.00,0.0075
3708.00,0.0075
3707.00,0.0075
3706.00,0.0075
3705.00,0.0075
3704.00,0.0075
3703.00,0.0076
3702.00,0.0076
3701.00,0.0075
3700.00,0.0075
3699.00,0.0075
3698.00,0.0075
3697.00,0.0075
3696.00,0.0075
3695.00,0.0075
3694.00,0.0074
3693.00,0.0074
3692.00,0.0074
3691.00,0.0074
3690.00,0.0074
3689.00,0.0075
3688.00,0.0075
3687.00,0.0075
3686.00,0.0075
3685.00,0.0075
3684.00,0.0075
3683.00,0.0075
3682.00,0.0074
3681.00,0.0074
3680.00,0.0073
3679.00,0.0073
3678.00,0.0072
3677.00,0.0073
3676.00,0.0073
3675.00,0.0073
3674.00,0.0073
3673.00,0.0073
3672.00,0.0074
3671.00,0.0075
3670.00,0.0075
3669.00,0.0074
3668.00,0.0074
3667.00,0.0074
3666.00,0.0075
3665.00,0.0075
3664.00,0.0075
3663.00,0.0075
3662.00,0.0074
3661.00,0.0074
3660.00,0.0074
3659.00,0.0073
3658.00,0.0074
3657.00,0.0074
3656.00,0.0074
3655.00,0.0074
3654.00,0.0073
3653.00,0.0073
3652.00,0.0073
3651.00,0.0073
3650.00,0.0073
3649.00,0.0073
3648.00,0.0074
3647.00,0.0074
3646.00,0.0074
3645.00,0.0074
3644.00,0.0074
3643.00,0.0074
3642.00,0.0074
3641.00,0.0074
3640.00,0.0074
3639.00,0.0074
3638.00,0.0073
3637.00,0.0073
3636.00,0.0073
3635.00,0.0073
3634.00,0.0073
3633.00,0.0072
3632.00,0.0072
3631.00,0.0072
3630.00,0.0072
3629.00,0.0073
3628.00,0.0073
3627.00,0.0073
3626.00,0.0073
3625.00,0.0074
3624.00,0.0073
3623.00,0.0073
3622.00,0.0073
3621.00,0.0072
3620.00,0.0072
3619.00,0.0073
3618.00,0.0072
3617.00,0.0073
3616.00,0.0073
3615.00,0.0073
3614.00,0.0073
3613.00,0.0073
3612.00,0.0073
3611.00,0.0073
3610.00,0.0073
3609.00,0.0074
3608.00,0.0074
3607.00,0.0073
3606.00,0.0073
3605.00,0.0073
3604.00,0.0073
3603.00,0.0073
3602.00,0.0073
3601.00,0.0073
3600.00,0.0073
3599.00,0.0073
3598.00,0.0073
3597.00,0.0073
3596.00,0.0073
3595.00,0.0073
3594.00,0.0073
3593.00,0.0073
3592.00,0.0072
3591.00,0.0072
3590.00,0.0073
3589.00,0.0073
3588.00,0.0073
3587.00,0.0073
3586.00,0.0073
3585.00,0.0073
3584.00,0.0073
3583.00,0.0073
3582.00,0.0073
3581.00,0.0074
3580.00,0.0074
3579.00,0.0074
3578.00,0.0074
3577.00,0.0073
3576.00,0.0074
3575.00,0.0074
3574.00,0.0074
3573.00,0.0074
3572.00,0.0074
3571.00,0.0074
3570.00,0.0074
3569.00,0.0075
3568.00,0.0075
3567.00,0.0076
3566.00,0.0076
3565.00,0.0076
3564.00,0.0076
3563.00,0.0076
3562.00,0.0076
3561.00,0.0077
3560.00,0.0077
3559.00,0.0077
3558.00,0.0078
3557.00,0.0078
3556.00,0.0078
3555.00,0.0079
3554.00,0.0079
3553.00,0.0080
3552.00,0.0081
3551.00,0.0081
3550.00,0.0082
3549.00,0.0083
3548.00,0.0084
3547.00,0.0085
3546.00,0.0086
3545.00,0.0087
3544.00,0.0089
3543.00,0.0090
3542.00,0.0092
3541.00,0.0094
3540.00,0.0097
3539.00,0.0099
3538.00,0.0102
3537.00,0.0105
3536.00,0.0109
3535.00,0.0113
3534.00,0.0118
3533.00,0.0124
3532.00,0.0131
3531.00,0.0139
3530.00,0.0149
3529.00,0.0160
3528.00,0.0172
3527.00,0.0185
3526.00,0.0198
3525.00,0.0211
3524.00,0.0223
3523.00,0.0233
3522.00,0.0241
3521.00,0.0245
3520.00,0.0247
3519.00,0.0246
3518.00,0.0242
3517.00,0.0236
3516.00,0.0229
3515.00,0.0221
3514.00,0.0212
3513.00,0.0203
3512.00,0.0194
3511.00,0.0185
3510.00,0.0177
3509.00,0.0170
3508.00,0.0164
3507.00,0.0158
3506.00,0.0154
3505.00,0.0150
3504.00,0.0147
3503.00,0.0144
3502.00,0.0142
3501.00,0.0140
3500.00,0.0139
3499.00,0.0138
3498.00,0.0137
3497.00,0.0137
3496.00,0.0136
3495.00,0.0136
3494.00,0.0136
3493.00,0.0136
3492.00,0.0137
3491.00,0.0138
3490.00,0.0138
3489.00,0.0139
3488.00,0.0140
3487.00,0.0140
3486.00,0.0141
3485.00,0.0142
3484.00,0.0143
3483.00,0.0145
3482.00,0.0146
3481.00,0.0147
3480.00,0.0149
3479.00,0.0150
3478.00,0.0152
3477.00,0.0154
3476.00,0.0155
3475.00,0.0157
3474.00,0.0159
3473.00,0.0161
3472.00,0.0163
3471.00,0.0165
3470.00,0.0168
3469.00,0.0170
3468.00,0.0173
3467.00,0.0175
3466.00,0.0178
3465.00,0.0180
3464.00,0.0183
3463.00,0.0186
3462.00,0.0188
3461.00,0.0191
3460.00,0.0194
3459.00,0.0197
3458.00,0.0200
3457.00,0.0202
3456.00,0.0205
3455.00,0.0207
3454.00,0.0210
3453.00,0.0212
3452.00,0.0215
3451.00,0.0218
3450.00,0.0220
3449.00,0.0223
3448.00,0.0225
3447.00,0.0228
3446.00,0.0231
3445.00,0.0233
3444.00,0.0236
3443.00,0.0238
3442.00,0.0240
3441.00,0.0242
3440.00,0.0244
3439.00,0.0246
3438.00,0.0249
3437.00,0.0251
3436.00,0.0254
3435.00,0.0256
3434.00,0.0258
3433.00,0.0260
3432.00,0.0262
3431.00,0.0264
3430.00,0.0266
3429.00,0.0268
3428.00,0.0270
3427.00,0.0272
3426.00,0.0274
3425.00,0.0276
3424.00,0.0279
3423.00,0.0282
3422.00,0.0285
3421.00,0.0288
3420.00,0.0292
3419.00,0.0296
3418.00,0.0299
3417.00,0.0304
3416.00,0.0308
3415.00,0.0312
3414.00,0.0316
3413.00,0.0319
3412.00,0.0323
3411.00,0.0325
3410.00,0.0327
3409.00,0.0328
3408.00,0.0328
3407.00,0.0327
3406.00,0.0325
3405.00,0.0322
3404.00,0.0318
3403.00,0.0314
3402.00,0.0308
3401.00,0.0301
3400.00,0.0294
3399.00,0.0286
3398.00,0.0278
3397.00,0.0269
3396.00,0.0261
3395.00,0.0253
3394.00,0.0245
3393.00,0.0238
3392.00,0.0231
3391.00,0.0224
3390.00,0.0218
3389.00,0.0212
3388.00,0.0206
3387.00,0.0201
3386.00,0.0196
3385.00,0.0191
3384.00,0.0187
3383.00,0.0183
3382.00,0.0180
3381.00,0.0176
3380.00,0.0173
3379.00,0.0169
3378.00,0.0166
3377.00,0.0163
3376.00,0.0160
3375.00,0.0158
3374.00,0.0155
3373.00,0.0152
3372.00,0.0150
3371.00,0.0148
3370.00,0.0146
3369.00,0.0144
3368.00,0.0142
3367.00,0.0140
3366.00,0.0138
3365.00,0.0137
3364.00,0.0135
3363.00,0.0133
3362.00,0.0131
3361.00,0.0130
3360.00,0.0128
3359.00,0.0127
3358.00,0.0125
3357.00,0.0124
3356.00,0.0122
3355.00,0.0121
3354.00,0.0120
3353.00,0.0119
3352.00,0.0117
3351.00,0.0116
3350.00,0.0115
3349.00,0.0114
3348.00,0.0113
3347.00,0.0112
3346.00,0.0111
3345.00,0.0110
3344.00,0.0110
3343.00,0.0109
3342.00,0.0108
3341.00,0.0107
3340.00,0.0106
3339.00,0.0105
3338.00,0.0105
3337.00,0.0104
3336.00,0.0103
3335.00,0.0103
3334.00,0.0102
3333.00,0.0102
3332.00,0.0101
3331.00,0.0101
3330.00,0.0100
3329.00,0.0100
3328.00,0.0099
3327.00,0.0099
3326.00,0.0098
3325.00,0.0097
3324.00,0.0097
3323.00,0.0097
3322.00,0.0096
3321.00,0.0096
3320.00,0.0096
3319.00,0.0095
3318.00,0.0095
3317.00,0.0094
3316.00,0.0094
3315.00,0.0093
3314.00,0.0093
3313.00,0.0093
3312.00,0.0092
3311.00,0.0092
3310.00,0.0091
3309.00,0.0091
3308.00,0.0091
3307.00,0.0090
3306.00,0.0090
3305.00,0.0090
3304.00,0.0090
3303.00,0.0090
3302.00,0.0090
3301.00,0.0089
3300.00,0.0089
3299.00,0.0088
3298.00,0.0088
3297.00,0.0088
3296.00,0.0087
3295.00,0.0087
3294.00,0.0087
3293.00,0.0087
3292.00,0.0086
3291.00,0.0086
3290.00,0.0086
3289.00,0.0086
3288.00,0.0086
3287.00,0.0086
3286.00,0.0086
3285.00,0.0086
3284.00,0.0085
3283.00,0.0085
3282.00,0.0085
3281.00,0.0085
3280.00,0.0085
3279.00,0.0085
3278.00,0.0084
3277.00,0.0084
3276.00,0.0084
3275.00,0.0084
3274.00,0.0083
3273.00,0.0083
3272.00,0.0083
3271.00,0.0083
3270.00,0.0084
3269.00,0.0084
3268.00,0.0085
3267.00,0.0085
3266.00,0.0085
3265.00,0.0085
3264.00,0.0085
3263.00,0.0086
3262.00,0.0086
3261.00,0.0086
3260.00,0.0086
3259.00,0.0086
3258.00,0.0086
3257.00,0.0086
3256.00,0.0086
3255.00,0.0086
3254.00,0.0087
3253.00,0.0087
3252.00,0.0087
3251.00,0.0087
3250.00,0.0087
3249.00,0.0087
3248.00,0.0087
3247.00,0.0087
3246.00,0.0087
3245.00,0.0088
3244.00,0.0089
3243.00,0.0089
3242.00,0.0090
3241.00,0.0090
3240.00,0.0090
3239.00,0.0089
3238.00,0.0089
3237.00,0.0089
3236.00,0.0088
3235.00,0.0088
3234.00,0.0087
3233.00,0.0088
3232.00,0.0088
3231.00,0.0089
3230.00,0.0090
3229.00,0.0090
3228.00,0.0091
3227.00,0.0091
3226.00,0.0091
3225.00,0.0091
3224.00,0.0092
3223.00,0.0092
3222.00,0.0092
3221.00,0.0092
3220.00,0.0092
3219.00,0.0092
3218.00,0.0093
3217.00,0.0093
3216.00,0.0094
3215.00,0.0094
3214.00,0.0095
3213.00,0.0095
3212.00,0.0095
3211.00,0.0095
3210.00,0.0096
3209.00,0.0096
3208.00,0.0096
3207.00,0.0097
3206.00,0.0097
3205.00,0.0098
3204.00,0.0098
3203.00,0.0099
3202.00,0.0099
3201.00,0.0100
3200.00,0.0100
3199.00,0.0100
3198.00,0.0101
3197.00,0.0101
3196.00,0.0102
3195.00,0.0102
3194.00,0.0102
3193.00,0.0103
3192.00,0.0104
3191.00,0.0104
3190.00,0.0105
3189.00,0.0105
3188.00,0.0106
3187.00,0.0106
3186.00,0.0107
3185.00,0.0107
3184.00,0.0108
3183.00,0.0108
3182.00,0.0109
3181.00,0.0109
3180.00,0.0110
3179.00,0.0110
3178.00,0.0111
3177.00,0.0111
3176.00,0.0112
3175.00,0.0113
3174.00,0.0114
3173.00,0.0114
3172.00,0.0115
3171.00,0.0115
3170.00,0.0116
3169.00,0.0117
3168.00,0.0117
3167.00,0.0118
3166.00,0.0118
3165.00,0.0119
3164.00,0.0120
3163.00,0.0121
3162.00,0.0121
3161.00,0.0122
3160.00,0.0123
3159.00,0.0123
3158.00,0.0124
3157.00,0.0125
3156.00,0.0125
3155.00,0.0125
3154.00,0.0125
3153.00,0.0125
3152.00,0.0126
3151.00,0.0128
3150.00,0.0129
3149.00,0.0130
3148.00,0.0131
3147.00,0.0132
3146.00,0.0133
3145.00,0.0134
3144.00,0.0135
3143.00,0.0135
3142.00,0.0136
3141.00,0.0136
3140.00,0.0137
3139.00,0.0138
3138.00,0.0140
3137.00,0.0141
3136.00,0.0143
3135.00,0.0144
3134.00,0.0146
3133.00,0.0147
3132.00,0.0147
3131.00,0.0148
3130.00,0.0150
3129.00,0.0151
3128.00,0.0153
3127.00,0.0154
3126.00,0.0156
3125.00,0.0157
3124.00,0.0158
3123.00,0.0159
3122.00,0.0160
3121.00,0.0160
3120.00,0.0162
3119.00,0.0163
3118.00,0.0165
3117.00,0.0167
3116.00,0.0170
3115.00,0.0173
3114.00,0.0175
3113.00,0.0178
3112.00,0.0180
3111.00,0.0182
3110.00,0.0184
3109.00,0.0187
3108.00,0.0189
3107.00,0.0193
3106.00,0.0195
3105.00,0.0198
3104.00,0.0201
3103.00,0.0203
3102.00,0.0206
3101.00,0.0209
3100.00,0.0212
3099.00,0.0216
3098.00,0.0219
3097.00,0.0223
3096.00,0.0227
3095.00,0.0230
3094.00,0.0233
3093.00,0.0237
3092.00,0.0240
3091.00,0.0244
3090.00,0.0248
3089.00,0.0252
3088.00,0.0256
3087.00,0.0261
3086.00,0.0265
3085.00,0.0270
3084.00,0.0276
3083.00,0.0281
3082.00,0.0288
3081.00,0.0295
3080.00,0.0303
3079.00,0.0313
3078.00,0.0324
3077.00,0.0335
3076.00,0.0345
3075.00,0.0353
3074.00,0.0359
3073.00,0.0363
3072.00,0.0364
3071.00,0.0364
3070.00,0.0364
3069.00,0.0363
3068.00,0.0364
3067.00,0.0365
3066.00,0.0367
3065.00,0.0369
3064.00,0.0372
3063.00,0.0374
3062.00,0.0377
3061.00,0.0379
3060.00,0.0382
3059.00,0.0383
3058.00,0.0385
3057.00,0.0386
3056.00,0.0387
3055.00,0.0388
3054.00,0.0389
3053.00,0.0390
3052.00,0.0391
3051.00,0.0391
3050.00,0.0391
3049.00,0.0391
3048.00,0.0391
3047.00,0.0390
3046.00,0.0389
3045.00,0.0388
3044.00,0.0387
3043.00,0.0385
3042.00,0.0384
3041.00,0.0383
3040.00,0.0381
3039.00,0.0380
3038.00,0.0378
3037.00,0.0376
3036.00,0.0374
3035.00,0.0372
3034.00,0.0370
3033.00,0.0368
3032.00,0.0366
3031.00,0.0363
3030.00,0.0360
3029.00,0.0357
3028.00,0.0353
3027.00,0.0350
3026.00,0.0346
3025.00,0.0343
3024.00,0.0339
3023.00,0.0336
3022.00,0.0334
3021.00,0.0332
3020.00,0.0330
3019.00,0.0328
3018.00,0.0327
3017.00,0.0327
3016.00,0.0327
3015.00,0.0328
3014.00,0.0329
3013.00,0.0332
3012.00,0.0335
3011.00,0.0338
3010.00,0.0341
3009.00,0.0343
3008.00,0.0345
3007.00,0.0345
3006.00,0.0344
3005.00,0.0343
3004.00,0.0341
3003.00,0.0338
3002.00,0.0336
3001.00,0.0334
3000.00,0.0332
2999.00,0.0331
2998.00,0.0330
2997.00,0.0330
2996.00,0.0330
2995.00,0.0331
2994.00,0.0334
2993.00,0.0337
2992.00,0.0343
2991.00,0.0351
2990.00,0.0360
2989.00,0.0373
2988.00,0.0388
2987.00,0.0404
2986.00,0.0421
2985.00,0.0436
2984.00,0.0447
2983.00,0.0453
2982.00,0.0453
2981.00,0.0449
2980.00,0.0441
2979.00,0.0434
2978.00,0.0427
2977.00,0.0422
2976.00,0.0419
2975.00,0.0419
2974.00,0.0422
2973.00,0.0427
2972.00,0.0433
2971.00,0.0441
2970.00,0.0448
2969.00,0.0454
2968.00,0.0460
2967.00,0.0464
2966.00,0.0467
2965.00,0.0468
2964.00,0.0467
2963.00,0.0467
2962.00,0.0466
2961.00,0.0466
2960.00,0.0465
2959.00,0.0464
2958.00,0.0462
2957.00,0.0459
2956.00,0.0454
2955.00,0.0449
2954.00,0.0443
2953.00,0.0437
2952.00,0.0432
2951.00,0.0426
2950.00,0.0422
2949.00,0.0420
2948.00,0.0420
2947.00,0.0422
2946.00,0.0426
2945.00,0.0431
2944.00,0.0438
2943.00,0.0444
2942.00,0.0451
2941.00,0.0457
2940.00,0.0462
2939.00,0.0468
2938.00,0.0474
2937.00,0.0482
2936.00,0.0490
2935.00,0.0498
2934.00,0.0508
2933.00,0.0518
2932.00,0.0528
2931.00,0.0538
2930.00,0.0548
2929.00,0.0557
2928.00,0.0565
2927.00,0.0572
2926.00,0.0577
2925.00,0.0578
2924.00,0.0577
2923.00,0.0575
2922.00,0.0570
2921.00,0.0566
2920.00,0.0562
2919.00,0.0558
2918.00,0.0554
2917.00,0.0550
2916.00,0.0546
2915.00,0.0540
2914.00,0.0534
2913.00,0.0526
2912.00,0.0518
2911.00,0.0508
2910.00,0.0498
2909.00,0.0488
2908.00,0.0478
2907.00,0.0468
2906.00,0.0459
2905.00,0.0451
2904.00,0.0444
2903.00,0.0438
2902.00,0.0433
2901.00,0.0428
2900.00,0.0423
2899.00,0.0418
2898.00,0.0411
2897.00,0.0405
2896.00,0.0398
2895.00,0.0391
2894.00,0.0385
2893.00,0.0379
2892.00,0.0374
2891.00,0.0370
2890.00,0.0367
2889.00,0.0365
2888.00,0.0363
2887.00,0.0362
2886.00,0.0361
2885.00,0.0361
2884.00,0.0361
2883.00,0.0361
2882.00,0.0361
2881.00,0.0362
2880.00,0.0363
2879.00,0.0365
2878.00,0.0367
2877.00,0.0369
2876.00,0.0371
2875.00,0.0373
2874.00,0.0375
2873.00,0.0377
2872.00,0.0377
2871.00,0.0377
2870.00,0.0375
2869.00,0.0373
2868.00,0.0370
2867.00,0.0368
2866.00,0.0367
2865.00,0.0368
2864.00,0.0371
2863.00,0.0377
2862.00,0.0386
2861.00,0.0398
2860.00,0.0412
2859.00,0.0427
2858.00,0.0442
2857.00,0.0453
2856.00,0.0460
2855.00,0.0461
2854.00,0.0455
2853.00,0.0445
2852.00,0.0431
2851.00,0.0415
2850.00,0.0400
2849.00,0.0385
2848.00,0.0371
2847.00,0.0359
2846.00,0.0348
2845.00,0.0338
2844.00,0.0330
2843.00,0.0324
2842.00,0.0319
2841.00,0.0315
2840.00,0.0311
2839.00,0.0310
2838.00,0.0309
2837.00,0.0310
2836.00,0.0313
2835.00,0.0317
2834.00,0.0324
2833.00,0.0332
2832.00,0.0340
2831.00,0.0349
2830.00,0.0355
2829.00,0.0357
2828.00,0.0356
2827.00,0.0350
2826.00,0.0342
2825.00,0.0333
2824.00,0.0325
2823.00,0.0318
2822.00,0.0313
2821.00,0.0309
2820.00,0.0306
2819.00,0.0304
2818.00,0.0303
2817.00,0.0303
2816.00,0.0303
2815.00,0.0303
2814.00,0.0303
2813.00,0.0303
2812.00,0.0304
2811.00,0.0304
2810.00,0.0304
2809.00,0.0304
2808.00,0.0305
2807.00,0.0305
2806.00,0.0306
2805.00,0.0306
2804.00,0.0306
2803.00,0.0305
2802.00,0.0305
2801.00,0.0304
2800.00,0.0304
2799.00,0.0304
2798.00,0.0304
2797.00,0.0304
2796.00,0.0305
2795.00,0.0305
2794.00,0.0305
2793.00,0.0306
2792.00,0.0306
2791.00,0.0306
2790.00,0.0307
2789.00,0.0308
2788.00,0.0309
2787.00,0.0309
2786.00,0.0310
2785.00,0.0311
2784.00,0.0311
2783.00,0.0312
2782.00,0.0312
2781.00,0.0313
2780.00,0.0313
2779.00,0.0313
2778.00,0.0312
2777.00,0.0312
2776.00,0.0311
2775.00,0.0310
2774.00,0.0309
2773.00,0.0308
2772.00,0.0307
2771.00,0.0306
2770.00,0.0304
2769.00,0.0303
2768.00,0.0301
2767.00,0.0299
2766.00,0.0298
2765.00,0.0296
2764.00,0.0294
2763.00,0.0292
2762.00,0.0290
2761.00,0.0289
2760.00,0.0287
2759.00,0.0286
2758.00,0.0284
2757.00,0.0283
2756.00,0.0282
2755.00,0.0280
2754.00,0.0279
2753.00,0.0277
2752.00,0.0276
2751.00,0.0275
2750.00,0.0274
2749.00,0.0272
2748.00,0.0271
2747.00,0.0271
2746.00,0.0270
2745.00,0.0269
2744.00,0.0268
2743.00,0.0268
2742.00,0.0267
2741.00,0.0267
2740.00,0.0266
2739.00,0.0265
2738.00,0.0265
2737.00,0.0265
2736.00,0.0265
2735.00,0.0266
2734.00,0.0266
2733.00,0.0266
2732.00,0.0267
2731.00,0.0267
2730.00,0.0268
2729.00,0.0268
2728.00,0.0267
2727.00,0.0267
2726.00,0.0266
2725.00,0.0265
2724.00,0.0264
2723.00,0.0263
2722.00,0.0263
2721.00,0.0262
2720.00,0.0262
2719.00,0.0261
2718.00,0.0260
2717.00,0.0260
2716.00,0.0259
2715.00,0.0259
2714.00,0.0259
2713.00,0.0259
2712.00,0.0258
2711.00,0.0258
2710.00,0.0258
2709.00,0.0258
2708.00,0.0258
2707.00,0.0258
2706.00,0.0258
2705.00,0.0259
2704.00,0.0259
2703.00,0.0259
2702.00,0.0260
2701.00,0.0260
2700.00,0.0260
2699.00,0.0261
2698.00,0.0262
2697.00,0.0262
2696.00,0.0263
2695.00,0.0263
2694.00,0.0264
2693.00,0.0265
2692.00,0.0265
2691.00,0.0266
2690.00,0.0267
2689.00,0.0268
2688.00,0.0269
2687.00,0.0270
2686.00,0.0271
2685.00,0.0272
2684.00,0.0272
2683.00,0.0273
2682.00,0.0273
2681.00,0.0274
2680.00,0.0275
2679.00,0.0276
2678.00,0.0276
2677.00,0.0277
2676.00,0.0278
2675.00,0.0278
2674.00,0.0278
2673.00,0.0279
2672.00,0.0279
2671.00,0.0280
2670.00,0.0280
2669.00,0.0280
2668.00,0.0281
2667.00,0.0281
2666.00,0.0281
2665.00,0.0281
2664.00,0.0281
2663.00,0.0281
2662.00,0.0281
2661.00,0.0281
2660.00,0.0281
2659.00,0.0281
2658.00,0.0282
2657.00,0.0282
2656.00,0.0282
2655.00,0.0282
2654.00,0.0282
2653.00,0.0282
2652.00,0.0283
2651.00,0.0283
2650.00,0.0283
2649.00,0.0283
2648.00,0.0283
2647.00,0.0284
2646.00,0.0284
2645.00,0.0284
2644.00,0.0284
2643.00,0.0284
2642.00,0.0283
2641.00,0.0283
2640.00,0.0283
2639.00,0.0283
2638.00,0.0283
2637.00,0.0283
2636.00,0.0283
2635.00,0.0283
2634.00,0.0283
2633.00,0.0283
2632.00,0.0283
2631.00,0.0283
2630.00,0.0283
2629.00,0.0283
2628.00,0.0283
2627.00,0.0284
2626.00,0.0284
2625.00,0.0284
2624.00,0.0284
2623.00,0.0284
2622.00,0.0284
2621.00,0.0284
2620.00,0.0284
2619.00,0.0284
2618.00,0.0284
2617.00,0.0284
2616.00,0.0284
2615.00,0.0283
2614.00,0.0283
2613.00,0.0282
2612.00,0.0282
2611.00,0.0282
2610.00,0.0282
2609.00,0.0281
2608.00,0.0281
2607.00,0.0281
2606.00,0.0280
2605.00,0.0280
2604.00,0.0280
2603.00,0.0280
2602.00,0.0280
2601.00,0.0280
2600.00,0.0280
2599.00,0.0280
2598.00,0.0281
2597.00,0.0281
2596.00,0.0282
2595.00,0.0282
2594.00,0.0283
2593.00,0.0283
2592.00,0.0284
2591.00,0.0284
2590.00,0.0285
2589.00,0.0285
2588.00,0.0285
2587.00,0.0285
2586.00,0.0285
2585.00,0.0285
2584.00,0.0284
2583.00,0.0284
2582.00,0.0284
2581.00,0.0284
2580.00,0.0283
2579.00,0.0283
2578.00,0.0283
2577.00,0.0283
2576.00,0.0283
2575.00,0.0283
2574.00,0.0283
2573.00,0.0283
2572.00,0.0283
2571.00,0.0283
2570.00,0.0282
2569.00,0.0282
2568.00,0.0282
2567.00,0.0281
2566.00,0.0281
2565.00,0.0281
2564.00,0.0281
2563.00,0.0281
2562.00,0.0281
2561.00,0.0281
2560.00,0.0281
2559.00,0.0281
2558.00,0.0281
2557.00,0.0281
2556.00,0.0281
2555.00,0.0281
2554.00,0.0281
2553.00,0.0281
2552.00,0.0281
2551.00,0.0281
2550.00,0.0281
2549.00,0.0281
2548.00,0.0281
2547.00,0.0281
2546.00,0.0281
2545.00,0.0281
2544.00,0.0282
2543.00,0.0282
2542.00,0.0282
2541.00,0.0283
2540.00,0.0284
2539.00,0.0285
2538.00,0.0286
2537.00,0.0286
2536.00,0.0287
2535.00,0.0288
2534.00,0.0288
2533.00,0.0289
2532.00,0.0290
2531.00,0.0291
2530.00,0.0292
2529.00,0.0293
2528.00,0.0294
2527.00,0.0295
2526.00,0.0296
2525.00,0.0297
2524.00,0.0297
2523.00,0.0298
2522.00,0.0300
2521.00,0.0301
2520.00,0.0302
2519.00,0.0303
2518.00,0.0305
2517.00,0.0306
2516.00,0.0307
2515.00,0.0308
2514.00,0.0309
2513.00,0.0311
2512.00,0.0312
2511.00,0.0312
2510.00,0.0313
2509.00,0.0314
2508.00,0.0314
2507.00,0.0315
2506.00,0.0315
2505.00,0.0315
2504.00,0.0316
2503.00,0.0316
2502.00,0.0315
2501.00,0.0315
2500.00,0.0315
2499.00,0.0315
2498.00,0.0315
2497.00,0.0315
2496.00,0.0314
2495.00,0.0314
2494.00,0.0313
2493.00,0.0313
2492.00,0.0313
2491.00,0.0313
2490.00,0.0312
2489.00,0.0312
2488.00,0.0311
2487.00,0.0311
2486.00,0.0311
2485.00,0.0310
2484.00,0.0310
2483.00,0.0310
2482.00,0.0310
2481.00,0.0309
2480.00,0.0309
2479.00,0.0309
2478.00,0.0309
2477.00,0.0309
2476.00,0.0309
2475.00,0.0309
2474.00,0.0309
2473.00,0.0309
2472.00,0.0309
2471.00,0.0309
2470.00,0.0309
2469.00,0.0309
2468.00,0.0309
2467.00,0.0309
2466.00,0.0309
2465.00,0.0309
2464.00,0.0309
2463.00,0.0308
2462.00,0.0308
2461.00,0.0307
2460.00,0.0307
2459.00,0.0307
2458.00,0.0306
2457.00,0.0306
2456.00,0.0306
2455.00,0.0306
2454.00,0.0305
2453.00,0.0305
2452.00,0.0305
2451.00,0.0304
2450.00,0.0304
2449.00,0.0304
2448.00,0.0304
2447.00,0.0304
2446.00,0.0304
2445.00,0.0304
2444.00,0.0304
2443.00,0.0304
2442.00,0.0304
2441.00,0.0305
2440.00,0.0305
2439.00,0.0305
2438.00,0.0306
2437.00,0.0307
2436.00,0.0308
2435.00,0.0309
2434.00,0.0310
2433.00,0.0311
2432.00,0.0313
2431.00,0.0314
2430.00,0.0316
2429.00,0.0317
2428.00,0.0319
2427.00,0.0320
2426.00,0.0321
2425.00,0.0322
2424.00,0.0324
2423.00,0.0325
2422.00,0.0326
2421.00,0.0327
2420.00,0.0329
2419.00,0.0330
2418.00,0.0332
2417.00,0.0333
2416.00,0.0335
2415.00,0.0336
2414.00,0.0338
2413.00,0.0339
2412.00,0.0340
2411.00,0.0341
2410.00,0.0342
2409.00,0.0344
2408.00,0.0345
2407.00,0.0346
2406.00,0.0347
2405.00,0.0349
2404.00,0.0350
2403.00,0.0351
2402.00,0.0353
2401.00,0.0354
2400.00,0.0355
2399.00,0.0356
2398.00,0.0357
2397.00,0.0358
2396.00,0.0359
2395.00,0.0360
2394.00,0.0361
2393.00,0.0362
2392.00,0.0363
2391.00,0.0364
2390.00,0.0365
2389.00,0.0365
2388.00,0.0365
2387.00,0.0366
2386.00,0.0366
2385.00,0.0366
2384.00,0.0365
2383.00,0.0365
2382.00,0.0364
2381.00,0.0363
2380.00,0.0362
2379.00,0.0361
2378.00,0.0361
2377.00,0.0360
2376.00,0.0359
2375.00,0.0358
2374.00,0.0357
2373.00,0.0356
2372.00,0.0356
2371.00,0.0355
2370.00,0.0354
2369.00,0.0354
2368.00,0.0353
2367.00,0.0352
2366.00,0.0351
2365.00,0.0350
2364.00,0.0350
2363.00,0.0349
2362.00,0.0348
2361.00,0.0347
2360.00,0.0346
2359.00,0.0345
2358.00,0.0344
2357.00,0.0343
2356.00,0.0343
2355.00,0.0342
2354.00,0.0342
2353.00,0.0341
2352.00,0.0341
2351.00,0.0340
2350.00,0.0339
2349.00,0.0338
2348.00,0.0336
2347.00,0.0334
2346.00,0.0333
2345.00,0.0332
2344.00,0.0330
2343.00,0.0329
2342.00,0.0328
2341.00,0.0327
2340.00,0.0327
2339.00,0.0326
2338.00,0.0325
2337.00,0.0325
2336.00,0.0324
2335.00,0.0323
2334.00,0.0321
2333.00,0.0320
2332.00,0.0319
2331.00,0.0319
2330.00,0.0318
2329.00,0.0317
2328.00,0.0317
2327.00,0.0316
2326.00,0.0315
2325.00,0.0313
2324.00,0.0311
2323.00,0.0309
2322.00,0.0307
2321.00,0.0306
2320.00,0.0305
2319.00,0.0304
2318.00,0.0303
2317.00,0.0302
2316.00,0.0301
2315.00,0.0300
2314.00,0.0300
2313.00,0.0298
2312.00,0.0297
2311.00,0.0296
2310.00,0.0295
2309.00,0.0294
2308.00,0.0293
2307.00,0.0293
2306.00,0.0292
2305.00,0.0292
2304.00,0.0291
2303.00,0.0291
2302.00,0.0290
2301.00,0.0290
2300.00,0.0289
2299.00,0.0288
2298.00,0.0287
2297.00,0.0287
2296.00,0.0286
2295.00,0.0285
2294.00,0.0285
2293.00,0.0284
2292.00,0.0284
2291.00,0.0283
2290.00,0.0282
2289.00,0.0281
2288.00,0.0280
2287.00,0.0279
2286.00,0.0278
2285.00,0.0277
2284.00,0.0276
2283.00,0.0275
2282.00,0.0274
2281.00,0.0272
2280.00,0.0271
2279.00,0.0270
2278.00,0.0269
2277.00,0.0267
2276.00,0.0266
2275.00,0.0265
2274.00,0.0265
2273.00,0.0264
2272.00,0.0263
2271.00,0.0262
2270.00,0.0261
2269.00,0.0260
2268.00,0.0259
2267.00,0.0258
2266.00,0.0257
2265.00,0.0256
2264.00,0.0255
2263.00,0.0255
2262.00,0.0254
2261.00,0.0253
2260.00,0.0252
2259.00,0.0250
2258.00,0.0249
2257.00,0.0248
2256.00,0.0247
2255.00,0.0246
2254.00,0.0244
2253.00,0.0243
2252.00,0.0242
2251.00,0.0241
2250.00,0.0240
2249.00,0.0240
2248.00,0.0239
2247.00,0.0238
2246.00,0.0237
2245.00,0.0236
2244.00,0.0235
2243.00,0.0234
2242.00,0.0233
2241.00,0.0233
2240.00,0.0232
2239.00,0.0232
2238.00,0.0232
2237.00,0.0231
2236.00,0.0231
2235.00,0.0230
2234.00,0.0228
2233.00,0.0227
2232.00,0.0226
2231.00,0.0226
2230.00,0.0225
2229.00,0.0224
2228.00,0.0222
2227.00,0.0221
2226.00,0.0220
2225.00,0.0219
2224.00,0.0219
2223.00,0.0219
2222.00,0.0218
2221.00,0.0217
2220.00,0.0215
2219.00,0.0214
2218.00,0.0214
2217.00,0.0214
2216.00,0.0213
2215.00,0.0213
2214.00,0.0212
2213.00,0.0210
2212.00,0.0210
2211.00,0.0209
2210.00,0.0209
2209.00,0.0208
2208.00,0.0208
2207.00,0.0207
2206.00,0.0207
2205.00,0.0206
2204.00,0.0206
2203.00,0.0206
2202.00,0.0205
2201.00,0.0204
2200.00,0.0204
2199.00,0.0203
2198.00,0.0203
2197.00,0.0202
2196.00,0.0201
2195.00,0.0200
2194.00,0.0200
2193.00,0.0199
2192.00,0.0197
2191.00,0.0196
2190.00,0.0195
2189.00,0.0194
2188.00,0.0193
2187.00,0.0192
2186.00,0.0191
2185.00,0.0189
2184.00,0.0187
2183.00,0.0185
2182.00,0.0184
2181.00,0.0184
2180.00,0.0184
2179.00,0.0184
2178.00,0.0183
2177.00,0.0181
2176.00,0.0179
2175.00,0.0177
2174.00,0.0176
2173.00,0.0176
2172.00,0.0175
2171.00,0.0175
2170.00,0.0174
2169.00,0.0173
2168.00,0.0172
2167.00,0.0170
2166.00,0.0169
2165.00,0.0169
2164.00,0.0169
2163.00,0.0168
2162.00,0.0166
2161.00,0.0162
2160.00,0.0159
2159.00,0.0158
2158.00,0.0159
2157.00,0.0160
2156.00,0.0160
2155.00,0.0159
2154.00,0.0159
2153.00,0.0158
2152.00,0.0159
2151.00,0.0159
2150.00,0.0159
2149.00,0.0158
2148.00,0.0157
2147.00,0.0157
2146.00,0.0156
2145.00,0.0156
2144.00,0.0155
2143.00,0.0154
2142.00,0.0153
2141.00,0.0153
2140.00,0.0153
2139.00,0.0152
2138.00,0.0151
2137.00,0.0149
2136.00,0.0148
2135.00,0.0146
2134.00,0.0146
2133.00,0.0147
2132.00,0.0148
2131.00,0.0148
2130.00,0.0147
2129.00,0.0147
2128.00,0.0146
2127.00,0.0145
2126.00,0.0143
2125.00,0.0143
2124.00,0.0142
2123.00,0.0142
2122.00,0.0141
2121.00,0.0141
2120.00,0.0140
2119.00,0.0139
2118.00,0.0138
2117.00,0.0138
2116.00,0.0137
2115.00,0.0137
2114.00,0.0136
2113.00,0.0136
2112.00,0.0135
2111.00,0.0134
2110.00,0.0134
2109.00,0.0133
2108.00,0.0133
2107.00,0.0132
2106.00,0.0132
2105.00,0.0131
2104.00,0.0131
2103.00,0.0130
2102.00,0.0130
2101.00,0.0129
2100.00,0.0128
2099.00,0.0127
2098.00,0.0126
2097.00,0.0126
2096.00,0.0126
2095.00,0.0125
2094.00,0.0125
2093.00,0.0125
2092.00,0.0125
2091.00,0.0125
2090.00,0.0124
2089.00,0.0124
2088.00,0.0123
2087.00,0.0123
2086.00,0.0123
2085.00,0.0123
2084.00,0.0123
2083.00,0.0122
2082.00,0.0122
2081.00,0.0122
2080.00,0.0122
2079.00,0.0122
2078.00,0.0121
2077.00,0.0120
2076.00,0.0120
2075.00,0.0120
2074.00,0.0120
2073.00,0.0119
2072.00,0.0117
2071.00,0.0116
2070.00,0.0115
2069.00,0.0114
2068.00,0.0114
2067.00,0.0113
2066.00,0.0112
2065.00,0.0111
2064.00,0.0111
2063.00,0.0111
2062.00,0.0111
2061.00,0.0111
2060.00,0.0111
2059.00,0.0111
2058.00,0.0110
2057.00,0.0110
2056.00,0.0109
2055.00,0.0109
2054.00,0.0110
2053.00,0.0111
2052.00,0.0111
2051.00,0.0111
2050.00,0.0109
2049.00,0.0108
2048.00,0.0107
2047.00,0.0107
2046.00,0.0106
2045.00,0.0105
2044.00,0.0105
2043.00,0.0104
2042.00,0.0103
2041.00,0.0103
2040.00,0.0102
2039.00,0.0102
2038.00,0.0101
2037.00,0.0101
2036.00,0.0101
2035.00,0.0101
2034.00,0.0101
2033.00,0.0100
2032.00,0.0100
2031.00,0.0099
2030.00,0.0099
2029.00,0.0099
2028.00,0.0099
2027.00,0.0099
2026.00,0.0099
2025.00,0.0099
2024.00,0.0099
2023.00,0.0100
2022.00,0.0100
2021.00,0.0101
2020.00,0.0102
2019.00,0.0103
2018.00,0.0104
2017.00,0.0104
2016.00,0.0102
2015.00,0.0100
2014.00,0.0098
2013.00,0.0097
2012.00,0.0097
2011.00,0.0098
2010.00,0.0098
2009.00,0.0097
2008.00,0.0097
2007.00,0.0097
2006.00,0.0098
2005.00,0.0099
2004.00,0.0100
2003.00,0.0100
2002.00,0.0100
2001.00,0.0100
2000.00,0.0100
1999.00,0.0100
1998.00,0.0100
1997.00,0.0100
1996.00,0.0100
1995.00,0.0100
1994.00,0.0101
1993.00,0.0102
1992.00,0.0103
1991.00,0.0105
1990.00,0.0106
1989.00,0.0106
1988.00,0.0106
1987.00,0.0105
1986.00,0.0104
1985.00,0.0104
1984.00,0.0105
1983.00,0.0105
1982.00,0.0106
1981.00,0.0107
1980.00,0.0106
1979.00,0.0104
1978.00,0.0102
1977.00,0.0101
1976.00,0.0100
1975.00,0.0099
1974.00,0.0097
1973.00,0.0097
1972.00,0.0095
1971.00,0.0094
1970.00,0.0094
1969.00,0.0094
1968.00,0.0095
1967.00,0.0096
1966.00,0.0096
1965.00,0.0097
1964.00,0.0097
1963.00,0.0096
1962.00,0.0096
1961.00,0.0096
1960.00,0.0097
1959.00,0.0097
1958.00,0.0097
1957.00,0.0097
1956.00,0.0096
1955.00,0.0096
1954.00,0.0096
1953.00,0.0096
1952.00,0.0096
1951.00,0.0096
1950.00,0.0095
1949.00,0.0095
1948.00,0.0094
1947.00,0.0094
1946.00,0.0093
1945.00,0.0093
1944.00,0.0093
1943.00,0.0093
1942.00,0.0093
1941.00,0.0092
1940.00,0.0092
1939.00,0.0092
1938.00,0.0091
1937.00,0.0091
1936.00,0.0092
1935.00,0.0092
1934.00,0.0092
1933.00,0.0092
1932.00,0.0091
1931.00,0.0091
1930.00,0.0091
1929.00,0.0091
1928.00,0.0091
1927.00,0.0091
1926.00,0.0090
1925.00,0.0090
1924.00,0.0089
1923.00,0.0089
1922.00,0.0089
1921.00,0.0089
1920.00,0.0089
1919.00,0.0089
1918.00,0.0089
1917.00,0.0089
1916.00,0.0089
1915.00,0.0089
1914.00,0.0089
1913.00,0.0089
1912.00,0.0089
1911.00,0.0089
1910.00,0.0088
1909.00,0.0088
1908.00,0.0088
1907.00,0.0088
1906.00,0.0088
1905.00,0.0088
1904.00,0.0088
1903.00,0.0088
1902.00,0.0087
1901.00,0.0087
1900.00,0.0086
1899.00,0.0086
1898.00,0.0085
1897.00,0.0085
1896.00,0.0085
1895.00,0.0085
1894.00,0.0084
1893.00,0.0084
1892.00,0.0084
1891.00,0.0083
1890.00,0.0084
1889.00,0.0084
1888.00,0.0084
1887.00,0.0084
1886.00,0.0084
1885.00,0.0085
1884.00,0.0085
1883.00,0.0084
1882.00,0.0084
1881.00,0.0085
1880.00,0.0085
1879.00,0.0084
1878.00,0.0084
1877.00,0.0084
1876.00,0.0084
1875.00,0.0083
1874.00,0.0083
1873.00,0.0083
1872.00,0.0083
1871.00,0.0082
1870.00,0.0082
1869.00,0.0082
1868.00,0.0082
1867.00,0.0082
1866.00,0.0081
1865.00,0.0081
1864.00,0.0081
1863.00,0.0081
1862.00,0.0081
1861.00,0.0081
1860.00,0.0081
1859.00,0.0081
1858.00,0.0082
1857.00,0.0082
1856.00,0.0082
1855.00,0.0082
1854.00,0.0082
1853.00,0.0082
1852.00,0.0083
1851.00,0.0083
1850.00,0.0083
1849.00,0.0083
1848.00,0.0083
1847.00,0.0083
1846.00,0.0083
1845.00,0.0083
1844.00,0.0083
1843.00,0.0083
1842.00,0.0083
1841.00,0.0084
1840.00,0.0084
1839.00,0.0084
1838.00,0.0084
1837.00,0.0084
1836.00,0.0084
1835.00,0.0084
1834.00,0.0084
1833.00,0.0083
1832.00,0.0083
1831.00,0.0083
1830.00,0.0082
1829.00,0.0082
1828.00,0.0082
1827.00,0.0082
1826.00,0.0082
1825.00,0.0083
1824.00,0.0083
1823.00,0.0084
1822.00,0.0084
1821.00,0.0084
1820.00,0.0084
1819.00,0.0084
1818.00,0.0084
1817.00,0.0084
1816.00,0.0084
1815.00,0.0084
1814.00,0.0084
1813.00,0.0084
1812.00,0.0084
1811.00,0.0085
1810.00,0.0085
1809.00,0.0085
1808.00,0.0085
1807.00,0.0086
1806.00,0.0086
1805.00,0.0086
1804.00,0.0086
1803.00,0.0086
1802.00,0.0086
1801.00,0.0086
1800.00,0.0086
1799.00,0.0085
1798.00,0.0085
1797.00,0.0085
1796.00,0.0085
1795.00,0.0084
1794.00,0.0084
1793.00,0.0083
1792.00,0.0083
1791.00,0.0083
1790.00,0.0083
1789.00,0.0083
1788.00,0.0084
1787.00,0.0084
1786.00,0.0084
1785.00,0.0084
1784.00,0.0084
1783.00,0.0085
1782.00,0.0085
1781.00,0.0085
1780.00,0.0085
1779.00,0.0085
1778.00,0.0086
1777.00,0.0086
1776.00,0.0086
1775.00,0.0087
1774.00,0.0088
1773.00,0.0089
1772.00,0.0089
1771.00,0.0089
1770.00,0.0089
1769.00,0.0090
1768.00,0.0090
1767.00,0.0089
1766.00,0.0089
1765.00,0.0088
1764.00,0.0088
1763.00,0.0088
1762.00,0.0088
1761.00,0.0088
1760.00,0.0088
1759.00,0.0088
1758.00,0.0088
1757.00,0.0088
1756.00,0.0088
1755.00,0.0088
1754.00,0.0088
1753.00,0.0088
1752.00,0.0088
1751.00,0.0088
1750.00,0.0088
1749.00,0.0088
1748.00,0.0088
1747.00,0.0088
1746.00,0.0088
1745.00,0.0088
1744.00,0.0089
1743.00,0.0089
1742.00,0.0089
1741.00,0.0089
1740.00,0.0089
1739.00,0.0088
1738.00,0.0088
1737.00,0.0088
1736.00,0.0089
1735.00,0.0089
1734.00,0.0090
1733.00,0.0090
1732.00,0.0090
1731.00,0.0090
1730.00,0.0090
1729.00,0.0090
1728.00,0.0091
1727.00,0.0091
1726.00,0.0091
1725.00,0.0092
1724.00,0.0092
1723.00,0.0093
1722.00,0.0093
1721.00,0.0093
1720.00,0.0094
1719.00,0.0094
1718.00,0.0094
1717.00,0.0094
1716.00,0.0095
1715.00,0.0096
1714.00,0.0096
1713.00,0.0097
1712.00,0.0098
1711.00,0.0099
1710.00,0.0099
1709.00,0.0099
1708.00,0.0100
1707.00,0.0100
1706.00,0.0100
1705.00,0.0101
1704.00,0.0101
1703.00,0.0102
1702.00,0.0102
1701.00,0.0103
1700.00,0.0104
1699.00,0.0105
1698.00,0.0106
1697.00,0.0107
1696.00,0.0108
1695.00,0.0109
1694.00,0.0110
1693.00,0.0111
1692.00,0.0111
1691.00,0.0112
1690.00,0.0112
1689.00,0.0113
1688.00,0.0114
1687.00,0.0115
1686.00,0.0115
1685.00,0.0116
1684.00,0.0117
1683.00,0.0117
1682.00,0.0118
1681.00,0.0120
1680.00,0.0121
1679.00,0.0122
1678.00,0.0123
1677.00,0.0123
1676.00,0.0124
1675.00,0.0125
1674.00,0.0126
1673.00,0.0127
1672.00,0.0128
1671.00,0.0129
1670.00,0.0130
1669.00,0.0132
1668.00,0.0134
1667.00,0.0136
1666.00,0.0137
1665.00,0.0139
1664.00,0.0141
1663.00,0.0143
1662.00,0.0145
1661.00,0.0147
1660.00,0.0148
1659.00,0.0150
1658.00,0.0151
1657.00,0.0152
1656.00,0.0153
1655.00,0.0155
1654.00,0.0160
1653.00,0.0168
1652.00,0.0177
1651.00,0.0184
1650.00,0.0190
1649.00,0.0199
1648.00,0.0215
1647.00,0.0239
1646.00,0.0267
1645.00,0.0292
1644.00,0.0310
1643.00,0.0321
1642.00,0.0327
1641.00,0.0331
1640.00,0.0336
1639.00,0.0344
1638.00,0.0358
1637.00,0.0384
1636.00,0.0427
1635.00,0.0479
1634.00,0.0530
1633.00,0.0575
1632.00,0.0619
1631.00,0.0664
1630.00,0.0711
1629.00,0.0762
1628.00,0.0815
1627.00,0.0869
1626.00,0.0919
1625.00,0.0966
1624.00,0.1012
1623.00,0.1050
1622.00,0.1071
1621.00,0.1077
1620.00,0.1072
1619.00,0.1063
1618.00,0.1050
1617.00,0.1035
1616.00,0.1022
1615.00,0.1013
1614.00,0.1005
1613.00,0.0998
1612.00,0.0991
1611.00,0.0981
1610.00,0.0969
1609.00,0.0954
1608.00,0.0937
1607.00,0.0919
1606.00,0.0898
1605.00,0.0877
1604.00,0.0855
1603.00,0.0833
1602.00,0.0812
1601.00,0.0791
1600.00,0.0772
1599.00,0.0755
1598.00,0.0740
1597.00,0.0728
1596.00,0.0719
1595.00,0.0714
1594.00,0.0714
1593.00,0.0720
1592.00,0.0733
1591.00,0.0752
1590.00,0.0779
1589.00,0.0811
1588.00,0.0846
1587.00,0.0882
1586.00,0.0917
1585.00,0.0950
1584.00,0.0981
1583.00,0.1009
1582.00,0.1031
1581.00,0.1046
1580.00,0.1051
1579.00,0.1050
1578.00,0.1042
1577.00,0.1031
1576.00,0.1019
1575.00,0.1011
1574.00,0.1007
1573.00,0.1006
1572.00,0.1007
1571.00,0.1012
1570.00,0.1021
1569.00,0.1031
1568.00,0.1042
1567.00,0.1054
1566.00,0.1066
1565.00,0.1080
1564.00,0.1093
1563.00,0.1105
1562.00,0.1115
1561.00,0.1125
1560.00,0.1137
1559.00,0.1154
1558.00,0.1166
1557.00,0.1171
1556.00,0.1172
1555.00,0.1172
1554.00,0.1168
1553.00,0.1162
1552.00,0.1155
1551.00,0.1145
1550.00,0.1133
1549.00,0.1118
1548.00,0.1104
1547.00,0.1090
1546.00,0.1073
1545.00,0.1054
1544.00,0.1035
1543.00,0.1016
1542.00,0.0996
1541.00,0.0973
1540.00,0.0948
1539.00,0.0924
1538.00,0.0904
1537.00,0.0887
1536.00,0.0870
1535.00,0.0853
1534.00,0.0832
1533.00,0.0811
1532.00,0.0792
1531.00,0.0776
1530.00,0.0760
1529.00,0.0744
1528.00,0.0728
1527.00,0.0712
1526.00,0.0697
1525.00,0.0683
1524.00,0.0671
1523.00,0.0660
1522.00,0.0650
1521.00,0.0642
1520.00,0.0636
1519.00,0.0632
1518.00,0.0627
1517.00,0.0623
1516.00,0.0618
1515.00,0.0612
1514.00,0.0604
1513.00,0.0592
1512.00,0.0579
1511.00,0.0565
1510.00,0.0549
1509.00,0.0535
1508.00,0.0520
1507.00,0.0506
1506.00,0.0493
1505.00,0.0484
1504.00,0.0476
1503.00,0.0470
1502.00,0.0463
1501.00,0.0455
1500.00,0.0449
1499.00,0.0442
1498.00,0.0435
1497.00,0.0428
1496.00,0.0422
1495.00,0.0416
1494.00,0.0410
1493.00,0.0404
1492.00,0.0399
1491.00,0.0394
1490.00,0.0388
1489.00,0.0384
1488.00,0.0381
1487.00,0.0379
1486.00,0.0377
1485.00,0.0377
1484.00,0.0380
1483.00,0.0385
1482.00,0.0394
1481.00,0.0408
1480.00,0.0428
1479.00,0.0450
1478.00,0.0476
1477.00,0.0502
1476.00,0.0526
1475.00,0.0543
1474.00,0.0550
1473.00,0.0551
1472.00,0.0547
1471.00,0.0544
1470.00,0.0543
1469.00,0.0544
1468.00,0.0547
1467.00,0.0549
1466.00,0.0550
1465.00,0.0552
1464.00,0.0557
1463.00,0.0565
1462.00,0.0575
1461.00,0.0587
1460.00,0.0602
1459.00,0.0620
1458.00,0.0644
1457.00,0.0677
1456.00,0.0714
1455.00,0.0750
1454.00,0.0788
1453.00,0.0835
1452.00,0.0890
1451.00,0.0947
1450.00,0.1000
1449.00,0.1044
1448.00,0.1079
1447.00,0.1103
1446.00,0.1118
1445.00,0.1127
1444.00,0.1132
1443.00,0.1132
1442.00,0.1127
1441.00,0.1119
1440.00,0.1108
1439.00,0.1094
1438.00,0.1075
1437.00,0.1049
1436.00,0.1020
1435.00,0.0991
1434.00,0.0964
1433.00,0.0938
1432.00,0.0909
1431.00,0.0875
1430.00,0.0837
1429.00,0.0796
1428.00,0.0757
1427.00,0.0722
1426.00,0.0692
1425.00,0.0667
1424.00,0.0651
1423.00,0.0642
1422.00,0.0641
1421.00,0.0646
1420.00,0.0660
1419.00,0.0682
1418.00,0.0709
1417.00,0.0735
1416.00,0.0762
1415.00,0.0790
1414.00,0.0819
1413.00,0.0846
1412.00,0.0873
1411.00,0.0897
1410.00,0.0917
1409.00,0.0933
1408.00,0.0944
1407.00,0.0953
1406.00,0.0957
1405.00,0.0959
1404.00,0.0958
1403.00,0.0954
1402.00,0.0948
1401.00,0.0941
1400.00,0.0933
1399.00,0.0924
1398.00,0.0916
1397.00,0.0910
1396.00,0.0905
1395.00,0.0903
1394.00,0.0904
1393.00,0.0908
1392.00,0.0915
1391.00,0.0926
1390.00,0.0940
1389.00,0.0960
1388.00,0.0988
1387.00,0.1021
1386.00,0.1059
1385.00,0.1098
1384.00,0.1141
1383.00,0.1188
1382.00,0.1239
1381.00,0.1292
1380.00,0.1346
1379.00,0.1399
1378.00,0.1446
1377.00,0.1482
1376.00,0.1502
1375.00,0.1502
1374.00,0.1479
1373.00,0.1440
1372.00,0.1393
1371.00,0.1343
1370.00,0.1290
1369.00,0.1238
1368.00,0.1186
1367.00,0.1139
1366.00,0.1095
1365.00,0.1054
1364.00,0.1014
1363.00,0.0975
1362.00,0.0938
1361.00,0.0904
1360.00,0.0875
1359.00,0.0848
1358.00,0.0823
1357.00,0.0799
1356.00,0.0777
1355.00,0.0756
1354.00,0.0736
1353.00,0.0718
1352.00,0.0701
1351.00,0.0685
1350.00,0.0670
1349.00,0.0656
1348.00,0.0643
1347.00,0.0630
1346.00,0.0619
1345.00,0.0608
1344.00,0.0597
1343.00,0.0587
1342.00,0.0576
1341.00,0.0564
1340.00,0.0550
1339.00,0.0535
1338.00,0.0521
1337.00,0.0507
1336.00,0.0497
1335.00,0.0488
1334.00,0.0483
1333.00,0.0480
1332.00,0.0479
1331.00,0.0479
1330.00,0.0482
1329.00,0.0485
1328.00,0.0489
1327.00,0.0494
1326.00,0.0501
1325.00,0.0512
1324.00,0.0525
1323.00,0.0541
1322.00,0.0558
1321.00,0.0576
1320.00,0.0592
1319.00,0.0601
1318.00,0.0602
1317.00,0.0596
1316.00,0.0587
1315.00,0.0580
1314.00,0.0575
1313.00,0.0571
1312.00,0.0565
1311.00,0.0555
1310.00,0.0542
1309.00,0.0527
1308.00,0.0513
1307.00,0.0505
1306.00,0.0504
1305.00,0.0509
1304.00,0.0520
1303.00,0.0537
1302.00,0.0559
1301.00,0.0590
1300.00,0.0632
1299.00,0.0687
1298.00,0.0750
1297.00,0.0811
1296.00,0.0858
1295.00,0.0885
1294.00,0.0896
1293.00,0.0898
1292.00,0.0896
1291.00,0.0889
1290.00,0.0879
1289.00,0.0864
1288.00,0.0849
1287.00,0.0833
1286.00,0.0816
1285.00,0.0796
1284.00,0.0773
1283.00,0.0747
1282.00,0.0720
1281.00,0.0695
1280.00,0.0671
1279.00,0.0649
1278.00,0.0628
1277.00,0.0607
1276.00,0.0586
1275.00,0.0565
1274.00,0.0545
1273.00,0.0524
1272.00,0.0505
1271.00,0.0486
1270.00,0.0470
1269.00,0.0458
1268.00,0.0449
1267.00,0.0444
1266.00,0.0440
1265.00,0.0437
1264.00,0.0434
1263.00,0.0431
1262.00,0.0431
1261.00,0.0435
1260.00,0.0445
1259.00,0.0462
1258.00,0.0481
1257.00,0.0499
1256.00,0.0510
1255.00,0.0512
1254.00,0.0506
1253.00,0.0493
1252.00,0.0477
1251.00,0.0462
1250.00,0.0449
1249.00,0.0438
1248.00,0.0428
1247.00,0.0420
1246.00,0.0413
1245.00,0.0410
1244.00,0.0412
1243.00,0.0421
1242.00,0.0435
1241.00,0.0453
1240.00,0.0474
1239.00,0.0494
1238.00,0.0509
1237.00,0.0516
1236.00,0.0516
1235.00,0.0510
1234.00,0.0501
1233.00,0.0490
1232.00,0.0477
1231.00,0.0464
1230.00,0.0454
1229.00,0.0450
1228.00,0.0455
1227.00,0.0467
1226.00,0.0485
1225.00,0.0505
1224.00,0.0527
1223.00,0.0550
1222.00,0.0576
1221.00,0.0607
1220.00,0.0645
1219.00,0.0690
1218.00,0.0738
1217.00,0.0784
1216.00,0.0819
1215.00,0.0838
1214.00,0.0837
1213.00,0.0817
1212.00,0.0783
1211.00,0.0740
1210.00,0.0694
1209.00,0.0649
1208.00,0.0608
1207.00,0.0573
1206.00,0.0542
1205.00,0.0514
1204.00,0.0487
1203.00,0.0460
1202.00,0.0433
1201.00,0.0407
1200.00,0.0382
1199.00,0.0360
1198.00,0.0341
1197.00,0.0326
1196.00,0.0314
1195.00,0.0304
1194.00,0.0298
1193.00,0.0295
1192.00,0.0293
1191.00,0.0294
1190.00,0.0296
1189.00,0.0299
1188.00,0.0302
1187.00,0.0306
1186.00,0.0311
1185.00,0.0316
1184.00,0.0321
1183.00,0.0327
1182.00,0.0332
1181.00,0.0338
1180.00,0.0344
1179.00,0.0352
1178.00,0.0362
1177.00,0.0376
1176.00,0.0395
1175.00,0.0423
1174.00,0.0459
1173.00,0.0500
1172.00,0.0535
1171.00,0.0553
1170.00,0.0548
1169.00,0.0523
1168.00,0.0487
1167.00,0.0450
1166.00,0.0418
1165.00,0.0391
1164.00,0.0370
1163.00,0.0350
1162.00,0.0332
1161.00,0.0314
1160.00,0.0298
1159.00,0.0285
1158.00,0.0276
1157.00,0.0272
1156.00,0.0274
1155.00,0.0284
1154.00,0.0303
1153.00,0.0329
1152.00,0.0357
1151.00,0.0377
1150.00,0.0380
1149.00,0.0363
1148.00,0.0332
1147.00,0.0297
1146.00,0.0267
1145.00,0.0244
1144.00,0.0228
1143.00,0.0217
1142.00,0.0210
1141.00,0.0206
1140.00,0.0203
1139.00,0.0202
1138.00,0.0204
1137.00,0.0205
1136.00,0.0206
1135.00,0.0206
1134.00,0.0205
1133.00,0.0202
1132.00,0.0198
1131.00,0.0192
1130.00,0.0187
1129.00,0.0182
1128.00,0.0178
1127.00,0.0175
1126.00,0.0172
1125.00,0.0169
1124.00,0.0167
1123.00,0.0165
1122.00,0.0164
1121.00,0.0163
1120.00,0.0162
1119.00,0.0162
1118.00,0.0163
1117.00,0.0163
1116.00,0.0164
1115.00,0.0164
1114.00,0.0165
1113.00,0.0166
1112.00,0.0167
1111.00,0.0168
1110.00,0.0170
1109.00,0.0173
1108.00,0.0176
1107.00,0.0180
1106.00,0.0186
1105.00,0.0191
1104.00,0.0198
1103.00,0.0205
1102.00,0.0214
1101.00,0.0223
1100.00,0.0232
1099.00,0.0239
1098.00,0.0244
1097.00,0.0245
1096.00,0.0244
1095.00,0.0244
1094.00,0.0248
1093.00,0.0257
1092.00,0.0271
1091.00,0.0291
1090.00,0.0315
1089.00,0.0342
1088.00,0.0369
1087.00,0.0393
1086.00,0.0410
1085.00,0.0418
1084.00,0.0413
1083.00,0.0399
1082.00,0.0381
1081.00,0.0361
1080.00,0.0341
1079.00,0.0320
1078.00,0.0299
1077.00,0.0278
1076.00,0.0259
1075.00,0.0242
1074.00,0.0229
1073.00,0.0218
1072.00,0.0210
1071.00,0.0204
1070.00,0.0200
1069.00,0.0197
1068.00,0.0195
1067.00,0.0195
1066.00,0.0197
1065.00,0.0200
1064.00,0.0205
1063.00,0.0213
1062.00,0.0225
1061.00,0.0239
1060.00,0.0257
1059.00,0.0278
1058.00,0.0304
1057.00,0.0334
1056.00,0.0368
1055.00,0.0405
1054.00,0.0440
1053.00,0.0468
1052.00,0.0485
1051.00,0.0492
1050.00,0.0490
1049.00,0.0478
1048.00,0.0458
1047.00,0.0436
1046.00,0.0417
1045.00,0.0406
1044.00,0.0405
1043.00,0.0415
1042.00,0.0436
1041.00,0.0464
1040.00,0.0498
1039.00,0.0538
1038.00,0.0584
1037.00,0.0635
1036.00,0.0688
1035.00,0.0738
1034.00,0.0777
1033.00,0.0796
1032.00,0.0789
1031.00,0.0756
1030.00,0.0706
1029.00,0.0648
1028.00,0.0592
1027.00,0.0544
1026.00,0.0509
1025.00,0.0487
1024.00,0.0481
1023.00,0.0488
1022.00,0.0507
1021.00,0.0529
1020.00,0.0547
1019.00,0.0552
1018.00,0.0541
1017.00,0.0515
1016.00,0.0482
1015.00,0.0447
1014.00,0.0414
1013.00,0.0385
1012.00,0.0361
1011.00,0.0344
1010.00,0.0334
1009.00,0.0329
1008.00,0.0329
1007.00,0.0333
1006.00,0.0342
1005.00,0.0354
1004.00,0.0367
1003.00,0.0377
1002.00,0.0382
1001.00,0.0381
1000.00,0.0372
999.00,0.0357
998.00,0.0339
997.00,0.0322
996.00,0.0307
995.00,0.0296
994.00,0.0292
993.00,0.0293
992.00,0.0298
991.00,0.0308
990.00,0.0323
989.00,0.0341
988.00,0.0362
987.00,0.0384
986.00,0.0403
985.00,0.0417
984.00,0.0422
983.00,0.0418
982.00,0.0407
981.00,0.0392
980.00,0.0375
979.00,0.0358
978.00,0.0341
977.00,0.0323
976.00,0.0303
975.00,0.0283
974.00,0.0265
973.00,0.0250
972.00,0.0238
971.00,0.0232
970.00,0.0229
969.00,0.0229
968.00,0.0231
967.00,0.0235
966.00,0.0240
965.00,0.0248
964.00,0.0257
963.00,0.0268
962.00,0.0278
961.00,0.0283
960.00,0.0282
959.00,0.0277
958.00,0.0269
957.00,0.0264
956.00,0.0262
955.00,0.0268
954.00,0.0281
953.00,0.0300
952.00,0.0321
951.00,0.0342
950.00,0.0363
949.00,0.0379
948.00,0.0389
947.00,0.0388
946.00,0.0376
945.00,0.0353
944.00,0.0323
943.00,0.0294
942.00,0.0269
941.00,0.0248
940.00,0.0232
939.00,0.0220
938.00,0.0212
937.00,0.0205
936.00,0.0202
935.00,0.0200
934.00,0.0202
933.00,0.0205
932.00,0.0210
931.00,0.0215
930.00,0.0221
929.00,0.0227
928.00,0.0232
927.00,0.0236
926.00,0.0242
925.00,0.0249
924.00,0.0259
923.00,0.0273
922.00,0.0289
921.00,0.0307
920.00,0.0325
919.00,0.0342
918.00,0.0358
917.00,0.0376
916.00,0.0397
915.00,0.0418
914.00,0.0432
913.00,0.0429
912.00,0.0407
911.00,0.0376
910.00,0.0346
909.00,0.0325
908.00,0.0316
907.00,0.0320
906.00,0.0336
905.00,0.0358
904.00,0.0385
903.00,0.0412
902.00,0.0438
901.00,0.0462
900.00,0.0487
899.00,0.0514
898.00,0.0540
897.00,0.0555
896.00,0.0553
895.00,0.0531
894.00,0.0497
893.00,0.0460
892.00,0.0426
891.00,0.0401
890.00,0.0389
889.00,0.0392
888.00,0.0411
887.00,0.0449
886.00,0.0501
885.00,0.0558
884.00,0.0602
883.00,0.0617
882.00,0.0598
881.00,0.0551
880.00,0.0492
879.00,0.0436
878.00,0.0391
877.00,0.0358
876.00,0.0336
875.00,0.0323
874.00,0.0319
873.00,0.0322
872.00,0.0330
871.00,0.0343
870.00,0.0357
869.00,0.0369
868.00,0.0380
867.00,0.0392
866.00,0.0412
865.00,0.0439
864.00,0.0471
863.00,0.0500
862.00,0.0520
861.00,0.0529
860.00,0.0530
859.00,0.0530
858.00,0.0538
857.00,0.0555
856.00,0.0583
855.00,0.0619
854.00,0.0660
853.00,0.0703
852.00,0.0742
851.00,0.0775
850.00,0.0795
849.00,0.0800
848.00,0.0791
847.00,0.0772
846.00,0.0749
845.00,0.0727
844.00,0.0704
843.00,0.0683
842.00,0.0662
841.00,0.0639
840.00,0.0617
839.00,0.0598
838.00,0.0583
837.00,0.0573
836.00,0.0567
835.00,0.0565
834.00,0.0568
833.00,0.0574
832.00,0.0580
831.00,0.0586
830.00,0.0591
829.00,0.0594
828.00,0.0591
827.00,0.0582
826.00,0.0566
825.00,0.0544
824.00,0.0516
823.00,0.0487
822.00,0.0459
821.00,0.0431
820.00,0.0404
819.00,0.0380
818.00,0.0360
817.00,0.0344
816.00,0.0331
815.00,0.0321
814.00,0.0314
813.00,0.0308
812.00,0.0304
811.00,0.0304
810.00,0.0309
809.00,0.0321
808.00,0.0342
807.00,0.0374
806.00,0.0412
805.00,0.0449
804.00,0.0476
803.00,0.0492
802.00,0.0501
801.00,0.0511
800.00,0.0525
799.00,0.0543
798.00,0.0563
797.00,0.0579
796.00,0.0589
795.00,0.0593
794.00,0.0594
793.00,0.0593
792.00,0.0592
791.00,0.0594
790.00,0.0599
789.00,0.0606
788.00,0.0610
787.00,0.0610
786.00,0.0602
785.00,0.0582
784.00,0.0552
783.00,0.0516
782.00,0.0478
781.00,0.0443
780.00,0.0412
779.00,0.0385
778.00,0.0363
777.00,0.0344
776.00,0.0326
775.00,0.0311
774.00,0.0299
773.00,0.0289
772.00,0.0281
771.00,0.0274
770.00,0.0268
769.00,0.0260
768.00,0.0252
767.00,0.0242
766.00,0.0233
765.00,0.0225
764.00,0.0217
763.00,0.0211
762.00,0.0206
761.00,0.0202
760.00,0.0198
759.00,0.0195
758.00,0.0194
757.00,0.0194
756.00,0.0195
755.00,0.0199
754.00,0.0204
753.00,0.0210
752.00,0.0214
751.00,0.0217
750.00,0.0219
749.00,0.0220
748.00,0.0217
747.00,0.0212
746.00,0.0204
745.00,0.0195
744.00,0.0187
743.00,0.0180
742.00,0.0175
741.00,0.0171
740.00,0.0168
739.00,0.0166
738.00,0.0166
737.00,0.0168
736.00,0.0169
735.00,0.0173
734.00,0.0179
733.00,0.0186
732.00,0.0193
731.00,0.0197
730.00,0.0198
729.00,0.0194
728.00,0.0188
727.00,0.0183
726.00,0.0180
725.00,0.0179
724.00,0.0177
723.00,0.0177
722.00,0.0177
721.00,0.0178
720.00,0.0178
719.00,0.0179
718.00,0.0181
717.00,0.0181
716.00,0.0181
715.00,0.0181
714.00,0.0184
713.00,0.0188
712.00,0.0193
711.00,0.0199
710.00,0.0207
709.00,0.0214
708.00,0.0220
707.00,0.0227
706.00,0.0236
705.00,0.0245
704.00,0.0255
703.00,0.0267
702.00,0.0279
701.00,0.0291
700.00,0.0302
699.00,0.0311
698.00,0.0320
697.00,0.0327
696.00,0.0331
695.00,0.0334
694.00,0.0336
693.00,0.0336
692.00,0.0335
691.00,0.0332
690.00,0.0330
689.00,0.0328
688.00,0.0325
687.00,0.0323
686.00,0.0322
685.00,0.0322
684.00,0.0322
683.00,0.0323
682.00,0.0325
681.00,0.0327
680.00,0.0330
679.00,0.0334
678.00,0.0340
677.00,0.0346
676.00,0.0353
675.00,0.0362
674.00,0.0372
673.00,0.0383
672.00,0.0392
671.00,0.0401
670.00,0.0408
669.00,0.0416
668.00,0.0424
667.00,0.0432
666.00,0.0438
665.00,0.0442
664.00,0.0443
663.00,0.0445
662.00,0.0446
661.00,0.0447
660.00,0.0449
659.00,0.0452
658.00,0.0459
657.00,0.0468
656.00,0.0479
655.00,0.0494
654.00,0.0514
653.00,0.0538
652.00,0.0568
651.00,0.0603
650.00,0.0643
649.00,0.0684
648.00,0.0724
647.00,0.0762
646.00,0.0795
645.00,0.0823
644.00,0.0842
643.00,0.0855
642.00,0.0859
641.00,0.0855
640.00,0.0842
639.00,0.0823
638.00,0.0798
637.00,0.0769
636.00,0.0735
635.00,0.0700
634.00,0.0665
633.00,0.0631
632.00,0.0598
631.00,0.0568
630.00,0.0540
629.00,0.0513
628.00,0.0488
627.00,0.0464
626.00,0.0443
625.00,0.0424
624.00,0.0404
623.00,0.0386
622.00,0.0368
621.00,0.0349
620.00,0.0329
619.00,0.0310
618.00,0.0293
617.00,0.0278
616.00,0.0267
615.00,0.0262
614.00,0.0265
613.00,0.0270
612.00,0.0275
611.00,0.0275
610.00,0.0272
609.00,0.0265
608.00,0.0257
607.00,0.0251
606.00,0.0247
605.00,0.0245
604.00,0.0244
603.00,0.0244
602.00,0.0247
601.00,0.0250
600.00,0.0253
599.00,0.0256
598.00,0.0257
597.00,0.0255
596.00,0.0252
595.00,0.0249
594.00,0.0251
593.00,0.0255
592.00,0.0261
591.00,0.0270
590.00,0.0281
589.00,0.0292
588.00,0.0301
587.00,0.0307
586.00,0.0310
585.00,0.0309
584.00,0.0303
583.00,0.0297
582.00,0.0292
581.00,0.0288
580.00,0.0283
579.00,0.0282
578.00,0.0284
577.00,0.0286
576.00,0.0287
575.00,0.0288
574.00,0.0291
573.00,0.0294
572.00,0.0295
571.00,0.0295
570.00,0.0293
569.00,0.0290
568.00,0.0285
567.00,0.0280
566.00,0.0278
565.00,0.0276
564.00,0.0272
563.00,0.0268
562.00,0.0266
561.00,0.0263
560.00,0.0260
559.00,0.0258
558.00,0.0258
557.00,0.0259
556.00,0.0257
555.00,0.0256
554.00,0.0257
553.00,0.0260
552.00,0.0263
551.00,0.0268
550.00,0.0275
549.00,0.0281
548.00,0.0283
547.00,0.0287
546.00,0.0294
545.00,0.0300
544.00,0.0303
543.00,0.0305
542.00,0.0309
541.00,0.0314
540.00,0.0321
539.00,0.0333
538.00,0.0349
537.00,0.0364
536.00,0.0374
535.00,0.0377
534.00,0.0376
533.00,0.0370
532.00,0.0361
531.00,0.0354
530.00,0.0351
529.00,0.0351
528.00,0.0354
527.00,0.0364
526.00,0.0382
525.00,0.0403
524.00,0.0423
523.00,0.0438
522.00,0.0448
521.00,0.0445
520.00,0.0427
519.00,0.0400
518.00,0.0373
517.00,0.0351
516.00,0.0333
515.00,0.0321
514.00,0.0317
513.00,0.0316
512.00,0.0316
511.00,0.0318
510.00,0.0325
509.00,0.0333
508.00,0.0342
507.00,0.0353
506.00,0.0368
505.00,0.0383
504.00,0.0397
503.00,0.0412
502.00,0.0430
501.00,0.0447
500.00,0.0458
499.00,0.0468
498.00,0.0479
497.00,0.0489
496.00,0.0494
495.00,0.0498
494.00,0.0502
493.00,0.0503
492.00,0.0499
491.00,0.0495
490.00,0.0493
489.00,0.0491
488.00,0.0488
487.00,0.0486
486.00,0.0488
485.00,0.0490
484.00,0.0489
483.00,0.0487
482.00,0.0485
481.00,0.0482
480.00,0.0474
479.00,0.0468
478.00,0.0468
477.00,0.0470
476.00,0.0473
475.00,0.0479
474.00,0.0492
473.00,0.0507
472.00,0.0522
471.00,0.0541
470.00,0.0567
469.00,0.0593
468.00,0.0618
467.00,0.0644
466.00,0.0675
465.00,0.0708
464.00,0.0740
463.00,0.0778
462.00,0.0827
461.00,0.0880
460.00,0.0934
459.00,0.0999
458.00,0.1082
457.00,0.1174
456.00,0.1260
455.00,0.1333
454.00,0.1397
453.00,0.1445
452.00,0.1471
451.00,0.1478
450.00,0.1475
449.00,0.1459
448.00,0.1423
447.00,0.1364
446.00,0.1285
445.00,0.1191
444.00,0.1087
443.00,0.0986
442.00,0.0898
441.00,0.0824
440.00,0.0762
439.00,0.0714
438.00,0.0680
437.00,0.0652
436.00,0.0621
435.00,0.0594
434.00,0.0576
433.00,0.0563
432.00,0.0550
431.00,0.0544
430.00,0.0549
429.00,0.0557
428.00,0.0561
427.00,0.0567
426.00,0.0580
425.00,0.0591
424.00,0.0593
423.00,0.0592
422.00,0.0596
421.00,0.0598
420.00,0.0590
419.00,0.0581
418.00,0.0581
417.00,0.0582
416.00,0.0577
415.00,0.0574
414.00,0.0580
413.00,0.0588
412.00,0.0595
411.00,0.0609
410.00,0.0634
409.00,0.0655
408.00,0.0666
407.00,0.0680
406.00,0.0707
405.00,0.0731
404.00,0.0739
403.00,0.0744
402.00,0.0763
401.00,0.0786
400.00,0.0803
