Created as New Dataset,Sample 795 By YargerLab Date Monday, March 23 2026
cm-1,A
4000.00,0.0058
3999.00,0.0058
3998.00,0.0058
3997.00,0.0058
3996.00,0.0058
3995.00,0.0058
3994.00,0.0058
3993.00,0.0058
3992.00,0.0058
3991.00,0.0058
3990.00,0.0058
3989.00,0.0058
3988.00,0.0058
3987.00,0.0058
3986.00,0.0058
3985.00,0.0058
3984.00,0.0058
3983.00,0.0057
3982.00,0.0057
3981.00,0.0057
3980.00,0.0058
3979.00,0.0058
3978.00,0.0058
3977.00,0.0058
3976.00,0.0058
3975.00,0.0058
3974.00,0.0058
3973.00,0.0058
3972.00,0.0058
3971.00,0.0058
3970.00,0.0058
3969.00,0.0058
3968.00,0.0058
3967.00,0.0058
3966.00,0.0058
3965.00,0.0058
3964.00,0.0058
3963.00,0.0059
3962.00,0.0059
3961.00,0.0059
3960.00,0.0059
3959.00,0.0059
3958.00,0.0059
3957.00,0.0059
3956.00,0.0059
3955.00,0.0059
3954.00,0.0059
3953.00,0.0059
3952.00,0.0059
3951.00,0.0059
3950.00,0.0059
3949.00,0.0059
3948.00,0.0059
3947.00,0.0059
3946.00,0.0058
3945.00,0.0058
3944.00,0.0058
3943.00,0.0058
3942.00,0.0058
3941.00,0.0058
3940.00,0.0058
3939.00,0.0059
3938.00,0.0059
3937.00,0.0059
3936.00,0.0058
3935.00,0.0058
3934.00,0.0058
3933.00,0.0058
3932.00,0.0058
3931.00,0.0058
3930.00,0.0058
3929.00,0.0058
3928.00,0.0058
3927.00,0.0058
3926.00,0.0058
3925.00,0.0058
3924.00,0.0058
3923.00,0.0058
3922.00,0.0058
3921.00,0.0058
3920.00,0.0058
3919.00,0.0058
3918.00,0.0058
3917.00,0.0058
3916.00,0.0058
3915.00,0.0058
3914.00,0.0058
3913.00,0.0058
3912.00,0.0058
3911.00,0.0058
3910.00,0.0058
3909.00,0.0058
3908.00,0.0058
3907.00,0.0058
3906.00,0.0058
3905.00,0.0058
3904.00,0.0057
3903.00,0.0057
3902.00,0.0057
3901.00,0.0057
3900.00,0.0057
3899.00,0.0057
3898.00,0.0057
3897.00,0.0057
3896.00,0.0057
3895.00,0.0057
3894.00,0.0057
3893.00,0.0057
3892.00,0.0057
3891.00,0.0057
3890.00,0.0057
3889.00,0.0057
3888.00,0.0057
3887.00,0.0057
3886.00,0.0057
3885.00,0.0057
3884.00,0.0057
3883.00,0.0057
3882.00,0.0056
3881.00,0.0056
3880.00,0.0056
3879.00,0.0056
3878.00,0.0056
3877.00,0.0056
3876.00,0.0056
3875.00,0.0057
3874.00,0.0057
3873.00,0.0057
3872.00,0.0057
3871.00,0.0057
3870.00,0.0057
3869.00,0.0057
3868.00,0.0057
3867.00,0.0056
3866.00,0.0056
3865.00,0.0056
3864.00,0.0056
3863.00,0.0056
3862.00,0.0056
3861.00,0.0056
3860.00,0.0056
3859.00,0.0056
3858.00,0.0056
3857.00,0.0056
3856.00,0.0056
3855.00,0.0056
3854.00,0.0056
3853.00,0.0056
3852.00,0.0056
3851.00,0.0055
3850.00,0.0055
3849.00,0.0055
3848.00,0.0055
3847.00,0.0055
3846.00,0.0056
3845.00,0.0056
3844.00,0.0055
3843.00,0.0055
3842.00,0.0055
3841.00,0.0055
3840.00,0.0055
3839.00,0.0056
3838.00,0.0056
3837.00,0.0056
3836.00,0.0055
3835.00,0.0055
3834.00,0.0055
3833.00,0.0055
3832.00,0.0055
3831.00,0.0055
3830.00,0.0055
3829.00,0.0055
3828.00,0.0055
3827.00,0.0055
3826.00,0.0055
3825.00,0.0055
3824.00,0.0055
3823.00,0.0055
3822.00,0.0055
3821.00,0.0055
3820.00,0.0055
3819.00,0.0055
3818.00,0.0055
3817.00,0.0055
3816.00,0.0055
3815.00,0.0055
3814.00,0.0055
3813.00,0.0055
3812.00,0.0055
3811.00,0.0055
3810.00,0.0055
3809.00,0.0054
3808.00,0.0054
3807.00,0.0054
3806.00,0.0054
3805.00,0.0054
3804.00,0.0054
3803.00,0.0054
3802.00,0.0054
3801.00,0.0054
3800.00,0.0054
3799.00,0.0054
3798.00,0.0054
3797.00,0.0054
3796.00,0.0054
3795.00,0.0054
3794.00,0.0054
3793.00,0.0054
3792.00,0.0054
3791.00,0.0054
3790.00,0.0054
3789.00,0.0054
3788.00,0.0054
3787.00,0.0054
3786.00,0.0054
3785.00,0.0054
3784.00,0.0054
3783.00,0.0054
3782.00,0.0054
3781.00,0.0055
3780.00,0.0055
3779.00,0.0055
3778.00,0.0055
3777.00,0.0054
3776.00,0.0054
3775.00,0.0054
3774.00,0.0054
3773.00,0.0054
3772.00,0.0054
3771.00,0.0054
3770.00,0.0054
3769.00,0.0054
3768.00,0.0054
3767.00,0.0054
3766.00,0.0054
3765.00,0.0054
3764.00,0.0054
3763.00,0.0054
3762.00,0.0054
3761.00,0.0054
3760.00,0.0054
3759.00,0.0054
3758.00,0.0054
3757.00,0.0054
3756.00,0.0054
3755.00,0.0054
3754.00,0.0053
3753.00,0.0053
3752.00,0.0053
3751.00,0.0053
3750.00,0.0053
3749.00,0.0053
3748.00,0.0053
3747.00,0.0053
3746.00,0.0053
3745.00,0.0053
3744.00,0.0053
3743.00,0.0053
3742.00,0.0053
3741.00,0.0053
3740.00,0.0052
3739.00,0.0052
3738.00,0.0052
3737.00,0.0052
3736.00,0.0051
3735.00,0.0051
3734.00,0.0051
3733.00,0.0051
3732.00,0.0051
3731.00,0.0051
3730.00,0.0051
3729.00,0.0051
3728.00,0.0052
3727.00,0.0052
3726.00,0.0052
3725.00,0.0052
3724.00,0.0051
3723.00,0.0051
3722.00,0.0051
3721.00,0.0051
3720.00,0.0051
3719.00,0.0051
3718.00,0.0051
3717.00,0.0051
3716.00,0.0052
3715.00,0.0052
3714.00,0.0052
3713.00,0.0051
3712.00,0.0051
3711.00,0.0051
3710.00,0.0051
3709.00,0.0051
3708.00,0.0051
3707.00,0.0051
3706.00,0.0051
3705.00,0.0051
3704.00,0.0051
3703.00,0.0051
3702.00,0.0051
3701.00,0.0051
3700.00,0.0050
3699.00,0.0050
3698.00,0.0050
3697.00,0.0050
3696.00,0.0051
3695.00,0.0051
3694.00,0.0051
3693.00,0.0051
3692.00,0.0051
3691.00,0.0051
3690.00,0.0051
3689.00,0.0050
3688.00,0.0050
3687.00,0.0050
3686.00,0.0050
3685.00,0.0050
3684.00,0.0050
3683.00,0.0050
3682.00,0.0050
3681.00,0.0050
3680.00,0.0050
3679.00,0.0050
3678.00,0.0050
3677.00,0.0049
3676.00,0.0049
3675.00,0.0048
3674.00,0.0048
3673.00,0.0048
3672.00,0.0048
3671.00,0.0048
3670.00,0.0048
3669.00,0.0048
3668.00,0.0048
3667.00,0.0048
3666.00,0.0048
3665.00,0.0048
3664.00,0.0048
3663.00,0.0048
3662.00,0.0048
3661.00,0.0048
3660.00,0.0048
3659.00,0.0047
3658.00,0.0047
3657.00,0.0047
3656.00,0.0047
3655.00,0.0047
3654.00,0.0047
3653.00,0.0047
3652.00,0.0047
3651.00,0.0047
3650.00,0.0047
3649.00,0.0047
3648.00,0.0047
3647.00,0.0047
3646.00,0.0047
3645.00,0.0048
3644.00,0.0048
3643.00,0.0048
3642.00,0.0048
3641.00,0.0048
3640.00,0.0048
3639.00,0.0048
3638.00,0.0048
3637.00,0.0048
3636.00,0.0048
3635.00,0.0048
3634.00,0.0049
3633.00,0.0049
3632.00,0.0049
3631.00,0.0049
3630.00,0.0049
3629.00,0.0049
3628.00,0.0050
3627.00,0.0050
3626.00,0.0050
3625.00,0.0050
3624.00,0.0051
3623.00,0.0051
3622.00,0.0051
3621.00,0.0051
3620.00,0.0051
3619.00,0.0051
3618.00,0.0051
3617.00,0.0052
3616.00,0.0052
3615.00,0.0053
3614.00,0.0053
3613.00,0.0053
3612.00,0.0053
3611.00,0.0053
3610.00,0.0052
3609.00,0.0052
3608.00,0.0052
3607.00,0.0052
3606.00,0.0052
3605.00,0.0053
3604.00,0.0053
3603.00,0.0053
3602.00,0.0053
3601.00,0.0053
3600.00,0.0053
3599.00,0.0053
3598.00,0.0053
3597.00,0.0053
3596.00,0.0053
3595.00,0.0053
3594.00,0.0053
3593.00,0.0054
3592.00,0.0054
3591.00,0.0054
3590.00,0.0054
3589.00,0.0054
3588.00,0.0054
3587.00,0.0055
3586.00,0.0055
3585.00,0.0055
3584.00,0.0056
3583.00,0.0056
3582.00,0.0056
3581.00,0.0057
3580.00,0.0057
3579.00,0.0058
3578.00,0.0058
3577.00,0.0058
3576.00,0.0059
3575.00,0.0059
3574.00,0.0059
3573.00,0.0059
3572.00,0.0060
3571.00,0.0060
3570.00,0.0060
3569.00,0.0061
3568.00,0.0061
3567.00,0.0062
3566.00,0.0063
3565.00,0.0063
3564.00,0.0064
3563.00,0.0065
3562.00,0.0065
3561.00,0.0066
3560.00,0.0067
3559.00,0.0068
3558.00,0.0069
3557.00,0.0069
3556.00,0.0070
3555.00,0.0071
3554.00,0.0072
3553.00,0.0073
3552.00,0.0075
3551.00,0.0076
3550.00,0.0077
3549.00,0.0079
3548.00,0.0081
3547.00,0.0083
3546.00,0.0085
3545.00,0.0087
3544.00,0.0089
3543.00,0.0092
3542.00,0.0095
3541.00,0.0098
3540.00,0.0102
3539.00,0.0105
3538.00,0.0110
3537.00,0.0115
3536.00,0.0120
3535.00,0.0127
3534.00,0.0134
3533.00,0.0143
3532.00,0.0153
3531.00,0.0164
3530.00,0.0178
3529.00,0.0193
3528.00,0.0211
3527.00,0.0229
3526.00,0.0247
3525.00,0.0264
3524.00,0.0280
3523.00,0.0293
3522.00,0.0302
3521.00,0.0308
3520.00,0.0309
3519.00,0.0307
3518.00,0.0302
3517.00,0.0294
3516.00,0.0284
3515.00,0.0273
3514.00,0.0261
3513.00,0.0249
3512.00,0.0238
3511.00,0.0227
3510.00,0.0217
3509.00,0.0209
3508.00,0.0202
3507.00,0.0196
3506.00,0.0192
3505.00,0.0188
3504.00,0.0185
3503.00,0.0183
3502.00,0.0182
3501.00,0.0181
3500.00,0.0181
3499.00,0.0181
3498.00,0.0182
3497.00,0.0182
3496.00,0.0184
3495.00,0.0185
3494.00,0.0186
3493.00,0.0188
3492.00,0.0190
3491.00,0.0193
3490.00,0.0195
3489.00,0.0198
3488.00,0.0201
3487.00,0.0204
3486.00,0.0207
3485.00,0.0211
3484.00,0.0214
3483.00,0.0218
3482.00,0.0222
3481.00,0.0227
3480.00,0.0231
3479.00,0.0236
3478.00,0.0240
3477.00,0.0245
3476.00,0.0250
3475.00,0.0255
3474.00,0.0261
3473.00,0.0268
3472.00,0.0275
3471.00,0.0282
3470.00,0.0290
3469.00,0.0298
3468.00,0.0307
3467.00,0.0317
3466.00,0.0327
3465.00,0.0338
3464.00,0.0351
3463.00,0.0365
3462.00,0.0380
3461.00,0.0396
3460.00,0.0413
3459.00,0.0432
3458.00,0.0452
3457.00,0.0473
3456.00,0.0495
3455.00,0.0516
3454.00,0.0537
3453.00,0.0556
3452.00,0.0572
3451.00,0.0584
3450.00,0.0592
3449.00,0.0596
3448.00,0.0596
3447.00,0.0591
3446.00,0.0584
3445.00,0.0574
3444.00,0.0563
3443.00,0.0551
3442.00,0.0538
3441.00,0.0526
3440.00,0.0515
3439.00,0.0504
3438.00,0.0494
3437.00,0.0486
3436.00,0.0478
3435.00,0.0471
3434.00,0.0465
3433.00,0.0460
3432.00,0.0457
3431.00,0.0454
3430.00,0.0451
3429.00,0.0450
3428.00,0.0449
3427.00,0.0448
3426.00,0.0448
3425.00,0.0448
3424.00,0.0450
3423.00,0.0451
3422.00,0.0454
3421.00,0.0457
3420.00,0.0460
3419.00,0.0463
3418.00,0.0467
3417.00,0.0471
3416.00,0.0475
3415.00,0.0479
3414.00,0.0483
3413.00,0.0487
3412.00,0.0489
3411.00,0.0491
3410.00,0.0492
3409.00,0.0491
3408.00,0.0488
3407.00,0.0485
3406.00,0.0479
3405.00,0.0473
3404.00,0.0465
3403.00,0.0456
3402.00,0.0446
3401.00,0.0435
3400.00,0.0423
3399.00,0.0411
3398.00,0.0398
3397.00,0.0385
3396.00,0.0373
3395.00,0.0361
3394.00,0.0350
3393.00,0.0340
3392.00,0.0330
3391.00,0.0320
3390.00,0.0312
3389.00,0.0303
3388.00,0.0296
3387.00,0.0289
3386.00,0.0282
3385.00,0.0276
3384.00,0.0271
3383.00,0.0265
3382.00,0.0260
3381.00,0.0256
3380.00,0.0251
3379.00,0.0247
3378.00,0.0243
3377.00,0.0239
3376.00,0.0236
3375.00,0.0232
3374.00,0.0229
3373.00,0.0226
3372.00,0.0223
3371.00,0.0221
3370.00,0.0218
3369.00,0.0215
3368.00,0.0213
3367.00,0.0210
3366.00,0.0207
3365.00,0.0205
3364.00,0.0203
3363.00,0.0201
3362.00,0.0199
3361.00,0.0197
3360.00,0.0195
3359.00,0.0193
3358.00,0.0191
3357.00,0.0190
3356.00,0.0188
3355.00,0.0186
3354.00,0.0185
3353.00,0.0184
3352.00,0.0183
3351.00,0.0181
3350.00,0.0180
3349.00,0.0178
3348.00,0.0177
3347.00,0.0176
3346.00,0.0175
3345.00,0.0174
3344.00,0.0173
3343.00,0.0172
3342.00,0.0171
3341.00,0.0171
3340.00,0.0170
3339.00,0.0169
3338.00,0.0168
3337.00,0.0168
3336.00,0.0167
3335.00,0.0166
3334.00,0.0165
3333.00,0.0165
3332.00,0.0164
3331.00,0.0164
3330.00,0.0164
3329.00,0.0163
3328.00,0.0163
3327.00,0.0162
3326.00,0.0161
3325.00,0.0161
3324.00,0.0161
3323.00,0.0160
3322.00,0.0160
3321.00,0.0160
3320.00,0.0160
3319.00,0.0159
3318.00,0.0159
3317.00,0.0159
3316.00,0.0159
3315.00,0.0159
3314.00,0.0159
3313.00,0.0159
3312.00,0.0159
3311.00,0.0159
3310.00,0.0159
3309.00,0.0159
3308.00,0.0159
3307.00,0.0159
3306.00,0.0158
3305.00,0.0158
3304.00,0.0158
3303.00,0.0158
3302.00,0.0158
3301.00,0.0158
3300.00,0.0158
3299.00,0.0159
3298.00,0.0159
3297.00,0.0159
3296.00,0.0159
3295.00,0.0159
3294.00,0.0159
3293.00,0.0159
3292.00,0.0160
3291.00,0.0160
3290.00,0.0161
3289.00,0.0161
3288.00,0.0162
3287.00,0.0162
3286.00,0.0162
3285.00,0.0163
3284.00,0.0163
3283.00,0.0164
3282.00,0.0164
3281.00,0.0164
3280.00,0.0165
3279.00,0.0165
3278.00,0.0165
3277.00,0.0165
3276.00,0.0165
3275.00,0.0165
3274.00,0.0165
3273.00,0.0166
3272.00,0.0166
3271.00,0.0167
3270.00,0.0168
3269.00,0.0169
3268.00,0.0170
3267.00,0.0171
3266.00,0.0172
3265.00,0.0173
3264.00,0.0173
3263.00,0.0174
3262.00,0.0175
3261.00,0.0175
3260.00,0.0175
3259.00,0.0175
3258.00,0.0175
3257.00,0.0176
3256.00,0.0176
3255.00,0.0177
3254.00,0.0178
3253.00,0.0179
3252.00,0.0179
3251.00,0.0179
3250.00,0.0180
3249.00,0.0180
3248.00,0.0180
3247.00,0.0180
3246.00,0.0181
3245.00,0.0182
3244.00,0.0183
3243.00,0.0183
3242.00,0.0184
3241.00,0.0185
3240.00,0.0185
3239.00,0.0185
3238.00,0.0186
3237.00,0.0186
3236.00,0.0186
3235.00,0.0186
3234.00,0.0187
3233.00,0.0187
3232.00,0.0188
3231.00,0.0189
3230.00,0.0189
3229.00,0.0190
3228.00,0.0191
3227.00,0.0191
3226.00,0.0192
3225.00,0.0192
3224.00,0.0193
3223.00,0.0193
3222.00,0.0193
3221.00,0.0194
3220.00,0.0194
3219.00,0.0195
3218.00,0.0195
3217.00,0.0196
3216.00,0.0197
3215.00,0.0198
3214.00,0.0198
3213.00,0.0199
3212.00,0.0199
3211.00,0.0200
3210.00,0.0201
3209.00,0.0202
3208.00,0.0203
3207.00,0.0203
3206.00,0.0204
3205.00,0.0205
3204.00,0.0205
3203.00,0.0206
3202.00,0.0207
3201.00,0.0207
3200.00,0.0208
3199.00,0.0208
3198.00,0.0208
3197.00,0.0208
3196.00,0.0209
3195.00,0.0209
3194.00,0.0209
3193.00,0.0210
3192.00,0.0210
3191.00,0.0211
3190.00,0.0211
3189.00,0.0212
3188.00,0.0212
3187.00,0.0213
3186.00,0.0213
3185.00,0.0214
3184.00,0.0214
3183.00,0.0214
3182.00,0.0215
3181.00,0.0215
3180.00,0.0215
3179.00,0.0216
3178.00,0.0216
3177.00,0.0217
3176.00,0.0217
3175.00,0.0217
3174.00,0.0217
3173.00,0.0218
3172.00,0.0218
3171.00,0.0219
3170.00,0.0219
3169.00,0.0219
3168.00,0.0220
3167.00,0.0220
3166.00,0.0220
3165.00,0.0221
3164.00,0.0221
3163.00,0.0221
3162.00,0.0221
3161.00,0.0221
3160.00,0.0222
3159.00,0.0222
3158.00,0.0222
3157.00,0.0222
3156.00,0.0221
3155.00,0.0221
3154.00,0.0220
3153.00,0.0220
3152.00,0.0221
3151.00,0.0222
3150.00,0.0223
3149.00,0.0225
3148.00,0.0226
3147.00,0.0227
3146.00,0.0227
3145.00,0.0228
3144.00,0.0229
3143.00,0.0229
3142.00,0.0230
3141.00,0.0230
3140.00,0.0230
3139.00,0.0231
3138.00,0.0232
3137.00,0.0233
3136.00,0.0233
3135.00,0.0234
3134.00,0.0235
3133.00,0.0235
3132.00,0.0235
3131.00,0.0236
3130.00,0.0236
3129.00,0.0237
3128.00,0.0237
3127.00,0.0238
3126.00,0.0238
3125.00,0.0238
3124.00,0.0239
3123.00,0.0239
3122.00,0.0239
3121.00,0.0239
3120.00,0.0240
3119.00,0.0240
3118.00,0.0240
3117.00,0.0241
3116.00,0.0241
3115.00,0.0242
3114.00,0.0243
3113.00,0.0244
3112.00,0.0244
3111.00,0.0245
3110.00,0.0245
3109.00,0.0246
3108.00,0.0247
3107.00,0.0248
3106.00,0.0249
3105.00,0.0250
3104.00,0.0251
3103.00,0.0251
3102.00,0.0252
3101.00,0.0252
3100.00,0.0252
3099.00,0.0253
3098.00,0.0253
3097.00,0.0254
3096.00,0.0254
3095.00,0.0254
3094.00,0.0255
3093.00,0.0255
3092.00,0.0255
3091.00,0.0256
3090.00,0.0256
3089.00,0.0257
3088.00,0.0257
3087.00,0.0258
3086.00,0.0259
3085.00,0.0260
3084.00,0.0262
3083.00,0.0265
3082.00,0.0268
3081.00,0.0272
3080.00,0.0278
3079.00,0.0285
3078.00,0.0294
3077.00,0.0303
3076.00,0.0311
3075.00,0.0317
3074.00,0.0320
3073.00,0.0320
3072.00,0.0316
3071.00,0.0312
3070.00,0.0306
3069.00,0.0301
3068.00,0.0295
3067.00,0.0290
3066.00,0.0285
3065.00,0.0280
3064.00,0.0276
3063.00,0.0272
3062.00,0.0269
3061.00,0.0265
3060.00,0.0262
3059.00,0.0259
3058.00,0.0256
3057.00,0.0253
3056.00,0.0251
3055.00,0.0249
3054.00,0.0247
3053.00,0.0246
3052.00,0.0245
3051.00,0.0243
3050.00,0.0243
3049.00,0.0242
3048.00,0.0242
3047.00,0.0241
3046.00,0.0241
3045.00,0.0241
3044.00,0.0241
3043.00,0.0241
3042.00,0.0241
3041.00,0.0242
3040.00,0.0242
3039.00,0.0243
3038.00,0.0243
3037.00,0.0244
3036.00,0.0244
3035.00,0.0245
3034.00,0.0245
3033.00,0.0245
3032.00,0.0245
3031.00,0.0244
3030.00,0.0243
3029.00,0.0241
3028.00,0.0239
3027.00,0.0237
3026.00,0.0235
3025.00,0.0233
3024.00,0.0231
3023.00,0.0230
3022.00,0.0228
3021.00,0.0227
3020.00,0.0226
3019.00,0.0225
3018.00,0.0224
3017.00,0.0223
3016.00,0.0223
3015.00,0.0222
3014.00,0.0222
3013.00,0.0222
3012.00,0.0222
3011.00,0.0222
3010.00,0.0223
3009.00,0.0223
3008.00,0.0223
3007.00,0.0223
3006.00,0.0223
3005.00,0.0223
3004.00,0.0224
3003.00,0.0224
3002.00,0.0225
3001.00,0.0225
3000.00,0.0226
2999.00,0.0227
2998.00,0.0229
2997.00,0.0231
2996.00,0.0233
2995.00,0.0235
2994.00,0.0239
2993.00,0.0242
2992.00,0.0246
2991.00,0.0250
2990.00,0.0254
2989.00,0.0258
2988.00,0.0261
2987.00,0.0263
2986.00,0.0265
2985.00,0.0266
2984.00,0.0267
2983.00,0.0268
2982.00,0.0271
2981.00,0.0277
2980.00,0.0285
2979.00,0.0294
2978.00,0.0306
2977.00,0.0317
2976.00,0.0330
2975.00,0.0343
2974.00,0.0357
2973.00,0.0371
2972.00,0.0386
2971.00,0.0401
2970.00,0.0417
2969.00,0.0433
2968.00,0.0447
2967.00,0.0459
2966.00,0.0469
2965.00,0.0477
2964.00,0.0485
2963.00,0.0493
2962.00,0.0500
2961.00,0.0508
2960.00,0.0515
2959.00,0.0520
2958.00,0.0524
2957.00,0.0526
2956.00,0.0525
2955.00,0.0523
2954.00,0.0520
2953.00,0.0516
2952.00,0.0511
2951.00,0.0505
2950.00,0.0499
2949.00,0.0495
2948.00,0.0492
2947.00,0.0493
2946.00,0.0499
2945.00,0.0509
2944.00,0.0522
2943.00,0.0538
2942.00,0.0555
2941.00,0.0573
2940.00,0.0591
2939.00,0.0610
2938.00,0.0631
2937.00,0.0652
2936.00,0.0676
2935.00,0.0701
2934.00,0.0729
2933.00,0.0759
2932.00,0.0790
2931.00,0.0823
2930.00,0.0855
2929.00,0.0886
2928.00,0.0914
2927.00,0.0937
2926.00,0.0953
2925.00,0.0962
2924.00,0.0964
2923.00,0.0960
2922.00,0.0952
2921.00,0.0940
2920.00,0.0927
2919.00,0.0913
2918.00,0.0899
2917.00,0.0884
2916.00,0.0868
2915.00,0.0850
2914.00,0.0830
2913.00,0.0807
2912.00,0.0783
2911.00,0.0757
2910.00,0.0730
2909.00,0.0704
2908.00,0.0678
2907.00,0.0654
2906.00,0.0632
2905.00,0.0612
2904.00,0.0595
2903.00,0.0581
2902.00,0.0568
2901.00,0.0556
2900.00,0.0545
2899.00,0.0533
2898.00,0.0521
2897.00,0.0509
2896.00,0.0497
2895.00,0.0486
2894.00,0.0475
2893.00,0.0466
2892.00,0.0457
2891.00,0.0450
2890.00,0.0445
2889.00,0.0441
2888.00,0.0437
2887.00,0.0435
2886.00,0.0433
2885.00,0.0431
2884.00,0.0430
2883.00,0.0429
2882.00,0.0429
2881.00,0.0430
2880.00,0.0432
2879.00,0.0435
2878.00,0.0440
2877.00,0.0447
2876.00,0.0455
2875.00,0.0464
2874.00,0.0473
2873.00,0.0482
2872.00,0.0489
2871.00,0.0493
2870.00,0.0492
2869.00,0.0488
2868.00,0.0481
2867.00,0.0475
2866.00,0.0471
2865.00,0.0473
2864.00,0.0480
2863.00,0.0493
2862.00,0.0513
2861.00,0.0538
2860.00,0.0566
2859.00,0.0595
2858.00,0.0621
2857.00,0.0640
2856.00,0.0649
2855.00,0.0646
2854.00,0.0632
2853.00,0.0609
2852.00,0.0581
2851.00,0.0550
2850.00,0.0519
2849.00,0.0490
2848.00,0.0462
2847.00,0.0438
2846.00,0.0416
2845.00,0.0398
2844.00,0.0384
2843.00,0.0371
2842.00,0.0361
2841.00,0.0352
2840.00,0.0345
2839.00,0.0340
2838.00,0.0338
2837.00,0.0340
2836.00,0.0344
2835.00,0.0352
2834.00,0.0361
2833.00,0.0371
2832.00,0.0380
2831.00,0.0386
2830.00,0.0387
2829.00,0.0382
2828.00,0.0370
2827.00,0.0353
2826.00,0.0333
2825.00,0.0314
2824.00,0.0296
2823.00,0.0281
2822.00,0.0268
2821.00,0.0258
2820.00,0.0249
2819.00,0.0243
2818.00,0.0237
2817.00,0.0232
2816.00,0.0228
2815.00,0.0225
2814.00,0.0221
2813.00,0.0219
2812.00,0.0216
2811.00,0.0214
2810.00,0.0212
2809.00,0.0210
2808.00,0.0208
2807.00,0.0207
2806.00,0.0205
2805.00,0.0204
2804.00,0.0202
2803.00,0.0201
2802.00,0.0199
2801.00,0.0198
2800.00,0.0197
2799.00,0.0196
2798.00,0.0195
2797.00,0.0194
2796.00,0.0193
2795.00,0.0192
2794.00,0.0191
2793.00,0.0191
2792.00,0.0190
2791.00,0.0189
2790.00,0.0189
2789.00,0.0188
2788.00,0.0188
2787.00,0.0187
2786.00,0.0187
2785.00,0.0187
2784.00,0.0186
2783.00,0.0186
2782.00,0.0186
2781.00,0.0185
2780.00,0.0185
2779.00,0.0185
2778.00,0.0185
2777.00,0.0185
2776.00,0.0185
2775.00,0.0185
2774.00,0.0185
2773.00,0.0186
2772.00,0.0186
2771.00,0.0186
2770.00,0.0186
2769.00,0.0187
2768.00,0.0187
2767.00,0.0187
2766.00,0.0187
2765.00,0.0188
2764.00,0.0188
2763.00,0.0188
2762.00,0.0188
2761.00,0.0188
2760.00,0.0188
2759.00,0.0188
2758.00,0.0188
2757.00,0.0188
2756.00,0.0189
2755.00,0.0189
2754.00,0.0189
2753.00,0.0189
2752.00,0.0189
2751.00,0.0189
2750.00,0.0189
2749.00,0.0189
2748.00,0.0189
2747.00,0.0189
2746.00,0.0189
2745.00,0.0189
2744.00,0.0190
2743.00,0.0190
2742.00,0.0191
2741.00,0.0191
2740.00,0.0192
2739.00,0.0192
2738.00,0.0193
2737.00,0.0194
2736.00,0.0196
2735.00,0.0197
2734.00,0.0198
2733.00,0.0199
2732.00,0.0200
2731.00,0.0201
2730.00,0.0202
2729.00,0.0203
2728.00,0.0203
2727.00,0.0203
2726.00,0.0202
2725.00,0.0201
2724.00,0.0200
2723.00,0.0199
2722.00,0.0198
2721.00,0.0198
2720.00,0.0197
2719.00,0.0196
2718.00,0.0196
2717.00,0.0196
2716.00,0.0195
2715.00,0.0194
2714.00,0.0194
2713.00,0.0194
2712.00,0.0193
2711.00,0.0193
2710.00,0.0193
2709.00,0.0193
2708.00,0.0193
2707.00,0.0193
2706.00,0.0193
2705.00,0.0193
2704.00,0.0193
2703.00,0.0193
2702.00,0.0193
2701.00,0.0193
2700.00,0.0193
2699.00,0.0193
2698.00,0.0193
2697.00,0.0193
2696.00,0.0193
2695.00,0.0193
2694.00,0.0193
2693.00,0.0193
2692.00,0.0194
2691.00,0.0194
2690.00,0.0194
2689.00,0.0194
2688.00,0.0194
2687.00,0.0194
2686.00,0.0194
2685.00,0.0194
2684.00,0.0194
2683.00,0.0194
2682.00,0.0195
2681.00,0.0195
2680.00,0.0195
2679.00,0.0195
2678.00,0.0195
2677.00,0.0195
2676.00,0.0195
2675.00,0.0195
2674.00,0.0196
2673.00,0.0196
2672.00,0.0196
2671.00,0.0197
2670.00,0.0197
2669.00,0.0197
2668.00,0.0198
2667.00,0.0198
2666.00,0.0198
2665.00,0.0198
2664.00,0.0199
2663.00,0.0199
2662.00,0.0199
2661.00,0.0199
2660.00,0.0199
2659.00,0.0198
2658.00,0.0198
2657.00,0.0198
2656.00,0.0197
2655.00,0.0197
2654.00,0.0196
2653.00,0.0195
2652.00,0.0195
2651.00,0.0194
2650.00,0.0194
2649.00,0.0193
2648.00,0.0193
2647.00,0.0192
2646.00,0.0192
2645.00,0.0192
2644.00,0.0191
2643.00,0.0191
2642.00,0.0191
2641.00,0.0190
2640.00,0.0190
2639.00,0.0189
2638.00,0.0189
2637.00,0.0189
2636.00,0.0189
2635.00,0.0189
2634.00,0.0189
2633.00,0.0188
2632.00,0.0188
2631.00,0.0188
2630.00,0.0187
2629.00,0.0187
2628.00,0.0187
2627.00,0.0187
2626.00,0.0187
2625.00,0.0187
2624.00,0.0187
2623.00,0.0187
2622.00,0.0187
2621.00,0.0186
2620.00,0.0186
2619.00,0.0185
2618.00,0.0185
2617.00,0.0185
2616.00,0.0185
2615.00,0.0184
2614.00,0.0184
2613.00,0.0184
2612.00,0.0184
2611.00,0.0184
2610.00,0.0184
2609.00,0.0184
2608.00,0.0184
2607.00,0.0183
2606.00,0.0183
2605.00,0.0182
2604.00,0.0181
2603.00,0.0181
2602.00,0.0180
2601.00,0.0180
2600.00,0.0180
2599.00,0.0179
2598.00,0.0179
2597.00,0.0178
2596.00,0.0178
2595.00,0.0178
2594.00,0.0177
2593.00,0.0177
2592.00,0.0176
2591.00,0.0176
2590.00,0.0175
2589.00,0.0175
2588.00,0.0175
2587.00,0.0174
2586.00,0.0174
2585.00,0.0174
2584.00,0.0174
2583.00,0.0173
2582.00,0.0173
2581.00,0.0172
2580.00,0.0172
2579.00,0.0172
2578.00,0.0171
2577.00,0.0171
2576.00,0.0172
2575.00,0.0172
2574.00,0.0172
2573.00,0.0172
2572.00,0.0172
2571.00,0.0172
2570.00,0.0172
2569.00,0.0172
2568.00,0.0173
2567.00,0.0173
2566.00,0.0173
2565.00,0.0173
2564.00,0.0173
2563.00,0.0173
2562.00,0.0173
2561.00,0.0173
2560.00,0.0174
2559.00,0.0174
2558.00,0.0175
2557.00,0.0175
2556.00,0.0175
2555.00,0.0175
2554.00,0.0175
2553.00,0.0174
2552.00,0.0174
2551.00,0.0173
2550.00,0.0173
2549.00,0.0172
2548.00,0.0172
2547.00,0.0172
2546.00,0.0172
2545.00,0.0172
2544.00,0.0171
2543.00,0.0171
2542.00,0.0171
2541.00,0.0170
2540.00,0.0169
2539.00,0.0168
2538.00,0.0168
2537.00,0.0167
2536.00,0.0166
2535.00,0.0166
2534.00,0.0165
2533.00,0.0165
2532.00,0.0165
2531.00,0.0165
2530.00,0.0165
2529.00,0.0165
2528.00,0.0165
2527.00,0.0164
2526.00,0.0164
2525.00,0.0164
2524.00,0.0164
2523.00,0.0164
2522.00,0.0163
2521.00,0.0163
2520.00,0.0162
2519.00,0.0162
2518.00,0.0161
2517.00,0.0161
2516.00,0.0161
2515.00,0.0161
2514.00,0.0161
2513.00,0.0160
2512.00,0.0160
2511.00,0.0159
2510.00,0.0158
2509.00,0.0157
2508.00,0.0157
2507.00,0.0156
2506.00,0.0156
2505.00,0.0156
2504.00,0.0156
2503.00,0.0156
2502.00,0.0156
2501.00,0.0156
2500.00,0.0155
2499.00,0.0155
2498.00,0.0154
2497.00,0.0154
2496.00,0.0154
2495.00,0.0154
2494.00,0.0154
2493.00,0.0154
2492.00,0.0154
2491.00,0.0155
2490.00,0.0155
2489.00,0.0154
2488.00,0.0154
2487.00,0.0154
2486.00,0.0154
2485.00,0.0154
2484.00,0.0154
2483.00,0.0154
2482.00,0.0154
2481.00,0.0154
2480.00,0.0154
2479.00,0.0154
2478.00,0.0154
2477.00,0.0154
2476.00,0.0154
2475.00,0.0154
2474.00,0.0154
2473.00,0.0154
2472.00,0.0153
2471.00,0.0153
2470.00,0.0153
2469.00,0.0153
2468.00,0.0153
2467.00,0.0153
2466.00,0.0152
2465.00,0.0152
2464.00,0.0153
2463.00,0.0153
2462.00,0.0154
2461.00,0.0154
2460.00,0.0155
2459.00,0.0156
2458.00,0.0156
2457.00,0.0156
2456.00,0.0156
2455.00,0.0156
2454.00,0.0156
2453.00,0.0156
2452.00,0.0156
2451.00,0.0156
2450.00,0.0156
2449.00,0.0155
2448.00,0.0155
2447.00,0.0155
2446.00,0.0155
2445.00,0.0155
2444.00,0.0155
2443.00,0.0154
2442.00,0.0154
2441.00,0.0153
2440.00,0.0153
2439.00,0.0152
2438.00,0.0152
2437.00,0.0152
2436.00,0.0152
2435.00,0.0152
2434.00,0.0152
2433.00,0.0152
2432.00,0.0152
2431.00,0.0152
2430.00,0.0151
2429.00,0.0151
2428.00,0.0150
2427.00,0.0150
2426.00,0.0149
2425.00,0.0149
2424.00,0.0149
2423.00,0.0149
2422.00,0.0149
2421.00,0.0148
2420.00,0.0148
2419.00,0.0147
2418.00,0.0147
2417.00,0.0147
2416.00,0.0147
2415.00,0.0147
2414.00,0.0146
2413.00,0.0146
2412.00,0.0146
2411.00,0.0145
2410.00,0.0144
2409.00,0.0143
2408.00,0.0142
2407.00,0.0141
2406.00,0.0140
2405.00,0.0140
2404.00,0.0139
2403.00,0.0139
2402.00,0.0138
2401.00,0.0138
2400.00,0.0138
2399.00,0.0137
2398.00,0.0137
2397.00,0.0136
2396.00,0.0135
2395.00,0.0135
2394.00,0.0134
2393.00,0.0133
2392.00,0.0133
2391.00,0.0132
2390.00,0.0132
2389.00,0.0131
2388.00,0.0131
2387.00,0.0130
2386.00,0.0129
2385.00,0.0128
2384.00,0.0127
2383.00,0.0126
2382.00,0.0125
2381.00,0.0125
2380.00,0.0124
2379.00,0.0124
2378.00,0.0123
2377.00,0.0123
2376.00,0.0122
2375.00,0.0122
2374.00,0.0121
2373.00,0.0121
2372.00,0.0120
2371.00,0.0119
2370.00,0.0118
2369.00,0.0118
2368.00,0.0117
2367.00,0.0117
2366.00,0.0116
2365.00,0.0116
2364.00,0.0116
2363.00,0.0115
2362.00,0.0116
2361.00,0.0116
2360.00,0.0116
2359.00,0.0115
2358.00,0.0114
2357.00,0.0114
2356.00,0.0114
2355.00,0.0113
2354.00,0.0113
2353.00,0.0112
2352.00,0.0112
2351.00,0.0112
2350.00,0.0112
2349.00,0.0111
2348.00,0.0111
2347.00,0.0111
2346.00,0.0111
2345.00,0.0111
2344.00,0.0111
2343.00,0.0110
2342.00,0.0110
2341.00,0.0110
2340.00,0.0110
2339.00,0.0110
2338.00,0.0110
2337.00,0.0109
2336.00,0.0109
2335.00,0.0109
2334.00,0.0108
2333.00,0.0108
2332.00,0.0107
2331.00,0.0107
2330.00,0.0106
2329.00,0.0107
2328.00,0.0109
2327.00,0.0112
2326.00,0.0115
2325.00,0.0116
2324.00,0.0115
2323.00,0.0113
2322.00,0.0110
2321.00,0.0108
2320.00,0.0107
2319.00,0.0106
2318.00,0.0105
2317.00,0.0105
2316.00,0.0104
2315.00,0.0104
2314.00,0.0103
2313.00,0.0102
2312.00,0.0101
2311.00,0.0100
2310.00,0.0099
2309.00,0.0099
2308.00,0.0099
2307.00,0.0099
2306.00,0.0099
2305.00,0.0099
2304.00,0.0099
2303.00,0.0099
2302.00,0.0099
2301.00,0.0098
2300.00,0.0098
2299.00,0.0098
2298.00,0.0098
2297.00,0.0098
2296.00,0.0098
2295.00,0.0098
2294.00,0.0099
2293.00,0.0099
2292.00,0.0100
2291.00,0.0101
2290.00,0.0101
2289.00,0.0101
2288.00,0.0101
2287.00,0.0101
2286.00,0.0101
2285.00,0.0100
2284.00,0.0100
2283.00,0.0099
2282.00,0.0098
2281.00,0.0097
2280.00,0.0097
2279.00,0.0096
2278.00,0.0096
2277.00,0.0096
2276.00,0.0096
2275.00,0.0095
2274.00,0.0095
2273.00,0.0094
2272.00,0.0094
2271.00,0.0094
2270.00,0.0093
2269.00,0.0092
2268.00,0.0091
2267.00,0.0090
2266.00,0.0089
2265.00,0.0089
2264.00,0.0089
2263.00,0.0089
2262.00,0.0089
2261.00,0.0090
2260.00,0.0090
2259.00,0.0090
2258.00,0.0089
2257.00,0.0089
2256.00,0.0088
2255.00,0.0087
2254.00,0.0087
2253.00,0.0087
2252.00,0.0087
2251.00,0.0087
2250.00,0.0086
2249.00,0.0086
2248.00,0.0087
2247.00,0.0087
2246.00,0.0087
2245.00,0.0086
2244.00,0.0086
2243.00,0.0086
2242.00,0.0086
2241.00,0.0085
2240.00,0.0084
2239.00,0.0084
2238.00,0.0084
2237.00,0.0085
2236.00,0.0086
2235.00,0.0086
2234.00,0.0086
2233.00,0.0085
2232.00,0.0084
2231.00,0.0084
2230.00,0.0083
2229.00,0.0083
2228.00,0.0083
2227.00,0.0082
2226.00,0.0081
2225.00,0.0081
2224.00,0.0082
2223.00,0.0083
2222.00,0.0084
2221.00,0.0084
2220.00,0.0084
2219.00,0.0083
2218.00,0.0082
2217.00,0.0081
2216.00,0.0080
2215.00,0.0079
2214.00,0.0078
2213.00,0.0077
2212.00,0.0077
2211.00,0.0078
2210.00,0.0079
2209.00,0.0080
2208.00,0.0081
2207.00,0.0080
2206.00,0.0079
2205.00,0.0078
2204.00,0.0077
2203.00,0.0076
2202.00,0.0076
2201.00,0.0076
2200.00,0.0076
2199.00,0.0076
2198.00,0.0076
2197.00,0.0075
2196.00,0.0076
2195.00,0.0076
2194.00,0.0077
2193.00,0.0079
2192.00,0.0081
2191.00,0.0081
2190.00,0.0081
2189.00,0.0081
2188.00,0.0080
2187.00,0.0080
2186.00,0.0079
2185.00,0.0078
2184.00,0.0077
2183.00,0.0076
2182.00,0.0075
2181.00,0.0074
2180.00,0.0074
2179.00,0.0073
2178.00,0.0072
2177.00,0.0070
2176.00,0.0068
2175.00,0.0068
2174.00,0.0069
2173.00,0.0071
2172.00,0.0074
2171.00,0.0078
2170.00,0.0080
2169.00,0.0082
2168.00,0.0083
2167.00,0.0082
2166.00,0.0082
2165.00,0.0083
2164.00,0.0084
2163.00,0.0084
2162.00,0.0079
2161.00,0.0069
2160.00,0.0055
2159.00,0.0043
2158.00,0.0038
2157.00,0.0038
2156.00,0.0041
2155.00,0.0044
2154.00,0.0047
2153.00,0.0050
2152.00,0.0053
2151.00,0.0054
2150.00,0.0054
2149.00,0.0053
2148.00,0.0053
2147.00,0.0052
2146.00,0.0051
2145.00,0.0051
2144.00,0.0050
2143.00,0.0050
2142.00,0.0051
2141.00,0.0052
2140.00,0.0053
2139.00,0.0053
2138.00,0.0052
2137.00,0.0050
2136.00,0.0048
2135.00,0.0047
2134.00,0.0047
2133.00,0.0048
2132.00,0.0050
2131.00,0.0052
2130.00,0.0054
2129.00,0.0055
2128.00,0.0056
2127.00,0.0057
2126.00,0.0057
2125.00,0.0058
2124.00,0.0058
2123.00,0.0059
2122.00,0.0059
2121.00,0.0060
2120.00,0.0060
2119.00,0.0060
2118.00,0.0061
2117.00,0.0062
2116.00,0.0063
2115.00,0.0064
2114.00,0.0064
2113.00,0.0063
2112.00,0.0062
2111.00,0.0062
2110.00,0.0061
2109.00,0.0061
2108.00,0.0060
2107.00,0.0060
2106.00,0.0060
2105.00,0.0060
2104.00,0.0060
2103.00,0.0060
2102.00,0.0060
2101.00,0.0060
2100.00,0.0060
2099.00,0.0060
2098.00,0.0060
2097.00,0.0059
2096.00,0.0058
2095.00,0.0057
2094.00,0.0057
2093.00,0.0058
2092.00,0.0059
2091.00,0.0059
2090.00,0.0059
2089.00,0.0059
2088.00,0.0060
2087.00,0.0060
2086.00,0.0061
2085.00,0.0061
2084.00,0.0062
2083.00,0.0062
2082.00,0.0062
2081.00,0.0062
2080.00,0.0062
2079.00,0.0062
2078.00,0.0061
2077.00,0.0060
2076.00,0.0059
2075.00,0.0058
2074.00,0.0057
2073.00,0.0057
2072.00,0.0056
2071.00,0.0056
2070.00,0.0056
2069.00,0.0057
2068.00,0.0057
2067.00,0.0057
2066.00,0.0056
2065.00,0.0055
2064.00,0.0054
2063.00,0.0054
2062.00,0.0055
2061.00,0.0056
2060.00,0.0055
2059.00,0.0055
2058.00,0.0054
2057.00,0.0055
2056.00,0.0056
2055.00,0.0057
2054.00,0.0058
2053.00,0.0061
2052.00,0.0063
2051.00,0.0064
2050.00,0.0061
2049.00,0.0057
2048.00,0.0055
2047.00,0.0053
2046.00,0.0052
2045.00,0.0052
2044.00,0.0053
2043.00,0.0054
2042.00,0.0055
2041.00,0.0055
2040.00,0.0056
2039.00,0.0055
2038.00,0.0054
2037.00,0.0052
2036.00,0.0050
2035.00,0.0048
2034.00,0.0047
2033.00,0.0046
2032.00,0.0047
2031.00,0.0048
2030.00,0.0049
2029.00,0.0050
2028.00,0.0050
2027.00,0.0050
2026.00,0.0049
2025.00,0.0049
2024.00,0.0049
2023.00,0.0048
2022.00,0.0047
2021.00,0.0048
2020.00,0.0048
2019.00,0.0048
2018.00,0.0048
2017.00,0.0048
2016.00,0.0049
2015.00,0.0050
2014.00,0.0049
2013.00,0.0050
2012.00,0.0051
2011.00,0.0052
2010.00,0.0051
2009.00,0.0049
2008.00,0.0047
2007.00,0.0044
2006.00,0.0043
2005.00,0.0044
2004.00,0.0047
2003.00,0.0048
2002.00,0.0050
2001.00,0.0052
2000.00,0.0054
1999.00,0.0055
1998.00,0.0055
1997.00,0.0056
1996.00,0.0057
1995.00,0.0057
1994.00,0.0057
1993.00,0.0057
1992.00,0.0057
1991.00,0.0057
1990.00,0.0056
1989.00,0.0056
1988.00,0.0057
1987.00,0.0059
1986.00,0.0060
1985.00,0.0061
1984.00,0.0062
1983.00,0.0064
1982.00,0.0064
1981.00,0.0064
1980.00,0.0063
1979.00,0.0059
1978.00,0.0055
1977.00,0.0052
1976.00,0.0050
1975.00,0.0048
1974.00,0.0047
1973.00,0.0048
1972.00,0.0049
1971.00,0.0049
1970.00,0.0049
1969.00,0.0049
1968.00,0.0049
1967.00,0.0049
1966.00,0.0049
1965.00,0.0048
1964.00,0.0048
1963.00,0.0047
1962.00,0.0046
1961.00,0.0045
1960.00,0.0044
1959.00,0.0043
1958.00,0.0044
1957.00,0.0046
1956.00,0.0048
1955.00,0.0050
1954.00,0.0051
1953.00,0.0052
1952.00,0.0052
1951.00,0.0051
1950.00,0.0051
1949.00,0.0050
1948.00,0.0051
1947.00,0.0051
1946.00,0.0050
1945.00,0.0050
1944.00,0.0050
1943.00,0.0050
1942.00,0.0050
1941.00,0.0051
1940.00,0.0052
1939.00,0.0053
1938.00,0.0053
1937.00,0.0053
1936.00,0.0054
1935.00,0.0054
1934.00,0.0053
1933.00,0.0053
1932.00,0.0053
1931.00,0.0052
1930.00,0.0051
1929.00,0.0051
1928.00,0.0051
1927.00,0.0052
1926.00,0.0053
1925.00,0.0054
1924.00,0.0055
1923.00,0.0056
1922.00,0.0055
1921.00,0.0055
1920.00,0.0055
1919.00,0.0055
1918.00,0.0056
1917.00,0.0056
1916.00,0.0057
1915.00,0.0057
1914.00,0.0056
1913.00,0.0056
1912.00,0.0057
1911.00,0.0057
1910.00,0.0056
1909.00,0.0056
1908.00,0.0055
1907.00,0.0055
1906.00,0.0055
1905.00,0.0055
1904.00,0.0055
1903.00,0.0055
1902.00,0.0056
1901.00,0.0056
1900.00,0.0056
1899.00,0.0057
1898.00,0.0057
1897.00,0.0057
1896.00,0.0058
1895.00,0.0058
1894.00,0.0057
1893.00,0.0057
1892.00,0.0056
1891.00,0.0056
1890.00,0.0057
1889.00,0.0058
1888.00,0.0058
1887.00,0.0058
1886.00,0.0058
1885.00,0.0057
1884.00,0.0057
1883.00,0.0057
1882.00,0.0057
1881.00,0.0057
1880.00,0.0057
1879.00,0.0058
1878.00,0.0057
1877.00,0.0058
1876.00,0.0058
1875.00,0.0058
1874.00,0.0058
1873.00,0.0058
1872.00,0.0058
1871.00,0.0058
1870.00,0.0058
1869.00,0.0058
1868.00,0.0058
1867.00,0.0058
1866.00,0.0058
1865.00,0.0058
1864.00,0.0058
1863.00,0.0059
1862.00,0.0058
1861.00,0.0058
1860.00,0.0058
1859.00,0.0058
1858.00,0.0058
1857.00,0.0058
1856.00,0.0058
1855.00,0.0058
1854.00,0.0058
1853.00,0.0058
1852.00,0.0058
1851.00,0.0058
1850.00,0.0059
1849.00,0.0059
1848.00,0.0059
1847.00,0.0059
1846.00,0.0058
1845.00,0.0058
1844.00,0.0058
1843.00,0.0058
1842.00,0.0058
1841.00,0.0058
1840.00,0.0059
1839.00,0.0059
1838.00,0.0059
1837.00,0.0059
1836.00,0.0060
1835.00,0.0060
1834.00,0.0060
1833.00,0.0060
1832.00,0.0060
1831.00,0.0060
1830.00,0.0060
1829.00,0.0060
1828.00,0.0061
1827.00,0.0061
1826.00,0.0061
1825.00,0.0062
1824.00,0.0062
1823.00,0.0061
1822.00,0.0061
1821.00,0.0061
1820.00,0.0060
1819.00,0.0060
1818.00,0.0059
1817.00,0.0059
1816.00,0.0059
1815.00,0.0060
1814.00,0.0061
1813.00,0.0062
1812.00,0.0063
1811.00,0.0063
1810.00,0.0064
1809.00,0.0064
1808.00,0.0065
1807.00,0.0065
1806.00,0.0066
1805.00,0.0066
1804.00,0.0067
1803.00,0.0068
1802.00,0.0069
1801.00,0.0069
1800.00,0.0069
1799.00,0.0069
1798.00,0.0069
1797.00,0.0069
1796.00,0.0069
1795.00,0.0069
1794.00,0.0069
1793.00,0.0069
1792.00,0.0070
1791.00,0.0070
1790.00,0.0071
1789.00,0.0072
1788.00,0.0073
1787.00,0.0074
1786.00,0.0075
1785.00,0.0075
1784.00,0.0076
1783.00,0.0075
1782.00,0.0075
1781.00,0.0075
1780.00,0.0075
1779.00,0.0075
1778.00,0.0075
1777.00,0.0075
1776.00,0.0076
1775.00,0.0077
1774.00,0.0077
1773.00,0.0078
1772.00,0.0078
1771.00,0.0079
1770.00,0.0079
1769.00,0.0078
1768.00,0.0078
1767.00,0.0076
1766.00,0.0075
1765.00,0.0074
1764.00,0.0074
1763.00,0.0074
1762.00,0.0074
1761.00,0.0074
1760.00,0.0074
1759.00,0.0074
1758.00,0.0074
1757.00,0.0074
1756.00,0.0073
1755.00,0.0073
1754.00,0.0073
1753.00,0.0073
1752.00,0.0074
1751.00,0.0074
1750.00,0.0073
1749.00,0.0073
1748.00,0.0073
1747.00,0.0074
1746.00,0.0074
1745.00,0.0074
1744.00,0.0075
1743.00,0.0074
1742.00,0.0073
1741.00,0.0073
1740.00,0.0073
1739.00,0.0074
1738.00,0.0074
1737.00,0.0074
1736.00,0.0075
1735.00,0.0076
1734.00,0.0076
1733.00,0.0077
1732.00,0.0077
1731.00,0.0078
1730.00,0.0079
1729.00,0.0079
1728.00,0.0080
1727.00,0.0080
1726.00,0.0081
1725.00,0.0081
1724.00,0.0082
1723.00,0.0083
1722.00,0.0083
1721.00,0.0083
1720.00,0.0083
1719.00,0.0083
1718.00,0.0083
1717.00,0.0084
1716.00,0.0085
1715.00,0.0085
1714.00,0.0086
1713.00,0.0086
1712.00,0.0087
1711.00,0.0088
1710.00,0.0088
1709.00,0.0089
1708.00,0.0089
1707.00,0.0089
1706.00,0.0090
1705.00,0.0091
1704.00,0.0092
1703.00,0.0092
1702.00,0.0092
1701.00,0.0092
1700.00,0.0093
1699.00,0.0093
1698.00,0.0094
1697.00,0.0095
1696.00,0.0096
1695.00,0.0097
1694.00,0.0097
1693.00,0.0098
1692.00,0.0098
1691.00,0.0099
1690.00,0.0099
1689.00,0.0100
1688.00,0.0100
1687.00,0.0099
1686.00,0.0099
1685.00,0.0099
1684.00,0.0100
1683.00,0.0103
1682.00,0.0105
1681.00,0.0107
1680.00,0.0108
1679.00,0.0110
1678.00,0.0110
1677.00,0.0112
1676.00,0.0114
1675.00,0.0117
1674.00,0.0119
1673.00,0.0121
1672.00,0.0124
1671.00,0.0127
1670.00,0.0131
1669.00,0.0137
1668.00,0.0143
1667.00,0.0148
1666.00,0.0153
1665.00,0.0158
1664.00,0.0164
1663.00,0.0171
1662.00,0.0177
1661.00,0.0184
1660.00,0.0190
1659.00,0.0197
1658.00,0.0204
1657.00,0.0210
1656.00,0.0218
1655.00,0.0227
1654.00,0.0242
1653.00,0.0267
1652.00,0.0294
1651.00,0.0315
1650.00,0.0334
1649.00,0.0359
1648.00,0.0398
1647.00,0.0456
1646.00,0.0525
1645.00,0.0592
1644.00,0.0649
1643.00,0.0697
1642.00,0.0735
1641.00,0.0767
1640.00,0.0794
1639.00,0.0820
1638.00,0.0849
1637.00,0.0890
1636.00,0.0947
1635.00,0.1010
1634.00,0.1061
1633.00,0.1095
1632.00,0.1116
1631.00,0.1126
1630.00,0.1124
1629.00,0.1111
1628.00,0.1092
1627.00,0.1072
1626.00,0.1055
1625.00,0.1041
1624.00,0.1023
1623.00,0.0996
1622.00,0.0957
1621.00,0.0909
1620.00,0.0856
1619.00,0.0800
1618.00,0.0739
1617.00,0.0677
1616.00,0.0622
1615.00,0.0581
1614.00,0.0550
1613.00,0.0525
1612.00,0.0502
1611.00,0.0481
1610.00,0.0462
1609.00,0.0447
1608.00,0.0434
1607.00,0.0423
1606.00,0.0415
1605.00,0.0410
1604.00,0.0406
1603.00,0.0404
1602.00,0.0405
1601.00,0.0408
1600.00,0.0415
1599.00,0.0424
1598.00,0.0437
1597.00,0.0455
1596.00,0.0480
1595.00,0.0511
1594.00,0.0551
1593.00,0.0601
1592.00,0.0662
1591.00,0.0733
1590.00,0.0811
1589.00,0.0894
1588.00,0.0977
1587.00,0.1057
1586.00,0.1129
1585.00,0.1196
1584.00,0.1257
1583.00,0.1309
1582.00,0.1348
1581.00,0.1372
1580.00,0.1382
1579.00,0.1376
1578.00,0.1356
1577.00,0.1322
1576.00,0.1282
1575.00,0.1241
1574.00,0.1205
1573.00,0.1173
1572.00,0.1140
1571.00,0.1104
1570.00,0.1062
1569.00,0.1020
1568.00,0.0983
1567.00,0.0949
1566.00,0.0915
1565.00,0.0879
1564.00,0.0845
1563.00,0.0814
1562.00,0.0786
1561.00,0.0757
1560.00,0.0721
1559.00,0.0679
1558.00,0.0642
1557.00,0.0616
1556.00,0.0595
1555.00,0.0575
1554.00,0.0552
1553.00,0.0531
1552.00,0.0512
1551.00,0.0494
1550.00,0.0476
1549.00,0.0459
1548.00,0.0443
1547.00,0.0430
1546.00,0.0417
1545.00,0.0405
1544.00,0.0393
1543.00,0.0381
1542.00,0.0370
1541.00,0.0361
1540.00,0.0353
1539.00,0.0348
1538.00,0.0344
1537.00,0.0341
1536.00,0.0338
1535.00,0.0335
1534.00,0.0333
1533.00,0.0333
1532.00,0.0335
1531.00,0.0339
1530.00,0.0343
1529.00,0.0349
1528.00,0.0357
1527.00,0.0365
1526.00,0.0372
1525.00,0.0377
1524.00,0.0380
1523.00,0.0382
1522.00,0.0383
1521.00,0.0383
1520.00,0.0383
1519.00,0.0381
1518.00,0.0378
1517.00,0.0375
1516.00,0.0371
1515.00,0.0367
1514.00,0.0360
1513.00,0.0351
1512.00,0.0340
1511.00,0.0328
1510.00,0.0316
1509.00,0.0304
1508.00,0.0293
1507.00,0.0281
1506.00,0.0270
1505.00,0.0263
1504.00,0.0259
1503.00,0.0255
1502.00,0.0251
1501.00,0.0246
1500.00,0.0240
1499.00,0.0235
1498.00,0.0229
1497.00,0.0225
1496.00,0.0221
1495.00,0.0217
1494.00,0.0213
1493.00,0.0210
1492.00,0.0208
1491.00,0.0206
1490.00,0.0204
1489.00,0.0202
1488.00,0.0202
1487.00,0.0201
1486.00,0.0202
1485.00,0.0203
1484.00,0.0205
1483.00,0.0208
1482.00,0.0212
1481.00,0.0218
1480.00,0.0225
1479.00,0.0232
1478.00,0.0240
1477.00,0.0249
1476.00,0.0259
1475.00,0.0268
1474.00,0.0280
1473.00,0.0299
1472.00,0.0327
1471.00,0.0360
1470.00,0.0394
1469.00,0.0426
1468.00,0.0452
1467.00,0.0469
1466.00,0.0477
1465.00,0.0480
1464.00,0.0487
1463.00,0.0499
1462.00,0.0516
1461.00,0.0539
1460.00,0.0564
1459.00,0.0594
1458.00,0.0633
1457.00,0.0684
1456.00,0.0738
1455.00,0.0787
1454.00,0.0837
1453.00,0.0896
1452.00,0.0966
1451.00,0.1043
1450.00,0.1125
1449.00,0.1212
1448.00,0.1300
1447.00,0.1379
1446.00,0.1443
1445.00,0.1491
1444.00,0.1523
1443.00,0.1535
1442.00,0.1529
1441.00,0.1509
1440.00,0.1477
1439.00,0.1437
1438.00,0.1390
1437.00,0.1336
1436.00,0.1280
1435.00,0.1229
1434.00,0.1184
1433.00,0.1140
1432.00,0.1091
1431.00,0.1034
1430.00,0.0970
1429.00,0.0901
1428.00,0.0834
1427.00,0.0771
1426.00,0.0715
1425.00,0.0666
1424.00,0.0622
1423.00,0.0588
1422.00,0.0563
1421.00,0.0543
1420.00,0.0527
1419.00,0.0515
1418.00,0.0506
1417.00,0.0500
1416.00,0.0495
1415.00,0.0492
1414.00,0.0490
1413.00,0.0489
1412.00,0.0488
1411.00,0.0489
1410.00,0.0490
1409.00,0.0491
1408.00,0.0493
1407.00,0.0495
1406.00,0.0498
1405.00,0.0501
1404.00,0.0504
1403.00,0.0506
1402.00,0.0508
1401.00,0.0508
1400.00,0.0508
1399.00,0.0506
1398.00,0.0504
1397.00,0.0499
1396.00,0.0493
1395.00,0.0486
1394.00,0.0478
1393.00,0.0470
1392.00,0.0462
1391.00,0.0455
1390.00,0.0449
1389.00,0.0444
1388.00,0.0440
1387.00,0.0439
1386.00,0.0441
1385.00,0.0448
1384.00,0.0461
1383.00,0.0482
1382.00,0.0514
1381.00,0.0556
1380.00,0.0605
1379.00,0.0657
1378.00,0.0705
1377.00,0.0742
1376.00,0.0763
1375.00,0.0764
1374.00,0.0745
1373.00,0.0716
1372.00,0.0688
1371.00,0.0665
1370.00,0.0650
1369.00,0.0641
1368.00,0.0634
1367.00,0.0627
1366.00,0.0617
1365.00,0.0602
1364.00,0.0585
1363.00,0.0568
1362.00,0.0553
1361.00,0.0542
1360.00,0.0535
1359.00,0.0533
1358.00,0.0536
1357.00,0.0543
1356.00,0.0555
1355.00,0.0572
1354.00,0.0591
1353.00,0.0610
1352.00,0.0627
1351.00,0.0642
1350.00,0.0652
1349.00,0.0657
1348.00,0.0655
1347.00,0.0648
1346.00,0.0637
1345.00,0.0626
1344.00,0.0615
1343.00,0.0607
1342.00,0.0603
1341.00,0.0601
1340.00,0.0601
1339.00,0.0603
1338.00,0.0607
1337.00,0.0611
1336.00,0.0614
1335.00,0.0613
1334.00,0.0607
1333.00,0.0598
1332.00,0.0587
1331.00,0.0579
1330.00,0.0576
1329.00,0.0579
1328.00,0.0589
1327.00,0.0606
1326.00,0.0631
1325.00,0.0661
1324.00,0.0694
1323.00,0.0729
1322.00,0.0762
1321.00,0.0790
1320.00,0.0811
1319.00,0.0821
1318.00,0.0820
1317.00,0.0809
1316.00,0.0793
1315.00,0.0778
1314.00,0.0766
1313.00,0.0755
1312.00,0.0743
1311.00,0.0730
1310.00,0.0715
1309.00,0.0702
1308.00,0.0694
1307.00,0.0693
1306.00,0.0698
1305.00,0.0705
1304.00,0.0710
1303.00,0.0710
1302.00,0.0705
1301.00,0.0696
1300.00,0.0687
1299.00,0.0680
1298.00,0.0675
1297.00,0.0670
1296.00,0.0665
1295.00,0.0659
1294.00,0.0654
1293.00,0.0652
1292.00,0.0654
1291.00,0.0661
1290.00,0.0672
1289.00,0.0687
1288.00,0.0704
1287.00,0.0724
1286.00,0.0747
1285.00,0.0773
1284.00,0.0804
1283.00,0.0836
1282.00,0.0866
1281.00,0.0889
1280.00,0.0900
1279.00,0.0896
1278.00,0.0877
1277.00,0.0845
1276.00,0.0804
1275.00,0.0758
1274.00,0.0711
1273.00,0.0664
1272.00,0.0619
1271.00,0.0576
1270.00,0.0537
1269.00,0.0501
1268.00,0.0468
1267.00,0.0440
1266.00,0.0416
1265.00,0.0396
1264.00,0.0379
1263.00,0.0365
1262.00,0.0355
1261.00,0.0348
1260.00,0.0344
1259.00,0.0344
1258.00,0.0348
1257.00,0.0358
1256.00,0.0374
1255.00,0.0393
1254.00,0.0415
1253.00,0.0436
1252.00,0.0455
1251.00,0.0472
1250.00,0.0491
1249.00,0.0513
1248.00,0.0540
1247.00,0.0573
1246.00,0.0607
1245.00,0.0638
1244.00,0.0664
1243.00,0.0683
1242.00,0.0697
1241.00,0.0706
1240.00,0.0715
1239.00,0.0721
1238.00,0.0722
1237.00,0.0716
1236.00,0.0703
1235.00,0.0685
1234.00,0.0667
1233.00,0.0651
1232.00,0.0639
1231.00,0.0634
1230.00,0.0636
1229.00,0.0645
1228.00,0.0661
1227.00,0.0680
1226.00,0.0700
1225.00,0.0722
1224.00,0.0746
1223.00,0.0774
1222.00,0.0810
1221.00,0.0858
1220.00,0.0918
1219.00,0.0989
1218.00,0.1063
1217.00,0.1129
1216.00,0.1176
1215.00,0.1196
1214.00,0.1185
1213.00,0.1148
1212.00,0.1097
1211.00,0.1043
1210.00,0.1000
1209.00,0.0976
1208.00,0.0972
1207.00,0.0979
1206.00,0.0983
1205.00,0.0968
1204.00,0.0930
1203.00,0.0870
1202.00,0.0797
1201.00,0.0721
1200.00,0.0648
1199.00,0.0584
1198.00,0.0531
1197.00,0.0489
1196.00,0.0456
1195.00,0.0433
1194.00,0.0419
1193.00,0.0412
1192.00,0.0411
1191.00,0.0414
1190.00,0.0420
1189.00,0.0425
1188.00,0.0430
1187.00,0.0433
1186.00,0.0436
1185.00,0.0440
1184.00,0.0445
1183.00,0.0450
1182.00,0.0457
1181.00,0.0467
1180.00,0.0482
1179.00,0.0503
1178.00,0.0532
1177.00,0.0566
1176.00,0.0604
1175.00,0.0648
1174.00,0.0696
1173.00,0.0742
1172.00,0.0774
1171.00,0.0779
1170.00,0.0752
1169.00,0.0701
1168.00,0.0638
1167.00,0.0575
1166.00,0.0519
1165.00,0.0471
1164.00,0.0431
1163.00,0.0400
1162.00,0.0376
1161.00,0.0358
1160.00,0.0347
1159.00,0.0340
1158.00,0.0339
1157.00,0.0344
1156.00,0.0357
1155.00,0.0381
1154.00,0.0422
1153.00,0.0481
1152.00,0.0554
1151.00,0.0628
1150.00,0.0683
1149.00,0.0700
1148.00,0.0673
1147.00,0.0608
1146.00,0.0526
1145.00,0.0445
1144.00,0.0377
1143.00,0.0328
1142.00,0.0295
1141.00,0.0274
1140.00,0.0263
1139.00,0.0259
1138.00,0.0259
1137.00,0.0261
1136.00,0.0262
1135.00,0.0262
1134.00,0.0258
1133.00,0.0251
1132.00,0.0241
1131.00,0.0229
1130.00,0.0218
1129.00,0.0208
1128.00,0.0199
1127.00,0.0192
1126.00,0.0186
1125.00,0.0181
1124.00,0.0177
1123.00,0.0175
1122.00,0.0173
1121.00,0.0172
1120.00,0.0171
1119.00,0.0171
1118.00,0.0172
1117.00,0.0173
1116.00,0.0175
1115.00,0.0178
1114.00,0.0181
1113.00,0.0185
1112.00,0.0189
1111.00,0.0195
1110.00,0.0202
1109.00,0.0211
1108.00,0.0220
1107.00,0.0231
1106.00,0.0242
1105.00,0.0255
1104.00,0.0269
1103.00,0.0285
1102.00,0.0302
1101.00,0.0318
1100.00,0.0331
1099.00,0.0337
1098.00,0.0334
1097.00,0.0322
1096.00,0.0305
1095.00,0.0287
1094.00,0.0271
1093.00,0.0258
1092.00,0.0248
1091.00,0.0240
1090.00,0.0234
1089.00,0.0230
1088.00,0.0228
1087.00,0.0229
1086.00,0.0233
1085.00,0.0240
1084.00,0.0250
1083.00,0.0261
1082.00,0.0273
1081.00,0.0284
1080.00,0.0290
1079.00,0.0289
1078.00,0.0282
1077.00,0.0270
1076.00,0.0256
1075.00,0.0244
1074.00,0.0233
1073.00,0.0225
1072.00,0.0219
1071.00,0.0215
1070.00,0.0213
1069.00,0.0212
1068.00,0.0214
1067.00,0.0217
1066.00,0.0224
1065.00,0.0233
1064.00,0.0246
1063.00,0.0263
1062.00,0.0285
1061.00,0.0313
1060.00,0.0348
1059.00,0.0393
1058.00,0.0450
1057.00,0.0522
1056.00,0.0606
1055.00,0.0692
1054.00,0.0763
1053.00,0.0803
1052.00,0.0806
1051.00,0.0777
1050.00,0.0729
1049.00,0.0673
1048.00,0.0616
1047.00,0.0565
1046.00,0.0526
1045.00,0.0502
1044.00,0.0493
1043.00,0.0497
1042.00,0.0513
1041.00,0.0538
1040.00,0.0572
1039.00,0.0616
1038.00,0.0672
1037.00,0.0739
1036.00,0.0815
1035.00,0.0895
1034.00,0.0968
1033.00,0.1025
1032.00,0.1055
1031.00,0.1053
1030.00,0.1023
1029.00,0.0971
1028.00,0.0910
1027.00,0.0848
1026.00,0.0795
1025.00,0.0758
1024.00,0.0740
1023.00,0.0744
1022.00,0.0763
1021.00,0.0790
1020.00,0.0812
1019.00,0.0814
1018.00,0.0793
1017.00,0.0752
1016.00,0.0701
1015.00,0.0649
1014.00,0.0601
1013.00,0.0560
1012.00,0.0527
1011.00,0.0503
1010.00,0.0487
1009.00,0.0478
1008.00,0.0474
1007.00,0.0474
1006.00,0.0478
1005.00,0.0489
1004.00,0.0503
1003.00,0.0518
1002.00,0.0531
1001.00,0.0541
1000.00,0.0542
999.00,0.0530
998.00,0.0503
997.00,0.0465
996.00,0.0425
995.00,0.0390
994.00,0.0364
993.00,0.0348
992.00,0.0340
991.00,0.0340
990.00,0.0345
989.00,0.0354
988.00,0.0363
987.00,0.0372
986.00,0.0379
985.00,0.0381
984.00,0.0376
983.00,0.0364
982.00,0.0347
981.00,0.0328
980.00,0.0312
979.00,0.0300
978.00,0.0290
977.00,0.0283
976.00,0.0277
975.00,0.0272
974.00,0.0269
973.00,0.0268
972.00,0.0270
971.00,0.0275
970.00,0.0282
969.00,0.0291
968.00,0.0301
967.00,0.0313
966.00,0.0327
965.00,0.0346
964.00,0.0368
963.00,0.0394
962.00,0.0417
961.00,0.0432
960.00,0.0435
959.00,0.0425
958.00,0.0407
957.00,0.0385
956.00,0.0362
955.00,0.0342
954.00,0.0326
953.00,0.0314
952.00,0.0305
951.00,0.0298
950.00,0.0293
949.00,0.0289
948.00,0.0285
947.00,0.0282
946.00,0.0281
945.00,0.0280
944.00,0.0280
943.00,0.0280
942.00,0.0279
941.00,0.0277
940.00,0.0273
939.00,0.0268
938.00,0.0262
937.00,0.0256
936.00,0.0251
935.00,0.0249
934.00,0.0249
933.00,0.0252
932.00,0.0257
931.00,0.0264
930.00,0.0272
929.00,0.0279
928.00,0.0287
927.00,0.0293
926.00,0.0299
925.00,0.0303
924.00,0.0307
923.00,0.0311
922.00,0.0318
921.00,0.0327
920.00,0.0340
919.00,0.0354
918.00,0.0369
917.00,0.0384
916.00,0.0397
915.00,0.0407
914.00,0.0411
913.00,0.0407
912.00,0.0394
911.00,0.0380
910.00,0.0367
909.00,0.0361
908.00,0.0364
907.00,0.0377
906.00,0.0399
905.00,0.0429
904.00,0.0465
903.00,0.0503
902.00,0.0544
901.00,0.0589
900.00,0.0640
899.00,0.0695
898.00,0.0748
897.00,0.0786
896.00,0.0800
895.00,0.0796
894.00,0.0788
893.00,0.0797
892.00,0.0832
891.00,0.0884
890.00,0.0930
889.00,0.0953
888.00,0.0961
887.00,0.0983
886.00,0.1036
885.00,0.1109
884.00,0.1163
883.00,0.1157
882.00,0.1082
881.00,0.0962
880.00,0.0837
879.00,0.0732
878.00,0.0655
877.00,0.0602
876.00,0.0566
875.00,0.0544
874.00,0.0531
873.00,0.0529
872.00,0.0537
871.00,0.0550
870.00,0.0563
869.00,0.0572
868.00,0.0579
867.00,0.0591
866.00,0.0616
865.00,0.0659
864.00,0.0719
863.00,0.0784
862.00,0.0840
861.00,0.0875
860.00,0.0886
859.00,0.0883
858.00,0.0879
857.00,0.0879
856.00,0.0884
855.00,0.0887
854.00,0.0882
853.00,0.0872
852.00,0.0858
851.00,0.0843
850.00,0.0828
849.00,0.0811
848.00,0.0795
847.00,0.0781
846.00,0.0772
845.00,0.0769
844.00,0.0768
843.00,0.0766
842.00,0.0762
841.00,0.0758
840.00,0.0757
839.00,0.0757
838.00,0.0755
837.00,0.0746
836.00,0.0730
835.00,0.0712
834.00,0.0699
833.00,0.0693
832.00,0.0695
831.00,0.0704
830.00,0.0718
829.00,0.0730
828.00,0.0734
827.00,0.0723
826.00,0.0697
825.00,0.0657
824.00,0.0612
823.00,0.0568
822.00,0.0528
821.00,0.0493
820.00,0.0461
819.00,0.0434
818.00,0.0412
817.00,0.0396
816.00,0.0384
815.00,0.0378
814.00,0.0375
813.00,0.0374
812.00,0.0376
811.00,0.0380
810.00,0.0391
809.00,0.0412
808.00,0.0451
807.00,0.0509
806.00,0.0577
805.00,0.0639
804.00,0.0674
803.00,0.0673
802.00,0.0645
801.00,0.0608
800.00,0.0577
799.00,0.0559
798.00,0.0554
797.00,0.0558
796.00,0.0564
795.00,0.0568
794.00,0.0562
793.00,0.0547
792.00,0.0523
791.00,0.0496
790.00,0.0470
789.00,0.0449
788.00,0.0433
787.00,0.0423
786.00,0.0416
785.00,0.0409
784.00,0.0400
783.00,0.0391
782.00,0.0382
781.00,0.0375
780.00,0.0371
779.00,0.0370
778.00,0.0371
777.00,0.0373
776.00,0.0376
775.00,0.0380
774.00,0.0385
773.00,0.0391
772.00,0.0397
771.00,0.0403
770.00,0.0406
769.00,0.0405
768.00,0.0400
767.00,0.0392
766.00,0.0382
765.00,0.0372
764.00,0.0362
763.00,0.0355
762.00,0.0348
761.00,0.0344
760.00,0.0340
759.00,0.0338
758.00,0.0339
757.00,0.0341
756.00,0.0346
755.00,0.0353
754.00,0.0361
753.00,0.0366
752.00,0.0366
751.00,0.0363
750.00,0.0359
749.00,0.0355
748.00,0.0351
747.00,0.0344
746.00,0.0335
745.00,0.0325
744.00,0.0317
743.00,0.0313
742.00,0.0312
741.00,0.0314
740.00,0.0320
739.00,0.0329
738.00,0.0342
737.00,0.0358
736.00,0.0379
735.00,0.0401
734.00,0.0422
733.00,0.0439
732.00,0.0447
731.00,0.0442
730.00,0.0425
729.00,0.0403
728.00,0.0380
727.00,0.0362
726.00,0.0350
725.00,0.0342
724.00,0.0336
723.00,0.0332
722.00,0.0328
721.00,0.0325
720.00,0.0323
719.00,0.0322
718.00,0.0319
717.00,0.0316
716.00,0.0313
715.00,0.0310
714.00,0.0309
713.00,0.0309
712.00,0.0309
711.00,0.0309
710.00,0.0307
709.00,0.0304
708.00,0.0301
707.00,0.0298
706.00,0.0296
705.00,0.0294
704.00,0.0294
703.00,0.0294
702.00,0.0294
701.00,0.0294
700.00,0.0295
699.00,0.0296
698.00,0.0297
697.00,0.0298
696.00,0.0299
695.00,0.0300
694.00,0.0302
693.00,0.0305
692.00,0.0309
691.00,0.0313
690.00,0.0317
689.00,0.0322
688.00,0.0328
687.00,0.0335
686.00,0.0343
685.00,0.0352
684.00,0.0361
683.00,0.0370
682.00,0.0379
681.00,0.0387
680.00,0.0395
679.00,0.0401
678.00,0.0405
677.00,0.0407
676.00,0.0408
675.00,0.0408
674.00,0.0409
673.00,0.0412
672.00,0.0418
671.00,0.0426
670.00,0.0434
669.00,0.0439
668.00,0.0436
667.00,0.0425
666.00,0.0411
665.00,0.0398
664.00,0.0389
663.00,0.0382
662.00,0.0377
661.00,0.0374
660.00,0.0373
659.00,0.0373
658.00,0.0372
657.00,0.0369
656.00,0.0366
655.00,0.0364
654.00,0.0365
653.00,0.0369
652.00,0.0377
651.00,0.0386
650.00,0.0395
649.00,0.0401
648.00,0.0401
647.00,0.0397
646.00,0.0390
645.00,0.0380
644.00,0.0371
643.00,0.0364
642.00,0.0359
641.00,0.0357
640.00,0.0357
639.00,0.0359
638.00,0.0361
637.00,0.0364
636.00,0.0367
635.00,0.0370
634.00,0.0373
633.00,0.0374
632.00,0.0375
631.00,0.0375
630.00,0.0374
629.00,0.0372
628.00,0.0370
627.00,0.0368
626.00,0.0365
625.00,0.0363
624.00,0.0360
623.00,0.0357
622.00,0.0354
621.00,0.0350
620.00,0.0345
619.00,0.0341
618.00,0.0340
617.00,0.0344
616.00,0.0353
615.00,0.0365
614.00,0.0379
613.00,0.0393
612.00,0.0408
611.00,0.0418
610.00,0.0420
609.00,0.0413
608.00,0.0402
607.00,0.0392
606.00,0.0388
605.00,0.0389
604.00,0.0390
603.00,0.0392
602.00,0.0395
601.00,0.0400
600.00,0.0405
599.00,0.0410
598.00,0.0414
597.00,0.0417
596.00,0.0419
595.00,0.0421
594.00,0.0425
593.00,0.0431
592.00,0.0438
591.00,0.0447
590.00,0.0458
589.00,0.0468
588.00,0.0477
587.00,0.0483
586.00,0.0485
585.00,0.0484
584.00,0.0483
583.00,0.0487
582.00,0.0501
581.00,0.0526
580.00,0.0557
579.00,0.0583
578.00,0.0590
577.00,0.0572
576.00,0.0536
575.00,0.0493
574.00,0.0456
573.00,0.0429
572.00,0.0411
571.00,0.0400
570.00,0.0393
569.00,0.0389
568.00,0.0387
567.00,0.0386
566.00,0.0387
565.00,0.0389
564.00,0.0391
563.00,0.0394
562.00,0.0398
561.00,0.0404
560.00,0.0411
559.00,0.0421
558.00,0.0435
557.00,0.0455
556.00,0.0484
555.00,0.0523
554.00,0.0569
553.00,0.0612
552.00,0.0640
551.00,0.0645
550.00,0.0628
549.00,0.0598
548.00,0.0569
547.00,0.0551
546.00,0.0544
545.00,0.0546
544.00,0.0551
543.00,0.0554
542.00,0.0558
541.00,0.0566
540.00,0.0584
539.00,0.0614
538.00,0.0656
537.00,0.0702
536.00,0.0743
535.00,0.0764
534.00,0.0760
533.00,0.0732
532.00,0.0693
531.00,0.0656
530.00,0.0632
529.00,0.0627
528.00,0.0645
527.00,0.0679
526.00,0.0717
525.00,0.0747
524.00,0.0770
523.00,0.0786
522.00,0.0790
521.00,0.0771
520.00,0.0726
519.00,0.0662
518.00,0.0599
517.00,0.0549
516.00,0.0515
515.00,0.0495
514.00,0.0483
513.00,0.0477
512.00,0.0476
511.00,0.0480
510.00,0.0490
509.00,0.0503
508.00,0.0520
507.00,0.0541
506.00,0.0565
505.00,0.0593
504.00,0.0623
503.00,0.0657
502.00,0.0694
501.00,0.0734
500.00,0.0773
499.00,0.0812
498.00,0.0849
497.00,0.0886
496.00,0.0921
495.00,0.0953
494.00,0.0982
493.00,0.1008
492.00,0.1030
491.00,0.1048
490.00,0.1061
489.00,0.1070
488.00,0.1078
487.00,0.1081
486.00,0.1079
485.00,0.1073
484.00,0.1066
483.00,0.1059
482.00,0.1052
481.00,0.1046
480.00,0.1038
479.00,0.1031
478.00,0.1024
477.00,0.1020
476.00,0.1020
475.00,0.1020
474.00,0.1020
473.00,0.1020
472.00,0.1019
471.00,0.1020
470.00,0.1022
469.00,0.1027
468.00,0.1035
467.00,0.1043
466.00,0.1047
465.00,0.1046
464.00,0.1038
463.00,0.1023
462.00,0.1000
461.00,0.0976
460.00,0.0956
459.00,0.0939
458.00,0.0927
457.00,0.0919
456.00,0.0915
455.00,0.0914
454.00,0.0913
453.00,0.0908
452.00,0.0901
451.00,0.0891
450.00,0.0878
449.00,0.0863
448.00,0.0846
447.00,0.0830
446.00,0.0815
445.00,0.0801
444.00,0.0790
443.00,0.0780
442.00,0.0769
441.00,0.0759
440.00,0.0750
439.00,0.0744
438.00,0.0743
437.00,0.0744
436.00,0.0742
435.00,0.0736
434.00,0.0726
433.00,0.0715
432.00,0.0704
431.00,0.0695
430.00,0.0693
429.00,0.0700
428.00,0.0714
427.00,0.0730
426.00,0.0743
425.00,0.0751
424.00,0.0752
423.00,0.0748
422.00,0.0741
421.00,0.0731
420.00,0.0722
419.00,0.0712
418.00,0.0701
417.00,0.0692
416.00,0.0685
415.00,0.0682
414.00,0.0684
413.00,0.0691
412.00,0.0702
411.00,0.0713
410.00,0.0720
409.00,0.0723
408.00,0.0724
407.00,0.0728
406.00,0.0734
405.00,0.0742
404.00,0.0751
403.00,0.0763
402.00,0.0778
401.00,0.0796
400.00,0.0817
