Created as New Dataset,Sample 752 By YargerLab Date Friday, March 20 2026
cm-1,A
4000.00,0.0065
3999.00,0.0065
3998.00,0.0064
3997.00,0.0064
3996.00,0.0064
3995.00,0.0064
3994.00,0.0064
3993.00,0.0065
3992.00,0.0065
3991.00,0.0065
3990.00,0.0064
3989.00,0.0064
3988.00,0.0064
3987.00,0.0064
3986.00,0.0064
3985.00,0.0064
3984.00,0.0064
3983.00,0.0064
3982.00,0.0064
3981.00,0.0064
3980.00,0.0064
3979.00,0.0064
3978.00,0.0064
3977.00,0.0064
3976.00,0.0064
3975.00,0.0064
3974.00,0.0064
3973.00,0.0064
3972.00,0.0064
3971.00,0.0064
3970.00,0.0063
3969.00,0.0063
3968.00,0.0063
3967.00,0.0063
3966.00,0.0063
3965.00,0.0063
3964.00,0.0063
3963.00,0.0062
3962.00,0.0062
3961.00,0.0062
3960.00,0.0063
3959.00,0.0063
3958.00,0.0063
3957.00,0.0063
3956.00,0.0063
3955.00,0.0063
3954.00,0.0063
3953.00,0.0062
3952.00,0.0062
3951.00,0.0062
3950.00,0.0062
3949.00,0.0062
3948.00,0.0062
3947.00,0.0062
3946.00,0.0062
3945.00,0.0062
3944.00,0.0063
3943.00,0.0063
3942.00,0.0063
3941.00,0.0063
3940.00,0.0063
3939.00,0.0063
3938.00,0.0063
3937.00,0.0062
3936.00,0.0062
3935.00,0.0062
3934.00,0.0062
3933.00,0.0062
3932.00,0.0062
3931.00,0.0062
3930.00,0.0062
3929.00,0.0062
3928.00,0.0062
3927.00,0.0062
3926.00,0.0062
3925.00,0.0062
3924.00,0.0062
3923.00,0.0062
3922.00,0.0062
3921.00,0.0062
3920.00,0.0062
3919.00,0.0062
3918.00,0.0062
3917.00,0.0062
3916.00,0.0062
3915.00,0.0062
3914.00,0.0062
3913.00,0.0062
3912.00,0.0062
3911.00,0.0062
3910.00,0.0062
3909.00,0.0062
3908.00,0.0062
3907.00,0.0062
3906.00,0.0062
3905.00,0.0062
3904.00,0.0062
3903.00,0.0062
3902.00,0.0062
3901.00,0.0063
3900.00,0.0063
3899.00,0.0063
3898.00,0.0063
3897.00,0.0062
3896.00,0.0062
3895.00,0.0062
3894.00,0.0062
3893.00,0.0062
3892.00,0.0062
3891.00,0.0061
3890.00,0.0061
3889.00,0.0061
3888.00,0.0062
3887.00,0.0062
3886.00,0.0062
3885.00,0.0062
3884.00,0.0062
3883.00,0.0062
3882.00,0.0062
3881.00,0.0062
3880.00,0.0062
3879.00,0.0061
3878.00,0.0061
3877.00,0.0061
3876.00,0.0061
3875.00,0.0061
3874.00,0.0061
3873.00,0.0061
3872.00,0.0061
3871.00,0.0061
3870.00,0.0062
3869.00,0.0062
3868.00,0.0062
3867.00,0.0062
3866.00,0.0062
3865.00,0.0062
3864.00,0.0061
3863.00,0.0061
3862.00,0.0061
3861.00,0.0061
3860.00,0.0061
3859.00,0.0061
3858.00,0.0061
3857.00,0.0062
3856.00,0.0063
3855.00,0.0064
3854.00,0.0064
3853.00,0.0063
3852.00,0.0063
3851.00,0.0063
3850.00,0.0063
3849.00,0.0062
3848.00,0.0062
3847.00,0.0061
3846.00,0.0060
3845.00,0.0060
3844.00,0.0060
3843.00,0.0060
3842.00,0.0060
3841.00,0.0060
3840.00,0.0060
3839.00,0.0061
3838.00,0.0061
3837.00,0.0061
3836.00,0.0061
3835.00,0.0061
3834.00,0.0061
3833.00,0.0061
3832.00,0.0061
3831.00,0.0060
3830.00,0.0060
3829.00,0.0060
3828.00,0.0060
3827.00,0.0060
3826.00,0.0059
3825.00,0.0059
3824.00,0.0059
3823.00,0.0060
3822.00,0.0060
3821.00,0.0060
3820.00,0.0060
3819.00,0.0060
3818.00,0.0060
3817.00,0.0060
3816.00,0.0060
3815.00,0.0060
3814.00,0.0060
3813.00,0.0060
3812.00,0.0060
3811.00,0.0059
3810.00,0.0059
3809.00,0.0059
3808.00,0.0059
3807.00,0.0059
3806.00,0.0059
3805.00,0.0059
3804.00,0.0059
3803.00,0.0059
3802.00,0.0059
3801.00,0.0059
3800.00,0.0059
3799.00,0.0059
3798.00,0.0059
3797.00,0.0059
3796.00,0.0059
3795.00,0.0059
3794.00,0.0059
3793.00,0.0059
3792.00,0.0059
3791.00,0.0059
3790.00,0.0059
3789.00,0.0059
3788.00,0.0058
3787.00,0.0058
3786.00,0.0058
3785.00,0.0058
3784.00,0.0058
3783.00,0.0058
3782.00,0.0058
3781.00,0.0058
3780.00,0.0058
3779.00,0.0058
3778.00,0.0058
3777.00,0.0058
3776.00,0.0059
3775.00,0.0059
3774.00,0.0058
3773.00,0.0058
3772.00,0.0058
3771.00,0.0058
3770.00,0.0058
3769.00,0.0058
3768.00,0.0058
3767.00,0.0058
3766.00,0.0058
3765.00,0.0058
3764.00,0.0058
3763.00,0.0058
3762.00,0.0057
3761.00,0.0057
3760.00,0.0057
3759.00,0.0057
3758.00,0.0057
3757.00,0.0057
3756.00,0.0057
3755.00,0.0058
3754.00,0.0058
3753.00,0.0058
3752.00,0.0058
3751.00,0.0058
3750.00,0.0058
3749.00,0.0059
3748.00,0.0059
3747.00,0.0059
3746.00,0.0059
3745.00,0.0059
3744.00,0.0059
3743.00,0.0059
3742.00,0.0058
3741.00,0.0058
3740.00,0.0057
3739.00,0.0056
3738.00,0.0055
3737.00,0.0055
3736.00,0.0055
3735.00,0.0056
3734.00,0.0056
3733.00,0.0056
3732.00,0.0056
3731.00,0.0056
3730.00,0.0056
3729.00,0.0057
3728.00,0.0057
3727.00,0.0057
3726.00,0.0057
3725.00,0.0057
3724.00,0.0057
3723.00,0.0057
3722.00,0.0057
3721.00,0.0057
3720.00,0.0057
3719.00,0.0057
3718.00,0.0056
3717.00,0.0056
3716.00,0.0056
3715.00,0.0056
3714.00,0.0056
3713.00,0.0056
3712.00,0.0056
3711.00,0.0056
3710.00,0.0056
3709.00,0.0056
3708.00,0.0056
3707.00,0.0056
3706.00,0.0056
3705.00,0.0056
3704.00,0.0057
3703.00,0.0057
3702.00,0.0056
3701.00,0.0056
3700.00,0.0055
3699.00,0.0055
3698.00,0.0055
3697.00,0.0055
3696.00,0.0055
3695.00,0.0055
3694.00,0.0055
3693.00,0.0055
3692.00,0.0055
3691.00,0.0055
3690.00,0.0055
3689.00,0.0055
3688.00,0.0056
3687.00,0.0056
3686.00,0.0057
3685.00,0.0056
3684.00,0.0056
3683.00,0.0055
3682.00,0.0055
3681.00,0.0055
3680.00,0.0055
3679.00,0.0055
3678.00,0.0056
3677.00,0.0056
3676.00,0.0056
3675.00,0.0057
3674.00,0.0057
3673.00,0.0058
3672.00,0.0058
3671.00,0.0058
3670.00,0.0058
3669.00,0.0058
3668.00,0.0058
3667.00,0.0058
3666.00,0.0058
3665.00,0.0057
3664.00,0.0057
3663.00,0.0057
3662.00,0.0057
3661.00,0.0057
3660.00,0.0057
3659.00,0.0057
3658.00,0.0057
3657.00,0.0057
3656.00,0.0057
3655.00,0.0057
3654.00,0.0057
3653.00,0.0057
3652.00,0.0057
3651.00,0.0056
3650.00,0.0056
3649.00,0.0056
3648.00,0.0056
3647.00,0.0057
3646.00,0.0058
3645.00,0.0058
3644.00,0.0058
3643.00,0.0057
3642.00,0.0057
3641.00,0.0056
3640.00,0.0056
3639.00,0.0056
3638.00,0.0055
3637.00,0.0055
3636.00,0.0055
3635.00,0.0055
3634.00,0.0055
3633.00,0.0055
3632.00,0.0055
3631.00,0.0056
3630.00,0.0056
3629.00,0.0056
3628.00,0.0056
3627.00,0.0056
3626.00,0.0056
3625.00,0.0055
3624.00,0.0055
3623.00,0.0055
3622.00,0.0055
3621.00,0.0055
3620.00,0.0055
3619.00,0.0055
3618.00,0.0055
3617.00,0.0055
3616.00,0.0055
3615.00,0.0055
3614.00,0.0054
3613.00,0.0054
3612.00,0.0054
3611.00,0.0054
3610.00,0.0054
3609.00,0.0055
3608.00,0.0055
3607.00,0.0055
3606.00,0.0054
3605.00,0.0054
3604.00,0.0054
3603.00,0.0054
3602.00,0.0053
3601.00,0.0053
3600.00,0.0052
3599.00,0.0052
3598.00,0.0052
3597.00,0.0053
3596.00,0.0053
3595.00,0.0053
3594.00,0.0053
3593.00,0.0053
3592.00,0.0053
3591.00,0.0053
3590.00,0.0053
3589.00,0.0053
3588.00,0.0053
3587.00,0.0053
3586.00,0.0053
3585.00,0.0053
3584.00,0.0054
3583.00,0.0053
3582.00,0.0053
3581.00,0.0053
3580.00,0.0053
3579.00,0.0053
3578.00,0.0053
3577.00,0.0053
3576.00,0.0053
3575.00,0.0053
3574.00,0.0053
3573.00,0.0053
3572.00,0.0053
3571.00,0.0053
3570.00,0.0053
3569.00,0.0053
3568.00,0.0053
3567.00,0.0054
3566.00,0.0054
3565.00,0.0054
3564.00,0.0054
3563.00,0.0054
3562.00,0.0054
3561.00,0.0054
3560.00,0.0053
3559.00,0.0053
3558.00,0.0053
3557.00,0.0053
3556.00,0.0054
3555.00,0.0054
3554.00,0.0054
3553.00,0.0054
3552.00,0.0054
3551.00,0.0054
3550.00,0.0054
3549.00,0.0053
3548.00,0.0053
3547.00,0.0053
3546.00,0.0053
3545.00,0.0053
3544.00,0.0053
3543.00,0.0054
3542.00,0.0054
3541.00,0.0054
3540.00,0.0054
3539.00,0.0054
3538.00,0.0054
3537.00,0.0054
3536.00,0.0054
3535.00,0.0054
3534.00,0.0054
3533.00,0.0054
3532.00,0.0054
3531.00,0.0054
3530.00,0.0054
3529.00,0.0054
3528.00,0.0054
3527.00,0.0054
3526.00,0.0053
3525.00,0.0053
3524.00,0.0053
3523.00,0.0053
3522.00,0.0054
3521.00,0.0054
3520.00,0.0054
3519.00,0.0054
3518.00,0.0054
3517.00,0.0054
3516.00,0.0054
3515.00,0.0054
3514.00,0.0054
3513.00,0.0054
3512.00,0.0054
3511.00,0.0055
3510.00,0.0055
3509.00,0.0055
3508.00,0.0055
3507.00,0.0055
3506.00,0.0055
3505.00,0.0055
3504.00,0.0055
3503.00,0.0055
3502.00,0.0055
3501.00,0.0056
3500.00,0.0056
3499.00,0.0056
3498.00,0.0056
3497.00,0.0056
3496.00,0.0056
3495.00,0.0057
3494.00,0.0057
3493.00,0.0057
3492.00,0.0058
3491.00,0.0058
3490.00,0.0059
3489.00,0.0059
3488.00,0.0059
3487.00,0.0060
3486.00,0.0060
3485.00,0.0061
3484.00,0.0061
3483.00,0.0061
3482.00,0.0062
3481.00,0.0062
3480.00,0.0063
3479.00,0.0063
3478.00,0.0064
3477.00,0.0064
3476.00,0.0065
3475.00,0.0066
3474.00,0.0066
3473.00,0.0067
3472.00,0.0067
3471.00,0.0068
3470.00,0.0068
3469.00,0.0069
3468.00,0.0070
3467.00,0.0071
3466.00,0.0072
3465.00,0.0074
3464.00,0.0075
3463.00,0.0076
3462.00,0.0077
3461.00,0.0078
3460.00,0.0079
3459.00,0.0081
3458.00,0.0082
3457.00,0.0084
3456.00,0.0085
3455.00,0.0087
3454.00,0.0088
3453.00,0.0090
3452.00,0.0092
3451.00,0.0095
3450.00,0.0097
3449.00,0.0099
3448.00,0.0101
3447.00,0.0104
3446.00,0.0106
3445.00,0.0109
3444.00,0.0111
3443.00,0.0113
3442.00,0.0116
3441.00,0.0118
3440.00,0.0121
3439.00,0.0124
3438.00,0.0127
3437.00,0.0130
3436.00,0.0133
3435.00,0.0137
3434.00,0.0140
3433.00,0.0145
3432.00,0.0149
3431.00,0.0154
3430.00,0.0159
3429.00,0.0165
3428.00,0.0172
3427.00,0.0179
3426.00,0.0187
3425.00,0.0196
3424.00,0.0205
3423.00,0.0216
3422.00,0.0227
3421.00,0.0240
3420.00,0.0255
3419.00,0.0271
3418.00,0.0289
3417.00,0.0308
3416.00,0.0330
3415.00,0.0354
3414.00,0.0382
3413.00,0.0412
3412.00,0.0447
3411.00,0.0485
3410.00,0.0526
3409.00,0.0570
3408.00,0.0617
3407.00,0.0666
3406.00,0.0714
3405.00,0.0762
3404.00,0.0807
3403.00,0.0848
3402.00,0.0884
3401.00,0.0914
3400.00,0.0938
3399.00,0.0954
3398.00,0.0961
3397.00,0.0961
3396.00,0.0952
3395.00,0.0937
3394.00,0.0915
3393.00,0.0890
3392.00,0.0862
3391.00,0.0834
3390.00,0.0805
3389.00,0.0777
3388.00,0.0749
3387.00,0.0723
3386.00,0.0699
3385.00,0.0676
3384.00,0.0654
3383.00,0.0635
3382.00,0.0616
3381.00,0.0599
3380.00,0.0582
3379.00,0.0566
3378.00,0.0551
3377.00,0.0536
3376.00,0.0522
3375.00,0.0508
3374.00,0.0493
3373.00,0.0479
3372.00,0.0464
3371.00,0.0450
3370.00,0.0437
3369.00,0.0424
3368.00,0.0413
3367.00,0.0403
3366.00,0.0394
3365.00,0.0384
3364.00,0.0375
3363.00,0.0366
3362.00,0.0358
3361.00,0.0349
3360.00,0.0341
3359.00,0.0334
3358.00,0.0327
3357.00,0.0321
3356.00,0.0314
3355.00,0.0308
3354.00,0.0301
3353.00,0.0294
3352.00,0.0287
3351.00,0.0282
3350.00,0.0277
3349.00,0.0274
3348.00,0.0270
3347.00,0.0267
3346.00,0.0263
3345.00,0.0259
3344.00,0.0255
3343.00,0.0251
3342.00,0.0248
3341.00,0.0245
3340.00,0.0242
3339.00,0.0239
3338.00,0.0238
3337.00,0.0237
3336.00,0.0237
3335.00,0.0236
3334.00,0.0236
3333.00,0.0236
3332.00,0.0236
3331.00,0.0236
3330.00,0.0236
3329.00,0.0236
3328.00,0.0237
3327.00,0.0238
3326.00,0.0240
3325.00,0.0242
3324.00,0.0245
3323.00,0.0248
3322.00,0.0251
3321.00,0.0254
3320.00,0.0256
3319.00,0.0258
3318.00,0.0260
3317.00,0.0260
3316.00,0.0261
3315.00,0.0260
3314.00,0.0259
3313.00,0.0257
3312.00,0.0255
3311.00,0.0252
3310.00,0.0248
3309.00,0.0244
3308.00,0.0240
3307.00,0.0236
3306.00,0.0233
3305.00,0.0230
3304.00,0.0228
3303.00,0.0226
3302.00,0.0224
3301.00,0.0221
3300.00,0.0219
3299.00,0.0216
3298.00,0.0213
3297.00,0.0210
3296.00,0.0208
3295.00,0.0205
3294.00,0.0204
3293.00,0.0202
3292.00,0.0201
3291.00,0.0201
3290.00,0.0200
3289.00,0.0200
3288.00,0.0200
3287.00,0.0199
3286.00,0.0198
3285.00,0.0197
3284.00,0.0197
3283.00,0.0196
3282.00,0.0195
3281.00,0.0194
3280.00,0.0194
3279.00,0.0193
3278.00,0.0192
3277.00,0.0191
3276.00,0.0190
3275.00,0.0189
3274.00,0.0189
3273.00,0.0188
3272.00,0.0188
3271.00,0.0189
3270.00,0.0189
3269.00,0.0191
3268.00,0.0192
3267.00,0.0193
3266.00,0.0195
3265.00,0.0196
3264.00,0.0197
3263.00,0.0199
3262.00,0.0200
3261.00,0.0202
3260.00,0.0203
3259.00,0.0205
3258.00,0.0206
3257.00,0.0207
3256.00,0.0209
3255.00,0.0212
3254.00,0.0214
3253.00,0.0216
3252.00,0.0219
3251.00,0.0221
3250.00,0.0223
3249.00,0.0225
3248.00,0.0227
3247.00,0.0229
3246.00,0.0232
3245.00,0.0234
3244.00,0.0237
3243.00,0.0240
3242.00,0.0242
3241.00,0.0244
3240.00,0.0246
3239.00,0.0248
3238.00,0.0249
3237.00,0.0250
3236.00,0.0251
3235.00,0.0252
3234.00,0.0253
3233.00,0.0255
3232.00,0.0257
3231.00,0.0259
3230.00,0.0262
3229.00,0.0265
3228.00,0.0268
3227.00,0.0271
3226.00,0.0274
3225.00,0.0278
3224.00,0.0283
3223.00,0.0287
3222.00,0.0292
3221.00,0.0296
3220.00,0.0301
3219.00,0.0306
3218.00,0.0312
3217.00,0.0317
3216.00,0.0322
3215.00,0.0327
3214.00,0.0332
3213.00,0.0338
3212.00,0.0344
3211.00,0.0350
3210.00,0.0357
3209.00,0.0364
3208.00,0.0371
3207.00,0.0379
3206.00,0.0387
3205.00,0.0397
3204.00,0.0406
3203.00,0.0416
3202.00,0.0426
3201.00,0.0436
3200.00,0.0446
3199.00,0.0456
3198.00,0.0465
3197.00,0.0475
3196.00,0.0484
3195.00,0.0493
3194.00,0.0502
3193.00,0.0510
3192.00,0.0518
3191.00,0.0526
3190.00,0.0534
3189.00,0.0541
3188.00,0.0548
3187.00,0.0555
3186.00,0.0561
3185.00,0.0567
3184.00,0.0572
3183.00,0.0576
3182.00,0.0580
3181.00,0.0582
3180.00,0.0583
3179.00,0.0584
3178.00,0.0583
3177.00,0.0582
3176.00,0.0580
3175.00,0.0578
3174.00,0.0575
3173.00,0.0573
3172.00,0.0570
3171.00,0.0566
3170.00,0.0563
3169.00,0.0558
3168.00,0.0553
3167.00,0.0546
3166.00,0.0538
3165.00,0.0530
3164.00,0.0521
3163.00,0.0511
3162.00,0.0500
3161.00,0.0489
3160.00,0.0477
3159.00,0.0466
3158.00,0.0454
3157.00,0.0442
3156.00,0.0431
3155.00,0.0419
3154.00,0.0408
3153.00,0.0398
3152.00,0.0389
3151.00,0.0380
3150.00,0.0371
3149.00,0.0363
3148.00,0.0356
3147.00,0.0349
3146.00,0.0342
3145.00,0.0335
3144.00,0.0329
3143.00,0.0323
3142.00,0.0318
3141.00,0.0312
3140.00,0.0308
3139.00,0.0303
3138.00,0.0299
3137.00,0.0296
3136.00,0.0293
3135.00,0.0289
3134.00,0.0287
3133.00,0.0284
3132.00,0.0281
3131.00,0.0279
3130.00,0.0276
3129.00,0.0274
3128.00,0.0272
3127.00,0.0270
3126.00,0.0268
3125.00,0.0266
3124.00,0.0264
3123.00,0.0263
3122.00,0.0261
3121.00,0.0260
3120.00,0.0259
3119.00,0.0258
3118.00,0.0257
3117.00,0.0256
3116.00,0.0255
3115.00,0.0255
3114.00,0.0254
3113.00,0.0254
3112.00,0.0253
3111.00,0.0252
3110.00,0.0251
3109.00,0.0250
3108.00,0.0250
3107.00,0.0249
3106.00,0.0249
3105.00,0.0248
3104.00,0.0246
3103.00,0.0245
3102.00,0.0244
3101.00,0.0244
3100.00,0.0244
3099.00,0.0244
3098.00,0.0244
3097.00,0.0245
3096.00,0.0245
3095.00,0.0245
3094.00,0.0246
3093.00,0.0246
3092.00,0.0247
3091.00,0.0249
3090.00,0.0251
3089.00,0.0255
3088.00,0.0261
3087.00,0.0269
3086.00,0.0277
3085.00,0.0283
3084.00,0.0286
3083.00,0.0285
3082.00,0.0280
3081.00,0.0273
3080.00,0.0266
3079.00,0.0259
3078.00,0.0253
3077.00,0.0248
3076.00,0.0245
3075.00,0.0242
3074.00,0.0239
3073.00,0.0237
3072.00,0.0235
3071.00,0.0233
3070.00,0.0232
3069.00,0.0231
3068.00,0.0230
3067.00,0.0229
3066.00,0.0229
3065.00,0.0229
3064.00,0.0230
3063.00,0.0231
3062.00,0.0232
3061.00,0.0233
3060.00,0.0235
3059.00,0.0238
3058.00,0.0240
3057.00,0.0244
3056.00,0.0247
3055.00,0.0250
3054.00,0.0253
3053.00,0.0256
3052.00,0.0257
3051.00,0.0258
3050.00,0.0257
3049.00,0.0255
3048.00,0.0253
3047.00,0.0251
3046.00,0.0248
3045.00,0.0246
3044.00,0.0244
3043.00,0.0243
3042.00,0.0242
3041.00,0.0242
3040.00,0.0243
3039.00,0.0245
3038.00,0.0248
3037.00,0.0251
3036.00,0.0255
3035.00,0.0260
3034.00,0.0265
3033.00,0.0268
3032.00,0.0271
3031.00,0.0272
3030.00,0.0273
3029.00,0.0275
3028.00,0.0278
3027.00,0.0283
3026.00,0.0289
3025.00,0.0294
3024.00,0.0296
3023.00,0.0295
3022.00,0.0291
3021.00,0.0285
3020.00,0.0278
3019.00,0.0273
3018.00,0.0269
3017.00,0.0267
3016.00,0.0266
3015.00,0.0266
3014.00,0.0267
3013.00,0.0268
3012.00,0.0269
3011.00,0.0269
3010.00,0.0269
3009.00,0.0267
3008.00,0.0265
3007.00,0.0262
3006.00,0.0259
3005.00,0.0255
3004.00,0.0253
3003.00,0.0250
3002.00,0.0249
3001.00,0.0248
3000.00,0.0248
2999.00,0.0248
2998.00,0.0250
2997.00,0.0252
2996.00,0.0255
2995.00,0.0260
2994.00,0.0267
2993.00,0.0275
2992.00,0.0286
2991.00,0.0299
2990.00,0.0314
2989.00,0.0332
2988.00,0.0353
2987.00,0.0375
2986.00,0.0397
2985.00,0.0419
2984.00,0.0437
2983.00,0.0452
2982.00,0.0463
2981.00,0.0467
2980.00,0.0465
2979.00,0.0454
2978.00,0.0434
2977.00,0.0410
2976.00,0.0386
2975.00,0.0365
2974.00,0.0352
2973.00,0.0345
2972.00,0.0347
2971.00,0.0356
2970.00,0.0373
2969.00,0.0399
2968.00,0.0434
2967.00,0.0477
2966.00,0.0523
2965.00,0.0569
2964.00,0.0609
2963.00,0.0635
2962.00,0.0648
2961.00,0.0647
2960.00,0.0639
2959.00,0.0630
2958.00,0.0625
2957.00,0.0628
2956.00,0.0639
2955.00,0.0655
2954.00,0.0671
2953.00,0.0682
2952.00,0.0686
2951.00,0.0680
2950.00,0.0667
2949.00,0.0649
2948.00,0.0627
2947.00,0.0602
2946.00,0.0574
2945.00,0.0546
2944.00,0.0519
2943.00,0.0495
2942.00,0.0476
2941.00,0.0462
2940.00,0.0452
2939.00,0.0446
2938.00,0.0442
2937.00,0.0442
2936.00,0.0446
2935.00,0.0455
2934.00,0.0469
2933.00,0.0487
2932.00,0.0508
2931.00,0.0527
2930.00,0.0542
2929.00,0.0552
2928.00,0.0557
2927.00,0.0559
2926.00,0.0560
2925.00,0.0561
2924.00,0.0564
2923.00,0.0567
2922.00,0.0568
2921.00,0.0567
2920.00,0.0564
2919.00,0.0558
2918.00,0.0551
2917.00,0.0544
2916.00,0.0538
2915.00,0.0534
2914.00,0.0532
2913.00,0.0532
2912.00,0.0533
2911.00,0.0534
2910.00,0.0535
2909.00,0.0535
2908.00,0.0533
2907.00,0.0529
2906.00,0.0525
2905.00,0.0519
2904.00,0.0513
2903.00,0.0508
2902.00,0.0502
2901.00,0.0498
2900.00,0.0493
2899.00,0.0489
2898.00,0.0485
2897.00,0.0482
2896.00,0.0478
2895.00,0.0474
2894.00,0.0470
2893.00,0.0466
2892.00,0.0463
2891.00,0.0459
2890.00,0.0455
2889.00,0.0451
2888.00,0.0446
2887.00,0.0442
2886.00,0.0438
2885.00,0.0435
2884.00,0.0434
2883.00,0.0433
2882.00,0.0433
2881.00,0.0433
2880.00,0.0433
2879.00,0.0433
2878.00,0.0432
2877.00,0.0432
2876.00,0.0432
2875.00,0.0432
2874.00,0.0434
2873.00,0.0438
2872.00,0.0444
2871.00,0.0454
2870.00,0.0469
2869.00,0.0489
2868.00,0.0514
2867.00,0.0542
2866.00,0.0568
2865.00,0.0588
2864.00,0.0597
2863.00,0.0593
2862.00,0.0576
2861.00,0.0551
2860.00,0.0522
2859.00,0.0494
2858.00,0.0469
2857.00,0.0449
2856.00,0.0433
2855.00,0.0422
2854.00,0.0415
2853.00,0.0411
2852.00,0.0411
2851.00,0.0415
2850.00,0.0421
2849.00,0.0430
2848.00,0.0440
2847.00,0.0451
2846.00,0.0460
2845.00,0.0466
2844.00,0.0468
2843.00,0.0465
2842.00,0.0458
2841.00,0.0447
2840.00,0.0436
2839.00,0.0424
2838.00,0.0413
2837.00,0.0403
2836.00,0.0395
2835.00,0.0388
2834.00,0.0381
2833.00,0.0376
2832.00,0.0371
2831.00,0.0366
2830.00,0.0361
2829.00,0.0357
2828.00,0.0353
2827.00,0.0350
2826.00,0.0347
2825.00,0.0345
2824.00,0.0343
2823.00,0.0341
2822.00,0.0340
2821.00,0.0340
2820.00,0.0339
2819.00,0.0338
2818.00,0.0338
2817.00,0.0338
2816.00,0.0338
2815.00,0.0339
2814.00,0.0339
2813.00,0.0339
2812.00,0.0340
2811.00,0.0341
2810.00,0.0342
2809.00,0.0343
2808.00,0.0345
2807.00,0.0347
2806.00,0.0349
2805.00,0.0351
2804.00,0.0353
2803.00,0.0355
2802.00,0.0356
2801.00,0.0358
2800.00,0.0360
2799.00,0.0362
2798.00,0.0365
2797.00,0.0367
2796.00,0.0370
2795.00,0.0373
2794.00,0.0375
2793.00,0.0378
2792.00,0.0380
2791.00,0.0382
2790.00,0.0384
2789.00,0.0386
2788.00,0.0388
2787.00,0.0390
2786.00,0.0392
2785.00,0.0393
2784.00,0.0394
2783.00,0.0394
2782.00,0.0394
2781.00,0.0394
2780.00,0.0394
2779.00,0.0394
2778.00,0.0393
2777.00,0.0392
2776.00,0.0391
2775.00,0.0390
2774.00,0.0390
2773.00,0.0389
2772.00,0.0388
2771.00,0.0387
2770.00,0.0386
2769.00,0.0385
2768.00,0.0384
2767.00,0.0382
2766.00,0.0380
2765.00,0.0379
2764.00,0.0377
2763.00,0.0375
2762.00,0.0373
2761.00,0.0370
2760.00,0.0368
2759.00,0.0366
2758.00,0.0364
2757.00,0.0363
2756.00,0.0361
2755.00,0.0359
2754.00,0.0357
2753.00,0.0356
2752.00,0.0355
2751.00,0.0354
2750.00,0.0352
2749.00,0.0351
2748.00,0.0350
2747.00,0.0349
2746.00,0.0348
2745.00,0.0347
2744.00,0.0347
2743.00,0.0346
2742.00,0.0345
2741.00,0.0345
2740.00,0.0344
2739.00,0.0344
2738.00,0.0343
2737.00,0.0343
2736.00,0.0342
2735.00,0.0342
2734.00,0.0341
2733.00,0.0341
2732.00,0.0341
2731.00,0.0340
2730.00,0.0340
2729.00,0.0340
2728.00,0.0339
2727.00,0.0339
2726.00,0.0339
2725.00,0.0339
2724.00,0.0339
2723.00,0.0339
2722.00,0.0339
2721.00,0.0338
2720.00,0.0338
2719.00,0.0338
2718.00,0.0338
2717.00,0.0339
2716.00,0.0340
2715.00,0.0341
2714.00,0.0343
2713.00,0.0345
2712.00,0.0346
2711.00,0.0347
2710.00,0.0348
2709.00,0.0349
2708.00,0.0349
2707.00,0.0349
2706.00,0.0349
2705.00,0.0349
2704.00,0.0350
2703.00,0.0350
2702.00,0.0351
2701.00,0.0352
2700.00,0.0353
2699.00,0.0354
2698.00,0.0354
2697.00,0.0355
2696.00,0.0356
2695.00,0.0357
2694.00,0.0357
2693.00,0.0358
2692.00,0.0359
2691.00,0.0359
2690.00,0.0360
2689.00,0.0360
2688.00,0.0361
2687.00,0.0361
2686.00,0.0361
2685.00,0.0362
2684.00,0.0362
2683.00,0.0362
2682.00,0.0362
2681.00,0.0362
2680.00,0.0362
2679.00,0.0362
2678.00,0.0362
2677.00,0.0361
2676.00,0.0360
2675.00,0.0359
2674.00,0.0358
2673.00,0.0357
2672.00,0.0355
2671.00,0.0354
2670.00,0.0352
2669.00,0.0351
2668.00,0.0350
2667.00,0.0349
2666.00,0.0348
2665.00,0.0347
2664.00,0.0346
2663.00,0.0345
2662.00,0.0343
2661.00,0.0343
2660.00,0.0342
2659.00,0.0341
2658.00,0.0340
2657.00,0.0339
2656.00,0.0339
2655.00,0.0338
2654.00,0.0337
2653.00,0.0336
2652.00,0.0335
2651.00,0.0335
2650.00,0.0334
2649.00,0.0333
2648.00,0.0332
2647.00,0.0331
2646.00,0.0331
2645.00,0.0330
2644.00,0.0330
2643.00,0.0329
2642.00,0.0329
2641.00,0.0329
2640.00,0.0329
2639.00,0.0329
2638.00,0.0330
2637.00,0.0330
2636.00,0.0331
2635.00,0.0331
2634.00,0.0332
2633.00,0.0333
2632.00,0.0334
2631.00,0.0335
2630.00,0.0335
2629.00,0.0336
2628.00,0.0336
2627.00,0.0336
2626.00,0.0337
2625.00,0.0337
2624.00,0.0338
2623.00,0.0338
2622.00,0.0339
2621.00,0.0339
2620.00,0.0340
2619.00,0.0341
2618.00,0.0342
2617.00,0.0343
2616.00,0.0345
2615.00,0.0346
2614.00,0.0348
2613.00,0.0350
2612.00,0.0351
2611.00,0.0353
2610.00,0.0354
2609.00,0.0356
2608.00,0.0357
2607.00,0.0359
2606.00,0.0359
2605.00,0.0360
2604.00,0.0361
2603.00,0.0362
2602.00,0.0363
2601.00,0.0364
2600.00,0.0366
2599.00,0.0367
2598.00,0.0369
2597.00,0.0370
2596.00,0.0372
2595.00,0.0374
2594.00,0.0375
2593.00,0.0377
2592.00,0.0379
2591.00,0.0380
2590.00,0.0382
2589.00,0.0383
2588.00,0.0385
2587.00,0.0387
2586.00,0.0389
2585.00,0.0390
2584.00,0.0392
2583.00,0.0393
2582.00,0.0394
2581.00,0.0395
2580.00,0.0396
2579.00,0.0396
2578.00,0.0397
2577.00,0.0398
2576.00,0.0398
2575.00,0.0399
2574.00,0.0400
2573.00,0.0401
2572.00,0.0401
2571.00,0.0402
2570.00,0.0403
2569.00,0.0403
2568.00,0.0404
2567.00,0.0404
2566.00,0.0404
2565.00,0.0404
2564.00,0.0405
2563.00,0.0405
2562.00,0.0405
2561.00,0.0406
2560.00,0.0406
2559.00,0.0405
2558.00,0.0405
2557.00,0.0405
2556.00,0.0404
2555.00,0.0404
2554.00,0.0403
2553.00,0.0402
2552.00,0.0402
2551.00,0.0401
2550.00,0.0401
2549.00,0.0401
2548.00,0.0400
2547.00,0.0400
2546.00,0.0399
2545.00,0.0400
2544.00,0.0400
2543.00,0.0401
2542.00,0.0402
2541.00,0.0403
2540.00,0.0405
2539.00,0.0406
2538.00,0.0408
2537.00,0.0409
2536.00,0.0411
2535.00,0.0413
2534.00,0.0415
2533.00,0.0418
2532.00,0.0420
2531.00,0.0422
2530.00,0.0424
2529.00,0.0427
2528.00,0.0429
2527.00,0.0431
2526.00,0.0433
2525.00,0.0435
2524.00,0.0437
2523.00,0.0438
2522.00,0.0440
2521.00,0.0441
2520.00,0.0443
2519.00,0.0444
2518.00,0.0446
2517.00,0.0447
2516.00,0.0448
2515.00,0.0448
2514.00,0.0449
2513.00,0.0450
2512.00,0.0451
2511.00,0.0451
2510.00,0.0452
2509.00,0.0453
2508.00,0.0454
2507.00,0.0454
2506.00,0.0455
2505.00,0.0455
2504.00,0.0456
2503.00,0.0457
2502.00,0.0458
2501.00,0.0459
2500.00,0.0460
2499.00,0.0462
2498.00,0.0463
2497.00,0.0464
2496.00,0.0465
2495.00,0.0466
2494.00,0.0467
2493.00,0.0468
2492.00,0.0468
2491.00,0.0469
2490.00,0.0470
2489.00,0.0471
2488.00,0.0472
2487.00,0.0473
2486.00,0.0474
2485.00,0.0475
2484.00,0.0475
2483.00,0.0475
2482.00,0.0475
2481.00,0.0475
2480.00,0.0475
2479.00,0.0476
2478.00,0.0476
2477.00,0.0475
2476.00,0.0475
2475.00,0.0475
2474.00,0.0474
2473.00,0.0472
2472.00,0.0471
2471.00,0.0470
2470.00,0.0469
2469.00,0.0468
2468.00,0.0467
2467.00,0.0467
2466.00,0.0466
2465.00,0.0465
2464.00,0.0464
2463.00,0.0463
2462.00,0.0462
2461.00,0.0462
2460.00,0.0462
2459.00,0.0462
2458.00,0.0461
2457.00,0.0461
2456.00,0.0461
2455.00,0.0461
2454.00,0.0460
2453.00,0.0460
2452.00,0.0460
2451.00,0.0460
2450.00,0.0459
2449.00,0.0458
2448.00,0.0457
2447.00,0.0456
2446.00,0.0454
2445.00,0.0453
2444.00,0.0451
2443.00,0.0450
2442.00,0.0448
2441.00,0.0447
2440.00,0.0446
2439.00,0.0444
2438.00,0.0443
2437.00,0.0442
2436.00,0.0440
2435.00,0.0438
2434.00,0.0437
2433.00,0.0435
2432.00,0.0434
2431.00,0.0433
2430.00,0.0431
2429.00,0.0429
2428.00,0.0428
2427.00,0.0426
2426.00,0.0425
2425.00,0.0423
2424.00,0.0422
2423.00,0.0421
2422.00,0.0420
2421.00,0.0418
2420.00,0.0417
2419.00,0.0416
2418.00,0.0415
2417.00,0.0414
2416.00,0.0413
2415.00,0.0411
2414.00,0.0410
2413.00,0.0409
2412.00,0.0409
2411.00,0.0407
2410.00,0.0406
2409.00,0.0404
2408.00,0.0403
2407.00,0.0401
2406.00,0.0400
2405.00,0.0399
2404.00,0.0397
2403.00,0.0396
2402.00,0.0394
2401.00,0.0393
2400.00,0.0391
2399.00,0.0389
2398.00,0.0387
2397.00,0.0385
2396.00,0.0383
2395.00,0.0381
2394.00,0.0379
2393.00,0.0377
2392.00,0.0375
2391.00,0.0373
2390.00,0.0372
2389.00,0.0370
2388.00,0.0368
2387.00,0.0367
2386.00,0.0365
2385.00,0.0363
2384.00,0.0362
2383.00,0.0360
2382.00,0.0358
2381.00,0.0356
2380.00,0.0354
2379.00,0.0353
2378.00,0.0351
2377.00,0.0350
2376.00,0.0348
2375.00,0.0346
2374.00,0.0344
2373.00,0.0343
2372.00,0.0341
2371.00,0.0340
2370.00,0.0338
2369.00,0.0337
2368.00,0.0335
2367.00,0.0333
2366.00,0.0332
2365.00,0.0330
2364.00,0.0329
2363.00,0.0328
2362.00,0.0326
2361.00,0.0324
2360.00,0.0322
2359.00,0.0320
2358.00,0.0319
2357.00,0.0317
2356.00,0.0316
2355.00,0.0315
2354.00,0.0315
2353.00,0.0314
2352.00,0.0313
2351.00,0.0311
2350.00,0.0308
2349.00,0.0305
2348.00,0.0302
2347.00,0.0301
2346.00,0.0300
2345.00,0.0299
2344.00,0.0298
2343.00,0.0297
2342.00,0.0295
2341.00,0.0294
2340.00,0.0293
2339.00,0.0292
2338.00,0.0291
2337.00,0.0290
2336.00,0.0289
2335.00,0.0288
2334.00,0.0286
2333.00,0.0284
2332.00,0.0283
2331.00,0.0282
2330.00,0.0280
2329.00,0.0279
2328.00,0.0279
2327.00,0.0278
2326.00,0.0277
2325.00,0.0275
2324.00,0.0274
2323.00,0.0272
2322.00,0.0270
2321.00,0.0269
2320.00,0.0268
2319.00,0.0267
2318.00,0.0266
2317.00,0.0265
2316.00,0.0264
2315.00,0.0263
2314.00,0.0262
2313.00,0.0261
2312.00,0.0260
2311.00,0.0259
2310.00,0.0257
2309.00,0.0255
2308.00,0.0253
2307.00,0.0252
2306.00,0.0251
2305.00,0.0250
2304.00,0.0249
2303.00,0.0248
2302.00,0.0247
2301.00,0.0246
2300.00,0.0245
2299.00,0.0244
2298.00,0.0242
2297.00,0.0242
2296.00,0.0241
2295.00,0.0241
2294.00,0.0240
2293.00,0.0240
2292.00,0.0239
2291.00,0.0238
2290.00,0.0238
2289.00,0.0237
2288.00,0.0236
2287.00,0.0236
2286.00,0.0235
2285.00,0.0234
2284.00,0.0234
2283.00,0.0234
2282.00,0.0233
2281.00,0.0233
2280.00,0.0233
2279.00,0.0233
2278.00,0.0233
2277.00,0.0233
2276.00,0.0233
2275.00,0.0233
2274.00,0.0232
2273.00,0.0232
2272.00,0.0233
2271.00,0.0233
2270.00,0.0232
2269.00,0.0232
2268.00,0.0232
2267.00,0.0231
2266.00,0.0230
2265.00,0.0229
2264.00,0.0229
2263.00,0.0229
2262.00,0.0228
2261.00,0.0227
2260.00,0.0227
2259.00,0.0226
2258.00,0.0224
2257.00,0.0223
2256.00,0.0222
2255.00,0.0222
2254.00,0.0221
2253.00,0.0220
2252.00,0.0219
2251.00,0.0218
2250.00,0.0217
2249.00,0.0217
2248.00,0.0216
2247.00,0.0216
2246.00,0.0215
2245.00,0.0214
2244.00,0.0214
2243.00,0.0214
2242.00,0.0213
2241.00,0.0213
2240.00,0.0213
2239.00,0.0213
2238.00,0.0213
2237.00,0.0212
2236.00,0.0213
2235.00,0.0213
2234.00,0.0214
2233.00,0.0215
2232.00,0.0216
2231.00,0.0216
2230.00,0.0215
2229.00,0.0214
2228.00,0.0214
2227.00,0.0214
2226.00,0.0214
2225.00,0.0214
2224.00,0.0215
2223.00,0.0214
2222.00,0.0213
2221.00,0.0212
2220.00,0.0212
2219.00,0.0213
2218.00,0.0213
2217.00,0.0213
2216.00,0.0214
2215.00,0.0214
2214.00,0.0213
2213.00,0.0213
2212.00,0.0213
2211.00,0.0213
2210.00,0.0213
2209.00,0.0213
2208.00,0.0214
2207.00,0.0215
2206.00,0.0215
2205.00,0.0215
2204.00,0.0215
2203.00,0.0215
2202.00,0.0214
2201.00,0.0214
2200.00,0.0215
2199.00,0.0217
2198.00,0.0217
2197.00,0.0218
2196.00,0.0220
2195.00,0.0220
2194.00,0.0220
2193.00,0.0219
2192.00,0.0219
2191.00,0.0219
2190.00,0.0218
2189.00,0.0217
2188.00,0.0218
2187.00,0.0218
2186.00,0.0218
2185.00,0.0218
2184.00,0.0219
2183.00,0.0219
2182.00,0.0219
2181.00,0.0219
2180.00,0.0221
2179.00,0.0221
2178.00,0.0220
2177.00,0.0220
2176.00,0.0222
2175.00,0.0223
2174.00,0.0223
2173.00,0.0224
2172.00,0.0225
2171.00,0.0226
2170.00,0.0225
2169.00,0.0224
2168.00,0.0225
2167.00,0.0225
2166.00,0.0224
2165.00,0.0224
2164.00,0.0224
2163.00,0.0224
2162.00,0.0221
2161.00,0.0219
2160.00,0.0218
2159.00,0.0218
2158.00,0.0219
2157.00,0.0222
2156.00,0.0225
2155.00,0.0227
2154.00,0.0226
2153.00,0.0227
2152.00,0.0229
2151.00,0.0230
2150.00,0.0231
2149.00,0.0231
2148.00,0.0233
2147.00,0.0234
2146.00,0.0235
2145.00,0.0235
2144.00,0.0236
2143.00,0.0236
2142.00,0.0236
2141.00,0.0236
2140.00,0.0238
2139.00,0.0239
2138.00,0.0239
2137.00,0.0238
2136.00,0.0238
2135.00,0.0239
2134.00,0.0239
2133.00,0.0241
2132.00,0.0243
2131.00,0.0244
2130.00,0.0245
2129.00,0.0247
2128.00,0.0249
2127.00,0.0250
2126.00,0.0251
2125.00,0.0252
2124.00,0.0254
2123.00,0.0256
2122.00,0.0256
2121.00,0.0258
2120.00,0.0260
2119.00,0.0261
2118.00,0.0262
2117.00,0.0263
2116.00,0.0265
2115.00,0.0266
2114.00,0.0267
2113.00,0.0267
2112.00,0.0269
2111.00,0.0269
2110.00,0.0270
2109.00,0.0271
2108.00,0.0272
2107.00,0.0273
2106.00,0.0273
2105.00,0.0274
2104.00,0.0275
2103.00,0.0276
2102.00,0.0277
2101.00,0.0278
2100.00,0.0278
2099.00,0.0279
2098.00,0.0278
2097.00,0.0279
2096.00,0.0280
2095.00,0.0282
2094.00,0.0284
2093.00,0.0286
2092.00,0.0288
2091.00,0.0290
2090.00,0.0291
2089.00,0.0293
2088.00,0.0296
2087.00,0.0298
2086.00,0.0300
2085.00,0.0302
2084.00,0.0305
2083.00,0.0307
2082.00,0.0309
2081.00,0.0311
2080.00,0.0313
2079.00,0.0315
2078.00,0.0316
2077.00,0.0317
2076.00,0.0319
2075.00,0.0320
2074.00,0.0321
2073.00,0.0322
2072.00,0.0323
2071.00,0.0324
2070.00,0.0324
2069.00,0.0325
2068.00,0.0326
2067.00,0.0326
2066.00,0.0326
2065.00,0.0326
2064.00,0.0327
2063.00,0.0328
2062.00,0.0328
2061.00,0.0330
2060.00,0.0332
2059.00,0.0334
2058.00,0.0334
2057.00,0.0335
2056.00,0.0336
2055.00,0.0338
2054.00,0.0340
2053.00,0.0343
2052.00,0.0345
2051.00,0.0346
2050.00,0.0345
2049.00,0.0345
2048.00,0.0348
2047.00,0.0351
2046.00,0.0352
2045.00,0.0354
2044.00,0.0357
2043.00,0.0358
2042.00,0.0357
2041.00,0.0357
2040.00,0.0359
2039.00,0.0362
2038.00,0.0364
2037.00,0.0367
2036.00,0.0371
2035.00,0.0375
2034.00,0.0378
2033.00,0.0381
2032.00,0.0385
2031.00,0.0389
2030.00,0.0391
2029.00,0.0394
2028.00,0.0398
2027.00,0.0402
2026.00,0.0405
2025.00,0.0408
2024.00,0.0412
2023.00,0.0416
2022.00,0.0419
2021.00,0.0424
2020.00,0.0429
2019.00,0.0433
2018.00,0.0436
2017.00,0.0438
2016.00,0.0443
2015.00,0.0446
2014.00,0.0447
2013.00,0.0448
2012.00,0.0450
2011.00,0.0451
2010.00,0.0452
2009.00,0.0453
2008.00,0.0456
2007.00,0.0459
2006.00,0.0461
2005.00,0.0465
2004.00,0.0469
2003.00,0.0473
2002.00,0.0476
2001.00,0.0480
2000.00,0.0484
1999.00,0.0488
1998.00,0.0491
1997.00,0.0494
1996.00,0.0497
1995.00,0.0499
1994.00,0.0500
1993.00,0.0501
1992.00,0.0505
1991.00,0.0510
1990.00,0.0514
1989.00,0.0518
1988.00,0.0524
1987.00,0.0528
1986.00,0.0531
1985.00,0.0532
1984.00,0.0535
1983.00,0.0537
1982.00,0.0538
1981.00,0.0538
1980.00,0.0538
1979.00,0.0538
1978.00,0.0538
1977.00,0.0539
1976.00,0.0541
1975.00,0.0541
1974.00,0.0539
1973.00,0.0539
1972.00,0.0540
1971.00,0.0541
1970.00,0.0542
1969.00,0.0543
1968.00,0.0545
1967.00,0.0545
1966.00,0.0544
1965.00,0.0542
1964.00,0.0543
1963.00,0.0544
1962.00,0.0543
1961.00,0.0543
1960.00,0.0544
1959.00,0.0546
1958.00,0.0547
1957.00,0.0549
1956.00,0.0552
1955.00,0.0554
1954.00,0.0556
1953.00,0.0558
1952.00,0.0560
1951.00,0.0561
1950.00,0.0562
1949.00,0.0562
1948.00,0.0564
1947.00,0.0565
1946.00,0.0563
1945.00,0.0562
1944.00,0.0562
1943.00,0.0560
1942.00,0.0558
1941.00,0.0556
1940.00,0.0555
1939.00,0.0554
1938.00,0.0552
1937.00,0.0550
1936.00,0.0549
1935.00,0.0547
1934.00,0.0545
1933.00,0.0542
1932.00,0.0540
1931.00,0.0538
1930.00,0.0535
1929.00,0.0533
1928.00,0.0532
1927.00,0.0530
1926.00,0.0528
1925.00,0.0527
1924.00,0.0527
1923.00,0.0527
1922.00,0.0527
1921.00,0.0526
1920.00,0.0526
1919.00,0.0526
1918.00,0.0526
1917.00,0.0527
1916.00,0.0529
1915.00,0.0530
1914.00,0.0530
1913.00,0.0531
1912.00,0.0531
1911.00,0.0530
1910.00,0.0528
1909.00,0.0525
1908.00,0.0522
1907.00,0.0518
1906.00,0.0515
1905.00,0.0513
1904.00,0.0512
1903.00,0.0510
1902.00,0.0508
1901.00,0.0507
1900.00,0.0506
1899.00,0.0505
1898.00,0.0504
1897.00,0.0502
1896.00,0.0502
1895.00,0.0500
1894.00,0.0498
1893.00,0.0495
1892.00,0.0494
1891.00,0.0492
1890.00,0.0489
1889.00,0.0487
1888.00,0.0485
1887.00,0.0483
1886.00,0.0480
1885.00,0.0478
1884.00,0.0476
1883.00,0.0474
1882.00,0.0472
1881.00,0.0470
1880.00,0.0469
1879.00,0.0467
1878.00,0.0466
1877.00,0.0464
1876.00,0.0464
1875.00,0.0462
1874.00,0.0459
1873.00,0.0457
1872.00,0.0455
1871.00,0.0453
1870.00,0.0451
1869.00,0.0449
1868.00,0.0447
1867.00,0.0444
1866.00,0.0441
1865.00,0.0438
1864.00,0.0436
1863.00,0.0433
1862.00,0.0430
1861.00,0.0428
1860.00,0.0426
1859.00,0.0424
1858.00,0.0421
1857.00,0.0418
1856.00,0.0416
1855.00,0.0413
1854.00,0.0410
1853.00,0.0407
1852.00,0.0405
1851.00,0.0402
1850.00,0.0399
1849.00,0.0397
1848.00,0.0395
1847.00,0.0392
1846.00,0.0388
1845.00,0.0385
1844.00,0.0383
1843.00,0.0381
1842.00,0.0380
1841.00,0.0379
1840.00,0.0378
1839.00,0.0377
1838.00,0.0375
1837.00,0.0373
1836.00,0.0372
1835.00,0.0370
1834.00,0.0367
1833.00,0.0366
1832.00,0.0367
1831.00,0.0367
1830.00,0.0366
1829.00,0.0365
1828.00,0.0364
1827.00,0.0363
1826.00,0.0362
1825.00,0.0362
1824.00,0.0362
1823.00,0.0363
1822.00,0.0363
1821.00,0.0363
1820.00,0.0363
1819.00,0.0363
1818.00,0.0362
1817.00,0.0361
1816.00,0.0360
1815.00,0.0359
1814.00,0.0357
1813.00,0.0356
1812.00,0.0355
1811.00,0.0354
1810.00,0.0352
1809.00,0.0350
1808.00,0.0349
1807.00,0.0349
1806.00,0.0348
1805.00,0.0348
1804.00,0.0348
1803.00,0.0348
1802.00,0.0348
1801.00,0.0347
1800.00,0.0347
1799.00,0.0346
1798.00,0.0345
1797.00,0.0343
1796.00,0.0343
1795.00,0.0342
1794.00,0.0340
1793.00,0.0338
1792.00,0.0337
1791.00,0.0336
1790.00,0.0334
1789.00,0.0334
1788.00,0.0334
1787.00,0.0333
1786.00,0.0331
1785.00,0.0330
1784.00,0.0331
1783.00,0.0332
1782.00,0.0333
1781.00,0.0332
1780.00,0.0332
1779.00,0.0331
1778.00,0.0330
1777.00,0.0329
1776.00,0.0330
1775.00,0.0331
1774.00,0.0331
1773.00,0.0331
1772.00,0.0332
1771.00,0.0330
1770.00,0.0327
1769.00,0.0324
1768.00,0.0323
1767.00,0.0323
1766.00,0.0323
1765.00,0.0323
1764.00,0.0324
1763.00,0.0323
1762.00,0.0322
1761.00,0.0322
1760.00,0.0322
1759.00,0.0323
1758.00,0.0321
1757.00,0.0321
1756.00,0.0321
1755.00,0.0321
1754.00,0.0321
1753.00,0.0320
1752.00,0.0321
1751.00,0.0323
1750.00,0.0325
1749.00,0.0326
1748.00,0.0327
1747.00,0.0327
1746.00,0.0325
1745.00,0.0325
1744.00,0.0326
1743.00,0.0326
1742.00,0.0326
1741.00,0.0325
1740.00,0.0327
1739.00,0.0328
1738.00,0.0328
1737.00,0.0328
1736.00,0.0329
1735.00,0.0330
1734.00,0.0331
1733.00,0.0334
1732.00,0.0339
1731.00,0.0343
1730.00,0.0343
1729.00,0.0344
1728.00,0.0347
1727.00,0.0351
1726.00,0.0354
1725.00,0.0359
1724.00,0.0368
1723.00,0.0377
1722.00,0.0384
1721.00,0.0393
1720.00,0.0406
1719.00,0.0423
1718.00,0.0444
1717.00,0.0474
1716.00,0.0516
1715.00,0.0573
1714.00,0.0650
1713.00,0.0759
1712.00,0.0909
1711.00,0.1102
1710.00,0.1326
1709.00,0.1563
1708.00,0.1790
1707.00,0.1997
1706.00,0.2177
1705.00,0.2316
1704.00,0.2408
1703.00,0.2464
1702.00,0.2494
1701.00,0.2502
1700.00,0.2489
1699.00,0.2473
1698.00,0.2459
1697.00,0.2437
1696.00,0.2405
1695.00,0.2376
1694.00,0.2356
1693.00,0.2341
1692.00,0.2324
1691.00,0.2304
1690.00,0.2278
1689.00,0.2245
1688.00,0.2211
1687.00,0.2179
1686.00,0.2150
1685.00,0.2118
1684.00,0.2086
1683.00,0.2070
1682.00,0.2072
1681.00,0.2083
1680.00,0.2097
1679.00,0.2113
1678.00,0.2130
1677.00,0.2143
1676.00,0.2152
1675.00,0.2158
1674.00,0.2160
1673.00,0.2157
1672.00,0.2148
1671.00,0.2134
1670.00,0.2111
1669.00,0.2081
1668.00,0.2047
1667.00,0.2014
1666.00,0.1982
1665.00,0.1945
1664.00,0.1899
1663.00,0.1848
1662.00,0.1795
1661.00,0.1746
1660.00,0.1702
1659.00,0.1662
1658.00,0.1627
1657.00,0.1595
1656.00,0.1564
1655.00,0.1534
1654.00,0.1493
1653.00,0.1437
1652.00,0.1387
1651.00,0.1357
1650.00,0.1335
1649.00,0.1308
1648.00,0.1274
1647.00,0.1232
1646.00,0.1190
1645.00,0.1155
1644.00,0.1128
1643.00,0.1104
1642.00,0.1083
1641.00,0.1062
1640.00,0.1045
1639.00,0.1031
1638.00,0.1021
1637.00,0.1014
1636.00,0.1009
1635.00,0.1010
1634.00,0.1020
1633.00,0.1036
1632.00,0.1056
1631.00,0.1082
1630.00,0.1114
1629.00,0.1151
1628.00,0.1188
1627.00,0.1222
1626.00,0.1249
1625.00,0.1265
1624.00,0.1269
1623.00,0.1261
1622.00,0.1240
1621.00,0.1212
1620.00,0.1179
1619.00,0.1143
1618.00,0.1105
1617.00,0.1062
1616.00,0.1020
1615.00,0.0985
1614.00,0.0954
1613.00,0.0923
1612.00,0.0890
1611.00,0.0857
1610.00,0.0826
1609.00,0.0798
1608.00,0.0773
1607.00,0.0756
1606.00,0.0752
1605.00,0.0765
1604.00,0.0801
1603.00,0.0858
1602.00,0.0927
1601.00,0.0987
1600.00,0.1020
1599.00,0.1022
1598.00,0.0995
1597.00,0.0948
1596.00,0.0892
1595.00,0.0835
1594.00,0.0782
1593.00,0.0736
1592.00,0.0696
1591.00,0.0664
1590.00,0.0638
1589.00,0.0617
1588.00,0.0600
1587.00,0.0590
1586.00,0.0591
1585.00,0.0606
1584.00,0.0644
1583.00,0.0709
1582.00,0.0792
1581.00,0.0868
1580.00,0.0911
1579.00,0.0909
1578.00,0.0864
1577.00,0.0784
1576.00,0.0693
1575.00,0.0622
1574.00,0.0579
1573.00,0.0553
1572.00,0.0534
1571.00,0.0519
1570.00,0.0507
1569.00,0.0497
1568.00,0.0488
1567.00,0.0482
1566.00,0.0478
1565.00,0.0473
1564.00,0.0467
1563.00,0.0461
1562.00,0.0454
1561.00,0.0448
1560.00,0.0446
1559.00,0.0444
1558.00,0.0440
1557.00,0.0438
1556.00,0.0437
1555.00,0.0435
1554.00,0.0434
1553.00,0.0433
1552.00,0.0432
1551.00,0.0431
1550.00,0.0428
1549.00,0.0425
1548.00,0.0421
1547.00,0.0416
1546.00,0.0412
1545.00,0.0409
1544.00,0.0406
1543.00,0.0404
1542.00,0.0403
1541.00,0.0402
1540.00,0.0395
1539.00,0.0387
1538.00,0.0384
1537.00,0.0383
1536.00,0.0381
1535.00,0.0379
1534.00,0.0379
1533.00,0.0379
1532.00,0.0378
1531.00,0.0377
1530.00,0.0377
1529.00,0.0378
1528.00,0.0379
1527.00,0.0382
1526.00,0.0388
1525.00,0.0396
1524.00,0.0408
1523.00,0.0426
1522.00,0.0457
1521.00,0.0502
1520.00,0.0553
1519.00,0.0606
1518.00,0.0657
1517.00,0.0699
1516.00,0.0724
1515.00,0.0727
1514.00,0.0716
1513.00,0.0695
1512.00,0.0671
1511.00,0.0650
1510.00,0.0634
1509.00,0.0623
1508.00,0.0613
1507.00,0.0600
1506.00,0.0583
1505.00,0.0571
1504.00,0.0560
1503.00,0.0547
1502.00,0.0531
1501.00,0.0510
1500.00,0.0488
1499.00,0.0466
1498.00,0.0445
1497.00,0.0426
1496.00,0.0411
1495.00,0.0400
1494.00,0.0393
1493.00,0.0388
1492.00,0.0383
1491.00,0.0380
1490.00,0.0378
1489.00,0.0375
1488.00,0.0373
1487.00,0.0370
1486.00,0.0369
1485.00,0.0368
1484.00,0.0368
1483.00,0.0368
1482.00,0.0368
1481.00,0.0367
1480.00,0.0366
1479.00,0.0365
1478.00,0.0365
1477.00,0.0365
1476.00,0.0367
1475.00,0.0369
1474.00,0.0374
1473.00,0.0381
1472.00,0.0392
1471.00,0.0409
1470.00,0.0433
1469.00,0.0466
1468.00,0.0510
1467.00,0.0567
1466.00,0.0636
1465.00,0.0706
1464.00,0.0759
1463.00,0.0787
1462.00,0.0794
1461.00,0.0788
1460.00,0.0772
1459.00,0.0748
1458.00,0.0713
1457.00,0.0672
1456.00,0.0642
1455.00,0.0630
1454.00,0.0629
1453.00,0.0629
1452.00,0.0626
1451.00,0.0622
1450.00,0.0615
1449.00,0.0608
1448.00,0.0598
1447.00,0.0585
1446.00,0.0569
1445.00,0.0551
1444.00,0.0535
1443.00,0.0524
1442.00,0.0520
1441.00,0.0523
1440.00,0.0533
1439.00,0.0551
1438.00,0.0581
1437.00,0.0629
1436.00,0.0693
1435.00,0.0764
1434.00,0.0836
1433.00,0.0914
1432.00,0.1002
1431.00,0.1099
1430.00,0.1197
1429.00,0.1284
1428.00,0.1349
1427.00,0.1384
1426.00,0.1388
1425.00,0.1363
1424.00,0.1311
1423.00,0.1241
1422.00,0.1164
1421.00,0.1085
1420.00,0.1002
1419.00,0.0921
1418.00,0.0858
1417.00,0.0817
1416.00,0.0794
1415.00,0.0784
1414.00,0.0788
1413.00,0.0808
1412.00,0.0850
1411.00,0.0917
1410.00,0.1013
1409.00,0.1138
1408.00,0.1288
1407.00,0.1456
1406.00,0.1632
1405.00,0.1803
1404.00,0.1947
1403.00,0.2052
1402.00,0.2121
1401.00,0.2161
1400.00,0.2172
1399.00,0.2144
1398.00,0.2079
1397.00,0.1980
1396.00,0.1849
1395.00,0.1689
1394.00,0.1525
1393.00,0.1377
1392.00,0.1251
1391.00,0.1144
1390.00,0.1052
1389.00,0.0974
1388.00,0.0910
1387.00,0.0864
1386.00,0.0840
1385.00,0.0840
1384.00,0.0860
1383.00,0.0900
1382.00,0.0953
1381.00,0.1007
1380.00,0.1042
1379.00,0.1047
1378.00,0.1024
1377.00,0.0988
1376.00,0.0955
1375.00,0.0926
1374.00,0.0896
1373.00,0.0860
1372.00,0.0820
1371.00,0.0788
1370.00,0.0777
1369.00,0.0796
1368.00,0.0843
1367.00,0.0898
1366.00,0.0936
1365.00,0.0935
1364.00,0.0891
1363.00,0.0817
1362.00,0.0740
1361.00,0.0677
1360.00,0.0633
1359.00,0.0602
1358.00,0.0581
1357.00,0.0566
1356.00,0.0555
1355.00,0.0547
1354.00,0.0542
1353.00,0.0541
1352.00,0.0542
1351.00,0.0544
1350.00,0.0550
1349.00,0.0560
1348.00,0.0575
1347.00,0.0596
1346.00,0.0624
1345.00,0.0662
1344.00,0.0706
1343.00,0.0756
1342.00,0.0806
1341.00,0.0845
1340.00,0.0858
1339.00,0.0837
1338.00,0.0793
1337.00,0.0742
1336.00,0.0703
1335.00,0.0681
1334.00,0.0675
1333.00,0.0680
1332.00,0.0693
1331.00,0.0711
1330.00,0.0734
1329.00,0.0762
1328.00,0.0795
1327.00,0.0833
1326.00,0.0876
1325.00,0.0923
1324.00,0.0975
1323.00,0.1029
1322.00,0.1086
1321.00,0.1141
1320.00,0.1192
1319.00,0.1233
1318.00,0.1263
1317.00,0.1277
1316.00,0.1276
1315.00,0.1261
1314.00,0.1233
1313.00,0.1195
1312.00,0.1150
1311.00,0.1102
1310.00,0.1054
1309.00,0.1009
1308.00,0.0966
1307.00,0.0925
1306.00,0.0887
1305.00,0.0849
1304.00,0.0813
1303.00,0.0779
1302.00,0.0748
1301.00,0.0721
1300.00,0.0698
1299.00,0.0678
1298.00,0.0663
1297.00,0.0652
1296.00,0.0645
1295.00,0.0641
1294.00,0.0641
1293.00,0.0644
1292.00,0.0647
1291.00,0.0649
1290.00,0.0650
1289.00,0.0647
1288.00,0.0640
1287.00,0.0628
1286.00,0.0611
1285.00,0.0593
1284.00,0.0574
1283.00,0.0558
1282.00,0.0546
1281.00,0.0537
1280.00,0.0532
1279.00,0.0530
1278.00,0.0532
1277.00,0.0535
1276.00,0.0540
1275.00,0.0545
1274.00,0.0551
1273.00,0.0557
1272.00,0.0563
1271.00,0.0568
1270.00,0.0574
1269.00,0.0581
1268.00,0.0588
1267.00,0.0596
1266.00,0.0608
1265.00,0.0625
1264.00,0.0647
1263.00,0.0678
1262.00,0.0717
1261.00,0.0763
1260.00,0.0811
1259.00,0.0857
1258.00,0.0895
1257.00,0.0921
1256.00,0.0936
1255.00,0.0942
1254.00,0.0942
1253.00,0.0939
1252.00,0.0935
1251.00,0.0931
1250.00,0.0928
1249.00,0.0926
1248.00,0.0926
1247.00,0.0928
1246.00,0.0937
1245.00,0.0956
1244.00,0.0991
1243.00,0.1045
1242.00,0.1123
1241.00,0.1225
1240.00,0.1347
1239.00,0.1482
1238.00,0.1620
1237.00,0.1752
1236.00,0.1870
1235.00,0.1971
1234.00,0.2055
1233.00,0.2123
1232.00,0.2174
1231.00,0.2207
1230.00,0.2219
1229.00,0.2206
1228.00,0.2167
1227.00,0.2102
1226.00,0.2015
1225.00,0.1915
1224.00,0.1806
1223.00,0.1696
1222.00,0.1590
1221.00,0.1488
1220.00,0.1392
1219.00,0.1300
1218.00,0.1214
1217.00,0.1133
1216.00,0.1057
1215.00,0.0987
1214.00,0.0924
1213.00,0.0868
1212.00,0.0820
1211.00,0.0780
1210.00,0.0750
1209.00,0.0735
1208.00,0.0740
1207.00,0.0778
1206.00,0.0861
1205.00,0.0987
1204.00,0.1141
1203.00,0.1291
1202.00,0.1402
1201.00,0.1449
1200.00,0.1430
1199.00,0.1362
1198.00,0.1271
1197.00,0.1180
1196.00,0.1104
1195.00,0.1053
1194.00,0.1036
1193.00,0.1056
1192.00,0.1120
1191.00,0.1228
1190.00,0.1369
1189.00,0.1519
1188.00,0.1642
1187.00,0.1710
1186.00,0.1714
1185.00,0.1669
1184.00,0.1592
1183.00,0.1499
1182.00,0.1402
1181.00,0.1306
1180.00,0.1217
1179.00,0.1139
1178.00,0.1074
1177.00,0.1021
1176.00,0.0979
1175.00,0.0948
1174.00,0.0928
1173.00,0.0919
1172.00,0.0918
1171.00,0.0924
1170.00,0.0932
1169.00,0.0935
1168.00,0.0928
1167.00,0.0912
1166.00,0.0891
1165.00,0.0869
1164.00,0.0850
1163.00,0.0839
1162.00,0.0837
1161.00,0.0846
1160.00,0.0863
1159.00,0.0890
1158.00,0.0922
1157.00,0.0955
1156.00,0.0981
1155.00,0.0994
1154.00,0.0991
1153.00,0.0971
1152.00,0.0935
1151.00,0.0892
1150.00,0.0846
1149.00,0.0803
1148.00,0.0765
1147.00,0.0732
1146.00,0.0705
1145.00,0.0684
1144.00,0.0666
1143.00,0.0652
1142.00,0.0641
1141.00,0.0632
1140.00,0.0625
1139.00,0.0621
1138.00,0.0621
1137.00,0.0623
1136.00,0.0629
1135.00,0.0639
1134.00,0.0655
1133.00,0.0677
1132.00,0.0706
1131.00,0.0744
1130.00,0.0791
1129.00,0.0847
1128.00,0.0911
1127.00,0.0981
1126.00,0.1053
1125.00,0.1119
1124.00,0.1168
1123.00,0.1189
1122.00,0.1179
1121.00,0.1143
1120.00,0.1090
1119.00,0.1032
1118.00,0.0976
1117.00,0.0921
1116.00,0.0868
1115.00,0.0816
1114.00,0.0765
1113.00,0.0716
1112.00,0.0672
1111.00,0.0635
1110.00,0.0605
1109.00,0.0582
1108.00,0.0565
1107.00,0.0554
1106.00,0.0549
1105.00,0.0549
1104.00,0.0553
1103.00,0.0559
1102.00,0.0569
1101.00,0.0582
1100.00,0.0599
1099.00,0.0621
1098.00,0.0649
1097.00,0.0679
1096.00,0.0704
1095.00,0.0718
1094.00,0.0718
1093.00,0.0706
1092.00,0.0691
1091.00,0.0680
1090.00,0.0678
1089.00,0.0686
1088.00,0.0702
1087.00,0.0723
1086.00,0.0747
1085.00,0.0768
1084.00,0.0783
1083.00,0.0790
1082.00,0.0789
1081.00,0.0779
1080.00,0.0763
1079.00,0.0742
1078.00,0.0723
1077.00,0.0708
1076.00,0.0698
1075.00,0.0692
1074.00,0.0690
1073.00,0.0692
1072.00,0.0699
1071.00,0.0719
1070.00,0.0759
1069.00,0.0819
1068.00,0.0892
1067.00,0.0960
1066.00,0.0998
1065.00,0.0991
1064.00,0.0939
1063.00,0.0862
1062.00,0.0782
1061.00,0.0710
1060.00,0.0651
1059.00,0.0604
1058.00,0.0567
1057.00,0.0537
1056.00,0.0513
1055.00,0.0496
1054.00,0.0483
1053.00,0.0476
1052.00,0.0474
1051.00,0.0478
1050.00,0.0489
1049.00,0.0510
1048.00,0.0539
1047.00,0.0581
1046.00,0.0636
1045.00,0.0704
1044.00,0.0785
1043.00,0.0878
1042.00,0.0979
1041.00,0.1082
1040.00,0.1176
1039.00,0.1254
1038.00,0.1310
1037.00,0.1344
1036.00,0.1365
1035.00,0.1382
1034.00,0.1397
1033.00,0.1404
1032.00,0.1397
1031.00,0.1372
1030.00,0.1329
1029.00,0.1269
1028.00,0.1199
1027.00,0.1126
1026.00,0.1059
1025.00,0.1002
1024.00,0.0964
1023.00,0.0954
1022.00,0.0970
1021.00,0.0991
1020.00,0.0988
1019.00,0.0945
1018.00,0.0876
1017.00,0.0803
1016.00,0.0745
1015.00,0.0703
1014.00,0.0674
1013.00,0.0652
1012.00,0.0639
1011.00,0.0638
1010.00,0.0653
1009.00,0.0685
1008.00,0.0732
1007.00,0.0787
1006.00,0.0838
1005.00,0.0868
1004.00,0.0864
1003.00,0.0826
1002.00,0.0765
1001.00,0.0698
1000.00,0.0635
999.00,0.0584
998.00,0.0547
997.00,0.0520
996.00,0.0501
995.00,0.0488
994.00,0.0477
993.00,0.0465
992.00,0.0450
991.00,0.0434
990.00,0.0418
989.00,0.0403
988.00,0.0390
987.00,0.0380
986.00,0.0372
985.00,0.0366
984.00,0.0362
983.00,0.0360
982.00,0.0361
981.00,0.0365
980.00,0.0370
979.00,0.0377
978.00,0.0383
977.00,0.0385
976.00,0.0383
975.00,0.0378
974.00,0.0371
973.00,0.0363
972.00,0.0355
971.00,0.0347
970.00,0.0338
969.00,0.0328
968.00,0.0318
967.00,0.0308
966.00,0.0299
965.00,0.0292
964.00,0.0287
963.00,0.0283
962.00,0.0281
961.00,0.0280
960.00,0.0279
959.00,0.0280
958.00,0.0281
957.00,0.0283
956.00,0.0285
955.00,0.0289
954.00,0.0293
953.00,0.0297
952.00,0.0298
951.00,0.0298
950.00,0.0296
949.00,0.0296
948.00,0.0299
947.00,0.0310
946.00,0.0334
945.00,0.0373
944.00,0.0424
943.00,0.0478
942.00,0.0523
941.00,0.0551
940.00,0.0561
939.00,0.0555
938.00,0.0533
937.00,0.0493
936.00,0.0439
935.00,0.0386
934.00,0.0342
933.00,0.0311
932.00,0.0291
931.00,0.0278
930.00,0.0270
929.00,0.0266
928.00,0.0264
927.00,0.0266
926.00,0.0272
925.00,0.0279
924.00,0.0285
923.00,0.0290
922.00,0.0290
921.00,0.0285
920.00,0.0274
919.00,0.0260
918.00,0.0247
917.00,0.0236
916.00,0.0227
915.00,0.0221
914.00,0.0216
913.00,0.0213
912.00,0.0210
911.00,0.0207
910.00,0.0205
909.00,0.0203
908.00,0.0201
907.00,0.0199
906.00,0.0198
905.00,0.0197
904.00,0.0195
903.00,0.0193
902.00,0.0192
901.00,0.0190
900.00,0.0188
899.00,0.0185
898.00,0.0184
897.00,0.0183
896.00,0.0181
895.00,0.0181
894.00,0.0181
893.00,0.0183
892.00,0.0185
891.00,0.0188
890.00,0.0195
889.00,0.0204
888.00,0.0216
887.00,0.0232
886.00,0.0251
885.00,0.0272
884.00,0.0295
883.00,0.0315
882.00,0.0329
881.00,0.0330
880.00,0.0317
879.00,0.0293
878.00,0.0268
877.00,0.0245
876.00,0.0229
875.00,0.0219
874.00,0.0214
873.00,0.0213
872.00,0.0214
871.00,0.0219
870.00,0.0229
869.00,0.0242
868.00,0.0259
867.00,0.0281
866.00,0.0310
865.00,0.0347
864.00,0.0395
863.00,0.0464
862.00,0.0562
861.00,0.0692
860.00,0.0849
859.00,0.1006
858.00,0.1127
857.00,0.1180
856.00,0.1154
855.00,0.1071
854.00,0.0966
853.00,0.0871
852.00,0.0801
851.00,0.0753
850.00,0.0718
849.00,0.0690
848.00,0.0678
847.00,0.0694
846.00,0.0743
845.00,0.0808
844.00,0.0859
843.00,0.0872
842.00,0.0836
841.00,0.0761
840.00,0.0669
839.00,0.0583
838.00,0.0513
837.00,0.0462
836.00,0.0425
835.00,0.0400
834.00,0.0384
833.00,0.0372
832.00,0.0361
831.00,0.0349
830.00,0.0338
829.00,0.0328
828.00,0.0317
827.00,0.0308
826.00,0.0303
825.00,0.0299
824.00,0.0297
823.00,0.0297
822.00,0.0299
821.00,0.0302
820.00,0.0305
819.00,0.0309
818.00,0.0314
817.00,0.0321
816.00,0.0329
815.00,0.0339
814.00,0.0354
813.00,0.0371
812.00,0.0392
811.00,0.0419
810.00,0.0453
809.00,0.0495
808.00,0.0542
807.00,0.0594
806.00,0.0648
805.00,0.0701
804.00,0.0752
803.00,0.0807
802.00,0.0875
801.00,0.0962
800.00,0.1065
799.00,0.1174
798.00,0.1267
797.00,0.1322
796.00,0.1328
795.00,0.1298
794.00,0.1255
793.00,0.1214
792.00,0.1182
791.00,0.1157
790.00,0.1136
789.00,0.1115
788.00,0.1093
787.00,0.1071
786.00,0.1051
785.00,0.1034
784.00,0.1017
783.00,0.1000
782.00,0.0981
781.00,0.0956
780.00,0.0918
779.00,0.0868
778.00,0.0809
777.00,0.0744
776.00,0.0678
775.00,0.0618
774.00,0.0568
773.00,0.0526
772.00,0.0491
771.00,0.0459
770.00,0.0432
769.00,0.0409
768.00,0.0388
767.00,0.0369
766.00,0.0352
765.00,0.0337
764.00,0.0324
763.00,0.0315
762.00,0.0310
761.00,0.0306
760.00,0.0301
759.00,0.0294
758.00,0.0286
757.00,0.0275
756.00,0.0263
755.00,0.0253
754.00,0.0247
753.00,0.0243
752.00,0.0242
751.00,0.0244
750.00,0.0250
749.00,0.0259
748.00,0.0271
747.00,0.0283
746.00,0.0290
745.00,0.0291
744.00,0.0285
743.00,0.0275
742.00,0.0267
741.00,0.0261
740.00,0.0255
739.00,0.0252
738.00,0.0251
737.00,0.0254
736.00,0.0260
735.00,0.0273
734.00,0.0296
733.00,0.0329
732.00,0.0374
731.00,0.0432
730.00,0.0498
729.00,0.0565
728.00,0.0623
727.00,0.0663
726.00,0.0686
725.00,0.0696
724.00,0.0705
723.00,0.0735
722.00,0.0814
721.00,0.0964
720.00,0.1195
719.00,0.1483
718.00,0.1764
717.00,0.1944
716.00,0.1953
715.00,0.1799
714.00,0.1552
713.00,0.1290
712.00,0.1060
711.00,0.0880
710.00,0.0749
709.00,0.0656
708.00,0.0592
707.00,0.0551
706.00,0.0529
705.00,0.0523
704.00,0.0532
703.00,0.0556
702.00,0.0599
701.00,0.0665
700.00,0.0754
699.00,0.0864
698.00,0.0988
697.00,0.1109
696.00,0.1215
695.00,0.1306
694.00,0.1388
693.00,0.1463
692.00,0.1518
691.00,0.1536
690.00,0.1500
689.00,0.1409
688.00,0.1276
687.00,0.1126
686.00,0.0984
685.00,0.0860
684.00,0.0756
683.00,0.0673
682.00,0.0608
681.00,0.0558
680.00,0.0517
679.00,0.0484
678.00,0.0459
677.00,0.0440
676.00,0.0424
675.00,0.0413
674.00,0.0406
673.00,0.0402
672.00,0.0399
671.00,0.0397
670.00,0.0396
669.00,0.0396
668.00,0.0396
667.00,0.0397
666.00,0.0397
665.00,0.0396
664.00,0.0394
663.00,0.0392
662.00,0.0391
661.00,0.0392
660.00,0.0395
659.00,0.0402
658.00,0.0419
657.00,0.0452
656.00,0.0511
655.00,0.0609
654.00,0.0745
653.00,0.0900
652.00,0.1034
651.00,0.1107
650.00,0.1112
649.00,0.1076
648.00,0.1045
647.00,0.1053
646.00,0.1109
645.00,0.1218
644.00,0.1380
643.00,0.1585
642.00,0.1807
641.00,0.1988
640.00,0.2065
639.00,0.2000
638.00,0.1814
637.00,0.1569
636.00,0.1327
635.00,0.1120
634.00,0.0956
633.00,0.0828
632.00,0.0732
631.00,0.0666
630.00,0.0629
629.00,0.0614
628.00,0.0616
627.00,0.0631
626.00,0.0656
625.00,0.0685
624.00,0.0715
623.00,0.0747
622.00,0.0780
621.00,0.0810
620.00,0.0834
619.00,0.0853
618.00,0.0867
617.00,0.0876
616.00,0.0881
615.00,0.0884
614.00,0.0888
613.00,0.0893
612.00,0.0900
611.00,0.0910
610.00,0.0924
609.00,0.0940
608.00,0.0956
607.00,0.0974
606.00,0.0995
605.00,0.1021
604.00,0.1053
603.00,0.1091
602.00,0.1136
601.00,0.1185
600.00,0.1238
599.00,0.1293
598.00,0.1350
597.00,0.1407
596.00,0.1464
595.00,0.1519
594.00,0.1573
593.00,0.1623
592.00,0.1670
591.00,0.1713
590.00,0.1750
589.00,0.1780
588.00,0.1801
587.00,0.1815
586.00,0.1821
585.00,0.1818
584.00,0.1806
583.00,0.1787
582.00,0.1763
581.00,0.1732
580.00,0.1695
579.00,0.1654
578.00,0.1611
577.00,0.1565
576.00,0.1517
575.00,0.1468
574.00,0.1421
573.00,0.1377
572.00,0.1336
571.00,0.1302
570.00,0.1279
569.00,0.1269
568.00,0.1277
567.00,0.1310
566.00,0.1374
565.00,0.1466
564.00,0.1577
563.00,0.1689
562.00,0.1778
561.00,0.1815
560.00,0.1788
559.00,0.1703
558.00,0.1581
557.00,0.1446
556.00,0.1315
555.00,0.1200
554.00,0.1107
553.00,0.1033
552.00,0.0972
551.00,0.0923
550.00,0.0885
549.00,0.0856
548.00,0.0833
547.00,0.0817
546.00,0.0808
545.00,0.0804
544.00,0.0801
543.00,0.0799
542.00,0.0800
541.00,0.0801
540.00,0.0799
539.00,0.0796
538.00,0.0794
537.00,0.0790
536.00,0.0782
535.00,0.0773
534.00,0.0766
533.00,0.0760
532.00,0.0754
531.00,0.0753
530.00,0.0756
529.00,0.0762
528.00,0.0766
527.00,0.0771
526.00,0.0775
525.00,0.0775
524.00,0.0769
523.00,0.0763
522.00,0.0761
521.00,0.0761
520.00,0.0763
519.00,0.0771
518.00,0.0789
517.00,0.0813
516.00,0.0840
515.00,0.0871
514.00,0.0905
513.00,0.0936
512.00,0.0961
511.00,0.0979
510.00,0.0992
509.00,0.0996
508.00,0.0988
507.00,0.0969
506.00,0.0943
505.00,0.0909
504.00,0.0868
503.00,0.0825
502.00,0.0785
501.00,0.0748
500.00,0.0717
499.00,0.0695
498.00,0.0688
497.00,0.0693
496.00,0.0710
495.00,0.0745
494.00,0.0803
493.00,0.0879
492.00,0.0967
491.00,0.1056
490.00,0.1131
489.00,0.1171
488.00,0.1166
487.00,0.1119
486.00,0.1047
485.00,0.0961
484.00,0.0870
483.00,0.0787
482.00,0.0718
481.00,0.0657
480.00,0.0599
479.00,0.0546
478.00,0.0502
477.00,0.0464
476.00,0.0429
475.00,0.0401
474.00,0.0382
473.00,0.0365
472.00,0.0346
471.00,0.0329
470.00,0.0319
469.00,0.0312
468.00,0.0300
467.00,0.0286
466.00,0.0274
465.00,0.0264
464.00,0.0255
463.00,0.0253
462.00,0.0256
461.00,0.0255
460.00,0.0246
459.00,0.0236
458.00,0.0232
457.00,0.0229
456.00,0.0222
455.00,0.0217
454.00,0.0217
453.00,0.0218
452.00,0.0214
451.00,0.0212
450.00,0.0216
449.00,0.0222
448.00,0.0224
447.00,0.0227
446.00,0.0234
445.00,0.0238
444.00,0.0234
443.00,0.0231
442.00,0.0234
441.00,0.0236
440.00,0.0234
439.00,0.0234
438.00,0.0243
437.00,0.0254
436.00,0.0263
435.00,0.0279
434.00,0.0309
433.00,0.0345
432.00,0.0385
431.00,0.0436
430.00,0.0504
429.00,0.0582
428.00,0.0662
427.00,0.0742
426.00,0.0814
425.00,0.0851
424.00,0.0836
423.00,0.0782
422.00,0.0718
421.00,0.0650
420.00,0.0574
419.00,0.0500
418.00,0.0449
417.00,0.0415
416.00,0.0384
415.00,0.0357
414.00,0.0340
413.00,0.0324
412.00,0.0300
411.00,0.0280
410.00,0.0272
409.00,0.0264
408.00,0.0244
407.00,0.0227
406.00,0.0228
405.00,0.0231
404.00,0.0221
403.00,0.0210
402.00,0.0214
401.00,0.0223
400.00,0.0224
