0.12170352860402894, 0.42381319857608446
0.14313261854522963, 0.42381319857608446
0.1645617084864303, 0.42381319857608446
0.18599079842763094, 0.42381319857608446
0.20384837337863154, 0.42381319857608446
0.7252638675954002, -0.4947599014214177
0.7502302133902046, -1.71952403475143
0.768057811596683, -2.7911926514152015
0.8143718818832706, -6.9247716014039895
0.8322037624818237, -7.843344701401492
0.8427641413377391, -13.354783301386561
0.8426613639279492, -17.0290757013766
0.8496245334412171, -23.45908740135917
0.8495474503838747, -26.214806701351705
0.8494703673265322, -28.97052600134424
0.8494061314454135, -31.266958751338024
0.8562793707251153, -40.91197630131188
0.8562022876677728, -43.667695601304416
0.8561252046104304, -46.42341490129695
0.856048121553088, -49.179134201289486
0.8559710384957455, -51.93485350128202
0.8559068026146268, -54.231286251275776
0.8627029588369859, -66.63202310124217
0.8626258757796434, -69.3877424012347
0.862548792722301, -72.14346170122724
0.8624717096649586, -74.89918100121977
0.8623946266076161, -77.65490030121231
0.8623175435502737, -80.41061960120484
0.8690751582439615, -94.18921610116749
0.8689980751866191, -96.94493540116002
0.8689209921292766, -99.70065470115256
0.8688439090719342, -102.4563740011451
0.8687668260145918, -105.21209330113763
0.8686897429572493, -107.96781260113016
0.8686126598999069, -110.7235319011227
0.8754216632984899, -122.66498220109031
0.8753445802411475, -125.42070150108287
0.875267497183805, -128.17642080107538
0.8751904141264626, -130.93214010106794
0.8751133310691201, -133.68785940106045
0.8750490951880014, -135.9842921510542
0.8914549392257194, -145.3231186676956
0.8818709457628082, -147.4664559010231
0.8853653776956658, -150.22217520101566
0.8888726568047471, -152.51860795100941
0.8964653379529783, -136.44357870105296
0.8963882548956359, -139.19929800104552
0.8963111718382935, -141.95501730103803
0.904430587211698, -107.04923950113263
0.9043535041543556, -109.80495880112517
0.9042764210970131, -112.5606781011177
0.9041993380396707, -115.31639740111024
0.9041222549823282, -118.07211670110274
0.9040451719249858, -120.8278360010953
0.9039680888676433, -123.58355530108781
0.91267847434734, -67.5505962012397
0.9126013912899975, -70.30631550123223
0.9125243082326551, -73.06203480122474
0.9124472251753126, -75.81775410121728
0.9123701421179702, -78.57347340120981
0.9122930590606277, -81.32919270120235
0.9122159760032853, -84.08491200119488
0.9121388929459429, -86.84063130118741
0.9120361155361527, -90.51492370117745
0.9208492784256395, -30.807672201339273
0.920772195368297, -33.56339150133181
0.9206951123109546, -36.31911080132434
0.9206180292536121, -39.07483010131685
0.9205409461962697, -41.83054940130938
0.9204638631389273, -44.58626870130192
0.9203867800815848, -47.34198800129445
0.9203096970242424, -50.09770730128699
0.9202454611431237, -52.39414005128077
0.9289429994465968, 3.1795324985686193
0.9288659163892541, 0.42381319857608446
0.9287888333319116, -2.3319061014164504
0.9287117502745692, -5.087625401408957
0.9286346672172268, -7.843344701401492
0.9285575841598843, -10.599064001394026
0.9284548067500944, -14.273356401384063
0.936779776943079, 27.981006198501404
0.9367026938857366, 25.225286898508884
0.9366256108283941, 22.46956759851635
0.9365485277710517, 19.713848298523814
0.9364457503612618, 16.039555898533777
0.9443596109150862, 43.5967488984591
0.9442825278577438, 40.84102959846656
0.9442054448004014, 38.08531029847403
0.9441412089192827, 35.78887754848026
0.9517338900675139, 51.86390679843669
0.9516568070101714, 49.10818749844415
0.9661569865747011, 56.76296333175674
0.9803702458702335, 54.16033954843046
0.9873976512646201, 50.02676059844167
0.9943865151303353, 44.5153219984566
1.0014267677009456, 40.84102959846656
1.001362531819827, 38.54459684847278
1.008364242861766, 33.492444798486474
1.015378801079929, 28.89957929849892
1.0223933592980916, 24.306713798511367
1.0294079175162545, 19.713848298523814
1.0364610172630886, 16.49884244853253
1.0435141170099227, 13.283836598541242
1.0505672167567566, 10.068830748549942
1.0576331636798144, 7.313111448557436
1.0646991106028723, 4.557392148564901
1.0788952403301062, 1.342386298573615
1.1002986359188593, 0.42381319857608446
1.12172772586006, 0.42381319857608446
1.1431568158012608, 0.42381319857608446
1.1645859057424615, 0.42381319857608446
1.186014995683662, 0.42381319857608446
1.2074440856248627, 0.42381319857608446
1.2288731755660633, 0.42381319857608446
1.2503022655072642, 0.42381319857608446
1.2717313554484648, 0.42381319857608446
1.2931604453896655, 0.42381319857608446
1.314589535330866, 0.42381319857608446
1.3360186252720667, 0.42381319857608446
1.3574477152132673, 0.42381319857608446
1.3788768051544682, 0.42381319857608446
1.4003058950956688, 0.42381319857608446
1.4217349850368695, 0.42381319857608446
1.44316407497807, 0.42381319857608446
1.4645931649192707, 0.42381319857608446
1.4860222548604716, 0.42381319857608446
1.8860062394104364, -0.4947599014214177
1.907435329351637, -0.4947599014214177
2.4146161523125005, 0.42381319857608446
2.436045242253701, 0.42381319857608446
2.4574743321949017, 0.42381319857608446
2.4789034221361024, 0.42381319857608446
2.500332512077303, 0.42381319857608446
2.5217616020185036, 0.42381319857608446
2.5431906919597047, 0.42381319857608446
2.5646197819009053, 0.42381319857608446
2.586048871842106, 0.42381319857608446
2.6074779617833066, 0.42381319857608446
2.6289070517245072, 0.42381319857608446
2.650336141665708, 0.42381319857608446
2.6717652316069085, 0.42381319857608446
2.693194321548109, 0.42381319857608446
2.7146234114893097, 0.42381319857608446
2.7360525014305104, 0.42381319857608446
2.753910076381511, 0.42381319857608446
3.03605976060732, 0.42381319857608446
3.05034582056812, 0.42381319857608446
3.121750426019675, -0.4947599014214177
3.1431795159608757, -0.4947599014214177
3.1646086059020764, -0.4947599014214177
3.186037695843277, -0.4947599014214177
3.203895270794278, -0.4947599014214177
3.628905554628091, -0.4947599014214177
3.6503346445692917, -0.4947599014214177
3.6717637345104923, -0.4947599014214177
3.693192824451693, -0.4947599014214177
3.7146219143928936, -0.4947599014214177
3.736051004334094, -0.4947599014214177
3.757480094275295, -0.4947599014214177
3.7753376692262957, -0.4947599014214177
3.800338274157696, -0.4947599014214177
3.8217673640988967, -0.4947599014214177
3.8431964540400974, -0.4947599014214177
3.864625543981298, -0.4947599014214177
3.8860546339224986, -0.4947599014214177
3.9074837238636992, -0.4947599014214177
3.9253412988147, -0.4947599014214177
4.257517887255759, 0.42381319857608446
4.278946977196959, 0.42381319857608446
4.30037606713816, 0.42381319857608446
4.3218051570793605, 0.42381319857608446
4.393209762530915, -0.4947599014214177
4.414638852472116, -0.4947599014214177
4.436067942413317, -0.4947599014214177
4.457497032354517, -0.4947599014214177
4.478926122295718, -0.4947599014214177
4.500355212236919, -0.4947599014214177
4.850363681276528, -0.4947599014214177
4.871792771217729, -0.4947599014214177
4.893221861158931, -0.4947599014214177
4.914650951100132, -0.4947599014214177
4.936080041041333, -0.4947599014214177
4.957509130982533, -0.4947599014214177
4.978938220923734, -0.4947599014214177
5.0003673108649345, -0.4947599014214177
5.021796400806135, -0.4947599014214177
5.043225490747336, -0.4947599014214177
5.064654580688536, -0.4947599014214177
5.086083670629737, -0.4947599014214177
5.107512760570938, -0.4947599014214177
5.128941850512138, -0.4947599014214177
5.150370940453339, -0.4947599014214177
5.168228515404339, -0.4947599014214177
5.278945480100543, -0.4947599014214177
5.300374570041743, -0.4947599014214177
5.314660630002544, -0.4947599014214177
5.428974804041395, 0.42381319857608446
5.443260864002195, 0.42381319857608446
5.657551763414201, 0.42381319857608446
5.678980853355403, 0.42381319857608446
5.700409943296604, 0.42381319857608446
5.718267518247604, 0.42381319857608446
5.7504368475118515, 1.342386298573615
5.771865937453052, 1.342386298573615
5.789723512404054, 1.342386298573615
5.821841452963406, 0.42381319857608446
5.836127512924207, 0.42381319857608446
6.171824227650571, -0.4947599014214177
6.193253317591772, -0.4947599014214177
6.2146824075329725, -0.4947599014214177
6.236111497474173, -0.4947599014214177
6.257540587415374, -0.4947599014214177
6.278969677356574, -0.4947599014214177
6.300398767297775, -0.4947599014214177
6.321827857238976, -0.4947599014214177
6.339685432189976, -0.4947599014214177
6.486117546788181, -0.4947599014214177
6.507546636729382, -0.4947599014214177
6.528975726670582, -0.4947599014214177
6.550404816611783, -0.4947599014214177
6.571833906552984, -0.4947599014214177
6.593262996494184, -0.4947599014214177
6.614692086435385, -0.4947599014214177
6.6361211763765855, -0.4947599014214177
6.657550266317786, -0.4947599014214177
6.678979356258987, -0.4947599014214177
6.700408446200187, -0.4947599014214177
6.721837536141388, -0.4947599014214177
6.743266626082589, -0.4947599014214177
6.764695716023789, -0.4947599014214177
6.78612480596499, -0.4947599014214177
6.8075538959061905, -0.4947599014214177
6.828982985847391, -0.4947599014214177
6.850412075788592, -0.4947599014214177
6.871841165729792, -0.4947599014214177
6.893270255670993, -0.4947599014214177
6.911127830621993, -0.4947599014214177
7.036130855278998, -0.4947599014214177
7.0575599452201985, -0.4947599014214177
7.078989035161399, -0.4947599014214177
7.1004181251026, -0.4947599014214177
7.1218472150438, -0.4947599014214177
7.143276304985001, -0.4947599014214177
7.164705394926202, -0.4947599014214177
7.186134484867402, -0.4947599014214177
7.207563574808603, -0.4947599014214177
7.2289926647498035, -0.4947599014214177
7.250421754691004, -0.4947599014214177
7.271850844632205, -0.4947599014214177
7.293279934573405, -0.4947599014214177
7.314709024514606, -0.4947599014214177
7.336138114455807, -0.4947599014214177
7.353995689406807, -0.4947599014214177
7.429023198553457, 0.42381319857608446
7.446880773504457, 0.42381319857608446
7.471932767140753, 2.260959398571117
7.489880272325321, 5.475965248562403
7.500697594705711, 9.15025764855244
7.507956249272125, 13.283836598541242
7.515253445367209, 18.795275198526312
7.515189209486092, 16.49884244853253
7.522576335814742, 25.225286898508884
7.522512099933623, 22.9288541485151
7.529924920614722, 32.57387169848896
7.52984783755738, 29.818152398496437
7.537324894119598, 41.759602698464064
7.5372478110622545, 39.003883398471544
7.544750561976919, 51.86390679843669
7.544647784567129, 48.18961439844665
7.55220192418669, 62.88678399840681
7.552124841129347, 60.13106469841428
7.552060605248229, 57.83463194842051
7.559653286396459, 73.90966119837694
7.559576203339118, 71.1539418983844
7.559511967457999, 68.85750914839063
7.567130342958677, 85.85111149834458
7.567053259901334, 83.09539219835204
7.5669890240202164, 80.79895944835826
7.574556010816, 95.95541559831719
7.574478927758657, 93.19969629832465
7.574414691877539, 90.90326354833088
7.581955984320874, 105.1411465982923
7.581853206911084, 101.46685419830226
7.589304569120856, 112.48973139827238
7.5892403332397365, 110.19329864827861
7.596576070863492, 117.08259689825994
7.610964908234083, 120.75688929824997
7.625122496432645, 116.16402379826243
7.632162749003257, 112.48973139827238
7.632098513122138, 110.19329864827861
7.639125918516523, 106.05971969828981
7.639061682635406, 103.76328694829604
7.646063393677345, 98.71113489830972
7.6459863106200014, 95.95541559831719
7.652975174485718, 90.44397699833213
7.652898091428375, 87.6882576983396
7.659886955294089, 82.17681909835454
7.659809872236748, 79.42109979836201
7.6667987361024625, 73.90966119837694
7.666695958692673, 70.2353687983869
7.673710516910836, 65.64250329839935
7.673633433853494, 62.88678399840681
7.680622297719209, 57.37534539842174
7.68055806183809, 55.07891264842797
7.687559772880029, 50.02676059844167
7.687495536998911, 47.730327848447885
7.694471553688402, 41.759602698464064
7.701460417554117, 36.24816409847901
7.70847497577228, 31.655298598491456
7.715489533990443, 27.062433098503902
7.722529786561054, 23.38814069851385
7.729582886307886, 20.173134848522565
7.736648833230944, 17.417415548530045
7.7437147801540025, 14.66169624853751
7.754339394891037, 11.446690398546224
7.768548371794495, 8.690971098553689
7.786328863688153, 5.935251798561154
7.814836747728634, 3.6388190485673704
7.846941841111764, 2.260959398571117
7.879059781671119, 1.342386298573615
7.900488871612319, 1.342386298573615
7.91477493157312, 1.342386298573615
7.964750447083473, 0.42381319857608446
7.9861795370246735, 0.42381319857608446
8.007608626965874, 0.42381319857608446
8.021894686926675, 0.42381319857608446
8.086207651102725, 1.342386298573615
8.150469226573879, 0.42381319857608446
8.17189831651508, 0.42381319857608446
8.19332740645628, 0.42381319857608446
8.21475649639748, 0.42381319857608446
8.236185586338681, 0.42381319857608446
8.257614676279882, 0.42381319857608446
8.386189215927086, 0.42381319857608446
8.407618305868287, 0.42381319857608446
8.429047395809487, 0.42381319857608446
8.450476485750688, 0.42381319857608446
8.47190557569189, 0.42381319857608446
8.779055864849099, 0.42381319857608446
8.8004849547903, 0.42381319857608446
8.8219140447315, 0.42381319857608446
8.8433431346727, 0.42381319857608446
8.864772224613901, 0.42381319857608446
8.886201314555102, 0.42381319857608446
8.907630404496302, 0.42381319857608446
8.929059494437503, 0.42381319857608446
8.950488584378704, 0.42381319857608446
8.971917674319904, 0.42381319857608446
8.993346764261105, 0.42381319857608446
9.014775854202306, 0.42381319857608446
9.036204944143506, 0.42381319857608446
9.093349183986708, 0.42381319857608446
9.114778273927909, 0.42381319857608446
9.13620736386911, 0.42381319857608446
9.15763645381031, 0.42381319857608446
9.179065543751511, 0.42381319857608446
9.200494633692712, 0.42381319857608446
9.221923723633912, 0.42381319857608446
9.243352813575113, 0.42381319857608446
9.264781903516313, 0.42381319857608446
9.286210993457514, 0.42381319857608446
9.307640083398715, 0.42381319857608446
9.329069173339915, 0.42381319857608446
9.350498263281116, 0.42381319857608446
9.368355838232118, 0.42381319857608446
