<?xml version="1.0" encoding="UTF-8"?>
<PeakList>
  <PeakList1D>
    <PeakList1DHeader creator="chm343" date="2023-09-22T22:22:32.493-07:00" expNo="6" name="2023_09_22_MeOD_3mm_FS_VT_1H_Bruker400" owner="" procNo="1" source="C:/Data/CHM343/Fall2023/data/chm343/nmr">
      <PeakPickDetails>F1=21.228979ppm, F2=-3.272861ppm, MI=0.10cm, MAXI=10000.00cm, PC=1.000
      </PeakPickDetails>
    </PeakList1DHeader>
    <Peak1D F1="14.809566" intensity="1.397558e+001" type="0"/>
    <Peak1D F1="12.902667" intensity="1.357041e+001" type="0"/>
    <Peak1D F1="10.260854" intensity="1.500000e+001" type="0"/>
    <Peak1D F1="8.815502" intensity="1.394390e+001" type="0"/>
    <Peak1D F1="8.735558" intensity="1.468045e+001" type="0"/>
    <Peak1D F1="4.760414" intensity="5.833193e+002" type="0"/>
    <Peak1D F1="3.306899" intensity="4.955180e+002" type="0"/>
    <Peak1D F1="3.303424" intensity="5.148836e+002" type="0"/>
    <Peak1D F1="3.228461" intensity="1.525267e+001" type="0"/>
    <Peak1D F1="1.847140" intensity="1.372751e+001" type="0"/>
    <Peak1D F1="0.198612" intensity="1.327206e+001" type="0"/>
    <Peak1D F1="-0.000089" intensity="2.423117e+002" type="0"/>
  </PeakList1D>
</PeakList>
